Pista,PositionX,PositionY,PositionZ,DistanceTraveled
903038910,159.5625,2.0902011394500732,-128.12550354003906,-4529.0
0,172.89637756347656,1.7907308340072632,-143.32777404785156,-4529.0
862653154,172.89637756347656,1.7903120517730713,-143.32777404785156,-4529.0
864446315,172.89637756347656,1.7902642488479614,-143.32777404785156,-4529.0
871114820,172.89637756347656,1.7899678945541382,-143.32777404785156,-4529.0
874917908,172.89637756347656,1.7896673679351807,-143.32777404785156,-4529.0
877649762,172.89637756347656,1.7893753051757812,-143.32777404785156,-4529.0
879839748,172.89637756347656,1.7891050577163696,-143.32777404785156,-4529.0
881090433,172.89637756347656,1.7888675928115845,-143.32777404785156,-4529.0
881527143,172.89637756347656,1.7886688709259033,-143.32777404785156,-4529.0
881689446,172.89637756347656,1.7885106801986694,-143.32777404785156,-4529.0
881746096,172.89637756347656,1.7883931398391724,-143.32777404785156,-4529.0
881939159,172.89637756347656,1.788314700126648,-143.32777404785156,-4529.0
882225566,172.89637756347656,1.7882729768753052,-143.32777404785156,-4529.0
882561413,172.89637756347656,1.7882590293884277,-143.32777404785156,-4529.0
882888950,172.89637756347656,1.7882719039916992,-143.32777404785156,-4529.0
883188374,172.89637756347656,1.7883048057556152,-143.32777404785156,-4529.0
883447644,172.89637756347656,1.788354754447937,-143.32777404785156,-4529.0
883663590,172.89637756347656,1.7884160280227661,-143.32777404785156,-4529.0
883813069,172.89637756347656,1.7884831428527832,-143.32777404785156,-4529.0
883880074,172.89637756347656,1.7885465621948242,-143.32777404785156,-4529.0
883905004,172.89637756347656,1.788607120513916,-143.32777404785156,-4529.0
883925946,172.89637756347656,1.7886635065078735,-143.32777404785156,-4529.0
883957027,172.89637756347656,1.7887169122695923,-143.32777404785156,-4529.0
883980326,172.89637756347656,1.7887648344039917,-143.32777404785156,-4529.0
884014574,172.89637756347656,1.7888036966323853,-143.32777404785156,-4529.0
884047389,172.89637756347656,1.788832664489746,-143.32777404785156,-4529.0
884078390,172.89637756347656,1.7888544797897339,-143.32777404785156,-4529.0
884106660,172.89637756347656,1.7888727188110352,-143.32777404785156,-4529.0
884132594,172.89637756347656,1.788886308670044,-143.32777404785156,-4529.0
884166340,172.89637756347656,1.7888931035995483,-143.32777404785156,-4529.0
884193575,172.89637756347656,1.7888929843902588,-143.32777404785156,-4529.0
884203666,172.89637756347656,1.7888879776000977,-143.32777404785156,-4529.0
884220987,172.89637756347656,1.788879632949829,-143.32777404785156,-4529.0
884257701,172.89637756347656,1.788869857788086,-143.32777404785156,-4529.0
884302970,172.89637756347656,1.7888600826263428,-143.32777404785156,-4529.0
884342101,172.89637756347656,1.7888519763946533,-143.32777404785156,-4529.0
884369541,172.89637756347656,1.7888468503952026,-143.32777404785156,-4529.0
884383255,172.89637756347656,1.788842797279358,-143.32777404785156,-4529.0
884400028,172.89637756347656,1.788840413093567,-143.32777404785156,-4529.0
884421286,172.89637756347656,1.7888392210006714,-143.32777404785156,-4529.0
884449303,172.89637756347656,1.788839340209961,-143.32777404785156,-4529.0
884482493,172.89637756347656,1.7888400554656982,-143.32777404785156,-4529.0
884514871,172.89637756347656,1.788840889930725,-143.32777404785156,-4529.0
884543391,172.89637756347656,1.7888423204421997,-143.32777404785156,-4529.0
884570229,172.89637756347656,1.7888437509536743,-143.32777404785156,-4529.0
884592919,172.89637756347656,1.7888453006744385,-143.32777404785156,-4529.0
884614127,172.89637756347656,1.7888466119766235,-143.32777404785156,-4529.0
884635165,172.89637756347656,1.7888474464416504,-143.32777404785156,-4529.0
884655809,172.89637756347656,1.7888482809066772,-143.32777404785156,-4529.0
884674545,172.89637756347656,1.7888487577438354,-143.32777404785156,-4529.0
884692616,172.89637756347656,1.788848638534546,-143.32777404785156,-4529.0
884711190,172.89637756347656,1.7888484001159668,-143.32777404785156,-4529.0
884728773,172.89637756347656,1.7888480424880981,-143.32777404785156,-4529.0
884745653,172.89637756347656,1.7888476848602295,-143.32777404785156,-4529.0
884762077,172.89637756347656,1.7888472080230713,-143.32777404785156,-4529.0
884778089,172.89637756347656,1.788846731185913,-143.32777404785156,-4529.0
884794722,172.89637756347656,1.7888463735580444,-143.32777404785156,-4529.0
884810878,172.89637756347656,1.7888462543487549,-143.32777404785156,-4529.0
884825356,172.89637756347656,1.7888460159301758,-143.32777404785156,-4529.0
884840400,172.89637756347656,1.7888461351394653,-143.32777404785156,-4529.0
884854318,172.89637756347656,1.788846492767334,-143.32777404785156,-4529.0
884867101,172.89637756347656,1.7888469696044922,-143.32777404785156,-4529.0
884878890,172.89637756347656,1.7888474464416504,-143.32777404785156,-4529.0
884889949,172.89637756347656,1.788847804069519,-143.32777404785156,-4529.0
884900499,172.89637756347656,1.7888480424880981,-143.32777404785156,-4529.0
884910652,172.89637756347656,1.7888480424880981,-143.32777404785156,-4529.0
884920413,172.89637756347656,1.7888479232788086,-143.32777404785156,-4529.0
884929828,172.89637756347656,1.7888476848602295,-143.32777404785156,-4529.0
884939034,172.89637756347656,1.788847804069519,-143.32777404785156,-4529.0
884947457,172.89637756347656,1.788847804069519,-143.32777404785156,-4529.0
884956432,172.89637756347656,1.7888476848602295,-143.32777404785156,-4529.0
884966300,172.89637756347656,1.78884756565094,-143.32777404785156,-4529.0
884976597,172.89637756347656,1.7888479232788086,-143.32777404785156,-4529.0
884984829,172.89637756347656,1.788847804069519,-143.32777404785156,-4529.0
884993147,172.89637756347656,1.7888476848602295,-143.32777404785156,-4529.0
885001521,172.89637756347656,1.7888476848602295,-143.32777404785156,-4529.0
885009438,172.89637756347656,1.788847804069519,-143.32777404785156,-4529.0
885017363,172.89637756347656,1.7888480424880981,-143.32777404785156,-4529.0
885025472,172.89637756347656,1.7888479232788086,-143.32777404785156,-4529.0
885033386,172.89637756347656,1.7888481616973877,-143.32777404785156,-4529.0
885041296,172.89637756347656,1.7888480424880981,-143.32777404785156,-4529.0
885049200,172.89637756347656,1.7888480424880981,-143.32777404785156,-4529.0
885057098,172.89637756347656,1.7888479232788086,-143.32777404785156,-4529.0
885065010,172.89637756347656,1.7888482809066772,-143.32777404785156,-4529.0
885073994,172.89637756347656,1.7888484001159668,-143.32777404785156,-4529.0
885081856,172.89637756347656,1.788849115371704,-143.32777404785156,-4529.0
885089775,172.89637756347656,1.7888500690460205,-143.32777404785156,-4529.0
885097838,172.89637756347656,1.7888509035110474,-143.32777404785156,-4529.0
885105838,172.89637756347656,1.7888517379760742,-143.32777404785156,-4529.0
885114185,172.89637756347656,1.788852334022522,-143.32777404785156,-4529.0
885122486,172.89637756347656,1.788852572441101,-143.32777404785156,-4529.0
885132185,172.89637756347656,1.788852572441101,-143.32777404785156,-4529.0
885142429,172.89637756347656,1.7888522148132324,-143.32777404785156,-4529.0
885154490,172.89637756347656,1.7888517379760742,-143.32777404785156,-4529.0
885166874,172.89637756347656,1.788851261138916,-143.32777404785156,-4529.0
885178844,172.89637756347656,1.7888507843017578,-143.32777404785156,-4529.0
885190605,172.89637756347656,1.7888504266738892,-143.32777404785156,-4529.0
885200985,172.89637756347656,1.78885018825531,-143.32777404785156,-4529.0
885210100,172.89637756347656,1.7888500690460205,-143.32777404785156,-4529.0
885218697,172.89637756347656,1.7888500690460205,-143.32777404785156,-4529.0
885227050,172.89637756347656,1.78885018825531,-143.32777404785156,-4529.0
885234847,172.89637756347656,1.78885018825531,-143.32777404785156,-4529.0
885242669,172.89637756347656,1.7888503074645996,-143.32777404785156,-4529.0
885250456,172.89637756347656,1.7888504266738892,-143.32777404785156,-4529.0
885258244,172.89637756347656,1.7888505458831787,-143.32777404785156,-4529.0
885266027,172.89637756347656,1.7888504266738892,-143.32777404785156,-4529.0
885273817,172.89637756347656,1.7888503074645996,-143.32777404785156,-4529.0
885281599,172.89637756347656,1.78885018825531,-143.32777404785156,-4529.0
885289393,172.89637756347656,1.7888500690460205,-143.32777404785156,-4529.0
885297190,172.89637756347656,1.7888497114181519,-143.32777404785156,-4529.0
885304979,172.89637756347656,1.7888494729995728,-143.32777404785156,-4529.0
885312780,172.89637756347656,1.7888493537902832,-143.32777404785156,-4529.0
885320584,172.89637756347656,1.788849115371704,-143.32777404785156,-4529.0
885328392,172.89637756347656,1.788849115371704,-143.32777404785156,-4529.0
885336190,172.89637756347656,1.7888489961624146,-143.32777404785156,-4529.0
885343989,172.89637756347656,1.7888489961624146,-143.32777404785156,-4529.0
885351797,172.89637756347656,1.788849115371704,-143.32777404785156,-4529.0
885359594,172.89637756347656,1.7888489961624146,-143.32777404785156,-4529.0
885367393,172.89637756347656,1.788849115371704,-143.32777404785156,-4529.0
885375203,172.89637756347656,1.7888489961624146,-143.32777404785156,-4529.0
885383015,172.89637756347656,1.7888489961624146,-143.32777404785156,-4529.0
885390831,172.89637756347656,1.7888489961624146,-143.32777404785156,-4529.0
885398652,172.89637756347656,1.7888489961624146,-143.32777404785156,-4529.0
885406462,172.89637756347656,1.7888487577438354,-143.32777404785156,-4529.0
885414276,172.89637756347656,1.7888487577438354,-143.32777404785156,-4529.0
885422100,172.89637756347656,1.7888485193252563,-143.32777404785156,-4529.0
885429924,172.89637756347656,1.7888485193252563,-143.32777404785156,-4529.0
885437751,172.89637756347656,1.7888481616973877,-143.32777404785156,-4529.0
885445581,172.89637756347656,1.788847804069519,-143.32777404785156,-4529.0
885453415,172.89637756347656,1.78884756565094,-143.32777404785156,-4529.0
885461252,172.89637756347656,1.78884756565094,-143.32777404785156,-4529.0
885469091,172.89637756347656,1.78884756565094,-143.32777404785156,-4529.0
885476932,172.89637756347656,1.78884756565094,-143.32777404785156,-4529.0
885484774,172.89637756347656,1.7888476848602295,-143.32777404785156,-4529.0
885492618,172.89637756347656,1.7888484001159668,-143.32777404785156,-4529.0
885501801,172.89637756347656,1.788848876953125,-143.32777404785156,-4529.0
885511215,172.89637756347656,1.788848876953125,-143.32777404785156,-4529.0
885520751,172.89637756347656,1.788848638534546,-143.32777404785156,-4529.0
885530017,172.89637756347656,1.7888487577438354,-143.32777404785156,-4529.0
885541212,172.89637756347656,1.7888487577438354,-143.32777404785156,-4529.0
885551127,172.89637756347656,1.7888484001159668,-143.32777404785156,-4529.0
885566239,172.89637756347656,1.7888481616973877,-143.32777404785156,-4529.0
885585580,172.89637756347656,1.788847804069519,-143.32777404785156,-4529.0
885606458,172.89637756347656,1.7888473272323608,-143.32777404785156,-4529.0
885631440,172.89637756347656,1.7888468503952026,-143.32777404785156,-4529.0
885658551,172.89637756347656,1.788846492767334,-143.32777404785156,-4529.0
885684088,172.89637756347656,1.7888461351394653,-143.32777404785156,-4529.0
885710319,172.89637756347656,1.7888458967208862,-143.32777404785156,-4529.0
885736334,172.89637756347656,1.7888457775115967,-143.32777404785156,-4529.0
885760854,172.89637756347656,1.7888457775115967,-143.32777404785156,-4529.0
885783727,172.89637756347656,1.7888455390930176,-143.32777404785156,-4529.0
885808217,172.89637756347656,1.7888457775115967,-143.32777404785156,-4529.0
885831050,172.89637756347656,1.7888458967208862,-143.32777404785156,-4529.0
885854401,172.89637756347656,1.7888460159301758,-143.32777404785156,-4529.0
885876851,172.89637756347656,1.788846492767334,-143.32777404785156,-4529.0
885899197,172.89637756347656,1.7888468503952026,-143.32777404785156,-4529.0
885920102,172.89637756347656,1.7888472080230713,-143.32777404785156,-4529.0
885940373,172.89637756347656,1.78884756565094,-143.32777404785156,-4529.0
885959559,172.89637756347656,1.7888476848602295,-143.32777404785156,-4529.0
885979594,172.89637756347656,1.78884756565094,-143.32777404785156,-4529.0
885999826,172.89637756347656,1.7888474464416504,-143.32777404785156,-4529.0
886020707,172.89637756347656,1.7888473272323608,-143.32777404785156,-4529.0
886041163,172.89637756347656,1.7888469696044922,-143.32777404785156,-4529.0
886064704,172.89637756347656,1.7888466119766235,-143.32777404785156,-4529.0
886084884,172.89637756347656,1.788846492767334,-143.32777404785156,-4529.0
886105064,172.89637756347656,1.7888463735580444,-143.32777404785156,-4529.0
886125183,172.89637756347656,1.788846492767334,-143.32777404785156,-4529.0
886145260,172.89637756347656,1.7888466119766235,-143.32777404785156,-4529.0
886165423,172.89637756347656,1.788846731185913,-143.32777404785156,-4529.0
886185825,172.89637756347656,1.7888468503952026,-143.32777404785156,-4529.0
886205365,172.89637756347656,1.7888469696044922,-143.32777404785156,-4529.0
886224712,172.89637756347656,1.7888470888137817,-143.32777404785156,-4529.0
886243749,172.89637756347656,1.7888474464416504,-143.32777404785156,-4529.0
886259621,172.89637756347656,1.78884756565094,-143.32777404785156,-4529.0
886277419,172.89637756347656,1.7888476848602295,-143.32777404785156,-4529.0
886294016,172.89637756347656,1.7888479232788086,-143.32777404785156,-4529.0
886311363,172.89637756347656,1.7888480424880981,-143.32777404785156,-4529.0
886328911,172.89637756347656,1.7888480424880981,-143.32777404785156,-4529.0
886343930,172.89637756347656,1.7888480424880981,-143.32777404785156,-4529.0
886358081,172.89637756347656,1.788847804069519,-143.32777404785156,-4529.0
886372854,172.89637756347656,1.7888476848602295,-143.32777404785156,-4529.0
886388030,172.89637756347656,1.78884756565094,-143.32777404785156,-4529.0
886404359,172.89637756347656,1.7888476848602295,-143.32777404785156,-4529.0
886420052,172.89637756347656,1.78884756565094,-143.32777404785156,-4529.0
886435397,172.89637756347656,1.7888476848602295,-143.32777404785156,-4529.0
886447908,172.89637756347656,1.78884756565094,-143.32777404785156,-4529.0
886461425,172.89637756347656,1.7888476848602295,-143.32777404785156,-4529.0
886473981,172.89637756347656,1.7888476848602295,-143.32777404785156,-4529.0
886488064,172.89637756347656,1.788847804069519,-143.32777404785156,-4529.0
886502285,172.89637756347656,1.7888480424880981,-143.32777404785156,-4529.0
886515226,172.89637756347656,1.7888480424880981,-143.32777404785156,-4529.0
886527256,172.89637756347656,1.7888480424880981,-143.32777404785156,-4529.0
886539495,172.89637756347656,1.7888480424880981,-143.32777404785156,-4529.0
886550910,172.89637756347656,1.7888480424880981,-143.32777404785156,-4529.0
886561163,172.89637756347656,1.7888479232788086,-143.32777404785156,-4529.0
886572557,172.89637756347656,1.7888479232788086,-143.32777404785156,-4529.0
886586171,172.89637756347656,1.7888479232788086,-143.32777404785156,-4529.0
886599388,172.89637756347656,1.7888480424880981,-143.32777404785156,-4529.0
886610614,172.89637756347656,1.7888480424880981,-143.32777404785156,-4529.0
886620150,172.89637756347656,1.7888480424880981,-143.32777404785156,-4529.0
886631632,172.89637756347656,1.7888479232788086,-143.32777404785156,-4529.0
886643964,172.89637756347656,1.788847804069519,-143.32777404785156,-4529.0
886654932,172.89637756347656,1.7888479232788086,-143.32777404785156,-4529.0
886665518,172.89637756347656,1.788847804069519,-143.32777404785156,-4529.0
886675884,172.89637756347656,1.788847804069519,-143.32777404785156,-4529.0
886686376,172.89637756347656,1.7888479232788086,-143.32777404785156,-4529.0
886695874,172.89637756347656,1.7888480424880981,-143.32777404785156,-4529.0
886705365,172.89637756347656,1.7888480424880981,-143.32777404785156,-4529.0
886715317,172.89637756347656,1.7888480424880981,-143.32777404785156,-4529.0
886724742,172.89637756347656,1.7888481616973877,-143.32777404785156,-4529.0
886735233,172.89637756347656,1.7888485193252563,-143.32777404785156,-4529.0
886746305,172.89637756347656,1.7888485193252563,-143.32777404785156,-4529.0
886756783,172.89637756347656,1.7888484001159668,-143.32777404785156,-4529.0
886765230,172.89637756347656,1.7888485193252563,-143.32777404785156,-4529.0
886774135,172.89637756347656,1.7888485193252563,-143.32777404785156,-4529.0
886784314,172.89637756347656,1.7888484001159668,-143.32777404785156,-4529.0
886793964,172.89637756347656,1.7888484001159668,-143.32777404785156,-4529.0
886802746,172.89637756347656,1.7888482809066772,-143.32777404785156,-4529.0
886811674,172.89637756347656,1.7888484001159668,-143.32777404785156,-4529.0
886820322,172.89637756347656,1.7888484001159668,-143.32777404785156,-4529.0
886829230,172.89637756347656,1.7888482809066772,-143.32777404785156,-4529.0
886838152,172.89637756347656,1.7888480424880981,-143.32777404785156,-4529.0
886846394,172.89637756347656,1.7888481616973877,-143.32777404785156,-4529.0
886855220,172.89637756347656,1.7888481616973877,-143.32777404785156,-4529.0
886863971,172.89637756347656,1.7888481616973877,-143.32777404785156,-4529.0
886871832,172.89637756347656,1.7888480424880981,-143.32777404785156,-4529.0
886879755,172.89637756347656,1.7888481616973877,-143.32777404785156,-4529.0
886888277,172.89637756347656,1.7888484001159668,-143.32777404785156,-4529.0
886896967,172.89637756347656,1.7888485193252563,-143.32777404785156,-4529.0
886905165,172.89637756347656,1.7888482809066772,-143.32777404785156,-4529.0
886913188,172.89637756347656,1.7888476848602295,-143.32777404785156,-4529.0
886921630,172.89637756347656,1.7888472080230713,-143.32777404785156,-4529.0
886930061,172.89637756347656,1.7888445854187012,-143.32777404785156,-4529.0
886941208,172.89637756347656,1.7888412475585938,-143.32777404785156,-4529.0
886964526,172.89637756347656,1.7888376712799072,-143.32777404785156,-4529.0
886993449,172.89637756347656,1.7888354063034058,-143.32777404785156,-4529.0
887028013,172.89637756347656,1.7888368368148804,-143.32777404785156,-4529.0
887072024,172.89637756347656,1.7888387441635132,-143.32777404785156,-4529.0
887094888,172.89637756347656,1.788838267326355,-143.32777404785156,-4529.0
887133854,172.89637756347656,1.7888356447219849,-143.32777404785156,-4529.0
887150357,172.89637756347656,1.788832187652588,-143.32777404785156,-4529.0
887162790,172.89637756347656,1.7888294458389282,-143.32777404785156,-4529.0
887207495,172.89637756347656,1.7888308763504028,-143.32777404785156,-4529.0
887243995,172.89637756347656,1.7888329029083252,-143.32777404785156,-4529.0
887255004,172.89637756347656,1.7888342142105103,-143.32777404785156,-4529.0
887266093,172.89637756347656,1.7888357639312744,-143.32777404785156,-4529.0
887289216,172.89637756347656,1.7888383865356445,-143.32777404785156,-4529.0
887312236,172.89637756347656,1.788841724395752,-143.32777404785156,-4529.0
887333678,172.89637756347656,1.7888450622558594,-143.32777404785156,-4529.0
887351070,172.89637756347656,1.7888468503952026,-143.32777404785156,-4529.0
887363396,172.89637756347656,1.7888480424880981,-143.32777404785156,-4529.0
887371322,172.89637756347656,1.7888503074645996,-143.32777404785156,-4529.0
887379248,172.89637756347656,1.7888532876968384,-143.32777404785156,-4529.0
887388443,172.89637756347656,1.7888556718826294,-143.32777404785156,-4529.0
887409369,172.89637756347656,1.7888556718826294,-143.32777404785156,-4529.0
887448401,172.89637756347656,1.7888535261154175,-143.32777404785156,-4529.0
887500811,172.89637756347656,1.7888503074645996,-143.32777404785156,-4529.0
887555328,172.89637756347656,1.7888461351394653,-143.32777404785156,-4529.0
887607499,172.89637756347656,1.7888418436050415,-143.32777404785156,-4529.0
887649286,172.89637756347656,1.7888377904891968,-143.32777404785156,-4529.0
887677274,172.89637756347656,1.7888351678848267,-143.32777404785156,-4529.0
887693941,172.89637756347656,1.7888344526290894,-143.32777404785156,-4529.0
887704824,172.89637756347656,1.7888342142105103,-143.32777404785156,-4529.0
887712666,172.89637756347656,1.7888352870941162,-143.32777404785156,-4529.0
887720514,172.89637756347656,1.788837194442749,-143.32777404785156,-4529.0
887728366,172.89637756347656,1.7888388633728027,-143.32777404785156,-4529.0
887736198,172.89637756347656,1.7888410091400146,-143.32777404785156,-4529.0
887744537,172.89637756347656,1.7888423204421997,-143.32777404785156,-4529.0
887752868,172.89637756347656,1.7888433933258057,-143.32777404785156,-4529.0
887760618,172.89637756347656,1.7888445854187012,-143.32777404785156,-4529.0
887768489,172.89637756347656,1.788845419883728,-143.32777404785156,-4529.0
887778276,172.89637756347656,1.7888458967208862,-143.32777404785156,-4529.0
887790174,172.89637756347656,1.7888461351394653,-143.32777404785156,-4529.0
887803467,172.89637756347656,1.7888462543487549,-143.32777404785156,-4529.0
887816341,172.89637756347656,1.7888458967208862,-143.32777404785156,-4529.0
887833109,172.89637756347656,1.7888463735580444,-143.32777404785156,-4529.0
887849063,172.89637756347656,1.7888460159301758,-143.32777404785156,-4529.0
887867894,172.89637756347656,1.7888432741165161,-143.32777404785156,-4529.0
887883778,172.89637756347656,1.78883957862854,-143.32777404785156,-4529.0
887897516,172.89637756347656,1.7888340950012207,-143.32777404785156,-4529.0
887912071,172.89637756347656,1.7888239622116089,-143.32777404785156,-4529.0
887936131,172.89637756347656,1.7888113260269165,-143.32777404785156,-4529.0
887947938,172.89637756347656,1.7888001203536987,-143.32777404785156,-4529.0
887961079,172.89637756347656,1.7887887954711914,-143.32777404785156,-4529.0
887979391,172.89637756347656,1.7887768745422363,-143.32777404785156,-4529.0
888007192,172.89637756347656,1.788769006729126,-143.32777404785156,-4529.0
888045139,172.89637756347656,1.7887613773345947,-143.32777404785156,-4529.0
888068870,172.89637756347656,1.7887548208236694,-143.32777404785156,-4529.0
888089631,172.89637756347656,1.7887542247772217,-143.32777404785156,-4529.0
888119126,172.89637756347656,1.7887599468231201,-143.32777404785156,-4529.0
888142399,172.89637756347656,1.7887699604034424,-143.32777404785156,-4529.0
888152013,172.89637756347656,1.788783073425293,-143.32777404785156,-4529.0
888159871,172.89637756347656,1.78879714012146,-143.32777404785156,-4529.0
888168595,172.89637756347656,1.7888095378875732,-143.32777404785156,-4529.0
888180602,172.89637756347656,1.788817286491394,-143.32777404785156,-4529.0
888200268,172.89637756347656,1.7888227701187134,-143.32777404785156,-4529.0
888213238,172.89637756347656,1.7888275384902954,-143.32777404785156,-4529.0
888230202,172.89637756347656,1.7888284921646118,-143.32777404785156,-4529.0
888250043,172.89637756347656,1.7888274192810059,-143.32777404785156,-4529.0
888268527,172.89637756347656,1.788827657699585,-143.32777404785156,-4529.0
888285808,172.89637756347656,1.788826823234558,-143.32777404785156,-4529.0
888294501,172.89637756347656,1.788824200630188,-143.32777404785156,-4529.0
888309187,172.89637756347656,1.7888238430023193,-143.32777404785156,-4529.0
888335563,172.89637756347656,1.7888256311416626,-143.32777404785156,-4529.0
888380516,172.89637756347656,1.7888281345367432,-143.32777404785156,-4529.0
888434714,172.89637756347656,1.788831353187561,-143.32777404785156,-4529.0
888481333,172.89637756347656,1.788832426071167,-143.32777404785156,-4529.0
888508278,172.89637756347656,1.7888292074203491,-143.32777404785156,-4529.0
888523642,172.89637756347656,1.7888262271881104,-143.32777404785156,-4529.0
888536544,172.89637756347656,1.7888233661651611,-143.32777404785156,-4529.0
888556454,172.89637756347656,1.7888225317001343,-143.32777404785156,-4529.0
888585351,172.89637756347656,1.7888222932815552,-143.32777404785156,-4529.0
888605568,172.89637756347656,1.7888222932815552,-143.32777404785156,-4529.0
888614294,172.89637756347656,1.7888233661651611,-143.32777404785156,-4529.0
888650736,172.89637756347656,1.7888251543045044,-143.32777404785156,-4529.0
888697278,172.89637756347656,1.7888249158859253,-143.32777404785156,-4529.0
888732363,172.89637756347656,1.7888222932815552,-143.32777404785156,-4529.0
888749877,172.89637756347656,1.7888191938400269,-143.32777404785156,-4529.0
888771340,172.89637756347656,1.7888157367706299,-143.32777404785156,-4529.0
888789845,172.89637756347656,1.7888134717941284,-143.32777404785156,-4529.0
888798888,172.89637756347656,1.7888118028640747,-143.32777404785156,-4529.0
888806819,172.89637756347656,1.7888115644454956,-143.32777404785156,-4529.0
888815125,172.89637756347656,1.7888128757476807,-143.32777404785156,-4529.0
888825429,172.89637756347656,1.7888147830963135,-143.32777404785156,-4529.0
888837136,172.89637756347656,1.7888169288635254,-143.32777404785156,-4529.0
888846086,172.89637756347656,1.7888184785842896,-143.32777404785156,-4529.0
888853945,172.89637756347656,1.7888200283050537,-143.32777404785156,-4529.0
888864007,172.89637756347656,1.7888209819793701,-143.32777404785156,-4529.0
888877593,172.89637756347656,1.7888213396072388,-143.32777404785156,-4529.0
888904732,172.8963623046875,1.788825273513794,-143.32777404785156,-4529.0
888939859,172.8963623046875,1.7888305187225342,-143.32777404785156,-4529.0
888987096,172.8963623046875,1.7888365983963013,-143.32777404785156,-4529.0
889041808,172.8963623046875,1.7888416051864624,-143.32777404785156,-4529.0
889092255,172.8963623046875,1.7888448238372803,-143.32777404785156,-4529.0
889127811,172.8963623046875,1.7888462543487549,-143.32777404785156,-4529.0
889145949,172.8963623046875,1.7888462543487549,-143.32777404785156,-4529.0
889159558,172.8963623046875,1.7888453006744385,-143.32777404785156,-4529.0
889167580,172.8963623046875,1.7888432741165161,-143.32777404785156,-4529.0
889175471,172.8963623046875,1.7888411283493042,-143.32777404785156,-4529.0
889183234,172.8963623046875,1.7888394594192505,-143.32777404785156,-4529.0
889191052,172.8963623046875,1.7888386249542236,-143.32777404785156,-4529.0
889195708,172.8963623046875,1.7888389825820923,-143.32777404785156,-4529.0
889199695,172.8963623046875,1.7888394594192505,-143.32777404785156,-4529.0
889206099,172.8963623046875,1.788837194442749,-143.32777404785156,-4529.0
889217573,172.8963623046875,1.7888343334197998,-143.32777404785156,-4529.0
889231327,172.8963623046875,1.7888314723968506,-143.32777404785156,-4529.0
889244867,172.8963623046875,1.7888312339782715,-143.32777404785156,-4529.0
889259856,172.8963623046875,1.7888320684432983,-143.32777404785156,-4529.0
889275454,172.8963623046875,1.7888332605361938,-143.32777404785156,-4529.0
889290623,172.8963623046875,1.788834571838379,-143.32777404785156,-4529.0
889305174,172.8963623046875,1.7888356447219849,-143.32777404785156,-4529.0
889315908,172.8963623046875,1.7888368368148804,-143.32777404785156,-4529.0
889324186,172.8963623046875,1.7888381481170654,-143.32777404785156,-4529.0
889332356,172.8963623046875,1.7888392210006714,-143.32777404785156,-4529.0
889339617,172.8963623046875,1.7888401746749878,-143.32777404785156,-4529.0
889345072,172.8963623046875,1.7888400554656982,-143.32777404785156,-4529.0
889349266,172.8963623046875,1.788839340209961,-143.32777404785156,-4529.0
889353170,172.8963623046875,1.7888377904891968,-143.32777404785156,-4529.0
889357039,172.8963623046875,1.7888363599777222,-143.32777404785156,-4529.0
889360951,172.8963623046875,1.7888356447219849,-143.32777404785156,-4529.0
889364897,172.8963623046875,1.788835883140564,-143.32777404785156,-4529.0
889368859,172.8963623046875,1.7888354063034058,-143.32777404785156,-4529.0
889374722,172.8963623046875,1.7888340950012207,-143.32777404785156,-4529.0
889382233,172.8963623046875,1.7888332605361938,-143.32777404785156,-4529.0
889387530,172.8963623046875,1.7888340950012207,-143.32777404785156,-4529.0
889396198,172.8963623046875,1.7888357639312744,-143.32777404785156,-4529.0
889406226,172.8963623046875,1.7888375520706177,-143.32777404785156,-4529.0
889417592,172.8963623046875,1.7888394594192505,-143.32777404785156,-4529.0
889430359,172.8963623046875,1.788840889930725,-143.32777404785156,-4529.0
889441826,172.8963623046875,1.788841962814331,-143.32777404785156,-4529.0
889450004,172.8963623046875,1.7888420820236206,-143.32777404785156,-4529.0
889461973,172.8963623046875,1.7888414859771729,-143.32777404785156,-4529.0
889474859,172.8963623046875,1.788841724395752,-143.32777404785156,-4529.0
889483318,172.8963623046875,1.7888412475585938,-143.32777404785156,-4529.0
889487822,172.8963623046875,1.7888398170471191,-143.32777404785156,-4529.0
889491737,172.8963623046875,1.7888377904891968,-143.32777404785156,-4529.0
889495659,172.8963623046875,1.7888360023498535,-143.32777404785156,-4529.0
889499585,172.8963623046875,1.788834571838379,-143.32777404785156,-4529.0
889503548,172.8963623046875,1.788833498954773,-143.32777404785156,-4529.0
889507950,172.8963623046875,1.7888325452804565,-143.32777404785156,-4529.0
889514833,172.8963623046875,1.7888308763504028,-143.32777404785156,-4529.0
889521640,172.8963623046875,1.7888301610946655,-143.32777404785156,-4529.0
889526813,172.8963623046875,1.7888303995132446,-143.32777404785156,-4529.0
889531817,172.8963623046875,1.7888319492340088,-143.32777404785156,-4529.0
889540632,172.8963623046875,1.7888343334197998,-143.32777404785156,-4529.0
889552060,172.8963623046875,1.7888367176055908,-143.32777404785156,-4529.0
889565647,172.8963623046875,1.7888389825820923,-143.32777404785156,-4529.0
889577968,172.8963623046875,1.7888405323028564,-143.32777404785156,-4529.0
889589820,172.8963623046875,1.7888414859771729,-143.32777404785156,-4529.0
889601662,172.8963623046875,1.7888424396514893,-143.32777404785156,-4529.0
889614276,172.8963623046875,1.7888431549072266,-143.32777404785156,-4529.0
889620021,172.8963623046875,1.7888424396514893,-143.32777404785156,-4529.0
889624072,172.8963623046875,1.788840889930725,-143.32777404785156,-4529.0
889627970,172.8963623046875,1.7888391017913818,-143.32777404785156,-4529.0
889631838,172.8963623046875,1.7888375520706177,-143.32777404785156,-4529.0
889635764,172.8963623046875,1.7888370752334595,-143.32777404785156,-4529.0
889639710,172.8963623046875,1.7888370752334595,-143.32777404785156,-4529.0
889643889,172.8963623046875,1.7888360023498535,-143.32777404785156,-4529.0
889649401,172.8963623046875,1.788833498954773,-143.32777404785156,-4529.0
889659429,172.8963623046875,1.7888315916061401,-143.32777404785156,-4529.0
889669517,172.8963623046875,1.7888298034667969,-143.32777404785156,-4529.0
889679968,172.8963623046875,1.7888245582580566,-143.32777404785156,-4529.0
889694547,172.8963623046875,1.7888177633285522,-143.32777404785156,-4529.0
889710991,172.8963623046875,1.7888120412826538,-143.32777404785156,-4529.0
889724199,172.8963623046875,1.788809061050415,-143.32777404785156,-4529.0
889734108,172.8963623046875,1.7888081073760986,-143.32777404785156,-4529.0
889738097,172.8963623046875,1.7888078689575195,-143.32777404785156,-4529.0
889742549,172.8963623046875,1.7888087034225464,-143.32777404785156,-4529.0
889748048,172.8963623046875,1.7888097763061523,-143.32777404785156,-4529.0
889752876,172.8963623046875,1.788811445236206,-143.32777404785156,-4529.0
889756795,172.8963623046875,1.788813591003418,-143.32777404785156,-4529.0
889760668,172.8963623046875,1.7888158559799194,-143.32777404785156,-4529.0
889764584,172.8963623046875,1.7888184785842896,-143.32777404785156,-4529.0
889769919,172.8963623046875,1.7888222932815552,-143.32777404785156,-4529.0
889777297,172.8963623046875,1.7888274192810059,-143.32777404785156,-4529.0
889785636,172.8963623046875,1.7888303995132446,-143.32777404785156,-4529.0
889794240,172.8963623046875,1.7888288497924805,-143.32777404785156,-4529.0
889807660,172.8963623046875,1.7888269424438477,-143.32777404785156,-4529.0
889819822,172.8963623046875,1.7888264656066895,-143.32777404785156,-4529.0
889828934,172.8963623046875,1.7888237237930298,-143.32777404785156,-4529.0
889835340,172.8963623046875,1.7888206243515015,-143.32777404785156,-4529.0
889848966,172.8963623046875,1.7888216972351074,-143.32777404785156,-4529.0
889871988,172.8963623046875,1.7888257503509521,-143.32777404785156,-4529.0
889884945,172.8963623046875,1.7888306379318237,-143.32777404785156,-4529.0
889892090,172.8963623046875,1.7888354063034058,-143.32777404785156,-4529.0
889898364,172.8963623046875,1.7888400554656982,-143.32777404785156,-4529.0
889909143,172.8963623046875,1.7888402938842773,-143.32777404785156,-4529.0
889925238,172.8963623046875,1.7888349294662476,-143.32777404785156,-4529.0
889938208,172.8963623046875,1.7888280153274536,-143.32777404785156,-4529.0
889950167,172.8963623046875,1.7888211011886597,-143.32777404785156,-4529.0
889958637,172.8963623046875,1.788813591003418,-143.32777404785156,-4529.0
889967819,172.8963623046875,1.7888028621673584,-143.32777404785156,-4529.0
889975423,172.8963623046875,1.7887940406799316,-143.32777404785156,-4529.0
889989269,172.8963623046875,1.788788080215454,-143.32777404785156,-4529.0
890008958,172.8963623046875,1.788784146308899,-143.32777404785156,-4529.0
890027342,172.8963623046875,1.7887816429138184,-143.32777404785156,-4529.0
890032791,172.8963623046875,1.788783073425293,-143.32777404785156,-4529.0
890038281,172.8963623046875,1.7887895107269287,-143.32777404785156,-4529.0
890049048,172.8963623046875,1.7887978553771973,-143.32777404785156,-4529.0
890061157,172.8963623046875,1.7888070344924927,-143.32777404785156,-4529.0
890071913,172.8963623046875,1.7888165712356567,-143.32777404785156,-4529.0
890081547,172.8963623046875,1.7888240814208984,-143.32777404785156,-4529.0
890096108,172.8963623046875,1.7888293266296387,-143.32777404785156,-4529.0
890107925,172.8963623046875,1.7888327836990356,-143.32777404785156,-4529.0
890111972,172.8963623046875,1.788832664489746,-143.32777404785156,-4529.0
890117110,172.8963623046875,1.7888273000717163,-143.32777404785156,-4529.0
890123416,172.8963623046875,1.7888189554214478,-143.32777404785156,-4529.0
890129765,172.8963623046875,1.7888126373291016,-143.32777404785156,-4529.0
890135301,172.8963623046875,1.7888097763061523,-143.32777404785156,-4529.0
890139502,172.8963623046875,1.7888085842132568,-143.32777404785156,-4529.0
890143549,172.8963623046875,1.7888083457946777,-143.32777404785156,-4529.0
890148314,172.8963623046875,1.7888084650039673,-143.32777404785156,-4529.0
890156226,172.8963623046875,1.788809895515442,-143.32777404785156,-4529.0
890167166,172.8963623046875,1.788811445236206,-143.32777404785156,-4529.0
890175784,172.8963623046875,1.788811445236206,-143.32777404785156,-4529.0
890188720,172.8963623046875,1.7888106107711792,-143.32777404785156,-4529.0
890197780,172.8963623046875,1.788812279701233,-143.32777404785156,-4529.0
890207226,172.8963623046875,1.7888139486312866,-143.32777404785156,-4529.0
890211364,172.8963623046875,1.7888140678405762,-143.32777404785156,-4529.0
890223288,172.8963623046875,1.7888145446777344,-143.32777404785156,-4529.0
890237618,172.8963623046875,1.7888160943984985,-143.32777404785156,-4529.0
890250905,172.8963623046875,1.788817286491394,-143.32777404785156,-4529.0
890261605,172.8963623046875,1.7888169288635254,-143.32777404785156,-4529.0
890277851,172.8963623046875,1.7888160943984985,-143.32777404785156,-4529.0
890286862,172.8963623046875,1.7888164520263672,-143.32777404785156,-4529.0
890291116,172.8963623046875,1.7888163328170776,-143.32777404785156,-4529.0
890307993,172.8963623046875,1.7888139486312866,-143.32777404785156,-4529.0
890319534,172.8963623046875,1.788808822631836,-143.32777404785156,-4529.0
890334082,172.8963623046875,1.788803219795227,-143.32777404785156,-4529.0
890354496,172.8963623046875,1.7887988090515137,-143.32777404785156,-4529.0
890377721,172.8963623046875,1.7887969017028809,-143.32777404785156,-4529.0
890398507,172.8963623046875,1.7887957096099854,-143.32777404785156,-4529.0
890411590,172.8963623046875,1.7887961864471436,-143.32777404785156,-4529.0
890419171,172.8963623046875,1.7888003587722778,-143.32777404785156,-4529.0
890425893,172.8963623046875,1.7888057231903076,-143.32777404785156,-4529.0
890431449,172.8963623046875,1.7888108491897583,-143.32777404785156,-4529.0
890438703,172.8963623046875,1.7888150215148926,-143.32777404785156,-4529.0
890442843,172.8963623046875,1.7888175249099731,-143.32777404785156,-4529.0
890447100,172.8963623046875,1.7888184785842896,-143.32777404785156,-4529.0
890455087,172.8963623046875,1.7888201475143433,-143.32777404785156,-4529.0
890465369,172.8963623046875,1.7888221740722656,-143.32777404785156,-4529.0
890469533,172.8963623046875,1.7888234853744507,-143.32777404785156,-4529.0
890476582,172.8963623046875,1.7888259887695312,-143.32777404785156,-4529.0
890481294,172.8963623046875,1.7888290882110596,-143.32777404785156,-4529.0
890485399,172.8963623046875,1.788832187652588,-143.32777404785156,-4529.0
890496841,172.8963623046875,1.7888364791870117,-143.32777404785156,-4529.0
890518202,172.8963623046875,1.7888411283493042,-143.32777404785156,-4529.0
890543044,172.8963623046875,1.7888432741165161,-143.32777404785156,-4529.0
890567978,172.8963623046875,1.7888416051864624,-143.32777404785156,-4529.0
890588759,172.8963623046875,1.7888396978378296,-143.32777404785156,-4529.0
890604002,172.8963623046875,1.7888383865356445,-143.32777404785156,-4529.0
890614464,172.8963623046875,1.7888375520706177,-143.32777404785156,-4529.0
890618863,172.8963623046875,1.7888370752334595,-143.32777404785156,-4529.0
890622986,172.8963623046875,1.7888367176055908,-143.32777404785156,-4529.0
890627620,172.8963623046875,1.7888364791870117,-143.32777404785156,-4529.0
890633059,172.8963623046875,1.7888364791870117,-143.32777404785156,-4529.0
890639187,172.8963623046875,1.7888368368148804,-143.32777404785156,-4529.0
890643497,172.8963623046875,1.7888368368148804,-143.32777404785156,-4529.0
890647460,172.8963623046875,1.7888367176055908,-143.32777404785156,-4529.0
890653306,172.8963623046875,1.788835883140564,-143.32777404785156,-4529.0
890659235,172.8963623046875,1.7888355255126953,-143.32777404785156,-4529.0
890663585,172.8963623046875,1.7888354063034058,-143.32777404785156,-4529.0
890668570,172.8963623046875,1.7888356447219849,-143.32777404785156,-4529.0
890673740,172.8963623046875,1.7888360023498535,-143.32777404785156,-4529.0
890678966,172.8963623046875,1.7888360023498535,-143.32777404785156,-4529.0
890683970,172.8963623046875,1.7888360023498535,-143.32777404785156,-4529.0
890688093,172.8963623046875,1.7888365983963013,-143.32777404785156,-4529.0
890692050,172.8963623046875,1.78883695602417,-143.32777404785156,-4529.0
890698229,172.8963623046875,1.7888370752334595,-143.32777404785156,-4529.0
890705732,172.8963623046875,1.7888377904891968,-143.32777404785156,-4529.0
890711863,172.8963623046875,1.7888381481170654,-143.32777404785156,-4529.0
890718732,172.8963623046875,1.788838505744934,-143.32777404785156,-4529.0
890724537,172.8963623046875,1.7888386249542236,-143.32777404785156,-4529.0
890729722,172.8963623046875,1.788838505744934,-143.32777404785156,-4529.0
890734004,172.8963623046875,1.788838505744934,-143.32777404785156,-4529.0
890738183,172.8963623046875,1.7888377904891968,-143.32777404785156,-4529.0
890742522,172.8963623046875,1.78883695602417,-143.32777404785156,-4529.0
890752865,172.8963623046875,1.7888351678848267,-143.32777404785156,-4529.0
890764360,172.8963623046875,1.7888344526290894,-143.32777404785156,-4529.0
890776497,172.8963623046875,1.7888346910476685,-143.32777404785156,-4529.0
890786572,172.8963623046875,1.7888349294662476,-143.32777404785156,-4529.0
890795693,172.8963623046875,1.7888349294662476,-143.32777404785156,-4529.0
890803073,172.8963623046875,1.7888351678848267,-143.32777404785156,-4529.0
890807695,172.8963623046875,1.7888355255126953,-143.32777404785156,-4529.0
890811799,172.8963623046875,1.7888363599777222,-143.32777404785156,-4529.0
890815770,172.8963623046875,1.7888373136520386,-143.32777404785156,-4529.0
890823167,172.8963623046875,1.7888373136520386,-143.32777404785156,-4529.0
890831441,172.8963623046875,1.7888386249542236,-143.32777404785156,-4529.0
890837872,172.8963623046875,1.788839340209961,-143.32777404785156,-4529.0
890843711,172.8963623046875,1.7888396978378296,-143.32777404785156,-4529.0
890847581,172.8963623046875,1.788839340209961,-143.32777404785156,-4529.0
890851446,172.8963623046875,1.7888391017913818,-143.32777404785156,-4529.0
890855356,172.8963623046875,1.7888383865356445,-143.32777404785156,-4529.0
890859291,172.8963623046875,1.788838505744934,-143.32777404785156,-4529.0
890863240,172.8963623046875,1.7888381481170654,-143.32777404785156,-4529.0
890871932,172.8963623046875,1.7888364791870117,-143.32777404785156,-4529.0
890883026,172.8963623046875,1.788835883140564,-143.32777404785156,-4529.0
890892572,172.8963623046875,1.7888363599777222,-143.32777404785156,-4529.0
890901678,172.8963623046875,1.7888370752334595,-143.32777404785156,-4529.0
890910565,172.8963623046875,1.7888375520706177,-143.32777404785156,-4529.0
890918797,172.8963623046875,1.7888381481170654,-143.32777404785156,-4529.0
890924697,172.8963623046875,1.7888386249542236,-143.32777404785156,-4529.0
890929776,172.8963623046875,1.7888394594192505,-143.32777404785156,-4529.0
890934385,172.8963623046875,1.7888399362564087,-143.32777404785156,-4529.0
890943634,172.8963623046875,1.7888391017913818,-143.32777404785156,-4529.0
890954258,172.8963623046875,1.7888386249542236,-143.32777404785156,-4529.0
890961923,172.8963623046875,1.788838505744934,-143.32777404785156,-4529.0
890966645,172.8963623046875,1.7888380289077759,-143.32777404785156,-4529.0
890970746,172.8963623046875,1.7888374328613281,-143.32777404785156,-4529.0
890974603,172.8963623046875,1.7888367176055908,-143.32777404785156,-4529.0
890978500,172.8963623046875,1.7888360023498535,-143.32777404785156,-4529.0
890982427,172.8963623046875,1.7888357639312744,-143.3277587890625,-4529.0
890986541,172.8963623046875,1.7888356447219849,-143.3277587890625,-4529.0
890994669,172.8963623046875,1.788835048675537,-143.3277587890625,-4529.0
891004555,172.8963623046875,1.7888354063034058,-143.3277587890625,-4529.0
891012914,172.8963623046875,1.788836121559143,-143.3277587890625,-4529.0
891022103,172.8963623046875,1.7888367176055908,-143.3277587890625,-4529.0
891030710,172.8963623046875,1.788837194442749,-143.3277587890625,-4529.0
891038509,172.8963623046875,1.7888375520706177,-143.3277587890625,-4529.0
891044678,172.8963623046875,1.7888379096984863,-143.3277587890625,-4529.0
891048888,172.8963623046875,1.7888380289077759,-143.3277587890625,-4529.0
891053225,172.8963623046875,1.788838505744934,-143.3277587890625,-4529.0
891061318,172.8963623046875,1.7888376712799072,-143.3277587890625,-4529.0
891070178,172.8963623046875,1.7888375520706177,-143.3277587890625,-4529.0
891076802,172.8963623046875,1.7888377904891968,-143.3277587890625,-4529.0
891082110,172.8963623046875,1.7888375520706177,-143.3277587890625,-4529.0
891086636,172.8963623046875,1.788837194442749,-143.3277587890625,-4529.0
891090577,172.8963623046875,1.7888365983963013,-143.3277587890625,-4529.0
891094527,172.8963623046875,1.7888360023498535,-143.3277587890625,-4529.0
891098547,172.8963623046875,1.7888362407684326,-143.3277587890625,-4529.0
891102490,172.8963623046875,1.7888368368148804,-143.3277587890625,-4529.0
891108765,172.8963623046875,1.7888363599777222,-143.3277587890625,-4529.0
891116669,172.8963623046875,1.7888368368148804,-143.3277587890625,-4529.0
891124679,172.8963623046875,1.7888375520706177,-143.3277587890625,-4529.0
891131526,172.8963623046875,1.7888380289077759,-143.3277587890625,-4529.0
891137645,172.8963623046875,1.7888381481170654,-143.3277587890625,-4529.0
891142877,172.8963623046875,1.7888380289077759,-143.3277587890625,-4529.0
891147641,172.8963623046875,1.7888379096984863,-143.3277587890625,-4529.0
891151623,172.8963623046875,1.7888381481170654,-143.3277587890625,-4529.0
891155561,172.8963623046875,1.788838505744934,-143.3277587890625,-4529.0
891163388,172.8963623046875,1.7888376712799072,-143.3277587890625,-4529.0
891173205,172.8963623046875,1.7888381481170654,-143.3277587890625,-4529.0
891180510,172.8963623046875,1.788838505744934,-143.3277587890625,-4529.0
891186916,172.8963623046875,1.7888387441635132,-143.3277587890625,-4529.0
891191885,172.8963623046875,1.7888383865356445,-143.3277587890625,-4529.0
891196169,172.8963623046875,1.7888381481170654,-143.3277587890625,-4529.0
891200246,172.8963623046875,1.7888379096984863,-143.3277587890625,-4529.0
891204184,172.8963623046875,1.7888375520706177,-143.3277587890625,-4529.0
891208129,172.8963623046875,1.78883695602417,-143.3277587890625,-4529.0
891216873,172.8963623046875,1.7888356447219849,-143.3277587890625,-4529.0
891227920,172.8963623046875,1.7888363599777222,-143.3277587890625,-4529.0
891239419,172.8963623046875,1.7888374328613281,-143.3277587890625,-4529.0
891250303,172.8963623046875,1.7888376712799072,-143.3277587890625,-4529.0
891259923,172.8963623046875,1.7888375520706177,-143.3277587890625,-4529.0
891267429,172.8963623046875,1.7888374328613281,-143.3277587890625,-4529.0
891271842,172.8963623046875,1.78883695602417,-143.3277587890625,-4529.0
891275775,172.8963623046875,1.7888375520706177,-143.3277587890625,-4529.0
891279717,172.8963623046875,1.7888379096984863,-143.3277587890625,-4529.0
891287282,172.8963623046875,1.7888374328613281,-143.3277587890625,-4529.0
891296430,172.8963623046875,1.7888373136520386,-143.3277587890625,-4529.0
891305786,172.8963623046875,1.7888376712799072,-143.3277587890625,-4529.0
891313320,172.8963623046875,1.7888377904891968,-143.3277587890625,-4529.0
891319326,172.8963623046875,1.7888375520706177,-143.3277587890625,-4529.0
891323830,172.8963623046875,1.7888373136520386,-143.3277587890625,-4529.0
891327728,172.8963623046875,1.7888370752334595,-143.3277587890625,-4529.0
891331650,172.8963623046875,1.7888375520706177,-143.3277587890625,-4529.0
891335585,172.8963623046875,1.7888379096984863,-143.3277587890625,-4529.0
891343115,172.8963623046875,1.7888375520706177,-143.3277587890625,-4529.0
891352771,172.8963623046875,1.788838267326355,-143.3277587890625,-4529.0
891359978,172.8963623046875,1.7888388633728027,-143.3277587890625,-4529.0
891366673,172.8963623046875,1.7888392210006714,-143.3277587890625,-4529.0
891371807,172.8963623046875,1.7888389825820923,-143.3277587890625,-4529.0
891375914,172.8963623046875,1.7888388633728027,-143.3277587890625,-4529.0
891379819,172.8963623046875,1.788838267326355,-143.3277587890625,-4529.0
891383754,172.8963623046875,1.7888376712799072,-143.3277587890625,-4529.0
891387695,172.8963623046875,1.7888370752334595,-143.3277587890625,-4529.0
891397234,172.8963623046875,1.7888360023498535,-143.3277587890625,-4529.0
891408882,172.8963623046875,1.7888363599777222,-143.3277587890625,-4529.0
891420334,172.8963623046875,1.78883695602417,-143.3277587890625,-4529.0
891431084,172.8963623046875,1.788837194442749,-143.3277587890625,-4529.0
891440442,172.8963623046875,1.7888370752334595,-143.3277587890625,-4529.0
891447531,172.8963623046875,1.7888365983963013,-143.3277587890625,-4529.0
891452285,172.8963623046875,1.7888365983963013,-143.3277587890625,-4529.0
891456292,172.8963623046875,1.7888364791870117,-143.3277587890625,-4529.0
891460639,172.8963623046875,1.7888365983963013,-143.3277587890625,-4529.0
891469449,172.8963623046875,1.7888357639312744,-143.3277587890625,-4529.0
891478573,172.8963623046875,1.7888360023498535,-143.3277587890625,-4529.0
891488203,172.8963623046875,1.7888365983963013,-143.3277587890625,-4529.0
891495893,172.8963623046875,1.788837194442749,-143.3277587890625,-4529.0
891502000,172.8963623046875,1.7888374328613281,-143.3277587890625,-4529.0
891506379,172.8963623046875,1.788837194442749,-143.3277587890625,-4529.0
891510269,172.8963623046875,1.7888370752334595,-143.3277587890625,-4529.0
891514183,172.8963623046875,1.7888374328613281,-143.3277587890625,-4529.0
891518134,172.8963623046875,1.7888374328613281,-143.3277587890625,-4529.0
891526175,172.8963623046875,1.7888368368148804,-143.3277587890625,-4529.0
891535832,172.8963623046875,1.7888380289077759,-143.3277587890625,-4529.0
891543592,172.8963623046875,1.7888387441635132,-143.3277587890625,-4529.0
891550935,172.8963623046875,1.7888389825820923,-143.3277587890625,-4529.0
891556303,172.8963623046875,1.788838505744934,-143.3277587890625,-4529.0
891560586,172.8963623046875,1.7888380289077759,-143.3277587890625,-4529.0
891564484,172.8963623046875,1.7888379096984863,-143.3277587890625,-4529.0
891568410,172.8963623046875,1.7888375520706177,-143.3277587890625,-4529.0
891572614,172.8963623046875,1.7888370752334595,-143.3277587890625,-4529.0
891581417,172.8963623046875,1.7888356447219849,-143.3277587890625,-4529.0
891592996,172.8963623046875,1.7888354063034058,-143.3277587890625,-4529.0
891601580,172.8963623046875,1.788835883140564,-143.3277587890625,-4529.0
891610969,172.8963623046875,1.7888362407684326,-143.3277587890625,-4529.0
891620012,172.8963623046875,1.7888367176055908,-143.3277587890625,-4529.0
891626837,172.8963623046875,1.788837194442749,-143.3277587890625,-4529.0
891632214,172.8963623046875,1.7888374328613281,-143.3277587890625,-4529.0
891636737,172.8963623046875,1.7888379096984863,-143.3277587890625,-4529.0
891641205,172.8963623046875,1.788838505744934,-143.3277587890625,-4529.0
891649353,172.8963623046875,1.7888380289077759,-143.3277587890625,-4529.0
891658826,172.8963623046875,1.7888379096984863,-143.3277587890625,-4529.0
891665673,172.8963623046875,1.7888381481170654,-143.3277587890625,-4529.0
891670945,172.8963623046875,1.7888380289077759,-143.3277587890625,-4529.0
891675252,172.8963623046875,1.7888375520706177,-143.3277587890625,-4529.0
891679292,172.8963623046875,1.788837194442749,-143.3277587890625,-4529.0
891683181,172.8963623046875,1.7888370752334595,-143.3277587890625,-4529.0
891687093,172.8963623046875,1.78883695602417,-143.3277587890625,-4529.0
891691640,172.8963623046875,1.7888368368148804,-143.3277587890625,-4529.0
891700731,172.8963623046875,1.788835883140564,-143.3277587890625,-4529.0
891711816,172.8963623046875,1.7888356447219849,-143.3277587890625,-4529.0
891719163,172.8963623046875,1.788835883140564,-143.3277587890625,-4529.0
891726247,172.8963623046875,1.7888362407684326,-143.3277587890625,-4529.0
891733028,172.8963623046875,1.7888367176055908,-143.3277587890625,-4529.0
891738721,172.8963623046875,1.78883695602417,-143.3277587890625,-4529.0
891743691,172.8963623046875,1.788837194442749,-143.3277587890625,-4529.0
891747847,172.8963623046875,1.7888380289077759,-143.3277587890625,-4529.0
891752126,172.8963623046875,1.7888383865356445,-143.3277587890625,-4529.0
891760962,172.8963623046875,1.7888379096984863,-143.3277587890625,-4529.0
891771803,172.8963623046875,1.7888373136520386,-143.3277587890625,-4529.0
891780865,172.8963623046875,1.7888374328613281,-143.3277587890625,-4529.0
891787786,172.8963623046875,1.7888374328613281,-143.3277587890625,-4529.0
891793295,172.8963623046875,1.788837194442749,-143.3277587890625,-4529.0
891797819,172.8963623046875,1.78883695602417,-143.3277587890625,-4529.0
891801769,172.8963623046875,1.7888367176055908,-143.3277587890625,-4529.0
891805690,172.8963623046875,1.7888374328613281,-143.3277587890625,-4529.0
891809703,172.8963623046875,1.7888376712799072,-143.3277587890625,-4529.0
891818672,172.8963623046875,1.788837194442749,-143.3277587890625,-4529.0
891828998,172.8963623046875,1.7888370752334595,-143.3277587890625,-4529.0
891836620,172.8963623046875,1.7888374328613281,-143.3277587890625,-4529.0
891843705,172.8963623046875,1.7888377904891968,-143.3277587890625,-4529.0
891849961,172.8963623046875,1.7888377904891968,-143.3277587890625,-4529.0
891854586,172.8963623046875,1.7888377904891968,-143.3277587890625,-4529.0
891858504,172.8963623046875,1.7888377904891968,-143.3277587890625,-4529.0
891862418,172.8963623046875,1.7888377904891968,-143.3277587890625,-4529.0
891866348,172.8963623046875,1.788838267326355,-143.3277587890625,-4529.0
891873517,172.8963623046875,1.7888375520706177,-143.3277587890625,-4529.0
891882884,172.8963623046875,1.7888380289077759,-143.3277587890625,-4529.0
891890637,172.8963623046875,1.788838267326355,-143.3277587890625,-4529.0
891898043,172.8963623046875,1.7888383865356445,-143.3277587890625,-4529.0
891904766,172.8963623046875,1.7888380289077759,-143.3277587890625,-4529.0
891909716,172.8963623046875,1.7888377904891968,-143.3277587890625,-4529.0
891913851,172.8963623046875,1.7888376712799072,-143.3277587890625,-4529.0
891917821,172.8963623046875,1.7888377904891968,-143.3277587890625,-4529.0
891921754,172.8963623046875,1.7888380289077759,-143.3277587890625,-4529.0
891928521,172.8963623046875,1.788837194442749,-143.3277587890625,-4529.0
891937591,172.8963623046875,1.7888363599777222,-143.3277587890625,-4529.0
891944145,172.8963623046875,1.7888364791870117,-143.3277587890625,-4529.0
891950868,172.8963623046875,1.7888367176055908,-143.3277587890625,-4529.0
891958048,172.8963623046875,1.788837194442749,-143.3277587890625,-4529.0
891964112,172.8963623046875,1.7888374328613281,-143.3277587890625,-4529.0
891969786,172.8963623046875,1.7888377904891968,-143.3277587890625,-4529.0
891974091,172.8963623046875,1.7888383865356445,-143.3277587890625,-4529.0
891978773,172.8963623046875,1.7888387441635132,-143.3277587890625,-4529.0
891988453,172.8963623046875,1.7888380289077759,-143.3277587890625,-4529.0
892000002,172.8963623046875,1.7888377904891968,-143.3277587890625,-4529.0
892009085,172.8963623046875,1.7888379096984863,-143.3277587890625,-4529.0
892016485,172.8963623046875,1.7888377904891968,-143.3277587890625,-4529.0
892021997,172.8963623046875,1.7888373136520386,-143.3277587890625,-4529.0
892026128,172.8963623046875,1.7888368368148804,-143.3277587890625,-4529.0
892030013,172.8963623046875,1.7888365983963013,-143.3277587890625,-4529.0
892033922,172.8963623046875,1.7888365983963013,-143.3277587890625,-4529.0
892038080,172.8963623046875,1.7888365983963013,-143.3277587890625,-4529.0
892046826,172.8963623046875,1.7888357639312744,-143.3277587890625,-4529.0
892057141,172.8963623046875,1.7888355255126953,-143.3277587890625,-4529.0
892063979,172.8963623046875,1.788835883140564,-143.3277587890625,-4529.0
892071722,172.8963623046875,1.7888363599777222,-143.3277587890625,-4529.0
892079206,172.8963623046875,1.7888368368148804,-143.3277587890625,-4529.0
892086137,172.8963623046875,1.7888375520706177,-143.3277587890625,-4529.0
892091705,172.8963623046875,1.7888381481170654,-143.3277587890625,-4529.0
892096085,172.8963623046875,1.7888388633728027,-143.3277587890625,-4529.0
892100319,172.8963623046875,1.788839340209961,-143.3277587890625,-4529.0
892109221,172.8963623046875,1.7888387441635132,-143.3277587890625,-4529.0
892119384,172.8963623046875,1.7888391017913818,-143.3277587890625,-4529.0
892128306,172.8963623046875,1.7888394594192505,-143.3277587890625,-4529.0
892136088,172.8963623046875,1.788839340209961,-143.3277587890625,-4529.0
892141238,172.8963623046875,1.7888387441635132,-143.3277587890625,-4529.0
892145319,172.8963623046875,1.7888379096984863,-143.3277587890625,-4529.0
892149203,172.8963623046875,1.7888370752334595,-143.3277587890625,-4529.0
892153112,172.8963623046875,1.7888368368148804,-143.3277587890625,-4529.0
892157455,172.8963623046875,1.7888364791870117,-143.3277587890625,-4529.0
892165988,172.8963623046875,1.7888355255126953,-143.3277587890625,-4529.0
892176234,172.8963623046875,1.7888354063034058,-143.3277587890625,-4529.0
892185166,172.8963623046875,1.7888360023498535,-143.3277587890625,-4529.0
892192204,172.8963623046875,1.7888364791870117,-143.3277587890625,-4529.0
892198583,172.8963623046875,1.7888368368148804,-143.3277587890625,-4529.0
892203471,172.8963623046875,1.7888367176055908,-143.3277587890625,-4529.0
892207862,172.8963623046875,1.7888367176055908,-143.3277587890625,-4529.0
892211932,172.8963623046875,1.7888368368148804,-143.3277587890625,-4529.0
892216200,172.8963623046875,1.7888370752334595,-143.3277587890625,-4529.0
892224660,172.8963623046875,1.788837194442749,-143.3277587890625,-4529.0
892234242,172.8963623046875,1.7888377904891968,-143.3277587890625,-4529.0
892240531,172.8963623046875,1.788838267326355,-143.3277587890625,-4529.0
892246274,172.8963623046875,1.788838505744934,-143.3277587890625,-4529.0
892250753,172.8963623046875,1.788838505744934,-143.3277587890625,-4529.0
892254597,172.8963623046875,1.788838505744934,-143.3277587890625,-4529.0
892258485,172.8963623046875,1.788838267326355,-143.3277587890625,-4529.0
892262397,172.8963623046875,1.788838267326355,-143.3277587890625,-4529.0
892266322,172.8963623046875,1.788838267326355,-143.3277587890625,-4529.0
892274616,172.8963623046875,1.7888368368148804,-143.3277587890625,-4529.0
892284979,172.8963623046875,1.7888364791870117,-143.3277587890625,-4529.0
892293771,172.8963623046875,1.7888368368148804,-143.3277587890625,-4529.0
892302392,172.8963623046875,1.788837194442749,-143.3277587890625,-4529.0
892310199,172.8963623046875,1.7888376712799072,-143.3277587890625,-4529.0
892317489,172.8963623046875,1.7888377904891968,-143.3277587890625,-4529.0
892323330,172.8963623046875,1.7888377904891968,-143.3277587890625,-4529.0
892328177,172.8963623046875,1.7888380289077759,-143.3277587890625,-4529.0
892334358,172.8963623046875,1.7888377904891968,-143.3277587890625,-4529.0
892345334,172.8963623046875,1.7888368368148804,-143.3277587890625,-4529.0
892356663,172.8963623046875,1.7888365983963013,-143.3277587890625,-4529.0
892367002,172.8963623046875,1.7888368368148804,-143.3277587890625,-4529.0
892374577,172.8963623046875,1.7888368368148804,-143.3277587890625,-4529.0
892379892,172.8963623046875,1.7888365983963013,-143.3277587890625,-4529.0
892384024,172.8963623046875,1.7888363599777222,-143.3277587890625,-4529.0
892387895,172.8963623046875,1.788836121559143,-143.3277587890625,-4529.0
892391796,172.8963623046875,1.7888367176055908,-143.3277587890625,-4529.0
892395709,172.8963623046875,1.78883695602417,-143.3277587890625,-4529.0
892403169,172.8963623046875,1.7888363599777222,-143.3277587890625,-4529.0
892412751,172.8963623046875,1.7888370752334595,-143.3277587890625,-4529.0
892418099,172.8963623046875,1.7888379096984863,-143.3277587890625,-4529.0
892423594,172.8963623046875,1.7888387441635132,-143.3277587890625,-4529.0
892428871,172.8963623046875,1.7888392210006714,-143.3277587890625,-4529.0
892432932,172.8963623046875,1.7888398170471191,-143.3277587890625,-4529.0
892437028,172.8963623046875,1.7888396978378296,-143.3277587890625,-4529.0
892441010,172.8963623046875,1.7888399362564087,-143.3277587890625,-4529.0
892445505,172.8963623046875,1.7888394594192505,-143.3277587890625,-4529.0
892455669,172.8963623046875,1.788838267326355,-143.3277587890625,-4529.0
892468899,172.8963623046875,1.788838267326355,-143.3277587890625,-4529.0
892480887,172.8963623046875,1.7888386249542236,-143.3277587890625,-4529.0
892490548,172.8963623046875,1.788838505744934,-143.3277587890625,-4529.0
892497389,172.8963623046875,1.7888379096984863,-143.3277587890625,-4529.0
892502250,172.8963623046875,1.7888370752334595,-143.3277587890625,-4529.0
892506415,172.8963623046875,1.7888363599777222,-143.3277587890625,-4529.0
892510324,172.8963623046875,1.7888362407684326,-143.3277587890625,-4529.0
892514465,172.8963623046875,1.7888356447219849,-143.3277587890625,-4529.0
892522192,172.8963623046875,1.7888349294662476,-143.3277587890625,-4529.0
892532430,172.8963623046875,1.7888340950012207,-143.3277587890625,-4529.0
892539020,172.8963623046875,1.7888342142105103,-143.3277587890625,-4529.0
892546555,172.8963623046875,1.788834810256958,-143.3277587890625,-4529.0
892554066,172.8963623046875,1.7888356447219849,-143.3277587890625,-4529.0
892560952,172.8963623046875,1.7888364791870117,-143.3277587890625,-4529.0
892566865,172.8963623046875,1.7888373136520386,-143.3277587890625,-4529.0
892571774,172.8963623046875,1.788838267326355,-143.3277587890625,-4529.0
892577433,172.8963623046875,1.7888387441635132,-143.3277587890625,-4529.0
892587288,172.8963623046875,1.7888386249542236,-143.3277587890625,-4529.0
892598660,172.8963623046875,1.7888392210006714,-143.3277587890625,-4529.0
892606438,172.8963623046875,1.7888398170471191,-143.3277587890625,-4529.0
892612389,172.8963623046875,1.7888396978378296,-143.3277587890625,-4529.0
892616933,172.8963623046875,1.7888392210006714,-143.3277587890625,-4529.0
892620862,172.8963623046875,1.7888394594192505,-143.3277587890625,-4529.0
892625304,172.8963623046875,1.7888391017913818,-143.3277587890625,-4529.0
892633958,172.8963623046875,1.7888381481170654,-143.3277587890625,-4529.0
892643683,172.8963623046875,1.7888355255126953,-143.3277587890625,-4529.0
892652479,172.8963623046875,1.788828730583191,-143.3277587890625,-4529.0
892662761,172.8963623046875,1.7888197898864746,-143.3277587890625,-4529.0
892675230,172.8963623046875,1.788811445236206,-143.3277587890625,-4529.0
892687354,172.8963623046875,1.7888073921203613,-143.3277587890625,-4529.0
892696028,172.8963623046875,1.7888069152832031,-143.3277587890625,-4529.0
892700519,172.8963623046875,1.7888091802597046,-143.3277587890625,-4529.0
892704440,172.8963623046875,1.7888129949569702,-143.3277587890625,-4529.0
892709989,172.8963623046875,1.7888176441192627,-143.3277587890625,-4529.0
892722327,172.8963623046875,1.7888224124908447,-143.3277587890625,-4529.0
892736447,172.8963623046875,1.7888274192810059,-143.3277587890625,-4529.0
892751393,172.8963623046875,1.7888312339782715,-143.3277587890625,-4529.0
892760182,172.8963623046875,1.788834810256958,-143.3277587890625,-4529.0
892766448,172.8963623046875,1.7888381481170654,-143.3277587890625,-4529.0
892772772,172.8963623046875,1.788840651512146,-143.3277587890625,-4529.0
892776733,172.8963623046875,1.7888420820236206,-143.3277587890625,-4529.0
892780635,172.8963623046875,1.788843035697937,-143.3277587890625,-4529.0
892784475,172.8963623046875,1.7888432741165161,-143.3277587890625,-4529.0
892788321,172.8963623046875,1.7888433933258057,-143.3277587890625,-4529.0
892792953,172.8963623046875,1.7888435125350952,-143.3277587890625,-4529.0
892798300,172.8963623046875,1.788843035697937,-143.3277587890625,-4529.0
892802223,172.8963623046875,1.7888422012329102,-143.3277587890625,-4529.0
892810560,172.8963623046875,1.7888399362564087,-143.3277587890625,-4529.0
892823426,172.8963623046875,1.7888379096984863,-143.3277587890625,-4529.0
892836616,172.8963623046875,1.7888375520706177,-143.3277587890625,-4529.0
892849450,172.8963623046875,1.7888376712799072,-143.3277587890625,-4529.0
892864813,172.8963623046875,1.7888377904891968,-143.3277587890625,-4529.0
892877331,172.8963623046875,1.7888376712799072,-143.3277587890625,-4529.0
892887977,172.8963623046875,1.7888376712799072,-143.3277587890625,-4529.0
892895552,172.8963623046875,1.7888380289077759,-143.3277587890625,-4529.0
892901638,172.8963623046875,1.7888379096984863,-143.3277587890625,-4529.0
892910914,172.8963623046875,1.7888376712799072,-143.3277587890625,-4529.0
892920783,172.8963623046875,1.7888354063034058,-143.3277587890625,-4529.0
892929321,172.8963623046875,1.7888277769088745,-143.3277587890625,-4529.0
892939089,172.8963623046875,1.788818120956421,-143.3277587890625,-4529.0
892946487,172.8963623046875,1.7888109683990479,-143.3277587890625,-4529.0
892952569,172.8963623046875,1.7888075113296509,-143.3277587890625,-4529.0
892957526,172.8963623046875,1.7888060808181763,-143.3277587890625,-4529.0
892961883,172.8963623046875,1.7888054847717285,-143.3277587890625,-4529.0
892967839,172.8963623046875,1.7888048887252808,-143.3277587890625,-4529.0
892972754,172.8963623046875,1.7888047695159912,-143.3277587890625,-4529.0
892976583,172.8963623046875,1.7888051271438599,-143.3277587890625,-4529.0
892980396,172.8963623046875,1.7888065576553345,-143.3277587890625,-4529.0
892984212,172.8963623046875,1.7888083457946777,-143.3277587890625,-4529.0
892988372,172.8963623046875,1.7888109683990479,-143.3277587890625,-4529.0
892995229,172.8963623046875,1.788813829421997,-143.3277587890625,-4529.0
893005208,172.8963623046875,1.788817048072815,-143.3277587890625,-4529.0
893017146,172.8963623046875,1.7888211011886597,-143.3277587890625,-4529.0
893029079,172.8963623046875,1.788826584815979,-143.3277587890625,-4529.0
893037849,172.8963623046875,1.7888331413269043,-143.3277587890625,-4529.0
893045173,172.8963623046875,1.7888399362564087,-143.3277587890625,-4529.0
893049031,172.8963623046875,1.7888460159301758,-143.3277587890625,-4529.0
893053475,172.8963623046875,1.7888503074645996,-143.3277587890625,-4529.0
893064190,172.8963623046875,1.7888530492782593,-143.3277587890625,-4529.0
893082366,172.8963623046875,1.7888545989990234,-143.3277587890625,-4529.0
893106537,172.8963623046875,1.7888555526733398,-143.3277587890625,-4529.0
893135588,172.8963623046875,1.788854718208313,-143.3277587890625,-4529.0
893170145,172.8963623046875,1.7888494729995728,-143.3277587890625,-4529.0
893196396,172.8963623046875,1.7888422012329102,-143.3277587890625,-4529.0
893204476,172.8963623046875,1.788838267326355,-143.3277587890625,-4529.0
893212500,172.8963623046875,1.7888343334197998,-143.3277587890625,-4529.0
893218745,172.8963623046875,1.7888318300247192,-143.3277587890625,-4529.0
893223018,172.8963623046875,1.7888274192810059,-143.3277587890625,-4529.0
893227856,172.8963623046875,1.7888246774673462,-143.3277587890625,-4529.0
893237325,172.8963623046875,1.7888251543045044,-143.3277587890625,-4529.0
893257774,172.8963623046875,1.788827657699585,-143.3277587890625,-4529.0
893275938,172.8963623046875,1.7888315916061401,-143.3277587890625,-4529.0
893293120,172.8963623046875,1.788836121559143,-143.3277587890625,-4529.0
893314770,172.8963623046875,1.7888379096984863,-143.3277587890625,-4529.0
893330177,172.8963623046875,1.7888343334197998,-143.3277587890625,-4529.0
893334943,172.8963623046875,1.7888288497924805,-143.3277587890625,-4529.0
893340491,172.8963623046875,1.7888245582580566,-143.3277587890625,-4529.0
893346240,172.8963623046875,1.788818359375,-143.3277587890625,-4529.0
893350470,172.8963623046875,1.788811445236206,-143.3277587890625,-4529.0
893354546,172.8963623046875,1.7888020277023315,-143.3277587890625,-4529.0
893359936,172.8963623046875,1.7887930870056152,-143.3277587890625,-4529.0
893374247,172.8963623046875,1.78878653049469,-143.3277587890625,-4529.0
893381901,172.8963623046875,1.7887802124023438,-143.3277587890625,-4529.0
893385777,172.8963623046875,1.7887747287750244,-143.3277587890625,-4529.0
893390635,172.8963623046875,1.788772463798523,-143.3277587890625,-4529.0
893396699,172.8963623046875,1.7887743711471558,-143.3277587890625,-4529.0
893403343,172.8963623046875,1.7887808084487915,-143.3277587890625,-4529.0
893419924,172.8963623046875,1.7887870073318481,-143.3277587890625,-4529.0
893442747,172.8963623046875,1.7887921333312988,-143.3277587890625,-4529.0
893462166,172.8963623046875,1.7887985706329346,-143.3277587890625,-4529.0
893474994,172.8963623046875,1.7888026237487793,-143.3277587890625,-4529.0
893480466,172.8963623046875,1.788805365562439,-143.3277587890625,-4529.0
893496920,172.8963623046875,1.7888109683990479,-143.3277587890625,-4529.0
893514542,172.8963623046875,1.7888191938400269,-143.3277587890625,-4529.0
893534111,172.8963623046875,1.7888293266296387,-143.3277587890625,-4529.0
893551628,172.8963623046875,1.7888388633728027,-143.3277587890625,-4529.0
893570959,172.8963623046875,1.7888445854187012,-143.3277587890625,-4529.0
893587036,172.8963623046875,1.788844347000122,-143.3277587890625,-4529.0
893592629,172.8963623046875,1.7888394594192505,-143.3277587890625,-4529.0
893599546,172.8963623046875,1.7888352870941162,-143.3277587890625,-4529.0
893604261,172.8963623046875,1.7888288497924805,-143.3277587890625,-4529.0
893608384,172.8963623046875,1.7888208627700806,-143.3277587890625,-4529.0
893612454,172.8963623046875,1.788811445236206,-143.3277587890625,-4529.0
893617431,172.8963623046875,1.788800597190857,-143.3277587890625,-4529.0
893627987,172.8963623046875,1.788791537284851,-143.3277587890625,-4529.0
893635498,172.8963623046875,1.788783311843872,-143.3277587890625,-4529.0
893639343,172.8963623046875,1.7887760400772095,-143.3277587890625,-4529.0
893647641,172.8963623046875,1.788771629333496,-143.3277587890625,-4529.0
893659819,172.8963623046875,1.7887694835662842,-143.3277587890625,-4529.0
893670259,172.8963623046875,1.7887715101242065,-143.3277587890625,-4529.0
893678640,172.8963623046875,1.7887787818908691,-143.3277587890625,-4529.0
893688922,172.8963623046875,1.788784146308899,-143.3277587890625,-4529.0
893703179,172.8963623046875,1.7887903451919556,-143.3277587890625,-4529.0
893717108,172.8963623046875,1.7887951135635376,-143.3277587890625,-4529.0
893722536,172.8963623046875,1.788798213005066,-143.3277587890625,-4529.0
893734669,172.8963623046875,1.7888051271438599,-143.3277587890625,-4529.0
893752997,172.8963623046875,1.7888154983520508,-143.3277587890625,-4529.0
893766449,172.89645385742188,1.7888214588165283,-143.3277130126953,-13.01777172088623
897865695,172.8975830078125,1.7887945175170898,-143.3267822265625,-13.016422271728516
903708026,172.89990234375,1.7887293100357056,-143.32476806640625,-13.013452529907227
908398024,172.90264892578125,1.78864586353302,-143.32229614257812,-13.009403228759766
908443200,172.90579223632812,1.7885500192642212,-143.3195037841797,-13.005084037780762
910338672,172.91073608398438,1.788402795791626,-143.31512451171875,-12.998605728149414
912516940,172.9181671142578,1.788190484046936,-143.30857849121094,-12.988347053527832
914847480,172.92752075195312,1.7879427671432495,-143.30038452148438,-12.97619915008545
918723469,172.93931579589844,1.7876530885696411,-143.2903289794922,-12.960542678833008
922793905,172.95335388183594,1.7873245477676392,-143.27862548828125,-12.942455291748047
924255858,172.96969604492188,1.7869701385498047,-143.26535034179688,-12.92140007019043
925369350,172.9884490966797,1.7865946292877197,-143.25062561035156,-12.897374153137207
926317720,173.00955200195312,1.786195158958435,-143.23451232910156,-12.870919227600098
927173679,173.0330047607422,1.7857741117477417,-143.2170867919922,-12.8414945602417
928181636,173.0587615966797,1.7853293418884277,-143.19839477539062,-12.809640884399414
928901011,173.08680725097656,1.7848544120788574,-143.17828369140625,-12.775357246398926
929289944,173.1169891357422,1.7843421697616577,-143.1566162109375,-12.738103866577148
929771488,173.14926147460938,1.783792495727539,-143.13328552246094,-12.698691368103027
930482253,173.1835174560547,1.783211588859558,-143.10826110839844,-12.656039237976074
931255161,173.21969604492188,1.7826159000396729,-143.08139038085938,-12.610958099365234
931766197,173.2576446533203,1.7820061445236206,-143.05262756347656,-12.563446998596191
932323513,173.29730224609375,1.7813801765441895,-143.0219268798828,-12.51296615600586
932924101,173.33851623535156,1.7807334661483765,-142.98916625976562,-12.46005630493164
933545417,173.38124084472656,1.7800666093826294,-142.95433044433594,-12.404716491699219
934026030,173.4254913330078,1.7793689966201782,-142.91754150390625,-12.34694766998291
934393865,173.4714813232422,1.7786301374435425,-142.8789520263672,-12.286748886108398
934734483,173.51930236816406,1.777839183807373,-142.8387451171875,-12.224120140075684
935180485,173.56903076171875,1.7769997119903564,-142.79708862304688,-12.158792495727539
935783078,173.6208038330078,1.7761083841323853,-142.75416564941406,-12.091845512390137
936498648,173.67471313476562,1.7751672267913818,-142.710205078125,-12.021927833557129
937298110,173.73072814941406,1.774184226989746,-142.66529846191406,-11.949851989746094
938163073,173.78904724121094,1.773170828819275,-142.61964416503906,-11.874805450439453
939077252,173.8496856689453,1.7721283435821533,-142.5734405517578,-11.798410415649414
939779468,173.9127197265625,1.7710522413253784,-142.5268096923828,-11.719584465026855
940192030,173.97816467285156,1.769946813583374,-142.47964477539062,-11.638870239257812
940372657,174.04576110839844,1.7687913179397583,-142.4315643310547,-11.55599594116211
940450280,174.1153106689453,1.7675819396972656,-142.38217163085938,-11.47042179107666
940575003,174.18675231933594,1.7663323879241943,-142.33145141601562,-11.38268756866455
940782838,174.26004028320312,1.7650490999221802,-142.27926635742188,-11.292795181274414
941069287,174.3350372314453,1.7637345790863037,-142.2255096435547,-11.200201988220215
941416123,174.41165161132812,1.762393593788147,-142.17005920410156,-11.105179786682129
941813860,174.4898223876953,1.761024832725525,-142.1128692626953,-11.008268356323242
942153656,174.5694580078125,1.759641170501709,-142.05384826660156,-10.90865707397461
942408770,174.65054321289062,1.7582517862319946,-141.9929656982422,-10.806885719299316
942610382,174.7331085205078,1.7568467855453491,-141.93031311035156,-10.70295524597168
942788935,174.81724548339844,1.7554242610931396,-141.86598205566406,-10.596324920654297
942953115,174.9029541015625,1.75398850440979,-141.80001831054688,-10.488075256347656
943105558,174.99024963378906,1.752546787261963,-141.73240661621094,-10.376855850219727
943246965,175.07916259765625,1.7511014938354492,-141.66314697265625,-10.263747215270996
943381443,175.16966247558594,1.749650239944458,-141.5923309326172,-10.148209571838379
943507544,175.26182556152344,1.7481833696365356,-141.51998901367188,-10.030241012573242
943631023,175.355712890625,1.7466917037963867,-141.4461669921875,-9.910654067993164
943747308,175.45132446289062,1.7451632022857666,-141.3709259033203,-9.789445877075195
943862263,175.54867553710938,1.7435927391052246,-141.29429626464844,-9.664999961853027
943973524,175.64781188964844,1.7419772148132324,-141.21629333496094,-9.539203643798828
944083611,175.74871826171875,1.7403143644332886,-141.13694763183594,-9.41043758392334
944192000,175.85142517089844,1.7386096715927124,-141.0562744140625,-9.279511451721191
944300187,175.95591735839844,1.736863374710083,-140.97427368164062,-9.146966934204102
944432336,176.06234741210938,1.735076665878296,-140.89083862304688,-9.01172161102295
944558728,176.17079162597656,1.7332556247711182,-140.80592346191406,-8.873507499694824
944689449,176.28125,1.7314097881317139,-140.71951293945312,-8.733134269714355
944809755,176.3936767578125,1.7295641899108887,-140.63165283203125,-8.590600967407227
944926438,176.50799560546875,1.7277406454086304,-140.54238891601562,-8.445097923278809
945034486,176.6240997314453,1.725953221321106,-140.45179748535156,-8.298245429992676
945133985,176.74183654785156,1.724202036857605,-140.35997009277344,-8.14842414855957
945224700,176.8610382080078,1.7224833965301514,-140.2670440673828,-7.996982097625732
945308436,176.9815673828125,1.7207895517349243,-140.17306518554688,-7.843920707702637
945388002,177.10328674316406,1.7191076278686523,-140.07818603515625,-7.688699722290039
945467399,177.22605895996094,1.717422604560852,-139.9824676513672,-7.531859397888184
945557398,177.34983825683594,1.7157162427902222,-139.88597106933594,-7.374208927154541
945641258,177.4745635986328,1.7139792442321777,-139.7887420654297,-7.215478420257568
945748587,177.60020446777344,1.7122012376785278,-139.69076538085938,-7.055398464202881
945930399,177.726806640625,1.7103766202926636,-139.59205627441406,-6.894238471984863
946086080,177.85452270507812,1.7085092067718506,-139.49249267578125,-6.731189250946045
946174492,177.9833526611328,1.7066125869750977,-139.39202880859375,-6.5670599937438965
946274184,178.11341857910156,1.704703450202942,-139.29058837890625,-6.401580810546875
946379641,178.24485778808594,1.7027949094772339,-139.1880340576172,-6.234212398529053
946480835,178.3778076171875,1.7009012699127197,-139.0842742919922,-6.06468391418457
946580480,178.51234436035156,1.6990556716918945,-138.97926330566406,-5.894886016845703
946692900,178.64862060546875,1.6972682476043701,-138.8729248046875,-5.723467826843262
946833766,178.809814453125,1.6952426433563232,-138.74713134765625,-5.520735740661621
946954993,178.9499053955078,1.6935456991195679,-138.63778686523438,-5.343918800354004
947077464,179.0917510986328,1.6918668746948242,-138.5270538330078,-5.165752410888672
947199533,179.2353515625,1.690195083618164,-138.4149932861328,-4.984886169433594
947318003,179.38059997558594,1.6885207891464233,-138.3016357421875,-4.801860809326172
947430843,179.52740478515625,1.6868400573730469,-138.18707275390625,-4.617215156555176
947537467,179.67567443847656,1.6851495504379272,-138.07135009765625,-4.430140018463135
947637279,179.82533264160156,1.683448076248169,-137.95458984375,-4.241715431213379
947730907,179.97625732421875,1.6817365884780884,-137.8368377685547,-4.051671028137207
947821740,180.12838745117188,1.6800105571746826,-137.71817016601562,-3.8586573600769043
947910870,180.28164672851562,1.678268313407898,-137.59860229492188,-3.6637537479400635
947955771,180.43600463867188,1.6765278577804565,-137.4781951904297,-3.4675004482269287
947999786,180.59146118164062,1.674801230430603,-137.35693359375,-3.269627571105957
948044601,180.74801635742188,1.6730855703353882,-137.2348175048828,-3.0704050064086914
948090365,180.90573120117188,1.6713804006576538,-137.11181640625,-2.8701024055480957
948137325,181.06463623046875,1.66968834400177,-136.98788452148438,-2.66791033744812
948185693,181.22482299804688,1.6680086851119995,-136.86297607421875,-2.4640984535217285
948235542,181.38636779785156,1.666342854499817,-136.73699951171875,-2.258397102355957
948286679,181.54930114746094,1.664698600769043,-136.60992431640625,-2.0513458251953125
948339629,181.71372985839844,1.6630754470825195,-136.48171997070312,-1.842134952545166
948395158,181.87969970703125,1.661470890045166,-136.35231018066406,-1.6315743923187256
948452027,182.04722595214844,1.659874677658081,-136.22169494628906,-1.4185843467712402
948510268,182.2163543701172,1.6582800149917603,-136.08982849121094,-1.203704595565796
948568747,182.38705444335938,1.6566864252090454,-135.9567413330078,-0.9866651892662048
948627291,182.55934143066406,1.6551209688186646,-135.8224334716797,-0.7677361965179443
948684163,182.733154296875,1.6535414457321167,-135.6869354248047,-0.5463776588439941
948744226,182.90846252441406,1.6518620252609253,-135.55027770996094,-0.3236693739891052
948804252,183.085205078125,1.650038242340088,-135.41249084472656,-0.09934139251708984
948863026,183.26332092285156,1.6480638980865479,-135.27365112304688,0.12780293822288513
948919247,183.44277954101562,1.6459465026855469,-135.1337890625,0.3571552038192749
948973132,183.62351989746094,1.643709421157837,-134.99293518066406,0.5880934596061707
949024725,183.8054962158203,1.6413750648498535,-134.8511199951172,0.8205614686012268
949075833,183.98867797851562,1.6389515399932861,-134.7083740234375,1.0545146465301514
949126966,184.17308044433594,1.6364489793777466,-134.56468200683594,1.2899740934371948
949178284,184.35870361328125,1.6338750123977661,-134.42005920410156,1.5269279479980469
949230177,184.54554748535156,1.631239652633667,-134.2744903564453,1.7653864622116089
949282831,184.733642578125,1.6285374164581299,-134.12796020507812,2.005380392074585
949336445,184.9230194091797,1.6256978511810303,-133.9804229736328,2.242845296859741
949391392,185.11370849609375,1.6226885318756104,-133.83184814453125,2.4820494651794434
949446985,185.3057403564453,1.6195321083068848,-133.6822509765625,2.7230141162872314
949503561,185.4991455078125,1.6162644624710083,-133.53155517578125,2.9658143520355225
949560545,185.69398498535156,1.612923264503479,-133.3797607421875,3.210496664047241
949618137,185.89024353027344,1.6095534563064575,-133.22686767578125,3.4570531845092773
949675590,186.0879669189453,1.6061984300613403,-133.07284545898438,3.7055394649505615
949733193,186.2871551513672,1.6028845310211182,-132.91766357421875,3.9559779167175293
949790565,186.48777770996094,1.5996261835098267,-132.76138305664062,4.210348129272461
949847939,186.68984985351562,1.5964317321777344,-132.60400390625,4.467119216918945
949905114,186.89332580566406,1.593299388885498,-132.44552612304688,4.725668430328369
949962026,187.09817504882812,1.5902162790298462,-132.2859649658203,4.985962390899658
950018799,187.3043975830078,1.5871729850769043,-132.12538146972656,5.247961044311523
950075247,187.511962890625,1.5841567516326904,-131.96376037597656,5.511651039123535
950131512,187.72084045410156,1.5811587572097778,-131.80113220214844,5.776988506317139
950187570,187.93099975585938,1.5781716108322144,-131.63751220703125,6.043985843658447
950243614,188.14242553710938,1.5752063989639282,-131.47293090820312,6.312963485717773
950299650,188.35511779785156,1.5722683668136597,-131.307373046875,6.58351469039917
950355919,188.56906127929688,1.5693485736846924,-131.140869140625,6.855607509613037
950412455,188.78424072265625,1.5664399862289429,-130.97337341308594,7.12925910949707
950469536,189.00071716308594,1.5635297298431396,-130.80491638183594,7.4044952392578125
950526995,189.21847534179688,1.5605915784835815,-130.63548278808594,7.6813154220581055
950585230,189.43753051757812,1.5576071739196777,-130.4650421142578,7.9597487449646
950643954,189.65789794921875,1.554571509361267,-130.2935791015625,8.239459037780762
950703259,189.8795928955078,1.5514806509017944,-130.12109375,8.520734786987305
950763219,190.10264587402344,1.5483397245407104,-129.9475860595703,8.803702354431152
950823652,190.32704162597656,1.5451545715332031,-129.7729949951172,9.088395118713379
950884584,190.5528106689453,1.541934609413147,-129.59739685058594,9.374780654907227
950945541,190.7799530029297,1.5386842489242554,-129.4207000732422,9.662923812866211
951006687,191.0084686279297,1.535401463508606,-129.2429962158203,9.95276165008545
951067841,191.2383575439453,1.5320794582366943,-129.064208984375,10.244359016418457
951129013,191.46958923339844,1.5287094116210938,-128.8843994140625,10.537640571594238
951190087,191.7021484375,1.525288701057434,-128.7035675048828,10.832592010498047
951251056,191.93603515625,1.5218197107315063,-128.52171325683594,11.129212379455566
951311941,192.1712188720703,1.5183069705963135,-128.33885192871094,11.42746639251709
951372698,192.40768432617188,1.5147509574890137,-128.15499877929688,11.727335929870605
951433452,192.6454315185547,1.5111557245254517,-127.97018432617188,12.02879810333252
951494162,192.88442993164062,1.5075269937515259,-127.78439331054688,12.331768035888672
951555048,193.12469482421875,1.5038644075393677,-127.59764862060547,12.636322975158691
951616121,193.3662109375,1.5001691579818726,-127.4099349975586,12.942460060119629
951677378,193.60897827148438,1.4964402914047241,-127.22124481201172,13.250185012817383
951738954,193.85301208496094,1.4926767349243164,-127.0315933227539,13.559502601623535
951800920,194.09829711914062,1.4888782501220703,-126.84098052978516,13.870397567749023
951863256,194.34486389160156,1.4850497245788574,-126.6493911743164,14.182903289794922
951926000,194.59271240234375,1.4811896085739136,-126.45682525634766,14.497020721435547
951989044,194.8418426513672,1.4772955179214478,-126.26327514648438,14.812756538391113
952052421,195.09225463867188,1.4733710289001465,-126.0687255859375,15.130118370056152
952116003,195.34397888183594,1.4694151878356934,-125.87317657470703,15.449130058288574
952179929,195.59701538085938,1.46543288230896,-125.67662811279297,15.769793510437012
952244059,195.85134887695312,1.4614280462265015,-125.47908020019531,16.09209442138672
952308425,196.1069793701172,1.4574048519134521,-125.28053283691406,16.41603660583496
952372852,196.36392211914062,1.4533628225326538,-125.08098602294922,16.741626739501953
952437358,196.6221466064453,1.4493037462234497,-124.88044738769531,17.068838119506836
952501903,196.88165283203125,1.4452253580093384,-124.67892456054688,17.397666931152344
952566550,197.14244079589844,1.4411252737045288,-124.47643280029297,17.728105545043945
952631266,197.4044952392578,1.4370036125183105,-124.27295684814453,18.060144424438477
952696007,197.66783142089844,1.432865023612976,-124.06851959228516,18.393779754638672
952760810,197.9324188232422,1.4287079572677612,-123.8631362915039,18.72898292541504
952825803,198.1982421875,1.4245308637619019,-123.65679931640625,19.06574249267578
952890835,198.46530151367188,1.4203364849090576,-123.44950103759766,19.404067993164062
952956028,198.7335968017578,1.4161251783370972,-123.24126434326172,19.74394416809082
953021288,199.0031280517578,1.4118895530700684,-123.0320816040039,20.085376739501953
953086870,199.27389526367188,1.4076277017593384,-122.82194519042969,20.42841339111328
953152804,199.5458984375,1.4033393859863281,-122.61087036132812,20.773008346557617
953218858,199.8191375732422,1.3990252017974854,-122.39884948730469,21.11916732788086
953285234,200.09361267089844,1.3946919441223145,-122.18587493896484,21.46689796447754
953351823,200.36932373046875,1.3903403282165527,-121.9719467163086,21.81619644165039
953418653,200.64630126953125,1.3859704732894897,-121.75707244873047,22.167158126831055
953485797,200.9245147705078,1.3815797567367554,-121.5412368774414,22.5198974609375
953553219,201.2039794921875,1.377169132232666,-121.3244400024414,22.874256134033203
953620818,201.4846954345703,1.3727418184280396,-121.10669708251953,23.230226516723633
953688591,201.76666259765625,1.3683037757873535,-120.88800048828125,23.587814331054688
953756378,202.0498809814453,1.3638553619384766,-120.66835021972656,23.947023391723633
953824493,202.33433532714844,1.3594001531600952,-120.44775390625,24.30744171142578
953892563,202.62002563476562,1.3549401760101318,-120.22621154785156,24.66921043395996
953960843,202.90695190429688,1.3504784107208252,-120.00372314453125,25.032522201538086
954029181,203.1951141357422,1.3460144996643066,-119.78030395507812,25.397367477416992
954097561,203.48448181152344,1.3415502309799194,-119.55594635009766,25.76372718811035
954166127,203.77508544921875,1.3370896577835083,-119.3306655883789,26.131603240966797
954234749,204.06689453125,1.3326295614242554,-119.10446166992188,26.500919342041016
954303568,204.35992431640625,1.3281652927398682,-118.87733459472656,26.871740341186523
954372515,204.65415954589844,1.3236982822418213,-118.6492919921875,27.244056701660156
954441690,204.94960021972656,1.3192154169082642,-118.42033386230469,27.617862701416016
954510838,205.24624633789062,1.3146802186965942,-118.19046020507812,27.993160247802734
954580235,205.54408264160156,1.310063123703003,-117.95967102050781,28.370676040649414
954649889,205.84312438964844,1.3053556680679321,-117.72795104980469,28.749971389770508
954719750,206.14337158203125,1.300557017326355,-117.49531555175781,29.130826950073242
954789923,206.44480895996094,1.295670986175537,-117.26176452636719,29.513229370117188
954860243,206.74745178222656,1.2907060384750366,-117.02729797363281,29.897193908691406
954930745,207.05130004882812,1.285660743713379,-116.79191589355469,30.28253746032715
955001663,207.35633850097656,1.2805098295211792,-116.55561828613281,30.669240951538086
955072932,207.66258239746094,1.275242805480957,-116.31840515136719,31.057479858398438
955144444,207.97003173828125,1.2698652744293213,-116.08027648925781,31.44725799560547
955216017,208.27867126464844,1.2643945217132568,-115.84123229980469,31.838563919067383
955287690,208.58851623535156,1.2588520050048828,-115.60128021240234,32.230865478515625
955359441,208.89955139160156,1.2532589435577393,-115.36042022705078,32.62366485595703
955431264,209.21177673339844,1.2476329803466797,-115.11865997314453,33.01789855957031
955503195,209.52517700195312,1.24198317527771,-114.87599182128906,33.41355895996094
955575317,209.8397674560547,1.2363121509552002,-114.63241577148438,33.81066131591797
955647578,210.15553283691406,1.2306270599365234,-114.38794708251953,34.20942687988281
955719930,210.4724884033203,1.2249342203140259,-114.142578125,34.61028289794922
955792421,210.7906036376953,1.2192414999008179,-113.89630126953125,35.01259231567383
955865029,211.10989379882812,1.2135555744171143,-113.64913177490234,35.41636657714844
955937884,211.4303436279297,1.2078956365585327,-113.40106964111328,35.82158279418945
956011012,211.75196838378906,1.202298641204834,-113.15211486816406,36.22809982299805
956084206,212.07476806640625,1.196772575378418,-112.90226745605469,36.635684967041016
956157478,212.39869689941406,1.1913045644760132,-112.65152740478516,37.04467010498047
956230864,212.7238006591797,1.185882568359375,-112.39990234375,37.455081939697266
956302825,213.05003356933594,1.1805015802383423,-112.14739990234375,37.866878509521484
956339521,213.37742614746094,1.175154685974121,-111.8940200805664,38.280513763427734
956376313,213.70559692382812,1.1698795557022095,-111.64005279541016,38.69572067260742
956407617,214.03341674804688,1.1647104024887085,-111.3863525390625,39.11048889160156
956438791,214.361328125,1.159585952758789,-111.1325912475586,39.52536392211914
956470513,214.68922424316406,1.1544671058654785,-110.87886810302734,39.940208435058594
956502095,215.01707458496094,1.1493258476257324,-110.62517547607422,40.35504150390625
956534092,215.3449249267578,1.1441539525985718,-110.3714828491211,40.769901275634766
956566860,215.67311096191406,1.1389477252960205,-110.11756896972656,41.18517303466797
956603379,216.00216674804688,1.1337095499038696,-109.86297607421875,41.60155487060547
956645130,216.33262634277344,1.128455638885498,-109.6073226928711,42.019691467285156
956693759,216.6648712158203,1.123215675354004,-109.35028076171875,42.43962097167969
956747860,216.99916076660156,1.1180051565170288,-109.09168243408203,42.86194610595703
956805319,217.33558654785156,1.1128172874450684,-108.8314437866211,43.286949157714844
956861992,217.67408752441406,1.1076514720916748,-108.56961822509766,43.71453857421875
956913598,218.01441955566406,1.10248601436615,-108.30638885498047,44.144405364990234
956959399,218.35629272460938,1.0973085165023804,-108.04198455810547,44.57593536376953
956999254,218.69932556152344,1.092121958732605,-107.77667999267578,45.0089111328125
957035051,219.04319763183594,1.0869390964508057,-107.51077270507812,45.4428825378418
957068666,219.3875732421875,1.081771969795227,-107.24446868896484,45.87746810913086
957100919,219.7322540283203,1.0766160488128662,-106.97793579101562,46.31462097167969
957132799,220.07711791992188,1.0714391469955444,-106.71127319335938,46.75524139404297
957170262,220.4796905517578,1.0653234720230103,-106.4000015258789,47.26976013183594
957203276,220.82510375976562,1.0599846839904785,-106.1329574584961,47.71136474609375
957237614,221.17105102539062,1.0545390844345093,-105.86551666259766,48.15370559692383
957273760,221.5177459716797,1.048986554145813,-105.59749603271484,48.59503936767578
957312038,221.86546325683594,1.043351411819458,-105.3287124633789,49.03772735595703
957352726,222.21441650390625,1.0376650094985962,-105.05897521972656,49.4820556640625
957395295,222.56480407714844,1.0319597721099854,-104.78813934326172,49.928279876708984
957440424,222.91677856445312,1.0262582302093506,-104.51610565185547,50.371864318847656
957486360,223.2703094482422,1.0205594301223755,-104.24284362792969,50.81294250488281
957531980,223.6254425048828,1.0148574113845825,-103.9683837890625,51.25584030151367
957575734,223.98202514648438,1.0091472864151,-103.69281005859375,51.700382232666016
957617238,224.33990478515625,1.003463625907898,-103.4162368774414,52.14638900756836
957656603,224.6989288330078,0.9978261590003967,-103.1388168334961,52.599700927734375
957694476,225.0588836669922,0.9922388195991516,-102.86067199707031,53.054222106933594
957731268,225.41961669921875,0.9866981506347656,-102.58193969726562,53.509700775146484
957767214,225.78102111816406,0.9811882972717285,-102.30269622802734,53.96601104736328
957802772,226.14300537109375,0.9756966233253479,-102.02300262451172,54.4229621887207
957838344,226.50559997558594,0.9702348113059998,-101.74286651611328,54.88059616088867
957874331,226.86878967285156,0.9647893309593201,-101.4622573852539,55.33897399902344
957911016,227.23268127441406,0.9593369960784912,-101.18111419677734,55.79821014404297
957948696,227.597412109375,0.9538692831993103,-100.89934539794922,56.25765609741211
957987422,227.96307373046875,0.9483848214149475,-100.61683654785156,56.71518325805664
958026253,228.32972717285156,0.9428824782371521,-100.33340454101562,57.17392349243164
958066099,228.69740295410156,0.9373674392700195,-100.04890441894531,57.634002685546875
958107275,229.06617736816406,0.9318410754203796,-99.76321411132812,58.09556198120117
958149905,229.43597412109375,0.9263142943382263,-99.47627258300781,58.563045501708984
958194009,229.80679321289062,0.9207992553710938,-99.18801879882812,59.03299331665039
958239355,230.17849731445312,0.9152905344963074,-98.89842224121094,59.50450897216797
958285555,230.55101013183594,0.909783124923706,-98.60749053955078,59.97753143310547
958332529,230.9241485595703,0.9042658805847168,-98.31521606445312,60.45207977294922
958380643,231.29779052734375,0.8987358808517456,-98.02159881591797,60.92803955078125
958430117,231.6717529296875,0.893191933631897,-97.72661590576172,61.4051628112793
958481411,232.0458984375,0.8876376748085022,-97.43023681640625,61.88337326049805
958532268,232.42015075683594,0.8820722699165344,-97.13246154785156,62.363868713378906
958579429,232.79457092285156,0.8764811158180237,-96.8333740234375,62.847415924072266
958619621,233.1695098876953,0.8708422183990479,-96.53337860107422,63.3320426940918
958665286,233.545166015625,0.8651646971702576,-96.23262786865234,63.817787170410156
958707771,233.92147827148438,0.8594542741775513,-95.93095397949219,64.30435180664062
958748475,234.29844665527344,0.8537188172340393,-95.62820434570312,64.79109191894531
958789255,234.67611694335938,0.8479697704315186,-95.32433319091797,65.27915954589844
958830318,235.0545196533203,0.8422205448150635,-95.01930236816406,65.76859283447266
958871385,235.43374633789062,0.8364842534065247,-94.71306610107422,66.26123046875
958912499,235.8137969970703,0.8307676315307617,-94.40564727783203,66.76598358154297
958953569,236.19471740722656,0.8250743746757507,-94.0970458984375,67.27241516113281
958994417,236.57650756835938,0.8194004893302917,-93.78732299804688,67.78046417236328
959034999,236.95916748046875,0.8137373924255371,-93.47652435302734,68.2872543334961
959075244,237.34268188476562,0.8080742955207825,-93.16473388671875,68.78292083740234
959115177,237.72705078125,0.802403450012207,-92.85204315185547,69.27982330322266
959154883,238.1122589111328,0.7967155575752258,-92.53852081298828,69.77790832519531
959194519,238.498291015625,0.7910047769546509,-92.22423553466797,70.27542114257812
959234208,238.88510131835938,0.7852574586868286,-91.90922546386719,70.764404296875
959274018,239.27273559570312,0.7794595956802368,-91.59353637695312,71.25432586669922
959314105,239.6611785888672,0.7736098170280457,-91.27718353271484,71.74516296386719
959354370,240.05050659179688,0.767685055732727,-90.96017456054688,72.23765563964844
959394985,240.4407196044922,0.7616624236106873,-90.6424789428711,72.74195098876953
959435921,240.8318634033203,0.7555375695228577,-90.32410430908203,73.24739837646484
959477264,241.2239532470703,0.7493218183517456,-90.0050048828125,73.75403594970703
959517799,241.61695861816406,0.7430328130722046,-89.68507385253906,74.26190948486328
959558454,242.0108184814453,0.7366675734519958,-89.36422729492188,74.77104187011719
959600115,242.40550231933594,0.7302197813987732,-89.04240417480469,75.28144073486328
959643030,242.80099487304688,0.7236894369125366,-88.7195053100586,75.79315185546875
959687126,243.1971893310547,0.7170675992965698,-88.3955078125,76.30591583251953
959732648,243.59402465820312,0.7103568911552429,-88.07035827636719,76.81880950927734
959779798,243.99142456054688,0.7035723328590393,-87.74400329589844,77.33292388916016
959828628,244.3893280029297,0.6967336535453796,-87.41638946533203,77.84823608398438
959879563,244.78759765625,0.689863920211792,-87.08744049072266,78.36463928222656
959930104,245.1862030029297,0.682953953742981,-86.75714111328125,78.88204956054688
959977301,245.58517456054688,0.6759921908378601,-86.42557525634766,79.40056610107422
960020414,245.98486328125,0.6689654588699341,-86.0931396484375,79.92017364501953
960066827,246.38504028320312,0.6619167327880859,-85.7601089477539,80.43827819824219
960106845,246.7847900390625,0.6548861861228943,-85.42707824707031,80.95270538330078
960144834,247.184326171875,0.64786297082901,-85.09374237060547,81.46710205078125
960182777,247.5835723876953,0.6408408284187317,-84.7601547241211,81.98139953613281
960220197,247.98252868652344,0.6338081955909729,-84.42633819580078,82.49746704101562
960257344,248.38125610351562,0.6267865896224976,-84.09226989746094,83.01536560058594
960294946,248.7801055908203,0.6197779178619385,-83.75762939453125,83.53369140625
960339146,249.17977905273438,0.612797737121582,-83.42186737060547,84.05335998535156
960391242,249.58084106445312,0.605884850025177,-83.08454132080078,84.59246063232422
960451845,249.98361206054688,0.5990608334541321,-82.74542999267578,85.14417266845703
960515200,250.3881378173828,0.5923233032226562,-82.4045181274414,85.69873046875
960574085,250.79425048828125,0.5856564044952393,-82.06197357177734,86.25553131103516
960624848,251.20150756835938,0.579069197177887,-81.71817779541016,86.79035186767578
960667374,251.6094512939453,0.5725696682929993,-81.37358093261719,87.32621002197266
960705993,252.0176544189453,0.5661454200744629,-81.02855682373047,87.86256408691406
960742194,252.4258270263672,0.5597596168518066,-80.6834487915039,88.3984603881836
960778209,252.83383178710938,0.5533610582351685,-80.33838653564453,88.93295288085938
960814995,253.24169921875,0.5469008088111877,-79.99340057373047,89.46728515625
960852540,253.64964294433594,0.540336549282074,-79.64833068847656,90.00172424316406
960892060,254.05801391601562,0.533633291721344,-79.30293273925781,90.53475952148438
960934436,254.46713256835938,0.5267556309700012,-78.95693969726562,91.06690216064453
960980070,254.8773193359375,0.5197010040283203,-78.61007690429688,91.60038757324219
961028633,255.288818359375,0.5124883055686951,-78.26216888427734,92.1355209350586
961079756,255.70175170898438,0.5051258206367493,-77.91309356689453,92.67433166503906
961130776,256.1160888671875,0.4976266026496887,-77.56290435791016,93.21552276611328
961179259,256.53179931640625,0.4900072515010834,-77.2116928100586,93.7583999633789
961224703,256.94854736328125,0.48228687047958374,-76.85965728759766,94.3025131225586
961267935,257.3660888671875,0.4744621217250824,-76.50701141357422,94.84675598144531
961309599,257.7842102050781,0.4665203094482422,-76.15393829345703,95.3917007446289
961350261,258.2027587890625,0.4584660232067108,-75.80057525634766,95.93711853027344
961390581,258.6216735839844,0.45031529664993286,-75.44698333740234,96.4819564819336
961431071,259.04095458984375,0.44207483530044556,-75.09314727783203,97.02555847167969
961472384,259.4607238769531,0.433753103017807,-74.73895263671875,97.5697021484375
961514893,259.8810729980469,0.4253500998020172,-74.38427734375,98.11455535888672
961558796,260.3022155761719,0.41688793897628784,-74.0289535522461,98.66224670410156
961604014,260.724365234375,0.4084254205226898,-73.67286682128906,99.21200561523438
961650347,261.1476135253906,0.4000062346458435,-73.3158950805664,99.76312255859375
961697084,261.57196044921875,0.3916073441505432,-72.95800018310547,100.31757354736328
961743511,261.997314453125,0.38319867849349976,-72.59919738769531,100.91008758544922
961789192,262.4236755371094,0.3747817277908325,-72.23956298828125,101.50419616699219
961833719,262.85089111328125,0.36638009548187256,-71.87918853759766,102.0997085571289
961877325,263.27886962890625,0.35799774527549744,-71.51819610595703,102.67198944091797
961920174,263.70751953125,0.3495974838733673,-71.15666198730469,103.2333984375
961962584,264.13671875,0.3411579728126526,-70.79466247558594,103.79552459716797
962004889,264.56646728515625,0.33269184827804565,-70.43224334716797,104.35637664794922
962047551,264.99676513671875,0.32420966029167175,-70.06938171386719,104.90108489990234
962090754,265.4276123046875,0.31570953130722046,-69.70600128173828,105.44644165039062
962133200,265.8591003417969,0.30719563364982605,-69.34194946289062,105.99258422851562
962176292,266.29119873046875,0.2986772954463959,-68.97708129882812,106.54702758789062
962220994,266.7239685058594,0.2901763617992401,-68.61125946044922,107.11243438720703
962267501,267.15740966796875,0.28170856833457947,-68.24436950683594,107.67903137207031
962315690,267.5914611816406,0.27329325675964355,-67.87633514404297,108.24681854248047
962365469,268.02606201171875,0.26495444774627686,-67.50708770751953,108.81022644042969
962416657,268.4610595703125,0.2566906213760376,-67.13660430908203,109.37397003173828
962469370,268.8963317871094,0.24849097430706024,-66.76486206054688,109.93866729736328
962523723,269.331787109375,0.24035629630088806,-66.39185333251953,110.50765991210938
962580047,269.7672119140625,0.23229795694351196,-66.01750946044922,111.08423614501953
962635568,270.20257568359375,0.22431737184524536,-65.641845703125,111.66166687011719
962687535,270.63787841796875,0.21639226377010345,-65.26492309570312,112.23990631103516
962732760,271.073486328125,0.20847772061824799,-64.88712310791016,112.81925201416016
962780256,271.5096435546875,0.20055733621120453,-64.50855255126953,113.39958190917969
962825506,271.94622802734375,0.1926218867301941,-64.1290512084961,113.9808578491211
962870707,272.38330078125,0.18466897308826447,-63.74854278564453,114.56685638427734
962916277,272.82080078125,0.17669376730918884,-63.36696243286133,115.15931701660156
962961594,273.2588195800781,0.16868805885314941,-62.984275817871094,115.75296020507812
963006519,273.6972961425781,0.16066019237041473,-62.60047149658203,116.34758758544922
963051036,274.1362609863281,0.15263201296329498,-62.21556091308594,116.93716430664062
963095159,274.57568359375,0.14460594952106476,-61.8295783996582,117.52778625488281
963138879,275.0155334472656,0.13656897842884064,-61.44257736206055,118.11943054199219
963182310,275.4558410644531,0.12851527333259583,-61.05463790893555,118.70235443115234
963225564,275.8965759277344,0.1204521507024765,-60.66582107543945,119.28044128417969
963268761,276.3377990722656,0.11236582696437836,-60.27619934082031,119.85941314697266
963311870,276.779541015625,0.1041814461350441,-59.885826110839844,120.44102478027344
963355333,277.2218322753906,0.09584905952215195,-59.494747161865234,121.03257751464844
963399315,277.66473388671875,0.08736138045787811,-59.10297775268555,121.62505340576172
963443878,278.1083068847656,0.07872988283634186,-58.71052932739258,122.2184829711914
963489072,278.5525817871094,0.06994196772575378,-58.317413330078125,122.81874084472656
963534922,278.9976501464844,0.06098105385899544,-57.92362976074219,123.42172241210938
963581248,279.4434814453125,0.05186152830719948,-57.52919387817383,124.0257339477539
963627700,279.89013671875,0.04258936643600464,-57.13410186767578,124.62670135498047
963674280,280.3376159667969,0.0331890769302845,-56.73838806152344,125.22372436523438
963720967,280.785888671875,0.0236893929541111,-56.34206771850586,125.82174682617188
963767679,281.2349548339844,0.014120914973318577,-55.94515609741211,126.42047119140625
963814366,281.6847839355469,0.004474761430174112,-55.54767990112305,127.01752471923828
963861187,282.1353759765625,-0.0052517796866595745,-55.149654388427734,127.61551666259766
963908022,282.58673095703125,-0.015034661628305912,-54.75107955932617,128.2144317626953
963954948,283.038818359375,-0.024848241358995438,-54.351951599121094,128.81838989257812
964001948,283.49163818359375,-0.03468175232410431,-53.95226287841797,129.4246826171875
964049070,283.9451904296875,-0.04453442618250847,-53.552001953125,130.0319061279297
964096261,284.39947509765625,-0.054396163672208786,-53.151153564453125,130.64389038085938
964143504,284.85455322265625,-0.06425687670707703,-52.74970245361328,131.2617645263672
964190738,285.31036376953125,-0.07411862164735794,-52.34762954711914,131.88064575195312
964237889,285.7669677734375,-0.08398750424385071,-51.94491958618164,132.49957275390625
964285091,286.22430419921875,-0.09387001395225525,-51.541568756103516,133.11553955078125
964332166,286.682373046875,-0.10377587378025055,-51.137577056884766,133.73248291015625
964379166,287.14117431640625,-0.11371582746505737,-50.73294448852539,134.35040283203125
964426183,287.6007080078125,-0.12368791550397873,-50.327674865722656,134.96653747558594
964480953,288.13775634765625,-0.1353646069765091,-49.85407257080078,135.6864013671875
964527815,288.59881591796875,-0.1454421877861023,-49.44745635986328,136.30441284179688
964574323,289.0605773925781,-0.15564799308776855,-49.04022979736328,136.92156982421875
964620928,289.5230407714844,-0.16599856317043304,-48.63239288330078,137.5393524169922
964667626,289.9862060546875,-0.17647770047187805,-48.22393798828125,138.1580810546875
964702249,290.4500732421875,-0.18707747757434845,-47.81486892700195,138.77081298828125
964725878,290.9146728515625,-0.1978384405374527,-47.405189514160156,139.38009643554688
964749694,291.3800048828125,-0.20874889194965363,-46.9948844909668,139.99032592773438
964773812,291.8460693359375,-0.21970315277576447,-46.583961486816406,140.6061553955078
964798148,292.3128662109375,-0.23060496151447296,-46.17240905761719,141.23263549804688
964822639,292.7803955078125,-0.2414037138223648,-45.76023864746094,141.86007690429688
964847135,293.2486572265625,-0.2520684003829956,-45.347450256347656,142.48916625976562
964871678,293.7176513671875,-0.2625027000904083,-44.934043884277344,143.12374877929688
964896114,294.1873779296875,-0.27264404296875,-44.52001953125,143.7593231201172
964920464,294.6578369140625,-0.2824617624282837,-44.10537338256836,144.3958282470703
964944710,295.12896728515625,-0.29203087091445923,-43.69011688232422,145.0205841064453
964968787,295.6007995605469,-0.30150023102760315,-43.27425765991211,145.6458740234375
964992829,296.0733337402344,-0.31086865067481995,-42.85780334472656,146.27206420898438
965016910,296.5466003417969,-0.3201233744621277,-42.44074630737305,146.89926147460938
965041020,297.0205383300781,-0.32932204008102417,-42.02307891845703,147.52734375
965065212,297.4952087402344,-0.3386617600917816,-41.604827880859375,148.1563720703125
965088806,297.9706115722656,-0.34828606247901917,-41.18598556518555,148.78944396972656
965112278,298.4466857910156,-0.3582528531551361,-40.76654815673828,149.42575073242188
965135716,298.9234924316406,-0.36857277154922485,-40.34651184082031,150.06301879882812
965159218,299.4010314941406,-0.37926289439201355,-39.92587661743164,150.7044677734375
965182947,299.8793029785156,-0.39045703411102295,-39.504642486572266,151.351318359375
965207020,300.3582458496094,-0.4021677076816559,-39.08281326293945,151.99908447265625
965231131,300.8379211425781,-0.4143373966217041,-38.66039276123047,152.64578247070312
965255320,301.3183288574219,-0.4268967807292938,-38.23737716674805,153.28919982910156
965279573,301.7994689941406,-0.4397902190685272,-37.81376266479492,153.93356323242188
965303950,302.2813415527344,-0.45295339822769165,-37.38955307006836,154.57980346679688
965328393,302.7639465332031,-0.46634021401405334,-36.964752197265625,155.2303924560547
965352977,303.2472839355469,-0.47990748286247253,-36.539363861083984,155.88192749023438
965377727,303.7313537597656,-0.4935814440250397,-36.113380432128906,156.5336456298828
965402662,304.2161560058594,-0.5072638988494873,-35.686798095703125,157.1809539794922
965427713,304.7016906738281,-0.5209129452705383,-35.25961685180664,157.82925415039062
965452845,305.1878967285156,-0.5345038175582886,-34.83184051513672,158.47842407226562
965478001,305.6748352050781,-0.5479763746261597,-34.40346908569336,159.12721252441406
965503155,306.1625061035156,-0.5612682700157166,-33.97450256347656,159.77696228027344
965528286,306.6509094238281,-0.5743646621704102,-33.54494857788086,160.42764282226562
965553334,307.1400146484375,-0.5872802734375,-33.11479568481445,161.08714294433594
965578353,307.6296081542969,-0.6000236868858337,-32.68423080444336,161.7477264404297
965601892,308.11895751953125,-0.6125938296318054,-32.25387954711914,162.407958984375
965625424,308.6083679199219,-0.6250566244125366,-31.82354164123535,163.0686798095703
965649033,309.09765625,-0.637462317943573,-31.39327049255371,163.72926330566406
965672685,309.5869140625,-0.6498306393623352,-30.963071823120117,164.3897705078125
965696735,310.0761413574219,-0.6621407270431519,-30.532920837402344,165.0439453125
965721111,310.5657043457031,-0.674406111240387,-30.102514266967773,165.69764709472656
965747889,311.0561828613281,-0.6866387724876404,-29.67129135131836,166.35260009765625
965777061,311.5480651855469,-0.6988365650177002,-29.238893508911133,167.00942993164062
965807984,312.0414733886719,-0.7109978795051575,-28.805194854736328,167.6682891845703
965837528,312.5362854003906,-0.7230510711669922,-28.37032699584961,168.32899475097656
965864961,313.0320129394531,-0.7346705198287964,-27.934654235839844,168.97654724121094
965890652,313.5281982421875,-0.7457464337348938,-27.498571395874023,169.62033081054688
965915040,314.0244140625,-0.7564408779144287,-27.062414169311523,170.26416015625
965938947,314.5205383300781,-0.7668216824531555,-26.626379013061523,170.91883850097656
965962798,315.0165710449219,-0.7767267227172852,-26.19045066833496,171.57931518554688
965986417,315.51263427734375,-0.7862339615821838,-25.754438400268555,172.2398681640625
966009936,316.0090637207031,-0.7956756353378296,-25.318052291870117,172.90240478515625
966034417,316.5062255859375,-0.8052785992622375,-24.881023406982422,173.56686401367188
966060193,317.0043640136719,-0.8151499629020691,-24.443145751953125,174.23260498046875
966087251,317.50360107421875,-0.8253853917121887,-24.004323959350586,174.89944458007812
966114739,318.0039367675781,-0.8361205458641052,-23.564592361450195,175.56747436523438
966141426,318.5052490234375,-0.847388744354248,-23.124082565307617,176.2367401123047
966166397,319.0072326660156,-0.8592079877853394,-22.68301773071289,176.90736389160156
966190229,319.50970458984375,-0.8715395927429199,-22.241596221923828,177.57888793945312
966213465,320.012451171875,-0.884309709072113,-21.799951553344727,178.250732421875
966236687,320.5155029296875,-0.8974730372428894,-21.358129501342773,178.9240264892578
966260365,321.0188903808594,-0.9110285043716431,-20.91607666015625,179.598388671875
966284792,321.522705078125,-0.9249309301376343,-20.473670959472656,180.2733154296875
966309929,322.02716064453125,-0.9391101598739624,-20.0307559967041,180.94818115234375
966335828,322.5323791503906,-0.953490138053894,-19.587200164794922,181.6235809326172
966362218,323.0384826660156,-0.9680014848709106,-19.142919540405273,182.30010986328125
966388769,323.5455017089844,-0.9825755953788757,-18.697895050048828,182.9779815673828
966415076,324.0533142089844,-0.9971408247947693,-18.252182006835938,183.65701293945312
966441007,324.5618591308594,-1.0117201805114746,-17.805879592895508,184.33697509765625
966466115,325.07098388671875,-1.0263954401016235,-17.359098434448242,185.0177459716797
966490764,325.58056640625,-1.0411521196365356,-16.91192054748535,185.69912719726562
966515168,326.090576171875,-1.055958867073059,-16.464385986328125,186.38107299804688
966539624,326.6010437011719,-1.0708963871002197,-16.01650047302246,187.0531768798828
966564424,327.11199951171875,-1.0860683917999268,-15.568221092224121,187.7228546142578
966589696,327.6235046386719,-1.101455569267273,-15.11947250366211,188.39321899414062
966615471,328.1357116699219,-1.1169836521148682,-14.670178413391113,189.07330322265625
966641580,328.6486511230469,-1.1326035261154175,-14.220273971557617,189.75685119628906
966667852,329.1623229980469,-1.1482994556427002,-13.76974105834961,190.44134521484375
966694132,329.6767272949219,-1.1640222072601318,-13.318589210510254,191.13037109375
966720233,330.1918640136719,-1.179700255393982,-12.866854667663574,191.82101440429688
966746130,330.7076110839844,-1.1952992677688599,-12.414595603942871,192.51243591308594
966772322,331.2239685058594,-1.2108144760131836,-11.96191120147705,193.2136993408203
966798971,331.7409362792969,-1.2262310981750488,-11.508864402770996,193.9161834716797
966826054,332.25848388671875,-1.2415351867675781,-11.055497169494629,194.61764526367188
966853607,332.7767028808594,-1.2567296028137207,-10.601815223693848,195.30149841308594
966881600,333.2956237792969,-1.271834135055542,-10.147815704345703,195.98605346679688
966910131,333.8152770996094,-1.286757230758667,-9.693476676940918,196.67115783691406
966939398,334.33575439453125,-1.3013790845870972,-9.238798141479492,197.35580444335938
966968708,334.85711669921875,-1.315718412399292,-8.783771514892578,198.0413055419922
966998199,335.3793640136719,-1.3298299312591553,-8.328424453735352,198.73123168945312
967027636,335.90252685546875,-1.3436453342437744,-7.87278413772583,199.43411254882812
967057202,336.4265441894531,-1.357155203819275,-7.416909217834473,200.13783264160156
967086241,336.9514465332031,-1.3705509901046753,-6.960849285125732,200.8409423828125
967115260,337.4771728515625,-1.383981466293335,-6.504654884338379,201.54241943359375
967144354,338.0037841796875,-1.3975123167037964,-6.048366069793701,202.24468994140625
967173747,338.53125,-1.411195993423462,-5.592010498046875,202.94586181640625
967203446,339.05963134765625,-1.425145149230957,-5.135597229003906,203.6461639404297
967233911,339.5889587402344,-1.439397931098938,-4.679129123687744,204.34719848632812
967264561,340.11932373046875,-1.4539521932601929,-4.222602844238281,205.04791259765625
967295685,340.6506652832031,-1.4687786102294922,-3.766024112701416,205.7487335205078
967327068,341.18304443359375,-1.4838383197784424,-3.30940318107605,206.45037841796875
967358849,341.7165222167969,-1.499101996421814,-2.8527650833129883,207.1557159423828
967390819,342.2510681152344,-1.5145630836486816,-2.396135091781616,207.86257934570312
967422979,342.7867431640625,-1.5302107334136963,-1.9395415782928467,208.5703125
967455248,343.3235168457031,-1.5460221767425537,-1.4830130338668823,209.28524780273438
967487755,343.86126708984375,-1.5619747638702393,-1.0265779495239258,210.0011749267578
967520469,344.4000549316406,-1.5780463218688965,-0.5702562928199768,210.71502685546875
967553363,344.93994140625,-1.594211459159851,-0.11405932903289795,211.41453552246094
967586412,345.48089599609375,-1.610453486442566,0.34200796484947205,212.1147003173828
967619463,346.0229797363281,-1.6267849206924438,0.7979450225830078,212.81735229492188
967653173,346.56634521484375,-1.6432092189788818,1.253724217414856,213.5251922607422
967687934,347.1108093261719,-1.6597133874893188,1.709313154220581,214.23367309570312
967723380,347.65655517578125,-1.6762908697128296,2.1646649837493896,214.9495849609375
967760847,348.2035827636719,-1.6929596662521362,2.6197025775909424,215.6741180419922
967800391,348.751953125,-1.709730625152588,3.074350357055664,216.39947509765625
967841365,349.3016662597656,-1.7266204357147217,3.5285589694976807,217.11080932617188
967883082,349.85272216796875,-1.7436254024505615,3.9822816848754883,217.81619262695312
967925966,350.4051513671875,-1.7607258558273315,4.435469150543213,218.52212524414062
967969630,350.95904541015625,-1.7779000997543335,4.888064861297607,219.23452758789062
968014228,351.5143737792969,-1.7951457500457764,5.340020656585693,219.94854736328125
968059190,352.07122802734375,-1.8124399185180664,5.791297435760498,220.66358947753906
968104986,352.629638671875,-1.8297463655471802,6.241845607757568,221.3881378173828
968151313,353.18963623046875,-1.8470357656478882,6.691617012023926,222.11343383789062
968198288,353.75128173828125,-1.8642604351043701,7.140554904937744,222.83721923828125
968245671,354.3145751953125,-1.8813687562942505,7.588594913482666,223.55564880371094
968293997,354.8796081542969,-1.8983403444290161,8.035674095153809,224.27471923828125
968341788,355.4463195800781,-1.91532301902771,8.481804847717285,224.9904327392578
968389522,356.0146484375,-1.9323992729187012,8.92700481414795,225.702392578125
968437688,356.5846252441406,-1.9496041536331177,9.371258735656738,226.4147186279297
968486754,357.1562194824219,-1.9670100212097168,9.814541816711426,227.15579223632812
968536404,357.7294006347656,-1.984782338142395,10.256879806518555,227.9119415283203
968586601,358.30413818359375,-2.0029187202453613,10.698270797729492,228.66897583007812
968640010,358.88067626953125,-2.0212650299072266,11.138603210449219,229.40704345703125
968694692,359.45892333984375,-2.0397305488586426,11.577771186828613,230.14584350585938
968749848,360.03900146484375,-2.058281421661377,12.015728950500488,230.8850860595703
968805231,360.6209716796875,-2.0767710208892822,12.45242691040039,231.62420654296875
968860753,361.2049255371094,-2.0950748920440674,12.887788772583008,232.36416625976562
968916695,361.7908630371094,-2.113130807876587,13.321754455566406,233.0997314453125
968973060,362.3788146972656,-2.1309099197387695,13.754281997680664,233.83236694335938
969029618,362.96875,-2.148418664932251,14.185349464416504,234.56558227539062
969086287,363.56060791015625,-2.165670871734619,14.614940643310547,235.3291015625
969143366,364.1544189453125,-2.182680368423462,15.043037414550781,236.09890747070312
969199308,364.7500305175781,-2.1995632648468018,15.46975040435791,236.86618041992188
969244735,365.3471374511719,-2.2164692878723145,15.895652770996094,237.62318420410156
969273941,365.9454345703125,-2.233482837677002,16.321147918701172,238.38124084472656
969302514,366.5449523925781,-2.2506816387176514,16.74622344970703,239.13211059570312
969331018,367.1456298828125,-2.2681972980499268,17.17095184326172,239.87831115722656
969359939,367.7475280761719,-2.2861125469207764,17.595346450805664,240.6254119873047
969391052,368.3507080078125,-2.3044633865356445,18.01934051513672,241.41612243652344
969424089,368.9551696777344,-2.3232438564300537,18.442880630493164,242.21234130859375
969458363,369.5609436035156,-2.342419385910034,18.865942001342773,242.99581909179688
969493131,370.16796875,-2.361971616744995,19.288536071777344,243.75836181640625
969528015,370.7761535644531,-2.3818647861480713,19.71071434020996,244.52178955078125
969562859,371.3856201171875,-2.4020185470581055,20.132522583007812,245.27838134765625
969597616,371.9961853027344,-2.4223780632019043,20.554033279418945,246.0333709716797
969631111,372.6076965332031,-2.4429008960723877,20.975341796875,246.7898712158203
969664140,373.2203063964844,-2.4635305404663086,21.396493911743164,247.55392456054688
969698021,373.83392333984375,-2.4842169284820557,21.817506790161133,248.31887817382812
969731335,374.4485168457031,-2.504939317703247,22.238460540771484,249.07752990722656
969764238,375.06402587890625,-2.5257062911987305,22.659412384033203,249.82933044433594
969802388,375.78326416015625,-2.54998779296875,23.15058708190918,250.70742797851562
969834609,376.40069580078125,-2.5708236694335938,23.571706771850586,251.49998474121094
969866530,377.0190124511719,-2.591662883758545,23.992956161499023,252.29415893554688
969898385,377.6380920410156,-2.6124799251556396,24.414331436157227,253.0843963623047
969930260,378.258056640625,-2.6332101821899414,24.83583641052246,253.86990356445312
969962127,378.8788146972656,-2.653808116912842,25.2574520111084,254.6562042236328
969993937,379.5004577636719,-2.6742517948150635,25.67915916442871,255.42892456054688
970025840,380.12298583984375,-2.6945137977600098,26.100933074951172,256.2008361816406
970057753,380.7463684082031,-2.7145836353302,26.522748947143555,256.97052001953125
970089135,381.3706359863281,-2.7345895767211914,26.944597244262695,257.73419189453125
970119631,381.99578857421875,-2.754750967025757,27.366477966308594,258.49859619140625
970150775,382.6218566894531,-2.775106191635132,27.788366317749023,259.27691650390625
970182920,383.2489013671875,-2.79565167427063,28.21019744873047,260.0621032714844
970215478,383.8768615722656,-2.816624879837036,28.63194465637207,260.8470764160156
970248216,384.5057678222656,-2.8380424976348877,29.053600311279297,261.6265869140625
970282587,385.1357116699219,-2.8596322536468506,29.47507667541504,262.40673828125
970317979,385.76678466796875,-2.8812615871429443,29.896289825439453,263.1823425292969
970353816,386.3989562988281,-2.9029273986816406,30.31721305847168,263.9544982910156
970389907,387.0321960449219,-2.9244518280029297,30.73781394958496,264.727294921875
970426125,387.66656494140625,-2.945683240890503,31.158039093017578,265.4872131347656
970463271,388.3022155761719,-2.966487169265747,31.577844619750977,266.2474365234375
970500603,388.9389953613281,-2.9868342876434326,31.997201919555664,267.0221252441406
970537873,389.5770263671875,-3.0067501068115234,32.416107177734375,267.82666015625
970574965,390.2162780761719,-3.0262033939361572,32.834556579589844,268.6316223144531
970611799,390.8566589355469,-3.0452115535736084,33.25254440307617,269.4248046875
970648288,391.49822998046875,-3.0638561248779297,33.670082092285156,270.2159118652344
970684509,392.1410217285156,-3.0822367668151855,34.08717727661133,270.9974670410156
970720380,392.7848815917969,-3.1004583835601807,34.50385665893555,271.7550048828125
970755973,393.42987060546875,-3.118622064590454,34.92015075683594,272.513427734375
970791353,394.0759582519531,-3.1368179321289062,35.33607864379883,273.3079833984375
970826142,394.72314453125,-3.1551711559295654,35.75168228149414,274.1224060058594
970860447,395.3713073730469,-3.1738123893737793,36.16699981689453,274.9360046386719
970894702,396.0205078125,-3.1927711963653564,36.5820426940918,275.7454528808594
970929401,396.6708068847656,-3.2120230197906494,36.99679946899414,276.5550537109375
970964879,397.3221740722656,-3.231605052947998,37.4112548828125,277.3547668457031
971000797,397.97467041015625,-3.2515156269073486,37.82539367675781,278.1506042480469
971037272,398.6282653808594,-3.271676540374756,38.23917770385742,278.95684814453125
971074513,399.282958984375,-3.2920119762420654,38.65256118774414,279.806884765625
971111884,399.938720703125,-3.3124771118164062,39.06552505493164,280.65521240234375
971149841,400.5956115722656,-3.3330554962158203,39.478031158447266,281.4243469238281
971188259,401.2537536621094,-3.3537328243255615,39.89005661010742,282.17791748046875
971227211,401.9129943847656,-3.3745062351226807,40.301570892333984,282.9356384277344
971266531,402.5734558105469,-3.395369052886963,40.71255874633789,283.708984375
971306397,403.235107421875,-3.416304349899292,41.122982025146484,284.4832763671875
971346705,403.8979797363281,-3.437304973602295,41.532814025878906,285.251220703125
971387315,404.5621032714844,-3.4583683013916016,41.94202423095703,286.01483154296875
971428439,405.2274169921875,-3.479487180709839,42.350582122802734,286.7796630859375
971469867,405.89404296875,-3.500669002532959,42.758460998535156,287.56610107421875
971511504,406.5619201660156,-3.521923065185547,43.165645599365234,288.3543395996094
971553442,407.2310791015625,-3.543233871459961,43.57210159301758,289.14801025390625
971596017,407.9015808105469,-3.5645852088928223,43.977787017822266,289.94903564453125
971639019,408.5733642578125,-3.5859780311584473,44.38267135620117,290.75042724609375
971682449,409.2464904785156,-3.607396125793457,44.786712646484375,291.539794921875
971726257,409.92095947265625,-3.6288177967071533,45.18989181518555,292.3284606933594
971770485,410.5968017578125,-3.6502206325531006,45.592166900634766,293.11407470703125
971815145,411.2740478515625,-3.6715657711029053,45.99350357055664,293.89361572265625
971860249,411.95269775390625,-3.692822217941284,46.39386749267578,294.6741943359375
971905539,412.6327209472656,-3.713979482650757,46.79323196411133,295.44964599609375
971951019,413.314208984375,-3.7350268363952637,47.19158172607422,296.2245178222656
971996620,413.9971008300781,-3.7559654712677,47.588890075683594,297.0074768066406
972041980,414.681396484375,-3.77687931060791,47.98517990112305,297.8208312988281
972086967,415.3670654296875,-3.79782772064209,48.380462646484375,298.6344299316406
972132273,416.0541076660156,-3.818831205368042,48.77474594116211,299.4407653808594
972177970,416.7425231933594,-3.8399429321289062,49.16802215576172,300.2447509765625
972223853,417.43231201171875,-3.861217737197876,49.560302734375,301.0419616699219
972269716,418.1235046386719,-3.882659673690796,49.951595306396484,301.8157653808594
972315555,418.81597900390625,-3.904265880584717,50.341888427734375,302.5906982421875
972361526,419.5098571777344,-3.9260222911834717,50.731163024902344,303.3930358886719
972407563,420.205078125,-3.947916030883789,51.119415283203125,304.2105712890625
972453824,420.9017028808594,-3.9699370861053467,51.50663757324219,305.0252685546875
972500142,421.5995178222656,-3.99206280708313,51.892738342285156,305.8262023925781
972546310,422.29791259765625,-4.014257907867432,52.2773323059082,306.62689208984375
972592877,422.9969787597656,-4.036535263061523,52.66047286987305,307.4151916503906
972639941,423.6966857910156,-4.058894634246826,53.042144775390625,308.1978759765625
972687247,424.3970642089844,-4.081323146820068,53.42232894897461,308.9825134277344
972735549,425.09808349609375,-4.103771209716797,53.80099868774414,309.7797546386719
972784714,425.80023193359375,-4.1262125968933105,54.178306579589844,310.57745361328125
972834671,426.5041198730469,-4.148643970489502,54.55464172363281,311.3741760253906
972885298,427.2101745605469,-4.171031475067139,54.930206298828125,312.1711730957031
972935703,427.9183654785156,-4.193337917327881,55.30496597290039,312.9707336425781
972985320,428.6283874511719,-4.215569972991943,55.678672790527344,313.7820739746094
973034433,429.339599609375,-4.237748622894287,56.05099868774414,314.59375
973080964,430.0516357421875,-4.259900093078613,56.42170715332031,315.40618896484375
973105737,430.7642822265625,-4.282052516937256,56.79071044921875,316.2188415527344
973130871,431.47772216796875,-4.304239273071289,57.15806198120117,317.02911376953125
973156384,432.1922302246094,-4.326457500457764,57.523921966552734,317.8267822265625
973182351,432.9082336425781,-4.348691463470459,57.8884391784668,318.6252136230469
973208558,433.62591552734375,-4.370933532714844,58.25175094604492,319.4274597167969
973234814,434.3454284667969,-4.393155574798584,58.613887786865234,320.23248291015625
973260942,435.066650390625,-4.415323257446289,58.97477722167969,321.0389099121094
973287109,435.7893981933594,-4.4373779296875,59.334259033203125,321.84869384765625
973313343,436.5134582519531,-4.459283351898193,59.692169189453125,322.6589660644531
973339574,437.2386474609375,-4.481048583984375,60.04842758178711,323.4810485839844
973365757,437.9649353027344,-4.502681732177734,60.403018951416016,324.3091125488281
973391910,438.6925048828125,-4.524186134338379,60.75600051879883,325.1328125
973418192,439.42138671875,-4.545565128326416,61.107444763183594,325.94189453125
973444623,440.1517639160156,-4.566834449768066,61.4574089050293,326.75164794921875
973471004,440.8836975097656,-4.588045597076416,61.80598068237305,327.5554504394531
973496935,441.6170654296875,-4.609219551086426,62.153263092041016,328.3578186035156
973518161,442.35162353515625,-4.630346775054932,62.49986267089844,329.1630859375
973534468,443.0871276855469,-4.651312351226807,62.845977783203125,329.97503662109375
973550878,443.82354736328125,-4.672034740447998,63.19151306152344,330.7874450683594
973567673,444.5608215332031,-4.692514896392822,63.53635025024414,331.6070556640625
973585463,445.29901123046875,-4.712677955627441,63.8803596496582,332.4288330078125
973603926,446.0382995605469,-4.732427597045898,64.22346496582031,333.2511291503906
973623167,446.7786865234375,-4.7516632080078125,64.565673828125,334.0736999511719
973642619,447.5201721191406,-4.770373821258545,64.9071044921875,334.89697265625
973661716,448.26275634765625,-4.788612365722656,65.2479019165039,335.71630859375
973680237,449.00628662109375,-4.806387424468994,65.58818054199219,336.5359191894531
973698091,449.750732421875,-4.823734760284424,65.92803955078125,337.34722900390625
973715345,450.4959716796875,-4.840722560882568,66.26760864257812,338.1490478515625
973732031,451.24188232421875,-4.857443809509277,66.60699462890625,338.9510192871094
973748157,451.9884033203125,-4.874000549316406,66.94633483886719,339.7831726074219
973763835,452.73553466796875,-4.890466690063477,67.28569793701172,340.61700439453125
973778907,453.48321533203125,-4.906890869140625,67.62528991699219,341.4446105957031
973793404,454.23138427734375,-4.923274040222168,67.96528625488281,342.26739501953125
973807916,454.97998046875,-4.939634323120117,68.30583953857422,343.0908508300781
973822809,455.7289733886719,-4.95599365234375,68.64710235595703,343.91448974609375
973838166,456.4783020019531,-4.972326278686523,68.98919677734375,344.7388610839844
973854023,457.2278747558594,-4.988595962524414,69.33222198486328,345.57098388671875
973870571,457.9775085449219,-5.004764080047607,69.67631530761719,346.4068908691406
973887780,458.727294921875,-5.020816326141357,70.02159881591797,347.24127197265625
973905640,459.4770202636719,-5.036732196807861,70.36817169189453,348.070556640625
973924154,460.2266845703125,-5.05247163772583,70.7161865234375,348.9004211425781
973943467,460.9762268066406,-5.067980766296387,71.06580352783203,349.7194519042969
973963642,461.7256164550781,-5.083226203918457,71.41712188720703,350.53741455078125
973984569,462.4747009277344,-5.098216533660889,71.7702865600586,351.3633728027344
974006205,463.2235107421875,-5.112951755523682,72.1253890991211,352.20037841796875
974027946,463.97198486328125,-5.127424716949463,72.48246002197266,353.0381774902344
974046705,464.7203369140625,-5.14161491394043,72.84107208251953,353.8835754394531
974061334,465.4689025878906,-5.155511379241943,73.20065307617188,354.7296447753906
974076001,466.2176208496094,-5.169155120849609,73.56123352050781,355.55767822265625
974090714,466.9665222167969,-5.182584285736084,73.92284393310547,356.3765869140625
974105402,467.71551513671875,-5.195820331573486,74.28553771972656,357.19952392578125
974120048,468.464599609375,-5.208917617797852,74.64932250976562,358.0365905761719
974134341,469.2138977050781,-5.221940040588379,75.01428985595703,358.8744201660156
974148836,469.9631652832031,-5.234928607940674,75.38053131103516,359.71173095703125
974164030,470.7124328613281,-5.247819423675537,75.7480697631836,360.5494689941406
974179467,471.4617004394531,-5.26058292388916,76.11690521240234,361.3885803222656
974194806,472.2109680175781,-5.273220062255859,76.4869613647461,362.2294006347656
974209871,472.96026611328125,-5.285669326782227,76.85819244384766,363.0706481933594
974224659,473.709716796875,-5.297908306121826,77.23048400878906,363.9073486328125
974239207,474.45928955078125,-5.309962272644043,77.60375213623047,364.7445983886719
974253598,475.2091369628906,-5.321850299835205,77.97785949707031,365.5853576660156
974267976,475.959228515625,-5.333592414855957,78.35275268554688,366.42828369140625
974282394,476.7096862792969,-5.34520959854126,78.72828674316406,367.2724914550781
974296913,477.46051025390625,-5.356719970703125,79.1043701171875,368.1190185546875
974311567,478.2117614746094,-5.368125915527344,79.48091125488281,368.9661560058594
974326402,478.96343994140625,-5.379430294036865,79.85780334472656,369.79913330078125
974341416,479.71563720703125,-5.390643119812012,80.2349853515625,370.630859375
974356660,480.4683532714844,-5.40181303024292,80.6124038696289,371.4781494140625
974371929,481.22161865234375,-5.412996768951416,80.989990234375,372.34246826171875
974387283,481.9754638671875,-5.4242119789123535,81.36772155761719,373.2046813964844
974402859,482.7298278808594,-5.43548583984375,81.74555206298828,374.0528259277344
974418584,483.48486328125,-5.4468607902526855,82.12347412109375,374.901611328125
974434500,484.240478515625,-5.458225727081299,82.50146484375,375.7471008300781
974451018,484.9967041015625,-5.469379901885986,82.87950134277344,376.5921936035156
974467653,485.7535705566406,-5.480268955230713,83.25758361816406,377.4327697753906
974484173,486.5110168457031,-5.490829944610596,83.63571166992188,378.2668151855469
974500565,487.2690734863281,-5.500951290130615,84.01390075683594,379.1018371582031
974516867,488.02777099609375,-5.510611057281494,84.39216613769531,379.96435546875
974533200,488.7870178222656,-5.51983118057251,84.77053833007812,380.8274230957031
974549419,489.54681396484375,-5.528687000274658,85.1490249633789,381.67333984375
974565430,490.3071594238281,-5.537237644195557,85.52766418457031,382.5119323730469
974581268,491.06805419921875,-5.545536994934082,85.9064712524414,383.3546447753906
974596941,491.8294982910156,-5.553650379180908,86.2854232788086,384.20623779296875
974613204,492.5915222167969,-5.561654567718506,86.6644515991211,385.0584411621094
974633011,493.4813537597656,-5.570951461791992,87.10657501220703,386.0636291503906
974650846,494.2447814941406,-5.57894229888916,87.48541259765625,386.9262390136719
974669614,495.0089416503906,-5.586920261383057,87.86400604248047,387.77386474609375
974689620,495.77392578125,-5.59482479095459,88.24226379394531,388.6177673339844
974710611,496.5397033691406,-5.602650165557861,88.62005615234375,389.4676513671875
974731991,497.30633544921875,-5.6103692054748535,88.997314453125,390.3260192871094
974753374,498.0738525390625,-5.617941856384277,89.37409973144531,391.1848449707031
974771549,498.84197998046875,-5.625380516052246,89.75088500976562,392.04290771484375
974787166,499.6106872558594,-5.632721424102783,90.12772369384766,392.90155029296875
974803076,500.38006591796875,-5.640000343322754,90.50448608398438,393.7573547363281
974819049,501.1501159667969,-5.647243022918701,90.88114929199219,394.612548828125
974835100,501.92083740234375,-5.654442310333252,91.2576675415039,395.47747802734375
974851530,502.6922607421875,-5.661555290222168,91.63400268554688,396.3574523925781
974868207,503.46435546875,-5.668561935424805,92.0101318359375,397.2371826171875
974885113,504.2371520996094,-5.675429821014404,92.38603210449219,398.1119079589844
974902142,505.0107116699219,-5.682111740112305,92.76171112060547,398.9871826171875
974919390,505.7850036621094,-5.688507080078125,93.13715362548828,399.8375244140625
974937038,506.5599670410156,-5.694507122039795,93.51237487792969,400.6827392578125
974954712,507.3356628417969,-5.700096130371094,93.88740539550781,401.53375244140625
974972291,508.11199951171875,-5.705230236053467,94.26229095458984,402.3917541503906
974989623,508.8890075683594,-5.709856033325195,94.63707733154297,403.24993896484375
975006921,509.6666259765625,-5.713919639587402,95.01180267333984,404.1056213378906
975024195,510.44482421875,-5.717415809631348,95.38652801513672,404.9617919921875
975041171,511.22357177734375,-5.720434188842773,95.76127624511719,405.8247985839844
975057741,512.0029296875,-5.723013877868652,96.13612365722656,406.6903991699219
975073948,512.7827758789062,-5.725210189819336,96.51109313964844,407.5775451660156
975089924,513.5631103515625,-5.727123737335205,96.88623809814453,408.4913635253906
975105701,514.3439331054688,-5.728865623474121,97.26158905029297,409.39306640625
975121343,515.125244140625,-5.730527400970459,97.63716125488281,410.25726318359375
975136887,515.906982421875,-5.732170581817627,98.01297760009766,411.1219787597656
975152419,516.6891479492188,-5.7338151931762695,98.38905334472656,411.9732971191406
975167997,517.4718627929688,-5.735458850860596,98.7654037475586,412.8240966796875
975183571,518.2550048828125,-5.737091541290283,99.14202880859375,413.6897277832031
975199234,519.03857421875,-5.738682746887207,99.51892852783203,414.56646728515625
975214934,519.8225708007812,-5.740185260772705,99.89606475830078,415.4410705566406
975230856,520.6070556640625,-5.74148416519165,100.27346801757812,416.30950927734375
975246994,521.3920288085938,-5.742486953735352,100.6511459350586,417.178466796875
975263179,522.1774291992188,-5.74317741394043,101.02909088134766,418.04827880859375
975279307,522.9632568359375,-5.743488788604736,101.40727233886719,418.9185791015625
975295428,523.7495727539062,-5.743360996246338,101.78569793701172,419.79815673828125
975311584,524.5363159179688,-5.742804527282715,102.16436767578125,420.6824951171875
975327713,525.323486328125,-5.741885185241699,102.54326629638672,421.5649108886719
975343724,526.1111450195312,-5.740655899047852,102.9223861694336,422.4443359375
975359640,526.8992919921875,-5.739160060882568,103.3017349243164,423.3258972167969
975375738,527.6878662109375,-5.737392425537109,103.6812744140625,424.2192077636719
975391863,528.4769287109375,-5.7354044914245605,104.06101989746094,425.113037109375
975407891,529.2664184570312,-5.733269691467285,104.44096374511719,425.99102783203125
975423838,530.0564575195312,-5.730977535247803,104.82109832763672,426.8674011230469
975439774,530.846923828125,-5.728532314300537,105.20142364501953,427.73419189453125
975455606,531.6378173828125,-5.726007461547852,105.58194732666016,428.5945129394531
975471434,532.42919921875,-5.7234649658203125,105.96266174316406,429.4573059082031
975487231,533.2210693359375,-5.720920562744141,106.34356689453125,430.32647705078125
975503054,534.0133666992188,-5.718408107757568,106.72465515136719,431.19598388671875
975518959,534.80615234375,-5.7159271240234375,107.10594177246094,432.0804748535156
975534895,535.5994262695312,-5.713468551635742,107.48741149902344,432.9661560058594
975550883,536.3931274414062,-5.711023330688477,107.86907196044922,433.8499755859375
975566602,537.1873168945312,-5.708582878112793,108.25098419189453,434.73321533203125
975581888,537.9818725585938,-5.706111907958984,108.63328552246094,435.61712646484375
975597500,538.7767333984375,-5.703525066375732,109.01606750488281,436.5018310546875
975613578,539.5718383789062,-5.700793266296387,109.39945220947266,437.3888854980469
975630159,540.3672485351562,-5.697901725769043,109.78352355957031,438.2872619628906
975647187,541.1626586914062,-5.694793701171875,110.16838073730469,439.18603515625
975664613,541.9583129882812,-5.691487789154053,110.55413818359375,440.07489013671875
975682423,542.7540893554688,-5.688051223754883,110.94080352783203,440.9632568359375
975698681,543.5501098632812,-5.684440612792969,111.32794189453125,441.8531494140625
975715259,544.3465576171875,-5.680534839630127,111.71538543701172,442.7441101074219
975731571,545.143310546875,-5.676316261291504,112.10325622558594,443.6330871582031
975747865,545.9403686523438,-5.671702861785889,112.49163055419922,444.5189208984375
975764006,546.7376098632812,-5.666600704193115,112.8805923461914,445.4057312011719
975779924,547.5352172851562,-5.66102933883667,113.27017211914062,446.2962646484375
975795622,548.3330688476562,-5.655053615570068,113.66039276123047,447.18731689453125
975811106,549.1310424804688,-5.648756980895996,114.05125427246094,448.07904052734375
975826593,549.9293212890625,-5.642164707183838,114.44274139404297,448.9713439941406
975842106,550.727783203125,-5.63530969619751,114.8348159790039,449.8629455566406
975857553,551.5264892578125,-5.628255367279053,115.2274398803711,450.75433349609375
975872946,552.3255004882812,-5.621030807495117,115.62059783935547,451.6440734863281
975888252,553.1248168945312,-5.613674163818359,116.01422119140625,452.53076171875
975903573,553.9243774414062,-5.606256484985352,116.40828704833984,453.4183654785156
975918910,554.724365234375,-5.598857879638672,116.80272674560547,454.3096008300781
975934304,555.5247192382812,-5.59151554107666,117.19751739501953,455.2013854980469
975949976,556.325439453125,-5.584203720092773,117.59262084960938,456.1142883300781
975965832,557.1265869140625,-5.576912879943848,117.98799133300781,457.03045654296875
975981858,557.9281616210938,-5.569615364074707,118.38359832763672,457.9344177246094
975997959,558.7301635742188,-5.56226110458374,118.77943420410156,458.83319091796875
976014126,559.5326538085938,-5.554835796356201,119.17544555664062,459.7275085449219
976030344,560.3355712890625,-5.547353267669678,119.57161712646484,460.6163635253906
976046624,561.138916015625,-5.539783477783203,119.96794891357422,461.50830078125
976063237,561.9427490234375,-5.53205680847168,120.36441802978516,462.4108581542969
976079952,562.7470703125,-5.524150848388672,120.76100158691406,463.3139343261719
976096714,563.5518188476562,-5.516023635864258,121.15769958496094,464.2119140625
976113465,564.3570556640625,-5.507630348205566,121.55451965332031,465.1102600097656
976130207,565.1627807617188,-5.498969554901123,121.95144653320312,466.00823974609375
976146930,565.968994140625,-5.4900383949279785,122.34848022460938,466.9064636230469
976163751,566.775634765625,-5.480831146240234,122.74563598632812,467.80975341796875
976180550,567.5827026367188,-5.471390724182129,123.14290618896484,468.7178955078125
976197288,568.3903198242188,-5.461756706237793,123.54029083251953,469.6211242675781
976213943,569.1983642578125,-5.451958179473877,123.93781280517578,470.5123291015625
976230349,570.0068359375,-5.4420857429504395,124.33544921875,471.4043273925781
976246536,570.8157348632812,-5.432182788848877,124.73323822021484,472.3017883300781
976263229,571.6251220703125,-5.422091007232666,125.13117218017578,473.1996154785156
976280269,572.4349365234375,-5.411742687225342,125.52925872802734,474.119384765625
976297376,573.2451782226562,-5.4010772705078125,125.9275131225586,475.044189453125
976314465,574.0558471679688,-5.389925956726074,126.32593536376953,475.95758056640625
976331436,574.866943359375,-5.378265857696533,126.72454071044922,476.8651123046875
976348259,575.678466796875,-5.366132736206055,127.12332916259766,477.7725524902344
976364930,576.4904174804688,-5.353559494018555,127.52228546142578,478.67974853515625
976381845,577.3027954101562,-5.340521335601807,127.92142486572266,479.5843200683594
976398763,578.1155395507812,-5.32704496383667,128.32073974609375,480.4788818359375
976415594,578.9287109375,-5.313164710998535,128.72023010253906,481.3739318847656
976432282,579.7422485351562,-5.2988786697387695,129.11990356445312,482.28216552734375
976448901,580.5562133789062,-5.284228324890137,129.51979064941406,483.1910400390625
976465575,581.3705444335938,-5.269217491149902,129.91986083984375,484.1000061035156
976482369,582.185302734375,-5.253870010375977,130.3201141357422,485.0094909667969
976499086,583.00048828125,-5.238256931304932,130.72055053710938,485.9196472167969
976515545,583.8161010742188,-5.222415447235107,131.1211700439453,486.8304443359375
976531825,584.632080078125,-5.206401348114014,131.52197265625,487.74407958984375
976547991,585.448486328125,-5.190310001373291,131.92295837402344,488.6620788574219
976564088,586.2652587890625,-5.174237251281738,132.3241424560547,489.5797424316406
976579881,587.0823974609375,-5.158190727233887,132.7256622314453,490.4945373535156
976595656,587.8997802734375,-5.142148971557617,133.12759399414062,491.4097595214844
976611615,588.7174682617188,-5.126105785369873,133.52999877929688,492.33709716796875
976627504,589.535400390625,-5.109989643096924,133.932861328125,493.26495361328125
976643288,590.3535766601562,-5.093763828277588,134.33619689941406,494.1810607910156
976659031,591.1720581054688,-5.0774149894714355,134.7400360107422,495.0953063964844
976674741,591.99072265625,-5.060962200164795,135.1443634033203,496.0062561035156
976690400,592.8095703125,-5.044412612915039,135.54930114746094,496.9156188964844
976706209,593.6287231445312,-5.0277299880981445,135.95481872558594,497.82733154296875
976721991,594.447998046875,-5.010879993438721,136.36090087890625,498.74169921875
976737792,595.267578125,-4.993802070617676,136.76759338378906,499.656494140625
976753669,596.087158203125,-4.976434230804443,137.1748504638672,500.5711669921875
976769749,596.9071044921875,-4.958738327026367,137.58262634277344,501.48638916015625
976786116,597.7272338867188,-4.940695285797119,137.99090576171875,502.4026184082031
976802328,598.5475463867188,-4.922338008880615,138.39971923828125,503.31927490234375
976818254,599.3681640625,-4.903748989105225,138.80909729003906,504.23870849609375
976834103,600.1888427734375,-4.884984970092773,139.21902465820312,505.1588134765625
976849936,601.0098876953125,-4.866074562072754,139.62948608398438,506.0900573730469
976865779,601.8309936523438,-4.8470377922058105,140.04042053222656,507.0265808105469
976881683,602.6524047851562,-4.827876091003418,140.451904296875,507.96002197265625
976897542,603.473876953125,-4.808579444885254,140.864013671875,508.89056396484375
976913590,604.295654296875,-4.78912353515625,141.27682495117188,509.8106689453125
976930027,605.117431640625,-4.769476890563965,141.6903839111328,510.7135925292969
976947108,605.939208984375,-4.749636173248291,142.10476684570312,511.61993408203125
976964684,606.760986328125,-4.729645252227783,142.52001953125,512.5421142578125
976982625,607.582763671875,-4.709519863128662,142.9362335205078,513.4647216796875
977000827,608.404541015625,-4.689268112182617,143.35342407226562,514.3842163085938
977019944,609.226318359375,-4.668791770935059,143.77169799804688,515.30419921875
977037392,610.0482177734375,-4.648073196411133,144.1905059814453,516.2285766601562
977054270,610.870361328125,-4.6270623207092285,144.60963439941406,517.154296875
977070985,611.6928100585938,-4.605626583099365,145.0292205810547,518.0777587890625
977087634,612.5153198242188,-4.583767890930176,145.4492950439453,519.0001220703125
977103944,613.338134765625,-4.561556339263916,145.87001037597656,519.9242553710938
977120212,614.1610107421875,-4.5390119552612305,146.29127502441406,520.8504028320312
977136374,614.984130859375,-4.516149997711182,146.7131805419922,521.781982421875
977152808,615.807373046875,-4.492929935455322,147.13565063476562,522.7255249023438
977169231,616.6306762695312,-4.469322204589844,147.5586700439453,523.6717529296875
977185693,617.4542846679688,-4.445270538330078,147.98223876953125,524.62939453125
977202089,618.2779541015625,-4.420729637145996,148.40635681152344,525.5850219726562
977218492,619.1019287109375,-4.39572286605835,148.8309326171875,526.5147705078125
977234856,619.926025390625,-4.370294094085693,149.2559356689453,527.44482421875
977251323,620.7503662109375,-4.344473361968994,149.68133544921875,528.356201171875
977267874,621.5750732421875,-4.318337917327881,150.1070556640625,529.2664184570312
977284523,622.4000244140625,-4.291852951049805,150.53309631347656,530.19140625
977301626,623.2252807617188,-4.264906406402588,150.95936584472656,531.122314453125
977318763,624.0504760742188,-4.237551212310791,151.38565063476562,532.0520629882812
977336210,624.875,-4.20975399017334,151.81163024902344,532.9802856445312
977353666,625.6983032226562,-4.181485652923584,152.23696899414062,533.911376953125
977378402,626.5191650390625,-4.152898788452148,152.66102600097656,534.8460083007812
977408242,627.4736328125,-4.119204998016357,153.15406799316406,535.93310546875
977435768,628.2887573242188,-4.0902228355407715,153.5750732421875,536.862060546875
977464821,629.1009521484375,-4.061242580413818,153.99452209472656,537.786376953125
977498039,629.909912109375,-4.0323381423950195,154.4122772216797,538.7037353515625
977535983,630.715576171875,-4.003535270690918,154.82826232910156,539.6174926757812
977579460,631.5178833007812,-3.974809169769287,155.24241638183594,540.5302734375
977628497,632.316650390625,-3.946098566055298,155.65467834472656,541.4390869140625
977683078,633.111572265625,-3.9171013832092285,156.0648651123047,542.3395385742188
977740235,633.90234375,-3.8875679969787598,156.4728546142578,543.234619140625
977795730,634.68896484375,-3.8574676513671875,156.87860107421875,544.1173095703125
977848185,635.4713134765625,-3.826749324798584,157.28208923339844,544.9906616210938
977899281,636.24951171875,-3.795450448989868,157.68331909179688,545.8627319335938
977950521,637.0235595703125,-3.7636942863464355,158.0823974609375,546.7366943359375
978004646,637.79345703125,-3.7314040660858154,158.47927856445312,547.6063232421875
978060645,638.559326171875,-3.6986353397369385,158.8740234375,548.48046875
978119059,639.3212890625,-3.665600538253784,159.26670837402344,549.3501586914062
978176150,640.0794677734375,-3.6324124336242676,159.6574249267578,550.2195434570312
978232081,640.8340454101562,-3.5992212295532227,160.04623413085938,551.0862426757812
978286029,641.5851440429688,-3.5660688877105713,160.4331817626953,551.930908203125
978329966,642.3329467773438,-3.5328733921051025,160.8183135986328,552.747802734375
978352460,643.0780029296875,-3.499767541885376,161.20196533203125,553.5617065429688
978376765,643.8202514648438,-3.4668610095977783,161.5841522216797,554.3816528320312
978424452,644.559326171875,-3.4342329502105713,161.96475219726562,555.1984252929688
978474985,645.2952270507812,-3.4019899368286133,162.3436737060547,556.0184326171875
978524408,646.028076171875,-3.3701248168945312,162.72093200683594,556.84130859375
978554694,646.7579956054688,-3.3386759757995605,163.09658813476562,557.6654663085938
978578400,647.4850463867188,-3.307642698287964,163.47076416015625,558.5438842773438
978628997,648.208984375,-3.277010202407837,163.84347534179688,559.4186401367188
978680167,648.9297485351562,-3.2467708587646484,164.21470642089844,560.2405395507812
978709465,649.6476440429688,-3.2168960571289062,164.5846710205078,561.0458984375
978728262,650.3627319335938,-3.187368631362915,164.9534912109375,561.845947265625
978759331,651.07470703125,-3.1581270694732666,165.3211669921875,562.6370239257812
978809986,651.7835083007812,-3.12912917137146,165.68785095214844,563.4248657226562
978860197,652.4888916015625,-3.1003382205963135,166.05332946777344,564.22265625
978902080,653.1907958984375,-3.0717108249664307,166.4174346923828,565.02099609375
978933576,653.88916015625,-3.043186902999878,166.7801513671875,565.8152465820312
978975173,654.5842895507812,-3.014676094055176,167.1411590576172,566.6050415039062
979028632,655.2764282226562,-2.9860568046569824,167.50045776367188,567.391357421875
979080472,655.9654541015625,-2.9572770595550537,167.85787963867188,568.1703491210938
979105153,656.6513061523438,-2.9282827377319336,168.2133026123047,568.9441528320312
979127066,657.3338012695312,-2.8990066051483154,168.56675720214844,569.7131958007812
979161627,658.0125122070312,-2.8694236278533936,168.9180908203125,570.4707641601562
979207726,658.6873168945312,-2.8395447731018066,169.26730346679688,571.2240600585938
979256115,659.3582153320312,-2.8093764781951904,169.61441040039062,571.9755859375
979302400,660.0252685546875,-2.7789950370788574,169.95944213867188,572.72607421875
979345186,660.6886596679688,-2.7485098838806152,170.30247497558594,573.4723510742188
979387335,661.3485717773438,-2.7180004119873047,170.64352416992188,574.2075805664062
979431512,662.0048828125,-2.687520980834961,170.982666015625,574.9365844726562
979485364,662.6578979492188,-2.6571004390716553,171.3201141357422,575.6620483398438
979538377,663.3079223632812,-2.626830577850342,171.65606689453125,576.3885498046875
979586691,663.9549560546875,-2.5967063903808594,171.99044799804688,577.1117553710938
979610914,664.5989379882812,-2.566635847091675,172.32318115234375,577.835205078125
979631463,665.2396850585938,-2.5366265773773193,172.65428161621094,578.5667114257812
979670227,665.8770141601562,-2.506718158721924,172.98391723632812,579.2944946289062
979714869,666.5112915039062,-2.47697377204895,173.31248474121094,580.0292358398438
979740625,667.1424560546875,-2.4474241733551025,173.6400604248047,580.7711791992188
979763880,667.7705078125,-2.418130874633789,173.96652221679688,581.5095825195312
979798697,668.3954467773438,-2.389112949371338,174.2920684814453,582.2244262695312
979834581,669.0173950195312,-2.360360860824585,174.61691284179688,582.9306640625
979862460,669.6361083984375,-2.331854820251465,174.94100952148438,583.633544921875
979887947,670.2518310546875,-2.303569793701172,175.26449584960938,584.325927734375
979928505,670.864501953125,-2.2753753662109375,175.5876007080078,585.0149536132812
979955951,671.4743041992188,-2.2472641468048096,175.9105682373047,585.7014770507812
979980999,672.0809326171875,-2.219280481338501,176.2330780029297,586.385498046875
980019304,672.6846313476562,-2.1915149688720703,176.55523681640625,587.06689453125
980064029,673.2852172851562,-2.1638495922088623,176.8771514892578,587.7446899414062
980107271,673.8824462890625,-2.1361095905303955,177.19886779785156,588.412841796875
980144474,674.4760131835938,-2.1083261966705322,177.5198974609375,589.0775146484375
980190362,675.0657958984375,-2.080592393875122,177.840087890625,589.7392578125
980230079,675.65185546875,-2.0529327392578125,178.15948486328125,590.4058227539062
980262587,676.2342529296875,-2.025320053100586,178.4781951904297,591.06884765625
980292382,676.812744140625,-1.9977502822875977,178.79600524902344,591.7294921875
980339346,677.387451171875,-1.9702298641204834,179.1127471923828,592.417724609375
980386619,677.958251953125,-1.9427714347839355,179.4283447265625,593.1016845703125
980433879,678.525390625,-1.9153856039047241,179.74281311035156,593.7775268554688
980467691,679.0889892578125,-1.888270616531372,180.056396484375,594.4203491210938
980495021,679.6492919921875,-1.86142897605896,180.3694305419922,595.0599365234375
980541727,680.2063598632812,-1.834747552871704,180.6820831298828,595.696533203125
980587461,680.7599487304688,-1.808180332183838,180.9944305419922,596.3187255859375
980622996,681.3101196289062,-1.7818706035614014,181.30641174316406,596.9376220703125
980655792,681.8573608398438,-1.7559139728546143,181.6185302734375,597.5542602539062
980698969,682.4014282226562,-1.7303739786148071,181.93067932128906,598.1812744140625
980741711,682.9423828125,-1.7052066326141357,182.2427215576172,598.810302734375
980784422,683.4801025390625,-1.680404543876648,182.5547637939453,599.4362182617188
980826640,684.0149536132812,-1.6559776067733765,182.8671875,600.0618286132812
980867722,684.5468139648438,-1.6320247650146484,183.18002319335938,600.6866455078125
980908158,685.0755615234375,-1.6085114479064941,183.49290466308594,601.3085327148438
980948429,685.6014404296875,-1.585404396057129,183.80648803710938,601.927490234375
980988344,686.124755859375,-1.5626970529556274,184.1210174560547,602.5435180664062
981027456,686.6450805664062,-1.5404249429702759,184.436279296875,603.1570434570312
981066050,687.1624755859375,-1.5185844898223877,184.7520294189453,603.7667236328125
981105480,687.6768798828125,-1.4971243143081665,185.06846618652344,604.3515014648438
981144965,688.188232421875,-1.4760056734085083,185.385498046875,604.9342651367188
981184611,688.6961669921875,-1.45517098903656,185.70266723632812,605.514404296875
981224956,689.2008666992188,-1.4345324039459229,186.02012634277344,606.103759765625
981265860,689.7022094726562,-1.4140063524246216,186.3379669189453,606.6976318359375
981307015,690.2000122070312,-1.3935166597366333,186.6562042236328,607.2885131835938
981348339,690.6943359375,-1.37306547164917,186.9746856689453,607.8863525390625
981389844,691.1851806640625,-1.3526133298873901,187.29380798339844,608.5150146484375
981431296,691.6726684570312,-1.3321921825408936,187.6134490966797,609.1395263671875
981470199,692.156494140625,-1.3118027448654175,187.93312072753906,609.7579345703125
981490914,692.6365356445312,-1.291480541229248,188.2524871826172,610.294921875
981511763,693.1129760742188,-1.2712479829788208,188.57142639160156,610.8297729492188
981532887,693.585693359375,-1.2510936260223389,188.88975524902344,611.3622436523438
981554534,694.0546264648438,-1.2309945821762085,189.20751953125,611.9011840820312
981575718,694.5198974609375,-1.2109657526016235,189.52468872070312,612.462158203125
981594156,694.9813842773438,-1.1910163164138794,189.8407745361328,613.019287109375
981616994,695.439453125,-1.1711524724960327,190.15525817871094,613.5725708007812
981639969,695.89404296875,-1.1513725519180298,190.4680938720703,614.1221313476562
981655434,696.34521484375,-1.1316475868225098,190.77943420410156,614.6680297851562
981665789,696.7932739257812,-1.1119935512542725,191.08969116210938,615.2106323242188
981674494,697.239013671875,-1.092362403869629,191.40005493164062,615.751220703125
981681717,697.6827392578125,-1.0727112293243408,191.71124267578125,616.2963256835938
981688580,698.1245727539062,-1.0530277490615845,192.02337646484375,616.840087890625
981695114,698.5642700195312,-1.0333304405212402,192.33645629882812,617.382080078125
981701376,699.001708984375,-1.0136383771896362,192.65048217773438,617.9218139648438
981707407,699.4369506835938,-0.9939867854118347,192.96548461914062,618.4586791992188
981713218,699.8702392578125,-0.974397599697113,193.2816925048828,618.9942016601562
981720158,700.3014526367188,-0.9548875689506531,193.59945678710938,619.5281982421875
981730746,700.73046875,-0.9354785084724426,193.9192657470703,620.0587158203125
981741752,701.15771484375,-0.9161810278892517,194.24122619628906,620.5864868164062
981752388,701.5828857421875,-0.8969954252243042,194.5654296875,621.1134033203125
981762784,702.0061645507812,-0.8779371380805969,194.8918914794922,621.6397094726562
981773002,702.4275512695312,-0.8590176701545715,195.220458984375,622.1626586914062
981783040,702.846923828125,-0.8402589559555054,195.55105590820312,622.6840209960938
981793003,703.263916015625,-0.821736752986908,195.88311767578125,623.2041625976562
981810211,703.677978515625,-0.8035382032394409,196.21554565429688,623.7221069335938
981828224,704.0892333984375,-0.7857083082199097,196.54820251464844,624.2408447265625
981846607,704.49755859375,-0.768272340297699,196.88111877441406,624.757568359375
981865361,704.9029541015625,-0.7512474656105042,197.21424865722656,625.271728515625
981884554,705.3052978515625,-0.7346454858779907,197.54701232910156,625.7830200195312
981904391,705.7046508789062,-0.7184354662895203,197.8795623779297,626.29638671875
981924699,706.1008911132812,-0.7025774717330933,198.21192932128906,626.8064575195312
981945443,706.4940185546875,-0.6870219111442566,198.54380798339844,627.3131103515625
981966565,706.8839111328125,-0.6716839075088501,198.8748016357422,627.8155517578125
981988075,707.2704467773438,-0.6565065383911133,199.2052764892578,628.3048706054688
982009655,707.653564453125,-0.6414596438407898,199.53529357910156,628.7916259765625
982031240,708.0333251953125,-0.6265825629234314,199.86447143554688,629.2755737304688
982052811,708.4098510742188,-0.6118373274803162,200.19293212890625,629.7571411132812
982073621,708.7830200195312,-0.5972155928611755,200.5210723876953,630.2415771484375
982093458,709.1528930664062,-0.5827021598815918,200.84890747070312,630.7234497070312
982111924,709.51953125,-0.5683387517929077,201.1762237548828,631.201904296875
982130629,709.8828125,-0.5541085004806519,201.5032958984375,631.6769409179688
982149900,710.2428588867188,-0.5400151014328003,201.83013916015625,632.1495971679688
982169676,710.5994262695312,-0.5260435342788696,202.15638732910156,632.6185302734375
982189991,710.95263671875,-0.5122068524360657,202.48219299316406,633.0838012695312
982210565,711.3027954101562,-0.4985031485557556,202.8077392578125,633.545654296875
982231012,711.6495971679688,-0.4849192798137665,203.13291931152344,634.0029907226562
982251312,711.992919921875,-0.47146451473236084,203.4574737548828,634.4557495117188
982271456,712.3330078125,-0.458131343126297,203.78175354003906,634.9058227539062
982291595,712.6697998046875,-0.44490113854408264,204.10585021972656,635.3533935546875
982311780,713.0031127929688,-0.4317760169506073,204.42950439453125,635.7980346679688
982331963,713.3331298828125,-0.41876912117004395,204.7528839111328,636.2400512695312
982352099,713.6598510742188,-0.4058891534805298,205.0760955810547,636.6793212890625
982372046,713.9832153320312,-0.39313840866088867,205.39906311035156,637.1156005859375
982391910,714.3032836914062,-0.38050949573516846,205.721923828125,637.5491943359375
982411562,714.6201171875,-0.36795908212661743,206.04507446289062,637.9799194335938
982431278,714.9336547851562,-0.35542887449264526,206.36863708496094,638.4075927734375
982450971,715.2437744140625,-0.34288835525512695,206.6923065185547,638.8322143554688
982470526,715.5505981445312,-0.3303375542163849,207.0164337158203,639.2540893554688
982489793,715.8540649414062,-0.31779083609580994,207.34092712402344,639.6729736328125
982508826,716.154052734375,-0.30524542927742004,207.66537475585938,640.0863037109375
982527817,716.4506225585938,-0.2926991283893585,207.9896697998047,640.4939575195312
982546839,716.7437133789062,-0.2801414132118225,208.31398010253906,640.8976440429688
982565885,717.0333251953125,-0.26758551597595215,208.63818359375,641.297119140625
982585041,717.3195190429688,-0.25506559014320374,208.9619140625,641.6925048828125
982607524,717.6490478515625,-0.24055050313472748,209.33934020996094,642.177978515625
982626870,717.9277954101562,-0.22816628217697144,209.66261291503906,642.6070556640625
982646232,718.2030639648438,-0.21579605340957642,209.98550415039062,643.03759765625
982666178,718.4749755859375,-0.20332486927509308,210.308349609375,643.4700317382812
982686667,718.7431640625,-0.1907552033662796,210.63116455078125,643.9027709960938
982707151,719.0076904296875,-0.17805181443691254,210.95367431640625,644.3268432617188
982727536,719.2687377929688,-0.16525009274482727,211.27615356445312,644.7511596679688
982747708,719.5262451171875,-0.15236644446849823,211.59873962402344,645.1758422851562
982767531,719.7801513671875,-0.13945522904396057,211.92120361328125,645.6007080078125
982787040,720.030517578125,-0.12643377482891083,212.24334716796875,646.0269165039062
982806326,720.27734375,-0.11328775435686111,212.5655975341797,646.4553833007812
982825311,720.5205688476562,-0.10003826022148132,212.8880157470703,646.8843994140625
982844018,720.7603759765625,-0.08678199350833893,213.21011352539062,647.313720703125
982862649,720.9967041015625,-0.07353661209344864,213.53208923339844,647.7437133789062
982881456,721.2296142578125,-0.06021547690033913,213.8539581298828,648.1828002929688
982900734,721.4588012695312,-0.046761997044086456,214.17539978027344,648.625732421875
982920069,721.6845092773438,-0.03320445120334625,214.49656677246094,649.0699462890625
982939327,721.9066772460938,-0.019594645127654076,214.81756591796875,649.5155639648438
982958394,722.1253051757812,-0.005933790933340788,215.13832092285156,649.9629516601562
982977342,722.340576171875,0.007751339580863714,215.4586944580078,650.4124145507812
982996312,722.55224609375,0.02151649072766304,215.7789764404297,650.8628540039062
983015737,722.7603149414062,0.03537987545132637,216.09896850585938,651.3143310546875
983035208,722.9646606445312,0.049376364797353745,216.4182891845703,651.7665405273438
983054485,723.16552734375,0.06349852681159973,216.7372589111328,652.1891479492188
983073496,723.3626708984375,0.07769111543893814,217.055908203125,652.601318359375
983092384,723.5562744140625,0.0919315293431282,217.37387084960938,653.0120239257812
983111753,723.7463989257812,0.10620419681072235,217.69134521484375,653.4214477539062
983131179,723.9329223632812,0.12049206346273422,218.00836181640625,653.8297119140625
983150167,724.1159057617188,0.1347963958978653,218.32479858398438,654.2535400390625
983168791,724.29541015625,0.14916759729385376,218.64060974121094,654.678466796875
983187735,724.4714965820312,0.16366341710090637,218.95611572265625,655.1027221679688
983206804,724.6438598632812,0.17827919125556946,219.27127075195312,655.5260620117188
983225828,724.8128051757812,0.19293184578418732,219.58558654785156,655.9533081054688
983244737,724.9783325195312,0.20754005014896393,219.89927673339844,656.4067993164062
983263187,725.1404418945312,0.22209608554840088,220.21240234375,656.8599243164062
983281607,725.2992553710938,0.2366161048412323,220.52479553222656,657.312744140625
983300140,725.4547119140625,0.25107836723327637,220.8365936279297,657.7655639648438
983318604,725.6068115234375,0.2654359042644501,221.1478271484375,658.2411499023438
983337014,725.7555541992188,0.2796715497970581,221.45826721191406,658.7247924804688
983355596,725.9010620117188,0.2938113212585449,221.76779174804688,659.2083740234375
983374471,726.0432739257812,0.3078906834125519,222.0765380859375,659.6920166015625
983393412,726.1819458007812,0.32191479206085205,222.38450622558594,660.1367797851562
983412260,726.3173828125,0.3359021842479706,222.69142150878906,660.5519409179688
983431048,726.4492797851562,0.34985092282295227,222.9975128173828,660.9654541015625
983449815,726.577880859375,0.363760381937027,223.302734375,661.3773803710938
983468542,726.7030029296875,0.3776363730430603,223.6068878173828,661.78759765625
983487206,726.8248901367188,0.39145976305007935,223.9100341796875,662.1727294921875
983505801,726.9432983398438,0.4052393436431885,224.21224975585938,662.5468139648438
983524261,727.058349609375,0.41899752616882324,224.51336669921875,662.918701171875
983543041,727.1701049804688,0.4328070282936096,224.81332397460938,663.288330078125
983561850,727.2783203125,0.4467219114303589,225.11219787597656,663.6556396484375
983580539,727.383056640625,0.46071287989616394,225.40997314453125,664.0302734375
983599076,727.4844970703125,0.4746866226196289,225.7063751220703,664.4228515625
983617589,727.5827026367188,0.4885594844818115,226.0015869140625,664.8128662109375
983636017,727.677734375,0.5022878050804138,226.29559326171875,665.2005004882812
983654411,727.7695922851562,0.5158584117889404,226.58827209472656,665.5855712890625
983672949,727.8582763671875,0.5292837619781494,226.87957763671875,665.9749755859375
983691449,727.9439086914062,0.542625367641449,227.16954040527344,666.3991088867188
983710504,728.0260620117188,0.5560181140899658,227.4580841064453,666.8203125
983729408,728.1049194335938,0.5694754123687744,227.74502563476562,667.2385864257812
983748172,728.1804809570312,0.5829400420188904,228.03054809570312,667.6542358398438
983766810,728.2529296875,0.5963359475135803,228.3146209716797,668.0508422851562
983785313,728.322265625,0.6095678210258484,228.59707641601562,668.4149780273438
983803818,728.388671875,0.6225561499595642,228.87808227539062,668.7765502929688
983822258,728.4522705078125,0.6352682113647461,229.1577606201172,669.1357421875
983840749,728.5128784179688,0.6476954221725464,229.43605041503906,669.4924926757812
983859216,728.5706787109375,0.6598573923110962,229.71295166015625,669.8470458984375
983877730,728.6255493164062,0.6718258261680603,229.98846435546875,670.1986083984375
983896305,728.6775512695312,0.6836506128311157,230.2625732421875,670.5472412109375
983914913,728.7265014648438,0.6953520774841309,230.53524780273438,670.8932495117188
983933472,728.7725219726562,0.7069480419158936,230.80650329589844,671.23681640625
983952052,728.815673828125,0.7184743285179138,231.0762939453125,671.5780639648438
983970596,728.85595703125,0.7298510670661926,231.34461975097656,671.9169921875
983989137,728.8935546875,0.7409457564353943,231.61143493652344,672.274169921875
984007643,728.9285888671875,0.751682698726654,231.8767852783203,672.6294555664062
984025430,728.9611206054688,0.7619712948799133,232.14071655273438,672.9821166992188
984042918,728.991455078125,0.7717704772949219,232.40328979492188,673.3326416015625
984060385,729.0191650390625,0.7811029553413391,232.66445922851562,673.680908203125
984077956,729.0446166992188,0.7900226712226868,232.92417907714844,674.0330200195312
984095703,729.067626953125,0.798588752746582,233.1824493408203,674.3995971679688
984113569,729.0880737304688,0.8068776726722717,233.4392852783203,674.7637329101562
984131592,729.1060791015625,0.814980149269104,233.69468688964844,675.1256103515625
984149776,729.1215209960938,0.8228945136070251,233.94862365722656,675.4852905273438
984168034,729.1343994140625,0.8305894136428833,234.20114135742188,675.843017578125
984186274,729.1447143554688,0.838077187538147,234.45216369628906,676.1619262695312
984204463,729.1524047851562,0.8453712463378906,234.7017822265625,676.4649658203125
984222542,729.1575317382812,0.8524377346038818,234.9500732421875,676.766357421875
984240163,729.1600341796875,0.8592146039009094,235.19711303710938,677.0659790039062
984257428,729.1600341796875,0.8656846880912781,235.44293212890625,677.3642578125
984274603,729.157470703125,0.8718680143356323,235.68780517578125,677.6614990234375
984291207,729.1521606445312,0.8777987360954285,235.93203735351562,677.958251953125
984307322,729.1442260742188,0.8835173845291138,236.1756591796875,678.2570190429688
984323635,729.1334228515625,0.8890619277954102,236.41860961914062,678.554931640625
984339899,729.1199340820312,0.8944639563560486,236.6608428955078,678.8521118164062
984355907,729.1035766601562,0.8997488021850586,236.9022674560547,679.1484375
984372173,729.0843505859375,0.9049457907676697,237.14288330078125,679.4441528320312
984388297,729.0623168945312,0.9100505709648132,237.38267517089844,679.7391967773438
984404310,729.0374145507812,0.9150227308273315,237.6216278076172,680.0343627929688
984420647,729.009765625,0.9198130369186401,237.85975646972656,680.3302612304688
984436852,728.9793090820312,0.9243883490562439,238.09707641601562,680.62548828125
984452969,728.9461669921875,0.9287344217300415,238.3335723876953,680.9200439453125
984469280,728.9102783203125,0.9328578114509583,238.5692901611328,681.2142333984375
984485492,728.8717041015625,0.9367753267288208,238.80416870117188,681.5078125
984501653,728.8304443359375,0.9405116438865662,239.0382080078125,681.8010864257812
984517745,728.7863159179688,0.944084882736206,239.27133178710938,682.0975341796875
984534096,728.7394409179688,0.9475076198577881,239.50352478027344,682.397216796875
984550419,728.6897583007812,0.9507935643196106,239.73472595214844,682.6963500976562
984566648,728.6373901367188,0.9539514780044556,239.96490478515625,682.9948120117188
984582791,728.582275390625,0.9569845199584961,240.19400024414062,683.2928466796875
984599215,728.5242309570312,0.959883451461792,240.42208862304688,683.590576171875
984615626,728.4634399414062,0.9626557230949402,240.64923095703125,683.8882446289062
984632058,728.3997802734375,0.9653149247169495,240.8755645751953,684.2006225585938
984648778,728.3331909179688,0.9678785800933838,241.10122680664062,684.5181274414062
984665481,728.2636108398438,0.9703881144523621,241.32647705078125,684.8361206054688
984682364,728.1910400390625,0.9728630185127258,241.55142211914062,685.1549682617188
984699272,728.1154174804688,0.9753096699714661,241.77618408203125,685.4749755859375
984716094,728.0367431640625,0.9777127504348755,242.00076293945312,685.7963256835938
984732589,727.9551391601562,0.9800316691398621,242.22520446777344,686.1055297851562
984748891,727.87060546875,0.9822457432746887,242.44944763183594,686.3999633789062
984765158,727.7830810546875,0.9843493103981018,242.67344665527344,686.6954345703125
984781379,727.6926879882812,0.9863412380218506,242.8971405029297,686.9918823242188
984797545,727.599365234375,0.9882293939590454,243.1204376220703,687.289306640625
984813687,727.5030517578125,0.9900243878364563,243.34329223632812,687.587890625
984829826,727.4038696289062,0.9917449355125427,243.56561279296875,687.8873901367188
984845988,727.3017578125,0.993412971496582,243.78746032714844,688.1843872070312
984862188,727.1966552734375,0.9950251579284668,244.00877380371094,688.48095703125
984878172,727.088623046875,0.9965386986732483,244.2296142578125,688.7784423828125
984893862,726.977783203125,0.9978974461555481,244.4500274658203,689.0769653320312
984909549,726.8641357421875,0.9990059733390808,244.67007446289062,689.3767700195312
984925365,726.747802734375,0.9997913837432861,244.88983154296875,689.677978515625
984941381,726.62890625,1.0002663135528564,245.10935974121094,689.9805297851562
984957621,726.5072631835938,1.0004671812057495,245.32864379882812,690.2886352539062
984974129,726.3828125,1.000450611114502,245.54771423339844,690.5982055664062
984990781,726.2554931640625,1.000260591506958,245.76654052734375,690.9091796875
985007511,726.1253662109375,0.9999406337738037,245.98509216308594,691.2216796875
985024274,725.9923706054688,0.999523401260376,246.20338439941406,691.5359497070312
985041013,725.8563842773438,0.9990087747573853,246.42135620117188,691.8519287109375
985057634,725.717529296875,0.9983412027359009,246.6389923095703,692.172607421875
985074302,725.5758666992188,0.9974372982978821,246.85626220703125,692.4970092773438
985091074,725.431396484375,0.9962457418441772,247.07313537597656,692.8228759765625
985107959,725.2842407226562,0.9947856068611145,247.2895965576172,693.1502075195312
985124550,725.1343383789062,0.9930418729782104,247.50550842285156,693.4791259765625
985140951,724.9818115234375,0.9910152554512024,247.7208251953125,693.8093872070312
985157333,724.82666015625,0.9887198209762573,247.93551635742188,694.1422729492188
985174155,724.668701171875,0.9862391948699951,248.14956665039062,694.4774780273438
985191159,724.5078735351562,0.9836405515670776,248.3629150390625,694.8137817382812
985208184,724.3441772460938,0.980946958065033,248.5755615234375,695.1513671875
985225204,724.1775512695312,0.9781551957130432,248.78744506835938,695.4903564453125
985242241,724.0078735351562,0.9752700328826904,248.9986114501953,695.8309936523438
985259309,723.8352661132812,0.9722994565963745,249.2090606689453,696.1657104492188
985276402,723.6597290039062,0.9692450165748596,249.4187774658203,696.49462890625
985293332,723.4813842773438,0.966062605381012,249.627685546875,696.8245849609375
985310285,723.3002319335938,0.9626868367195129,249.835693359375,697.1557006835938
985327186,723.1163940429688,0.9590696096420288,250.04275512695312,697.4879150390625
985344079,722.9298706054688,0.955206573009491,250.24887084960938,697.8211669921875
985360786,722.74072265625,0.9511204957962036,250.45394897460938,698.1668090820312
985377458,722.5489501953125,0.9468522071838379,250.65792846679688,698.5265502929688
985394520,722.3543090820312,0.9424670338630676,250.86082458496094,698.886962890625
985411741,722.1569213867188,0.938010573387146,251.06260681152344,699.2479858398438
985429206,721.9566040039062,0.9335117340087891,251.26319885253906,699.610107421875
985446580,721.7532958984375,0.9289692044258118,251.462646484375,699.9734497070312
985463952,721.547119140625,0.9243665933609009,251.66094970703125,700.3506469726562
985481363,721.3380737304688,0.9196848273277283,251.8581085205078,700.7300415039062
985498791,721.1261596679688,0.9148690104484558,252.0541229248047,701.1102905273438
985516009,720.9114990234375,0.9098806381225586,252.2489471435547,701.491455078125
985533341,720.6941528320312,0.9047150611877441,252.44252014160156,701.8737182617188
985550915,720.4740600585938,0.8994157314300537,252.63478088378906,702.2220458984375
985571407,720.2138061523438,0.8931105136871338,252.8573455810547,702.6060180664062
985588845,719.9879150390625,0.8876135945320129,253.0465545654297,702.9364624023438
985606207,719.7591552734375,0.8820350766181946,253.23426818847656,703.2682495117188
985623451,719.5277709960938,0.8763672709465027,253.42050170898438,703.6011962890625
985640630,719.293701171875,0.8706063628196716,253.605224609375,703.9356079101562
985657841,719.0568237304688,0.864742636680603,253.7885284423828,704.2868041992188
985675137,718.8171997070312,0.8587571382522583,253.970458984375,704.6443481445312
985692576,718.5748901367188,0.8526536226272583,254.1510772705078,705.003173828125
985710128,718.3297729492188,0.8464440107345581,254.33047485351562,705.3635864257812
985727676,718.0819091796875,0.8401325941085815,254.5086212158203,705.7255249023438
985745198,717.8314208984375,0.8337132334709167,254.6855010986328,706.0890502929688
985762698,717.5781860351562,0.827182412147522,254.8611297607422,706.4554443359375
985780144,717.3223266601562,0.8205307126045227,255.03546142578125,706.8231811523438
985797583,717.0637817382812,0.813755214214325,255.2084503173828,707.1925659179688
985815025,716.8026123046875,0.806856095790863,255.3800506591797,707.5634765625
985832438,716.5387573242188,0.7998313903808594,255.5502166748047,707.9360961914062
985849867,716.2722778320312,0.7926940321922302,255.71888732910156,708.3094482421875
985867285,716.0032348632812,0.7854571342468262,255.88607788085938,708.68408203125
985884678,715.7316284179688,0.778121292591095,256.0517578125,709.0601806640625
985902052,715.4574584960938,0.7706853747367859,256.2159423828125,709.4379272460938
985919394,715.1808471679688,0.7631444931030273,256.3786315917969,709.8173217773438
985936666,714.9016723632812,0.7554838061332703,256.5398254394531,710.194091796875
985953226,714.6202392578125,0.7476834654808044,256.6999206542969,710.5664672851562
985968240,714.3367309570312,0.7397348284721375,256.8595275878906,710.9403686523438
985980321,714.0513916015625,0.7316265106201172,257.0191650390625,711.3159790039062
985989533,713.7642822265625,0.7233496308326721,257.17901611328125,711.693115234375
985996477,713.4754028320312,0.7149084806442261,257.3388977050781,712.0698852539062
986002169,713.1845703125,0.7063199877738953,257.4988098144531,712.4219970703125
986007196,712.891845703125,0.6976106762886047,257.65869140625,712.77587890625
986011843,712.5972290039062,0.6888049244880676,257.81854248046875,713.1316528320312
986016306,712.3009643554688,0.6799448132514954,257.978515625,713.4888305664062
986020694,712.0028686523438,0.6710978746414185,258.13861083984375,713.8478393554688
986024856,711.7032470703125,0.6622909903526306,258.29888916015625,714.1986083984375
986028920,711.402099609375,0.65352463722229,258.4593505859375,714.5386962890625
986032983,711.0994873046875,0.6447936296463013,258.61993408203125,714.8802490234375
986037116,710.7954711914062,0.6361038684844971,258.78070068359375,715.22314453125
986041368,710.4901123046875,0.627449095249176,258.9415588378906,715.5673828125
986045787,710.1834106445312,0.6188101172447205,259.1025390625,715.9129028320312
986050377,709.8753051757812,0.6101744771003723,259.2635192871094,716.2574462890625
986055141,709.5658569335938,0.6015288829803467,259.4244689941406,716.6017456054688
986060094,709.2549438476562,0.5928611755371094,259.58544921875,716.9474487304688
986065221,708.9425048828125,0.5841478705406189,259.7464294433594,717.294677734375
986070553,708.6283569335938,0.5753815174102783,259.9072265625,717.6434326171875
986076105,708.3125,0.5665847063064575,260.0678405761719,717.9937744140625
986081910,707.994873046875,0.5577943921089172,260.2281799316406,718.342529296875
986087941,707.6754760742188,0.5490019917488098,260.38812255859375,718.6919555664062
986094310,707.3541259765625,0.5401918888092041,260.5476379394531,719.0433959960938
986100995,707.0309448242188,0.5313448905944824,260.7066345214844,719.3963623046875
986108012,706.7058715820312,0.5224372744560242,260.8649597167969,719.7509765625
986115140,706.37890625,0.5134540796279907,261.0226135253906,720.1082763671875
986122214,706.0501708984375,0.5043940544128418,261.1795349121094,720.4740600585938
986129218,705.7195434570312,0.49529191851615906,261.3356628417969,720.8413696289062
986136216,705.3871459960938,0.4862108826637268,261.490966796875,721.2101440429688
986143112,705.0528564453125,0.4771817624568939,261.64532470703125,721.5803833007812
986150026,704.7167358398438,0.46820005774497986,261.7987365722656,721.9520874023438
986156952,704.3788452148438,0.4592355787754059,261.9510803222656,722.3201904296875
986163940,704.0390014648438,0.45024579763412476,262.10247802734375,722.6873779296875
986171019,703.6973876953125,0.44119927287101746,262.2528381347656,723.0560302734375
986178153,703.3538208007812,0.4320829510688782,262.4022216796875,723.4263305664062
986185406,703.0083618164062,0.4229394495487213,262.5505676269531,723.7982788085938
986192577,702.6610107421875,0.41384950280189514,262.69793701171875,724.172607421875
986199646,702.3117065429688,0.4048542380332947,262.8442077636719,724.5513916015625
986206786,701.9603881835938,0.39593827724456787,262.9893798828125,724.9318237304688
986213935,701.607177734375,0.38705044984817505,263.1334533691406,725.313720703125
986221140,701.2520751953125,0.37814199924468994,263.27642822265625,725.6970825195312
986228334,700.8949584960938,0.36918166279792786,263.4183349609375,726.0822143554688
986235323,700.5360107421875,0.36015740036964417,263.5592956542969,726.4678344726562
986242283,700.1752319335938,0.3511366844177246,263.69915771484375,726.8548583984375
986248678,699.8125610351562,0.3421931862831116,263.8380126953125,727.2435302734375
986254715,699.4481811523438,0.3333060145378113,263.9758605957031,727.633544921875
986260576,699.0819702148438,0.3244051933288574,264.1128234863281,728.0250244140625
986266263,698.7139892578125,0.315443217754364,264.2489013671875,728.4202880859375
986271740,698.3444213867188,0.30638983845710754,264.3841857910156,728.8171997070312
986277035,697.9730834960938,0.2971994876861572,264.51885986328125,729.2157592773438
986282376,697.6002807617188,0.2878784239292145,264.6533203125,729.6156005859375
986288707,697.2261352539062,0.27845606207847595,264.7879638671875,730.016845703125
986294282,696.8505249023438,0.26890841126441956,264.92254638671875,730.4217529296875
986299428,696.473388671875,0.25923529267311096,265.05694580078125,730.8284912109375
986304322,696.0947265625,0.2494303584098816,265.1913757324219,731.2368774414062
986309099,695.714599609375,0.23946529626846313,265.3257751464844,731.6466064453125
986313858,695.3330078125,0.22931350767612457,265.4602355957031,732.0576782226562
986318621,694.9500732421875,0.218984454870224,265.5948181152344,732.4611206054688
986323373,694.565673828125,0.20852193236351013,265.7295837402344,732.8649291992188
986328125,694.179931640625,0.19796501100063324,265.86456298828125,733.2702026367188
986332867,693.7929077148438,0.1873222440481186,265.9997863769531,733.6767578125
986337629,693.404541015625,0.17656131088733673,266.1353454589844,734.084716796875
986342416,693.014892578125,0.16567379236221313,266.271240234375,734.4974365234375
986347223,692.6239624023438,0.15467849373817444,266.4075012207031,734.9117431640625
986352039,692.2318115234375,0.143595352768898,266.544189453125,735.3273315429688
986356875,691.83837890625,0.13243503868579865,266.6813049316406,735.7442626953125
986361730,691.4437866210938,0.12118397653102875,266.81884765625,736.1627807617188
986366616,691.0479125976562,0.10984490811824799,266.95684814453125,736.5848388671875
986371521,690.6507568359375,0.09843412786722183,267.09527587890625,737.0082397460938
986376439,690.25244140625,0.08695946633815765,267.23419189453125,737.432861328125
986381373,689.8528442382812,0.07541444897651672,267.37353515625,737.8589477539062
986386335,689.4520263671875,0.06379097700119019,267.51336669921875,738.2849731445312
986391307,689.0499267578125,0.05209419131278992,267.6536560058594,738.710693359375
986396288,688.6465454101562,0.04033251479268074,267.79443359375,739.1377563476562
986401275,688.2418823242188,0.02851961739361286,267.9356384277344,739.566162109375
986406256,687.8359375,0.01665264554321766,268.07733154296875,739.9959716796875
986411255,687.4287719726562,0.004732451867312193,268.2194519042969,740.4299926757812
986416252,687.0203247070312,-0.007240156177431345,268.3620300292969,740.8666381835938
986421243,686.6107177734375,-0.019260883331298828,268.5050354003906,741.304443359375
986426241,686.1998291015625,-0.03132034093141556,268.6484680175781,741.7435913085938
986431242,685.7876586914062,-0.04341336339712143,268.7923278808594,742.1825561523438
986436251,685.3743286132812,-0.055534083396196365,268.9366149902344,742.6126708984375
986441266,684.9597778320312,-0.06767791509628296,269.081298828125,743.0440063476562
986446285,684.5439453125,-0.07984576374292374,269.2264404296875,743.4768676757812
986451321,684.1268920898438,-0.0920320674777031,269.37200927734375,743.9110107421875
986456374,683.7086181640625,-0.10422953963279724,269.5179748535156,744.3555908203125
986461435,683.2891235351562,-0.11643199622631073,269.6643981933594,744.8111572265625
986466501,682.868408203125,-0.12864501774311066,269.81121826171875,745.2678833007812
986471587,682.4464111328125,-0.14087195694446564,269.9584655761719,745.725830078125
986476682,682.0232543945312,-0.15310443937778473,270.1061706542969,746.1834106445312
986481788,681.5988159179688,-0.16533680260181427,270.2543029785156,746.629150390625
986486907,681.173095703125,-0.17757107317447662,270.4028625488281,747.0762939453125
986492014,680.7462158203125,-0.18982137739658356,270.5518493652344,747.524658203125
986497146,680.318115234375,-0.20208746194839478,270.7012634277344,747.9744262695312
986502297,679.8887329101562,-0.2143559604883194,270.8511047363281,748.4224243164062
986507444,679.4581909179688,-0.22661589086055756,271.00140380859375,748.8696899414062
986512585,679.0264282226562,-0.23889341950416565,271.152099609375,749.318359375
986517731,678.5933837890625,-0.2512049973011017,271.30322265625,749.7684326171875
986522902,678.1592407226562,-0.2635411322116852,271.4548034667969,750.2216796875
986528082,677.7238159179688,-0.2758791446685791,271.6068115234375,750.686767578125
986533272,677.2872314453125,-0.2882241904735565,271.75921630859375,751.1531372070312
986538447,676.8494262695312,-0.3006037175655365,271.9120788574219,751.6207275390625
986543654,676.4104614257812,-0.31302815675735474,272.06536865234375,752.089599609375
986548873,675.9702758789062,-0.32547852396965027,272.21905517578125,752.55810546875
986554094,675.52880859375,-0.33794084191322327,272.3731994628906,753.0277099609375
986559307,675.0862426757812,-0.35043129324913025,272.52777099609375,753.49853515625
986564550,674.6423950195312,-0.36296144127845764,272.6827392578125,753.9706420898438
986569827,674.1973876953125,-0.37551024556159973,272.8381652832031,754.442626953125
986575103,673.7511596679688,-0.38805267214775085,272.9940185546875,754.914794921875
986580377,673.3037719726562,-0.4005926847457886,273.1502685546875,755.3883056640625
986585661,672.8551635742188,-0.413140207529068,273.3069763183594,755.8630981445312
986590990,672.4053344726562,-0.42567235231399536,273.464111328125,756.3377685546875
986596328,671.954345703125,-0.43814605474472046,273.62164306640625,756.8113403320312
986601666,671.502197265625,-0.45055916905403137,273.7796325683594,757.2861938476562
986607002,671.048828125,-0.4629315733909607,273.93804931640625,757.7623901367188
986612365,670.5942993164062,-0.47524726390838623,274.096923828125,758.2420043945312
986617753,670.1385498046875,-0.48746001720428467,274.2561950683594,758.736572265625
986623141,669.6817016601562,-0.4995558261871338,274.4158935546875,759.2320556640625
986628520,669.2236328125,-0.5115639567375183,274.5760498046875,759.728759765625
986633914,668.764404296875,-0.5234971046447754,274.73663330078125,760.2252807617188
986639335,668.3040771484375,-0.5353208184242249,274.89764404296875,760.7102661132812
986644759,667.8424682617188,-0.547006368637085,275.0591125488281,761.1967163085938
986650178,667.3797607421875,-0.5585665106773376,275.2209777832031,761.6843872070312
986655610,666.9158935546875,-0.5700228810310364,275.3832702636719,762.1734008789062
986661069,666.4508056640625,-0.5813618302345276,275.5460205078125,762.66455078125
986666525,665.984619140625,-0.5925514101982117,275.70916748046875,763.156982421875
986671986,665.5172119140625,-0.6035813689231873,275.87274169921875,763.6506958007812
986677450,665.0486450195312,-0.6144632697105408,276.0367431640625,764.1458129882812
986682937,664.5789794921875,-0.6251892447471619,276.2011413574219,764.6448974609375
986688426,664.108154296875,-0.6357362866401672,276.365966796875,765.1455688476562
986693929,663.6361083984375,-0.6460924744606018,276.5312194824219,765.6474609375
986699438,663.1629638671875,-0.6562613844871521,276.6968994140625,766.1505126953125
986704966,662.688720703125,-0.6662390828132629,276.86297607421875,766.6553344726562
986710497,662.2132568359375,-0.6760099530220032,277.0294494628906,767.161376953125
986716050,661.7366333007812,-0.6855673789978027,277.1963806152344,767.668701171875
986721602,661.2589111328125,-0.6949150562286377,277.36370849609375,768.1771850585938
986727161,660.7800903320312,-0.7040558457374573,277.5314636230469,768.6824340820312
986732725,660.3001708984375,-0.7129867672920227,277.6995849609375,769.188720703125
986738309,659.8191528320312,-0.7216979265213013,277.8681945800781,769.6962280273438
986743888,659.3369750976562,-0.7302035689353943,278.0372009277344,770.2050170898438
986749756,658.853759765625,-0.7385228276252747,278.2067565917969,770.7176513671875
986755694,658.3694458007812,-0.7466502785682678,278.3768615722656,771.2314453125
986761715,657.884033203125,-0.7545831799507141,278.5475769042969,771.7464599609375
986769160,657.3164672851562,-0.7636114358901978,278.7475891113281,772.348388671875
986775957,656.8289184570312,-0.7711765766143799,278.91986083984375,772.8646850585938
986783131,656.3404541015625,-0.7785469889640808,279.093017578125,773.382080078125
986790385,655.8511352539062,-0.7856935858726501,279.26702880859375,773.900634765625
986797807,655.3609008789062,-0.7926519513130188,279.4419860839844,774.4231567382812
986805253,654.8698120117188,-0.7994688749313354,279.6180114746094,774.9512329101562
986812851,654.3779296875,-0.8060967922210693,279.7950134277344,775.4801025390625
986820610,653.88525390625,-0.812454342842102,279.9732360839844,776.0098876953125
986828401,653.3917236328125,-0.8185336589813232,280.1526184082031,776.5369262695312
986836262,652.8974609375,-0.8243880867958069,280.333251953125,777.0626220703125
986844261,652.40283203125,-0.8299880027770996,280.5151062011719,777.5889282226562
986852307,651.9089965820312,-0.8352397084236145,280.6977844238281,778.1148071289062
986860452,651.41552734375,-0.8401572108268738,280.8815002441406,778.638671875
986868783,650.922607421875,-0.844787061214447,281.0663146972656,779.1617431640625
986877801,650.43017578125,-0.8491241931915283,281.25238037109375,779.6849975585938
986887422,649.9384155273438,-0.8531267642974854,281.4397888183594,780.2081298828125
986897583,649.4468383789062,-0.8568043112754822,281.6288146972656,780.7340087890625
986908314,648.9546508789062,-0.8601853251457214,281.8197937011719,781.2611083984375
986919796,648.4613037109375,-0.8632402420043945,282.0130615234375,781.7901000976562
986931954,647.9663696289062,-0.8659349083900452,282.2087707519531,782.3213500976562
986944507,647.4700317382812,-0.8683053851127625,282.4069519042969,782.8555297851562
986957263,646.972412109375,-0.8704069256782532,282.60760498046875,783.3914184570312
986970402,646.4740600585938,-0.8722521662712097,282.8106689453125,783.9286499023438
986983987,645.9756469726562,-0.8738457560539246,283.01605224609375,784.4656982421875
986998029,645.4776000976562,-0.875244140625,283.2236022949219,785.0020751953125
987012781,644.98046875,-0.8764709830284119,283.4331970214844,785.538330078125
987028441,644.4844360351562,-0.8775257468223572,283.6449279785156,786.074462890625
987044702,643.9892578125,-0.8784422278404236,283.8587341308594,786.6112060546875
987060966,643.4950561523438,-0.8792837262153625,284.07476806640625,787.14794921875
987077611,643.0013427734375,-0.8800503015518188,284.293212890625,787.684814453125
987094328,642.5079345703125,-0.8807060122489929,284.5141906738281,788.2219848632812
987110387,642.014404296875,-0.8812411427497864,284.7377624511719,788.7599487304688
987125830,641.5205688476562,-0.8816559314727783,284.9640197753906,789.2987670898438
987140947,641.0263671875,-0.8819367289543152,285.1929626464844,789.838623046875
987155461,640.53173828125,-0.8820462822914124,285.4245910644531,790.3795776367188
987169389,640.0369873046875,-0.8819875121116638,285.6589050292969,790.9210205078125
987182971,639.5421752929688,-0.8817635774612427,285.89581298828125,791.4630737304688
987196232,639.0474853515625,-0.8814018368721008,286.13531494140625,792.00537109375
987209039,638.5531616210938,-0.8809337019920349,286.37725830078125,792.5482788085938
987221474,638.059326171875,-0.8803784847259521,286.6216125488281,793.091552734375
987233709,637.56591796875,-0.8797284364700317,286.8683776855469,793.635009765625
987245648,637.0731201171875,-0.8789874911308289,287.1174621582031,794.1785278320312
987257690,636.5806274414062,-0.8781952857971191,287.368896484375,794.7247924804688
987270432,636.0885620117188,-0.8773561120033264,287.622802734375,795.2724609375
987283855,635.5967407226562,-0.8764376640319824,287.8791809082031,795.8213500976562
987297915,635.1051635742188,-0.8754196763038635,288.13818359375,796.3709716796875
987312498,634.6138305664062,-0.8743056058883667,288.39984130859375,796.9199829101562
987327515,634.1226806640625,-0.8730830550193787,288.6641845703125,797.4699096679688
987342992,633.6318969726562,-0.8717309236526489,288.93121337890625,798.0206298828125
987359005,633.141357421875,-0.8702360987663269,289.2008972167969,798.5703735351562
987375467,632.6513061523438,-0.8686091303825378,289.4732666015625,799.1187133789062
987392546,632.1618041992188,-0.8668088316917419,289.7482604980469,799.6670532226562
987410180,631.6729125976562,-0.8647930026054382,290.0259704589844,800.2154541015625
987428345,631.1846923828125,-0.8625397086143494,290.3064270019531,800.7660522460938
987447009,630.6972045898438,-0.8600286841392517,290.58953857421875,801.3170776367188
987466613,630.2105712890625,-0.8571761846542358,290.8754577636719,801.868408203125
987486805,629.7246704101562,-0.8539060950279236,291.1642761230469,802.4225463867188
987507348,629.2396850585938,-0.8502020835876465,291.4560241699219,802.9873657226562
987528471,628.755615234375,-0.8460001349449158,291.7507629394531,803.5536499023438
987550052,628.2723999023438,-0.8411753177642822,292.048583984375,804.1215209960938
987571518,627.7901611328125,-0.8356891870498657,292.3495788574219,804.6947021484375
987592722,627.3089599609375,-0.8295833468437195,292.6536865234375,805.2713623046875
987614134,626.8287963867188,-0.8228371143341064,292.9609375,805.8502197265625
987635771,626.3497314453125,-0.8154014945030212,293.2713317871094,806.4330444335938
987657906,625.8717651367188,-0.8073325753211975,293.58489990234375,807.0263671875
987680599,625.3950805664062,-0.7987551689147949,293.9014587402344,807.622314453125
987704196,624.9194946289062,-0.7897095680236816,294.2210693359375,808.2213134765625
987728249,624.4451904296875,-0.7802084684371948,294.5436706542969,808.8255615234375
987752627,623.97216796875,-0.770331621170044,294.86920166015625,809.4329833984375
987777863,623.5004272460938,-0.7601118683815002,295.19775390625,810.0433349609375
987803795,623.0299682617188,-0.7495540976524353,295.52923583984375,810.6749877929688
987830103,622.5608520507812,-0.7386927604675293,295.8636779785156,811.326416015625
987856988,622.0930786132812,-0.7275034785270691,296.20111083984375,811.982666015625
987884710,621.626708984375,-0.7159101366996765,296.5416259765625,812.6353149414062
987912527,621.1618041992188,-0.7038596868515015,296.88519287109375,813.2816772460938
987940935,620.6984252929688,-0.6911091208457947,297.23211669921875,813.9310913085938
987970277,620.23681640625,-0.6775615811347961,297.5824279785156,814.5538940429688
987998857,619.7769165039062,-0.6633210778236389,297.93597412109375,815.1282348632812
988026667,619.318603515625,-0.6485148668289185,298.29266357421875,815.7026977539062
988054589,618.8618774414062,-0.6330339908599854,298.6524658203125,816.2772827148438
988082892,618.406982421875,-0.6165769696235657,299.0157165527344,816.910888671875
988110719,617.9541015625,-0.5991322994232178,299.38232421875,817.5540161132812
988138872,617.503173828125,-0.5806428790092468,299.75238037109375,818.1995849609375
988167499,617.0543212890625,-0.5610345602035522,300.125732421875,818.8333129882812
988195738,616.607666015625,-0.5403948426246643,300.5024719238281,819.464111328125
988222782,616.1632080078125,-0.5188842415809631,300.8824462890625,820.0963745117188
988249477,615.7207641601562,-0.4966806173324585,301.2654113769531,820.7548217773438
988275931,615.2802734375,-0.4738910496234894,301.6512451171875,821.43212890625
988301844,614.841552734375,-0.450614333152771,302.0398864746094,822.112060546875
988327603,614.404541015625,-0.42694494128227234,302.4312744140625,822.7452392578125
988354119,613.96923828125,-0.40304049849510193,302.8251953125,823.3508911132812
988380632,613.5354614257812,-0.37913092970848083,303.2215576171875,823.9572143554688
988407410,613.1031494140625,-0.3553703725337982,303.6201171875,824.5860595703125
988434540,612.6723022460938,-0.3317476809024811,304.02105712890625,825.261474609375
988461760,612.242919921875,-0.308139830827713,304.42431640625,825.9385986328125
988488834,611.8148803710938,-0.2846085727214813,304.829833984375,826.6106567382812
988516017,611.3883056640625,-0.2611176371574402,305.23760986328125,827.27197265625
988545159,610.9632568359375,-0.2374001294374466,305.6477966308594,827.9345092773438
988574913,610.539794921875,-0.21339671313762665,306.0604553222656,828.6033325195312
988604801,610.117919921875,-0.1891195923089981,306.4756164550781,829.2835083007812
988634657,609.6975708007812,-0.16453219950199127,306.8933410644531,829.9649658203125
988664347,609.2788696289062,-0.13947175443172455,307.3136291503906,830.6157836914062
988695429,608.8618774414062,-0.11365611106157303,307.7366638183594,831.2168579101562
988727471,608.44677734375,-0.08692902326583862,308.1625671386719,831.8185424804688
988759666,608.0338134765625,-0.059185851365327835,308.59136962890625,832.4244384765625
988793962,607.623046875,-0.030198905616998672,309.0231628417969,833.0985717773438
988828523,607.214599609375,0.00022963708033785224,309.4580078125,833.773681640625
988863092,606.8087768554688,0.03231681510806084,309.89593505859375,834.458740234375
988896655,606.4055786132812,0.06608347594738007,310.33697509765625,835.2468872070312
988930916,606.0052490234375,0.10179252177476883,310.78125,836.0338745117188
988964899,605.6078491210938,0.1394498646259308,311.22857666015625,836.7255249023438
988998204,605.2132568359375,0.17884154617786407,311.678955078125,837.3346557617188
989030550,604.8213500976562,0.21961437165737152,312.132080078125,837.944091796875
989062321,604.431884765625,0.2616111636161804,312.5878601074219,838.560546875
989093535,604.044921875,0.30468204617500305,313.0461730957031,839.1978149414062
989123804,603.66015625,0.348523885011673,313.5068359375,839.8353881835938
989153340,603.2774658203125,0.39282602071762085,313.96966552734375,840.4817504882812
989181846,602.8966674804688,0.43731310963630676,314.4344787597656,841.2078857421875
989209047,602.5175170898438,0.48181843757629395,314.9012451171875,841.9334106445312
989235960,602.1399536132812,0.5262075066566467,315.369873046875,842.6420288085938
989262409,601.7638549804688,0.5703489184379578,315.84027099609375,843.317138671875
989288319,601.3890991210938,0.6140565872192383,316.3123474121094,843.9918212890625
989315613,601.015625,0.6572865843772888,316.7861633300781,844.6529541015625
989344511,600.6434936523438,0.700249969959259,317.26171875,845.2901611328125
989375348,600.2728881835938,0.743080198764801,317.73907470703125,845.9276733398438
989405562,599.903564453125,0.7854694724082947,318.21807861328125,846.58203125
989432154,599.5355224609375,0.8271176218986511,318.6985168457031,847.297119140625
989458126,599.1688842773438,0.8681250810623169,319.18048095703125,848.0101928710938
989483569,598.8037109375,0.9086254239082336,319.6640319824219,848.7184448242188
989508175,598.4401245117188,0.9485799670219421,320.14923095703125,849.4199829101562
989533608,598.0779418945312,0.9879245162010193,320.6361389160156,850.1192016601562
989559862,597.7172241210938,1.0270076990127563,321.1251525878906,850.8062744140625
989586914,597.3580932617188,1.0660276412963867,321.61639404296875,851.482666015625
989614560,597.000732421875,1.1051689386367798,322.11004638671875,852.1575317382812
989642228,596.645263671875,1.144646167755127,322.6063232421875,852.8081665039062
989668335,596.2916870117188,1.1845533847808838,323.1053466796875,853.4415893554688
989694329,595.9402465820312,1.2249667644500732,323.6070861816406,854.0751953125
989720574,595.5909423828125,1.265853762626648,324.1114196777344,854.718505859375
989747247,595.2435913085938,1.307051420211792,324.61810302734375,855.3748779296875
989774289,594.8983764648438,1.3484166860580444,325.126953125,856.0298461914062
989802482,594.5553588867188,1.3899158239364624,325.63775634765625,856.6810302734375
989830441,594.214599609375,1.4313634634017944,326.1502990722656,857.3264770507812
989856879,593.8757934570312,1.4725288152694702,326.6643371582031,857.9700927734375
989870642,593.5390014648438,1.513267159461975,327.1797180175781,858.6067504882812
989884388,593.2040405273438,1.5536359548568726,327.696533203125,859.2255859375
989898122,592.8711547851562,1.5936312675476074,328.21490478515625,859.8441162109375
989911655,592.5400390625,1.6332064867019653,328.7348937988281,860.4625244140625
989925281,592.210693359375,1.672346830368042,329.25653076171875,861.0604858398438
989938951,591.8829956054688,1.7110308408737183,329.7798156738281,861.6597290039062
989952649,591.5570068359375,1.7492936849594116,330.3048400878906,862.2604370117188
989966383,591.2326049804688,1.787194848060608,330.8316955566406,862.8660888671875
989980022,590.9098510742188,1.8247590065002441,331.3603820800781,863.4749145507812
989993134,590.588623046875,1.8619364500045776,331.890869140625,864.0850219726562
990006222,590.2691040039062,1.8987469673156738,332.42315673828125,864.6966552734375
990019461,589.9513549804688,1.9352633953094482,332.9572448730469,865.3099365234375
990032842,589.6354370117188,1.971535325050354,333.4931945800781,865.9244384765625
990046488,589.3214111328125,2.0075769424438477,334.0309753417969,866.5404663085938
990060352,589.0093994140625,2.043442726135254,334.5705871582031,867.1616821289062
990074360,588.6993408203125,2.0791985988616943,335.1120300292969,867.7835693359375
990088515,588.3914794921875,2.114896059036255,335.6553039550781,868.4060668945312
990102637,588.0858154296875,2.1505658626556396,336.2004089355469,869.0240478515625
990116786,587.7823486328125,2.186244010925293,336.7474060058594,869.6424560546875
990131005,587.4810791015625,2.221963882446289,337.2962341308594,870.2620239257812
990145291,587.1820068359375,2.2577426433563232,337.8468322753906,870.8822021484375
990159626,586.8853149414062,2.293572425842285,338.3992614746094,871.5030517578125
990174016,586.5910034179688,2.3294589519500732,338.9534606933594,872.1251831054688
990190858,586.2504272460938,2.3714256286621094,339.60235595703125,872.8553466796875
990205398,585.9612426757812,2.407529830932617,340.1605224609375,873.4846801757812
990217829,585.6742553710938,2.443791151046753,340.7205810546875,874.11474609375
990227240,585.3893432617188,2.4801721572875977,341.2824401855469,874.7439575195312
990233264,585.1056518554688,2.5165932178497314,341.8459167480469,875.3715209960938
990237146,584.8229370117188,2.553056001663208,342.41094970703125,876.00048828125
990241075,584.541259765625,2.589581251144409,342.9776611328125,876.6306762695312
990245042,584.2607421875,2.626149892807007,343.5458984375,877.2616577148438
990249039,583.9812622070312,2.6626884937286377,344.11578369140625,877.89404296875
990253215,583.7028198242188,2.699174642562866,344.687255859375,878.5278930664062
990258333,583.4257202148438,2.7356410026550293,345.2603759765625,879.1681518554688
990264055,583.1502685546875,2.772149085998535,345.83514404296875,879.808837890625
990270055,582.876220703125,2.808749198913574,346.4114990234375,880.4500122070312
990275821,582.6036376953125,2.8454506397247314,346.9892578125,881.0889282226562
990281232,582.332275390625,2.88224720954895,347.5683288574219,881.7282104492188
990286226,582.0619506835938,2.9190821647644043,348.14849853515625,882.3683471679688
990290902,581.7923583984375,2.9559576511383057,348.72979736328125,883.0086669921875
990295334,581.5234375,2.992896556854248,349.31207275390625,883.6497802734375
990299527,581.2547607421875,3.029914379119873,349.8952941894531,884.2918701171875
990303493,580.9863891601562,3.0669775009155273,350.4791564941406,884.9353637695312
990307074,580.7184448242188,3.1039958000183105,351.0626525878906,885.57861328125
990310548,580.4507446289062,3.1410112380981445,351.6460266113281,886.2216186523438
990313927,580.1830444335938,3.17806077003479,352.2291564941406,886.8643188476562
990317199,579.9154052734375,3.2151896953582764,352.81195068359375,887.506591796875
990320343,579.647705078125,3.2523717880249023,353.3944396972656,888.1484375
990323438,579.3796997070312,3.289602518081665,353.9770202636719,888.7901611328125
990326911,579.1109008789062,3.3269476890563965,354.56048583984375,889.4331665039062
990330817,578.8411865234375,3.364468812942505,355.1453552246094,890.0779418945312
990335105,578.5703735351562,3.40217924118042,355.7318115234375,890.7244873046875
990339235,578.2984619140625,3.4399874210357666,356.31964111328125,891.3724365234375
990342920,578.0257568359375,3.477820634841919,356.90826416015625,892.021240234375
990346032,577.7525634765625,3.515587329864502,357.49713134765625,892.6707153320312
990348860,577.4790649414062,3.553189516067505,358.0857238769531,893.3220825195312
990351634,577.2055053710938,3.590557813644409,358.6738586425781,893.9735717773438
990354443,576.9319458007812,3.6276252269744873,359.2615966796875,894.625244140625
990357106,576.658203125,3.664344310760498,359.84918212890625,895.2763061523438
990360060,576.3839721679688,3.7006828784942627,360.4368896484375,895.9279174804688
990363345,576.1090087890625,3.736679792404175,361.02520751953125,896.5806274414062
990366923,575.8331298828125,3.7723710536956787,361.6143493652344,897.2244873046875
990370799,575.5562744140625,3.8077805042266846,362.2044982910156,897.868408203125
990374872,575.2783203125,3.842926025390625,362.7955627441406,898.512451171875
990378884,574.9993286132812,3.877845287322998,363.38739013671875,899.1640625
990382769,574.71923828125,3.912569046020508,363.9795227050781,899.81689453125
990386597,574.4382934570312,3.947075366973877,364.5716552734375,900.4699096679688
990390363,574.1564331054688,3.9813456535339355,365.1635437011719,901.1329956054688
990394146,573.87353515625,4.015392303466797,365.7551574707031,901.7994384765625
990397994,573.589599609375,4.049249649047852,366.3464660644531,902.4673461914062
990401984,573.304443359375,4.08303165435791,366.9375915527344,903.122802734375
990406135,573.0177612304688,4.116809844970703,367.5286560058594,903.7752685546875
990410382,572.7294311523438,4.150613784790039,368.1197509765625,904.4279174804688
990414726,572.4393310546875,4.184459209442139,368.71099853515625,905.0855712890625
990419216,572.1473388671875,4.21842622756958,369.3023681640625,905.7456665039062
990423696,571.8534545898438,4.252562999725342,369.8937072753906,906.406494140625
990428255,571.5574340820312,4.286966800689697,370.4848327636719,907.0681762695312
990432983,571.259521484375,4.321674823760986,371.075439453125,907.7301025390625
990437761,570.95947265625,4.356645107269287,371.66546630859375,908.3923950195312
990442717,570.6571655273438,4.391843795776367,372.2547302246094,909.0576782226562
990447710,570.3527221679688,4.427314758300781,372.84326171875,909.724853515625
990452760,570.0460815429688,4.4630608558654785,373.4310302734375,910.3923950195312
990457955,569.7371215820312,4.499039173126221,374.0180358886719,911.0569458007812
990463291,569.4257202148438,4.5352277755737305,374.6044616699219,911.7200317382812
990468918,569.11181640625,4.571670055389404,375.1902770996094,912.383544921875
990474657,568.7954711914062,4.608382225036621,375.77545166015625,913.067138671875
990480470,568.4766235351562,4.645358562469482,376.3599548339844,913.7631225585938
990486318,568.1552124023438,4.682608127593994,376.9437255859375,914.461181640625
990492329,567.8311767578125,4.720272541046143,377.5267028808594,915.1631469726562
990498298,567.5044555664062,4.758464813232422,378.1087341308594,915.8673095703125
990504223,567.1749267578125,4.7972412109375,378.6896667480469,916.5731811523438
990510162,566.8425903320312,4.836636543273926,379.26947021484375,917.267333984375
990516386,566.5074462890625,4.876768589019775,379.8480224609375,917.9609375
990522532,566.16943359375,4.917581081390381,380.4253845214844,918.6550903320312
990528584,565.82861328125,4.958915710449219,381.0015563964844,919.3345336914062
990534652,565.485107421875,5.000706672668457,381.5767517089844,920.014404296875
990540831,565.1389770507812,5.0428853034973145,382.1509094238281,920.6951904296875
990547206,564.7902221679688,5.085233211517334,382.7239990234375,921.3833618164062
990553766,564.4390258789062,5.1276068687438965,383.296142578125,922.0719604492188
990560379,564.0855102539062,5.169904708862305,383.86737060546875,922.766845703125
990567192,563.729736328125,5.2119622230529785,384.43768310546875,923.492919921875
990574209,563.371826171875,5.25374174118042,385.00714111328125,924.2190551757812
990581356,563.0114135742188,5.295296669006348,385.5757141113281,924.928466796875
990588601,562.6487426757812,5.336606025695801,386.1434326171875,925.6123657226562
990596005,562.2837524414062,5.37775182723999,386.71026611328125,926.2966918945312
990603287,561.916259765625,5.418835163116455,387.2761535644531,926.9953002929688
990610604,561.5462646484375,5.4598612785339355,387.84100341796875,927.70947265625
990617986,561.173828125,5.500768184661865,388.4049072265625,928.42333984375
990625365,560.7989501953125,5.541685581207275,388.9678955078125,929.1254272460938
990632724,560.4215087890625,5.5826945304870605,389.5297546386719,929.8213500976562
990640067,560.0414428710938,5.623776912689209,390.0903625488281,930.517333984375
990647414,559.6589965820312,5.664815425872803,390.6498718261719,931.2327880859375
990654861,559.2739868164062,5.705838680267334,391.2081298828125,931.9527587890625
990661856,558.8867797851562,5.746909141540527,391.764892578125,932.67138671875
990668671,558.4976196289062,5.787936210632324,392.3197021484375,933.3721313476562
990676778,558.1076049804688,5.828694820404053,392.8717041015625,934.0700073242188
990686948,557.7169189453125,5.869251251220703,393.4207458496094,934.7651977539062
990697284,557.3255004882812,5.9096479415893555,393.96673583984375,935.4586181640625
990706160,556.9334716796875,5.949768543243408,394.5096130371094,936.1488037109375
990714527,556.5413208007812,5.989652633666992,395.0491638183594,936.8360595703125
990725928,556.1492309570312,6.029503345489502,395.5849609375,937.5218505859375
990737165,555.7576293945312,6.069282531738281,396.1169738769531,938.2026977539062
990748208,555.3666381835938,6.108867645263672,396.645263671875,938.8792724609375
990759252,554.9759521484375,6.1482648849487305,397.1700744628906,939.5526123046875
990771088,554.5856323242188,6.187593460083008,397.69134521484375,940.2210693359375
990783161,554.1952514648438,6.226894378662109,398.208984375,940.8873291015625
990794534,553.8053588867188,6.266161918640137,398.7227783203125,941.5532836914062
990805932,553.4163818359375,6.305392265319824,399.232666015625,942.2130126953125
990817958,553.0283203125,6.344499588012695,399.73876953125,942.8670654296875
990829843,552.6412963867188,6.383392333984375,400.2411804199219,943.5158081054688
990841177,552.25537109375,6.422041416168213,400.739990234375,944.1586303710938
990852193,551.8705444335938,6.460421562194824,401.2352294921875,944.7945556640625
990864048,551.4869995117188,6.498451232910156,401.7270202636719,945.4196166992188
990875962,551.1050415039062,6.536069869995117,402.215576171875,946.04052734375
990886838,550.7247314453125,6.573276519775391,402.70111083984375,946.6573486328125
990893975,550.345947265625,6.610132694244385,403.18365478515625,947.2744140625
990902600,549.9680786132812,6.64663553237915,403.66314697265625,947.8868408203125
990913578,549.5910034179688,6.682784557342529,404.13916015625,948.4940795898438
990922712,549.2142333984375,6.7186598777771,404.61187744140625,949.0968017578125
990931349,548.83740234375,6.754372596740723,405.08111572265625,949.6952514648438
990940858,548.4606323242188,6.789973735809326,405.54681396484375,950.28955078125
990951443,548.0841674804688,6.825519561767578,406.0087585449219,950.8798217773438
990962794,547.7080688476562,6.861052989959717,406.46697998046875,951.4674072265625
990973916,547.33203125,6.896594047546387,406.9216003417969,952.0529174804688
990984841,546.9559936523438,6.932091236114502,407.37261962890625,952.6363525390625
990995589,546.5798950195312,6.967568397521973,407.8199768066406,953.2130126953125
991006174,546.2034912109375,7.003051280975342,408.26385498046875,953.7847900390625
991016593,545.8265380859375,7.038503646850586,408.7043762207031,954.3529052734375
991026838,545.4493408203125,7.0738606452941895,409.1413269042969,954.9185180664062
991037012,545.0722045898438,7.109080791473389,409.5746765136719,955.4840698242188
991047212,544.6951904296875,7.144116401672363,410.0044860839844,956.0464477539062
991057537,544.3185424804688,7.17892599105835,410.4307861328125,956.6056518554688
991067995,543.9421997070312,7.213478088378906,410.8536071777344,957.1613159179688
991078621,543.566162109375,7.247805118560791,411.2732238769531,957.7139282226562
991089157,543.1900634765625,7.28195333480835,411.6905822753906,958.264404296875
991093201,542.8135986328125,7.315913200378418,412.106201171875,958.8138427734375
991096793,542.4364624023438,7.349647521972656,412.5196838378906,959.3660888671875
991102329,542.0585327148438,7.383164882659912,412.93060302734375,959.9171752929688
991107966,541.6795043945312,7.416492462158203,413.33892822265625,960.4674072265625
991113472,541.2994384765625,7.449641227722168,413.74468994140625,961.0177001953125
991118876,540.9183959960938,7.482610702514648,414.1476745605469,961.5680541992188
991126381,540.5370483398438,7.515435218811035,414.5475158691406,962.1167602539062
991135158,540.1556396484375,7.548084259033203,414.9441833496094,962.66357421875
991144188,539.7744140625,7.580528259277344,415.3374328613281,963.2067260742188
991153405,539.3933715820312,7.612793445587158,415.7273864746094,963.7473754882812
991162345,539.0125122070312,7.644912242889404,416.11395263671875,964.2857055664062
991171136,538.6317749023438,7.6768975257873535,416.49713134765625,964.8223876953125
991180258,538.2512817382812,7.708752632141113,416.8768005371094,965.3627319335938
991190091,537.87060546875,7.740530490875244,417.2533874511719,965.901611328125
991197175,537.48876953125,7.772277355194092,417.6274108886719,966.4401245117188
991203368,537.105712890625,7.803980827331543,417.998779296875,966.9735717773438
991209471,536.7216186523438,7.835624694824219,418.3674011230469,967.4986572265625
991215565,536.3363647460938,7.8671956062316895,418.7332763671875,968.022705078125
991221652,535.9502563476562,7.898669719696045,419.0964660644531,968.5455932617188
991227715,535.5628662109375,7.930016040802002,419.4571533203125,969.0732421875
991233815,535.1742553710938,7.961216449737549,419.8154602050781,969.605224609375
991239976,534.7842407226562,7.99226713180542,420.17144775390625,970.1368408203125
991246258,534.392822265625,8.023175239562988,420.5252685546875,970.6683959960938
991252642,533.9998779296875,8.05395221710205,420.8768615722656,971.1981201171875
991259166,533.6054077148438,8.084602355957031,421.2262878417969,971.7271728515625
991265821,533.2094116210938,8.11513614654541,421.5734558105469,972.2561645507812
991272637,532.8121337890625,8.145575523376465,421.918212890625,972.78466796875
991279644,532.4135131835938,8.17594051361084,422.2605285644531,973.3064575195312
991286864,532.0135498046875,8.206262588500977,422.60028076171875,973.82763671875
991294277,531.6122436523438,8.236557006835938,422.9374084472656,974.3482055664062
991301847,531.2096557617188,8.266805648803711,423.2719421386719,974.8673095703125
991309583,530.8057250976562,8.29701042175293,423.6038513183594,975.3809814453125
991317478,530.4004516601562,8.327174186706543,423.93316650390625,975.8939208984375
991326878,529.9258422851562,8.362292289733887,424.31402587890625,976.49169921875
991333755,529.5856323242188,8.387322425842285,424.58392333984375,976.9216918945312
991343571,529.1077270507812,8.422270774841309,424.9587097167969,977.5359497070312
991352218,528.696533203125,8.452123641967773,425.27716064453125,978.06201171875
991361105,528.2838134765625,8.481897354125977,425.59307861328125,978.587890625
991370169,527.8693237304688,8.511606216430664,425.9064636230469,979.1151733398438
991379404,527.4530029296875,8.54127311706543,426.21746826171875,979.6435546875
991388884,527.03466796875,8.570931434631348,426.5260925292969,980.1720581054688
991398480,526.6144409179688,8.600577354431152,426.83251953125,980.70068359375
991408002,526.1920776367188,8.630200386047363,427.1367492675781,981.2103271484375
991417461,525.7675170898438,8.6597900390625,427.4387512207031,981.7151489257812
991426855,525.3411254882812,8.689314842224121,427.738525390625,982.22021484375
991436208,524.91259765625,8.718777656555176,428.0359802246094,982.725830078125
991445513,524.482177734375,8.7481689453125,428.3310852050781,983.2438354492188
991454766,524.0498657226562,8.77746295928955,428.6238098144531,983.7648315429688
991463967,523.615966796875,8.806650161743164,428.9139709472656,984.2855834960938
991473172,523.180419921875,8.835699081420898,429.201416015625,984.80615234375
991482376,522.7437744140625,8.864590644836426,429.4860534667969,985.347900390625
991491577,522.3060302734375,8.893310546875,429.767822265625,985.8892211914062
991500816,521.8672485351562,8.921833992004395,430.04656982421875,986.4290771484375
991510087,521.4275512695312,8.950152397155762,430.3223876953125,986.9649658203125
991519416,520.9869995117188,8.978256225585938,430.59527587890625,987.4927978515625
991528818,520.54541015625,9.00614070892334,430.8652648925781,988.0193481445312
991538264,520.1029052734375,9.033797264099121,431.1323547363281,988.5443725585938
991547763,519.6593017578125,9.06122875213623,431.3965759277344,989.0654296875
991557293,519.2145385742188,9.088441848754883,431.657958984375,989.5819091796875
991566856,518.7687377929688,9.115448951721191,431.9164733886719,990.097412109375
991576449,518.3219604492188,9.142268180847168,432.172119140625,990.6117553710938
991586048,517.8741455078125,9.168905258178711,432.42486572265625,991.1260375976562
991595648,517.4254150390625,9.195372581481934,432.6746520996094,991.639892578125
991605239,516.9757080078125,9.221680641174316,432.9214782714844,992.1524047851562
991614833,516.5250854492188,9.247851371765137,433.165283203125,992.6633911132812
991624468,516.0736083984375,9.273903846740723,433.4061279296875,993.16845703125
991634114,515.62109375,9.299851417541504,433.6438903808594,993.6700439453125
991643770,515.1676635742188,9.325713157653809,433.8786926269531,994.1707153320312
991653422,514.7131958007812,9.351517677307129,434.1104431152344,994.670654296875
991663101,514.2576904296875,9.377296447753906,434.339111328125,995.1769409179688
991672784,513.8011474609375,9.403067588806152,434.5647277832031,995.6856079101562
991682454,513.3436279296875,9.428840637207031,434.7872314453125,996.192138671875
991692075,512.88525390625,9.45465087890625,435.0065612792969,996.6961669921875
991701739,512.4259643554688,9.480545997619629,435.2226257324219,997.1942138671875
991711436,511.96600341796875,9.506532669067383,435.4353942871094,997.6886596679688
991721130,511.5052795410156,9.532602310180664,435.6448669433594,998.181396484375
991730797,511.0438232421875,9.558755874633789,435.85101318359375,998.67236328125
991740458,510.5816650390625,9.585014343261719,436.05389404296875,999.1610107421875
991750110,510.1188049316406,9.6113862991333,436.25347900390625,999.6478271484375
991759733,509.6556396484375,9.637797355651855,436.4496154785156,1000.1326904296875
991769356,509.1930847167969,9.66415023803711,436.64239501953125,1000.614990234375
991779053,508.7313232421875,9.690389633178711,436.8318786621094,1001.0940551757812
991788788,508.2701110839844,9.716475486755371,437.0180969238281,1001.57080078125
991798558,507.8093566894531,9.742368698120117,437.20098876953125,1002.0458374023438
991808381,507.3493347167969,9.768025398254395,437.3807373046875,1002.5191650390625
991818278,506.8901672363281,9.793395042419434,437.5573425292969,1002.9906616210938
991828157,506.4318542480469,9.818479537963867,437.7308044433594,1003.46044921875
991838062,505.974365234375,9.843281745910645,437.90118408203125,1003.9285888671875
991847982,505.517578125,9.867788314819336,438.0684814453125,1004.3952026367188
991857861,505.0610656738281,9.89197826385498,438.23272705078125,1004.8607177734375
991867722,504.60479736328125,9.915827751159668,438.3938903808594,1005.3245849609375
991877521,504.1487121582031,9.939326286315918,438.5519104003906,1005.7871704101562
991887225,503.6925964355469,9.962464332580566,438.7068786621094,1006.248779296875
991896849,503.23651123046875,9.985240936279297,438.8587646484375,1006.7093505859375
991906433,502.7803955078125,10.007641792297363,439.0075988769531,1007.1641235351562
991915945,502.3240661621094,10.02968692779541,439.1534118652344,1007.6137084960938
991925449,501.8674011230469,10.051424980163574,439.2961730957031,1008.0610961914062
991934945,501.41033935546875,10.07288932800293,439.43585205078125,1008.5062866210938
991944422,500.9529724121094,10.094082832336426,439.5723876953125,1008.9490356445312
991953868,500.49530029296875,10.115041732788086,439.70587158203125,1009.390380859375
991963405,500.0373229980469,10.135834693908691,439.8360900878906,1009.829345703125
991972955,499.5791320800781,10.156493186950684,439.96319580078125,1010.2659301757812
991982473,499.12078857421875,10.177053451538086,440.08697509765625,1010.7000732421875
991992150,498.6623229980469,10.197612762451172,440.207275390625,1011.1380615234375
992001881,498.2036437988281,10.218226432800293,440.32415771484375,1011.580322265625
992011615,497.7448425292969,10.238945007324219,440.43756103515625,1012.021240234375
992021306,497.285888671875,10.259804725646973,440.5474853515625,1012.4609375
992031135,496.8267517089844,10.280916213989258,440.6537780761719,1012.8993530273438
992041207,496.3675231933594,10.30238151550293,440.7563171386719,1013.36279296875
992051169,495.9081115722656,10.324228286743164,440.8551330566406,1013.8280029296875
992060990,495.4486999511719,10.346503257751465,440.9501647949219,1014.29443359375
992070769,494.9891052246094,10.369227409362793,441.0414123535156,1014.7623291015625
992080806,494.529541015625,10.39246654510498,441.1287841796875,1015.279541015625
992091053,494.0700378417969,10.416272163391113,441.2121887207031,1015.82666015625
992101279,493.61065673828125,10.440607070922852,441.291748046875,1016.3828125
992111148,493.15130615234375,10.465496063232422,441.3674621582031,1016.94580078125
992120896,492.69207763671875,10.49091625213623,441.4393310546875,1017.4635009765625
992130684,492.2330322265625,10.51677131652832,441.50738525390625,1017.9848022460938
992140434,491.77410888671875,10.542985916137695,441.5717468261719,1018.5101318359375
992150069,491.31536865234375,10.569426536560059,441.632568359375,1019.034423828125
992159624,490.8568420410156,10.59615707397461,441.68988037109375,1019.5421142578125
992169209,490.3985900878906,10.623395919799805,441.74346923828125,1020.051513671875
992179897,489.94061279296875,10.651301383972168,441.7931213378906,1020.562744140625
992192056,489.4829406738281,10.679977416992188,441.8387145996094,1021.0946044921875
992204651,489.0257263183594,10.709518432617188,441.8802185058594,1021.677978515625
992217266,488.5688781738281,10.740159034729004,441.91754150390625,1022.2660522460938
992229503,488.1125183105469,10.772149085998535,441.95062255859375,1022.8590087890625
992239981,487.6566162109375,10.80523681640625,441.9797668457031,1023.4625244140625
992249251,487.201171875,10.839015007019043,442.0052490234375,1024.071533203125
992257503,486.7461242675781,10.872896194458008,442.0277404785156,1024.68603515625
992265250,486.29144287109375,10.906415939331055,442.04766845703125,1025.2520751953125
992273286,485.8371276855469,10.939452171325684,442.0651550292969,1025.781982421875
992281520,485.3832092285156,10.971970558166504,442.08026123046875,1026.31298828125
992289772,484.92962646484375,11.003852844238281,442.0931396484375,1026.8455810546875
992298023,484.4764099121094,11.035040855407715,442.1038513183594,1027.435302734375
992298023,484.0235595703125,11.065591812133789,442.1123352050781,1028.04052734375
992298023,483.5711364746094,11.095560073852539,442.11865234375,1028.6484375
992298023,483.1191711425781,11.12497615814209,442.1228942871094,1029.321533203125
992298023,482.6676330566406,11.153714179992676,442.12506103515625,1030.06103515625
992298023,482.2165222167969,11.18166446685791,442.125244140625,1030.8056640625
992298023,481.7658386230469,11.208821296691895,442.1235656738281,1031.4696044921875
992298023,481.315673828125,11.2352876663208,442.1198425292969,1032.1131591796875
992298023,480.8659973144531,11.26116943359375,442.11407470703125,1032.7584228515625
992298023,480.4168395996094,11.286466598510742,442.1061096191406,1033.37353515625
992298023,479.9681396484375,11.311105728149414,442.0960388183594,1033.97412109375
992298023,479.5199890136719,11.335087776184082,442.0838317871094,1034.574951171875
992298023,479.07232666015625,11.35836410522461,442.0694580078125,1035.165283203125
992298023,478.6251525878906,11.380821228027344,442.05303955078125,1035.7344970703125
992306390,478.1784973144531,11.40238094329834,442.0345764160156,1036.3028564453125
992314764,477.73236083984375,11.422948837280273,442.0141906738281,1036.8704833984375
992324286,477.2869567871094,11.442849159240723,441.99151611328125,1037.4349365234375
992334935,476.8423767089844,11.46257209777832,441.9660949707031,1037.997314453125
992346127,476.398681640625,11.482267379760742,441.9377136230469,1038.5579833984375
992358105,475.95587158203125,11.502171516418457,441.90618896484375,1039.1295166015625
992371137,475.5141296386719,11.522621154785156,441.871337890625,1039.7373046875
992384391,475.073486328125,11.543817520141602,441.8329772949219,1040.3416748046875
992397350,474.6339416503906,11.565793991088867,441.7911682128906,1040.9429931640625
992409578,474.19537353515625,11.588547706604004,441.74591064453125,1041.546142578125
992420691,473.7578430175781,11.612001419067383,441.6973876953125,1042.1453857421875
992430607,473.32122802734375,11.636078834533691,441.64569091796875,1042.740966796875
992439856,472.8854675292969,11.66061782836914,441.5909729003906,1043.331787109375
992448600,472.45062255859375,11.685420989990234,441.5334167480469,1043.9176025390625
992457008,472.0166015625,11.7102689743042,441.4732360839844,1044.4991455078125
992465063,471.5834045410156,11.734996795654297,441.41058349609375,1045.07275390625
992473239,471.1509704589844,11.759511947631836,441.345458984375,1045.618896484375
992481469,470.7193908691406,11.783756256103516,441.2779846191406,1046.160888671875
992489696,470.2886047363281,11.807597160339355,441.20819091796875,1046.6990966796875
992497922,469.8586730957031,11.83093547821045,441.1363220214844,1047.2503662109375
992497922,469.42950439453125,11.853643417358398,441.0623474121094,1047.8182373046875
992497922,469.0010681152344,11.875452041625977,440.9866027832031,1048.3795166015625
992497922,468.5732421875,11.896252632141113,440.90924072265625,1048.9346923828125
992497922,468.1461181640625,11.916077613830566,440.83026123046875,1049.4833984375
992497922,467.7197265625,11.935038566589355,440.74951171875,1050.02490234375
992497922,467.2940368652344,11.953134536743164,440.6669921875,1050.5599365234375
992497922,466.86907958984375,11.970327377319336,440.58270263671875,1051.0897216796875
992497922,466.4448547363281,11.986527442932129,440.4967041015625,1051.6199951171875
992497922,466.0213928222656,12.00175952911377,440.408935546875,1052.142333984375
992497922,465.5986328125,12.016060829162598,440.31939697265625,1052.6573486328125
992497922,465.176513671875,12.029462814331055,440.22802734375,1053.1820068359375
992497922,464.7549743652344,12.041975021362305,440.1347351074219,1053.7384033203125
992497922,464.3339538574219,12.053624153137207,440.03948974609375,1054.281494140625
992497922,463.913330078125,12.064462661743164,439.94219970703125,1054.812255859375
992499464,463.49310302734375,12.074533462524414,439.8428649902344,1055.277099609375
992508114,463.0732727050781,12.083909034729004,439.7413024902344,1055.699462890625
992516820,462.6538391113281,12.092660903930664,439.63751220703125,1056.1195068359375
992526235,462.2347717285156,12.101003646850586,439.53118896484375,1056.53759765625
992536213,461.8160400390625,12.109272003173828,439.42193603515625,1056.953857421875
992546702,461.397705078125,12.117839813232422,439.3092956542969,1057.3758544921875
992557653,460.97991943359375,12.127022743225098,439.19293212890625,1057.796875
992568783,460.5626525878906,12.13705825805664,439.0725402832031,1058.216064453125
992579892,460.1458740234375,12.148049354553223,438.9479675292969,1058.633544921875
992590664,459.72955322265625,12.160026550292969,438.8193054199219,1059.0487060546875
992601039,459.31378173828125,12.172957420349121,438.6866455078125,1059.437255859375
992610929,458.8986511230469,12.186776161193848,438.5501403808594,1059.827392578125
992620272,458.4842529296875,12.201321601867676,438.40997314453125,1060.2193603515625
992629399,458.0707092285156,12.21639347076416,438.26641845703125,1060.6126708984375
992638396,457.6580810546875,12.23178482055664,438.11956787109375,1061.007080078125
992647344,457.2463684082031,12.247363090515137,437.9696350097656,1061.4029541015625
992656275,456.8355712890625,12.263006210327148,437.8167419433594,1061.7996826171875
992665264,456.4255065917969,12.278564453125,437.6610107421875,1062.197509765625
992674360,456.01605224609375,12.293883323669434,437.5025634765625,1062.5960693359375
992683598,455.6070556640625,12.308866500854492,437.3415222167969,1062.995849609375
992694556,455.1302490234375,12.325843811035156,437.1504211425781,1063.4658203125
992704148,454.72174072265625,12.33996868133545,436.9837951660156,1063.8692626953125
992713917,454.3132019042969,12.353711128234863,436.81463623046875,1064.273193359375
992723789,453.90447998046875,12.367096900939941,436.6429138183594,1064.6773681640625
992733701,453.4957580566406,12.38016128540039,436.4685363769531,1065.08203125
992743616,453.08685302734375,12.392932891845703,436.2915344238281,1065.4874267578125
992753504,452.6779479980469,12.40544605255127,436.1118469238281,1065.896240234375
992763393,452.26904296875,12.417753219604492,435.929443359375,1066.3084716796875
992773221,451.86029052734375,12.429882049560547,435.7442932128906,1066.7239990234375
992782986,451.4516906738281,12.441863059997559,435.5564270019531,1067.142333984375
992792716,451.0433654785156,12.453719139099121,435.3658752441406,1067.5596923828125
992802423,450.6353454589844,12.465472221374512,435.1725769042969,1067.9783935546875
992812102,450.2276916503906,12.477137565612793,434.97650146484375,1068.398681640625
992821794,449.8204650878906,12.488726615905762,434.77783203125,1068.8199462890625
992831484,449.4137878417969,12.500240325927734,434.5765075683594,1069.243896484375
992841176,449.0078430175781,12.511679649353027,434.3726501464844,1069.6715087890625
992850868,448.6029052734375,12.523048400878906,434.16632080078125,1070.100341796875
992860548,448.1993713378906,12.53433895111084,433.95782470703125,1070.5301513671875
992870221,447.7975158691406,12.54554271697998,433.7471923828125,1070.9608154296875
992879898,447.3975830078125,12.556660652160645,433.53460693359375,1071.3890380859375
992889659,446.9996643066406,12.567703247070312,433.3201599121094,1071.8160400390625
992899498,446.60382080078125,12.578668594360352,433.1038818359375,1072.242919921875
992909344,446.21002197265625,12.589559555053711,432.88568115234375,1072.6695556640625
992919096,445.818115234375,12.60037612915039,432.6654968261719,1073.096435546875
992928761,445.42803955078125,12.611127853393555,432.4432678222656,1073.5281982421875
992938338,445.03961181640625,12.621828079223633,432.2188720703125,1073.9608154296875
992948001,444.6528625488281,12.632513999938965,431.9922180175781,1074.394287109375
992957638,444.2677307128906,12.643208503723145,431.76324462890625,1074.82861328125
992967210,443.8842468261719,12.653929710388184,431.531982421875,1075.2620849609375
992976721,443.5025939941406,12.664674758911133,431.2984313964844,1075.69384765625
992986139,443.1227722167969,12.675390243530273,431.06268310546875,1076.1259765625
992995486,442.744873046875,12.686005592346191,430.82476806640625,1076.5584716796875
993004847,442.3689270019531,12.696496963500977,430.5848083496094,1076.990966796875
993014304,441.9949951171875,12.706865310668945,430.3427429199219,1077.4266357421875
993023891,441.6230163574219,12.717121124267578,430.0986022949219,1077.863525390625
993033602,441.2529602050781,12.727275848388672,429.85211181640625,1078.301025390625
993043503,440.88458251953125,12.737298965454102,429.60321044921875,1078.739501953125
993053426,440.51763916015625,12.74715518951416,429.35174560546875,1079.17919921875
993063387,440.1519775390625,12.756869316101074,429.09765625,1079.6217041015625
993073391,439.7874450683594,12.766471862792969,428.8408508300781,1080.0657958984375
993083413,439.4239807128906,12.776001930236816,428.5812072753906,1080.511474609375
993093405,439.0616455078125,12.785470008850098,428.3187561035156,1080.95849609375
993103323,438.70037841796875,12.794831275939941,428.0535583496094,1081.4029541015625
993113251,438.34039306640625,12.804079055786133,427.78558349609375,1081.8465576171875
993123168,437.98162841796875,12.813246726989746,427.51495361328125,1082.291259765625
993133058,437.6242370605469,12.82240104675293,427.2415771484375,1082.7371826171875
993142989,437.26824951171875,12.831621170043945,426.96533203125,1083.1800537109375
993152976,436.9137878417969,12.840951919555664,426.686279296875,1083.6041259765625
993162913,436.560791015625,12.850403785705566,426.4043273925781,1084.0286865234375
993172826,436.20928955078125,12.85995101928711,426.1195068359375,1084.4537353515625
993182722,435.8592529296875,12.869565963745117,425.8319091796875,1084.879150390625
993192577,435.5106201171875,12.879241943359375,425.54150390625,1085.32763671875
993202415,435.1634521484375,12.888958930969238,425.2483215332031,1085.80517578125
993212273,434.8177490234375,12.89870834350586,424.9524230957031,1086.2843017578125
993222153,434.4735107421875,12.908502578735352,424.65374755859375,1086.7652587890625
993232041,434.1308288574219,12.918293952941895,424.3523864746094,1087.236328125
993241963,433.7896423339844,12.928043365478516,424.0483703613281,1087.677001953125
993251955,433.4499816894531,12.93769359588623,423.7417297363281,1088.118408203125
993262048,433.11175537109375,12.947214126586914,423.4324951171875,1088.560546875
993272238,432.7749938964844,12.956621170043945,423.12066650390625,1089.003173828125
993282543,432.4397277832031,12.965958595275879,422.80615234375,1089.4559326171875
993292918,432.10595703125,12.975249290466309,422.489013671875,1089.912841796875
993303250,431.7737121582031,12.98449420928955,422.1692199707031,1090.370849609375
993313575,431.4429626464844,12.993666648864746,421.8468017578125,1090.8297119140625
993323899,431.11376953125,13.002761840820312,421.5217590332031,1091.28515625
993334160,430.78607177734375,13.011777877807617,421.1940612792969,1091.7332763671875
993344421,430.4598693847656,13.02071762084961,420.8638000488281,1092.1822509765625
993354664,430.13519287109375,13.029583930969238,420.53094482421875,1092.6319580078125
993364827,429.81195068359375,13.038309097290039,420.1954650878906,1093.0826416015625
993374903,429.4900817871094,13.046808242797852,419.8575744628906,1093.576416015625
993385081,429.16900634765625,13.055030822753906,419.5174255371094,1094.0772705078125
993395534,428.8484802246094,13.062994956970215,419.17529296875,1094.5794677734375
993404927,428.5283508300781,13.070793151855469,418.8310852050781,1095.0830078125
993411967,428.2086486816406,13.078509330749512,418.48468017578125,1095.5487060546875
993416723,427.88946533203125,13.086226463317871,418.1360778808594,1096.0103759765625
993420740,427.5707702636719,13.093955993652344,417.7852478027344,1096.4732666015625
993424717,427.25262451171875,13.101731300354004,417.4322204589844,1096.937255859375
993428948,426.935302734375,13.109671592712402,417.076904296875,1097.4119873046875
993433329,426.6189880371094,13.117862701416016,416.71917724609375,1097.8956298828125
993437659,426.30377197265625,13.126389503479004,416.35919189453125,1098.380126953125
993441625,425.9896240234375,13.13526725769043,415.9971008300781,1098.8656005859375
993445122,425.67620849609375,13.14444351196289,415.6332702636719,1099.346923828125
993448320,425.3633728027344,13.153870582580566,415.2679443359375,1099.822021484375
993451461,425.05096435546875,13.16347599029541,414.90118408203125,1100.2977294921875
993454603,424.7387390136719,13.173182487487793,414.5332336425781,1100.774169921875
993457800,424.4265441894531,13.182926177978516,414.1640319824219,1101.2532958984375
993461066,424.11431884765625,13.192668914794922,413.793701171875,1101.740478515625
993464396,423.8018798828125,13.20238208770752,413.4222106933594,1102.228515625
993467797,423.4892272949219,13.212042808532715,413.04949951171875,1102.7176513671875
993471269,423.1763000488281,13.221635818481445,412.67559814453125,1103.2073974609375
993474799,422.86309814453125,13.231148719787598,412.3005065917969,1103.6932373046875
993478419,422.5496520996094,13.240591049194336,411.9241943359375,1104.1800537109375
993482144,422.2361755371094,13.249991416931152,411.546630859375,1104.6680908203125
993485992,421.92266845703125,13.259366989135742,411.1678161621094,1105.1568603515625
993489989,421.6093444824219,13.268736839294434,410.7876892089844,1105.6639404296875
993493903,421.2962951660156,13.278100967407227,410.40618896484375,1106.17236328125
993497508,420.9835205078125,13.287431716918945,410.0234069824219,1106.681396484375
993500531,420.67047119140625,13.296714782714844,409.63970947265625,1107.1907958984375
993504221,420.3569641113281,13.305933952331543,409.2552490234375,1107.68798828125
993507617,420.04315185546875,13.315102577209473,408.86993408203125,1108.18603515625
993510763,419.7290954589844,13.324251174926758,408.4835205078125,1108.68505859375
993513767,419.4148864746094,13.333367347717285,408.0959777832031,1109.18505859375
993516759,419.1005554199219,13.342423439025879,407.7071533203125,1109.6744384765625
993519756,418.7859802246094,13.351405143737793,407.3172607421875,1110.1650390625
993522733,418.47113037109375,13.360322952270508,406.9262390136719,1110.6566162109375
993525667,418.1560974121094,13.3691987991333,406.53411865234375,1111.1492919921875
993528568,417.8408203125,13.378015518188477,406.1408996582031,1111.6331787109375
993531452,417.5252685546875,13.386773109436035,405.74658203125,1112.1175537109375
993534327,417.20947265625,13.395505905151367,405.3512878417969,1112.6029052734375
993537200,416.8933410644531,13.404252052307129,404.9550476074219,1113.08935546875
993540091,416.576904296875,13.413036346435547,404.55792236328125,1113.60986328125
993543002,416.26007080078125,13.421835899353027,404.1600036621094,1114.139892578125
993545942,415.9427795410156,13.430595397949219,403.76123046875,1114.6707763671875
993548835,415.625,13.439208030700684,403.3616943359375,1115.2022705078125
993551872,415.3066711425781,13.447925567626953,402.96136474609375,1115.7069091796875
993554901,414.98779296875,13.456794738769531,402.5602111816406,1116.2127685546875
993557934,414.6683044433594,13.465690612792969,402.1582946777344,1116.7196044921875
993560892,414.3481750488281,13.474417686462402,401.7555847167969,1117.22802734375
993563960,414.02740478515625,13.48304271697998,401.3521423339844,1117.751220703125
993567068,413.7059631347656,13.49178409576416,400.94793701171875,1118.2752685546875
993570129,413.3839111328125,13.500543594360352,400.54302978515625,1118.800048828125
993573159,413.0611877441406,13.509127616882324,400.13739013671875,1119.32763671875
993576263,412.73785400390625,13.517646789550781,399.7310485839844,1119.8616943359375
993579372,412.4138488769531,13.526263236999512,399.3240051269531,1120.396484375
993582453,412.08929443359375,13.534866333007812,398.9162902832031,1120.93212890625
993585554,411.76409912109375,13.543367385864258,398.50787353515625,1121.4599609375
993588695,411.4382629394531,13.551863670349121,398.0987548828125,1121.9794921875
993591822,411.1118469238281,13.560553550720215,397.68890380859375,1122.4998779296875
993594924,410.7848205566406,13.569292068481445,397.2783203125,1123.021240234375
993598040,410.4571838378906,13.578076362609863,396.86700439453125,1123.5533447265625
993601200,410.1289367675781,13.587015151977539,396.4549560546875,1124.092529296875
993604318,409.8000793457031,13.596198081970215,396.0421142578125,1124.6324462890625
993607430,409.4706726074219,13.605477333068848,395.6285095214844,1125.173095703125
993610544,409.1406555175781,13.614886283874512,395.2141418457031,1125.6959228515625
993613679,408.81005859375,13.624519348144531,394.7990417480469,1126.2174072265625
993616766,408.4789123535156,13.634357452392578,394.3832092285156,1126.740234375
993619840,408.147216796875,13.644262313842773,393.9665832519531,1127.263916015625
993622916,407.8149719238281,13.654243469238281,393.5492248535156,1127.78955078125
993625997,407.482177734375,13.664386749267578,393.1311340332031,1128.31640625
993629050,407.1488342285156,13.674571990966797,392.7123107910156,1128.8441162109375
993632099,406.81494140625,13.684691429138184,392.2927551269531,1129.3743896484375
993635161,406.4804992675781,13.694738388061523,391.8724670410156,1129.910888671875
993638211,406.1455078125,13.704755783081055,391.4513854980469,1130.4482421875
993641264,405.8099670410156,13.714590072631836,391.0295715332031,1130.9866943359375
993644310,405.4738464355469,13.724167823791504,390.6070251464844,1131.5377197265625
993647401,405.1371154785156,13.733536720275879,390.1836853027344,1132.100830078125
993650474,404.7998352050781,13.742722511291504,389.7596130371094,1132.6641845703125
993653559,404.4619140625,13.751641273498535,389.3348083496094,1133.228271484375
993656668,404.1234436035156,13.76036262512207,388.9092712402344,1133.7435302734375
993659831,403.7843322753906,13.768954277038574,388.4830017089844,1134.258056640625
993662968,403.4446716308594,13.777451515197754,388.0559997558594,1134.7740478515625
993666117,403.1044616699219,13.785897254943848,387.6282653808594,1135.2935791015625
993669293,402.76361083984375,13.794361114501953,387.1997985839844,1135.8453369140625
993672474,402.4222106933594,13.80297565460205,386.7705993652344,1136.3978271484375
993675646,402.08026123046875,13.81175422668457,386.3406982421875,1136.951171875
993678837,401.7377624511719,13.820710182189941,385.9100341796875,1137.4952392578125
993682040,401.39471435546875,13.8298978805542,385.4786376953125,1138.0274658203125
993685231,401.0511169433594,13.83933162689209,385.0465087890625,1138.560791015625
993688413,400.70697021484375,13.848978996276855,384.6136169433594,1139.09521484375
993691592,400.3622741699219,13.858797073364258,384.1799621582031,1139.635498046875
993694755,400.01702880859375,13.868779182434082,383.7455749511719,1140.1790771484375
993697911,399.6712341308594,13.878890037536621,383.3104553222656,1140.723876953125
993701055,399.32489013671875,13.889113426208496,382.8746032714844,1141.2696533203125
993704197,398.9779968261719,13.899382591247559,382.4380187988281,1141.8270263671875
993707345,398.63055419921875,13.909660339355469,382.0007019042969,1142.3853759765625
993710495,398.2825622558594,13.919914245605469,381.5627136230469,1142.9447021484375
993714140,397.8758239746094,13.931767463684082,381.0508117675781,1143.5966796875
993717252,397.52655029296875,13.94179916381836,380.6112365722656,1144.1546630859375
993720371,397.1767272949219,13.951692581176758,380.1709289550781,1144.713623046875
993723485,396.82635498046875,13.961414337158203,379.7298889160156,1145.2735595703125
993726599,396.4754333496094,13.970911026000977,379.2881164550781,1145.83544921875
993729722,396.12396240234375,13.980151176452637,378.8456115722656,1146.3984375
993732855,395.77191162109375,13.98914909362793,378.4023742675781,1146.9622802734375
993735980,395.41925048828125,13.99789047241211,377.9584045410156,1147.532470703125
993739110,395.0660400390625,14.006345748901367,377.5137023925781,1148.1109619140625
993742250,394.7122802734375,14.0145263671875,377.0682678222656,1148.6903076171875
993745380,394.3579406738281,14.022412300109863,376.6221008300781,1149.270751953125
993748497,394.00299072265625,14.029969215393066,376.1752624511719,1149.8287353515625
993751620,393.6474914550781,14.037193298339844,375.7276916503906,1150.3865966796875
993754755,393.29144287109375,14.044105529785156,375.2793884277344,1150.9453125
993757880,392.9348449707031,14.050704002380371,374.8303527832031,1151.5140380859375
993761020,392.57769775390625,14.056962013244629,374.3805847167969,1152.09912109375
993764178,392.2199401855469,14.062893867492676,373.9300842285156,1152.6849365234375
993767353,391.8616027832031,14.068563461303711,373.4788513183594,1153.271484375
993770546,391.5027160644531,14.074031829833984,373.0268859863281,1153.8614501953125
993773762,391.1432800292969,14.079340934753418,372.5741882324219,1154.452392578125
993776991,390.7832946777344,14.084549903869629,372.1207580566406,1155.0440673828125
993780254,390.4227600097656,14.08975887298584,371.6665954589844,1155.6241455078125
993783531,390.0616760253906,14.095054626464844,371.211669921875,1156.1947021484375
993786819,389.7000427246094,14.10050106048584,370.75604248046875,1156.76611328125
993790117,389.3378601074219,14.106148719787598,370.2996826171875,1157.3392333984375
993793423,388.9751281738281,14.112051963806152,369.84259033203125,1157.929443359375
993796729,388.6118469238281,14.118246078491211,369.384765625,1158.5203857421875
993800028,388.2480163574219,14.124735832214355,368.92620849609375,1159.1123046875
993803328,387.8836364746094,14.13152027130127,368.4669189453125,1159.7034912109375
993806616,387.5187072753906,14.138592720031738,368.0069274902344,1160.294677734375
993809909,387.1532287597656,14.14592456817627,367.5462341308594,1160.8865966796875
993813189,386.7872009277344,14.153488159179688,367.0848083496094,1161.47705078125
993816465,386.4206237792969,14.161249160766602,366.6226501464844,1162.0606689453125
993819735,386.0534973144531,14.16917896270752,366.1598205566406,1162.645263671875
993823002,385.68585205078125,14.177245140075684,365.6962890625,1163.2308349609375
993826432,385.31756591796875,14.185418128967285,365.23211669921875,1163.8319091796875
993830058,384.94854736328125,14.193665504455566,364.76739501953125,1164.4371337890625
993833885,384.5787048339844,14.201958656311035,364.3021545410156,1165.04296875
993837905,384.2080078125,14.210275650024414,363.83648681640625,1165.6405029296875
993842121,383.8363952636719,14.218608856201172,363.3703918457031,1166.2303466796875
993846554,383.4637756347656,14.226945877075195,362.90399169921875,1166.8209228515625
993851209,383.09014892578125,14.235291481018066,362.43731689453125,1167.4149169921875
993855867,382.7154541015625,14.243658065795898,361.97039794921875,1168.02783203125
993860246,382.3396911621094,14.252057075500488,361.5031433105469,1168.6417236328125
993863764,381.9632873535156,14.260478973388672,361.0352478027344,1169.2559814453125
993866959,381.5862121582031,14.2689208984375,360.5667724609375,1169.8616943359375
993870220,381.2084045410156,14.277397155761719,360.09771728515625,1170.46630859375
993873536,380.829833984375,14.285905838012695,359.6281433105469,1171.07177734375
993876837,380.450439453125,14.294380187988281,359.1581115722656,1171.6712646484375
993880151,380.0702209472656,14.302749633789062,358.68756103515625,1172.2652587890625
993883497,379.6891784667969,14.310997009277344,358.2165222167969,1172.8604736328125
993886861,379.3073425292969,14.319086074829102,357.7450256347656,1173.4588623046875
993890223,378.9247131347656,14.32691764831543,357.2729797363281,1174.0704345703125
993893596,378.5413513183594,14.334440231323242,356.8003845214844,1174.682861328125
993896967,378.1572570800781,14.341668128967285,356.3272399902344,1175.296142578125
993900339,377.7724914550781,14.348617553710938,355.8535461425781,1175.9140625
993903719,377.3869934082031,14.355284690856934,355.3792419433594,1176.533203125
993907087,377.0008544921875,14.36169147491455,354.90435791015625,1177.153076171875
993910457,376.6141052246094,14.367877960205078,354.4288024902344,1177.7701416015625
993913818,376.22674560546875,14.37388801574707,353.9526062011719,1178.3857421875
993917171,375.8387756347656,14.3797607421875,353.4757385253906,1179.0023193359375
993920519,375.4502258300781,14.385528564453125,352.9981994628906,1179.619140625
993923861,375.0611267089844,14.391230583190918,352.5199890136719,1180.2362060546875
993927199,374.6714782714844,14.396894454956055,352.0410461425781,1180.8543701171875
993930528,374.28125,14.402521133422852,351.5614318847656,1181.473388671875
993934007,373.890380859375,14.408110618591309,351.0812072753906,1182.093994140625
993937624,373.49884033203125,14.413677215576172,350.6003723144531,1182.7154541015625
993941289,373.1065673828125,14.419249534606934,350.1189880371094,1183.3377685546875
993945186,372.7135314941406,14.424857139587402,349.6370849609375,1183.9583740234375
993949316,372.3197021484375,14.430502891540527,349.15478515625,1184.5794677734375
993953664,371.9248352050781,14.436198234558105,348.672119140625,1185.2015380859375
993958286,371.5290222167969,14.442012786865234,348.1891784667969,1185.8287353515625
993963157,371.1319885253906,14.448006629943848,347.7061462402344,1186.458740234375
993968265,370.7337646484375,14.45418930053711,347.222900390625,1187.089599609375
993973653,370.3342590332031,14.460589408874512,346.73968505859375,1187.7210693359375
993978235,369.9339294433594,14.467229843139648,346.25604248046875,1188.353271484375
993981615,369.53289794921875,14.474109649658203,345.7718200683594,1188.9864501953125
993985012,369.13116455078125,14.481217384338379,345.2870788574219,1189.61962890625
993988483,368.728515625,14.488541603088379,344.80194091796875,1190.252197265625
993991950,368.32501220703125,14.496047019958496,344.3164367675781,1190.8856201171875
993995435,367.9205627441406,14.503678321838379,343.8305358886719,1191.5206298828125
993998957,367.51519775390625,14.51138687133789,343.34429931640625,1192.1605224609375
994002513,367.10894775390625,14.519125938415527,342.857666015625,1192.8011474609375
994006085,366.70184326171875,14.526851654052734,342.3706359863281,1193.4425048828125
994009663,366.29388427734375,14.534529685974121,341.8832092285156,1194.0843505859375
994013230,365.8851318359375,14.542131423950195,341.39532470703125,1194.7269287109375
994016783,365.4755859375,14.54964828491211,340.906982421875,1195.370361328125
994020312,365.06536865234375,14.557074546813965,340.4180908203125,1196.014892578125
994023819,364.6544494628906,14.56441879272461,339.92864990234375,1196.66015625
994027299,364.2428894042969,14.571686744689941,339.43865966796875,1197.3060302734375
994030765,363.8307189941406,14.57889461517334,338.9480285644531,1197.951416015625
994034212,363.41790771484375,14.586048126220703,338.45684814453125,1198.59716796875
994037808,363.00439453125,14.593155860900879,337.965087890625,1199.2437744140625
994041595,362.5901794433594,14.600234031677246,337.4728088378906,1199.8895263671875
994045571,362.1751708984375,14.607306480407715,336.9800720214844,1200.5355224609375
994049733,361.7593078613281,14.614381790161133,336.4869384765625,1201.1822509765625
994054089,361.342529296875,14.621461868286133,335.99346923828125,1201.8302001953125
994058644,360.9248046875,14.628554344177246,335.4997253417969,1202.4788818359375
994063409,360.5059509277344,14.635665893554688,335.0057678222656,1203.12841796875
994068399,360.0860290527344,14.64279556274414,334.5116271972656,1203.7784423828125
994073644,359.6649169921875,14.649937629699707,334.0174255371094,1204.4290771484375
994078938,359.24261474609375,14.657095909118652,333.523193359375,1205.080322265625
994083977,358.8190612792969,14.66424560546875,333.0289611816406,1205.7330322265625
994087989,358.3947448730469,14.671347618103027,332.5342712402344,1206.386962890625
994091367,357.9696960449219,14.678410530090332,332.0390930175781,1207.0416259765625
994094799,357.5438232421875,14.685382843017578,331.5435791015625,1207.6976318359375
994098215,357.1170349121094,14.692193031311035,331.04766845703125,1208.3548583984375
994101654,356.6893615722656,14.698826789855957,330.55145263671875,1209.0128173828125
994105135,356.2607421875,14.705260276794434,330.054931640625,1209.67041015625
994108675,355.8311767578125,14.711410522460938,329.5580749511719,1210.3265380859375
994112292,355.40069580078125,14.717248916625977,329.0609130859375,1210.983642578125
994115990,354.96929931640625,14.722835540771484,328.56341552734375,1211.64208984375
994119731,354.5369873046875,14.72819709777832,328.0656433105469,1212.3031005859375
994123498,354.1037902832031,14.733349800109863,327.5675048828125,1212.9649658203125
994127287,353.669921875,14.738375663757324,327.0692138671875,1213.6275634765625
994130981,353.2359619140625,14.743378639221191,326.5714111328125,1214.2899169921875
994134678,352.8018798828125,14.748409271240234,326.0739440917969,1214.9521484375
994138368,352.36773681640625,14.753508567810059,325.5767822265625,1215.6138916015625
994142036,351.9334411621094,14.75875473022461,325.07989501953125,1216.2744140625
994145673,351.4991149902344,14.764196395874023,324.5832214355469,1216.9351806640625
994149304,351.0644836425781,14.769838333129883,324.08636474609375,1217.59619140625
994153123,350.62896728515625,14.7756929397583,323.5885925292969,1218.2598876953125
994157175,350.1922912597656,14.781755447387695,323.089599609375,1218.9251708984375
994161347,349.75433349609375,14.787935256958008,322.58917236328125,1219.5924072265625
994165442,349.3152160644531,14.794133186340332,322.08740234375,1220.26123046875
994169139,348.8753967285156,14.80031967163086,321.5848083496094,1220.9310302734375
994172464,348.43524169921875,14.80639362335205,321.08172607421875,1221.6015625
994175538,347.9951171875,14.812188148498535,320.57855224609375,1222.271484375
994178545,347.5552062988281,14.817630767822266,320.0755615234375,1222.941162109375
994181605,347.1155090332031,14.822748184204102,319.57275390625,1223.610595703125
994184757,346.6758728027344,14.827530860900879,319.06982421875,1224.2803955078125
994188071,346.2359313964844,14.831974983215332,318.56646728515625,1224.95068359375
994191601,345.7954406738281,14.836167335510254,318.0624084472656,1225.6219482421875
994195348,345.35418701171875,14.840249061584473,317.55731201171875,1226.2952880859375
994199190,344.9120178222656,14.84432315826416,317.0511169433594,1226.9697265625
994202999,344.4689636230469,14.848417282104492,316.5438537597656,1227.6453857421875
994206679,344.02520751953125,14.852543830871582,316.0357360839844,1228.32177734375
994210211,343.5809326171875,14.856712341308594,315.5269775390625,1228.9989013671875
994213635,343.13629150390625,14.86090087890625,315.017822265625,1229.6763916015625
994216972,342.69146728515625,14.865041732788086,314.5084228515625,1230.35400390625
994220279,342.2464904785156,14.8690767288208,313.99884033203125,1231.031982421875
994223638,341.8013000488281,14.873015403747559,313.489013671875,1231.7103271484375
994227089,341.35577392578125,14.876883506774902,312.9788513183594,1232.3892822265625
994230631,340.9098205566406,14.880678176879883,312.4681396484375,1233.0689697265625
994234273,340.46319580078125,14.88442611694336,311.95672607421875,1233.7496337890625
994237975,340.015869140625,14.888216018676758,311.44451904296875,1234.4315185546875
994241675,339.5678405761719,14.892106056213379,310.93145751953125,1235.1143798828125
994245369,339.119140625,14.896147727966309,310.41766357421875,1235.79833984375
994249019,338.6698913574219,14.900382041931152,309.9032287597656,1236.4832763671875
994252610,338.2201843261719,14.904801368713379,309.3882751464844,1237.1689453125
994256177,337.7701416015625,14.909409523010254,308.87286376953125,1237.85498046875
994259712,337.3197937011719,14.914237976074219,308.3571472167969,1238.5413818359375
994263232,336.869140625,14.919259071350098,307.841064453125,1239.2283935546875
994266776,336.4181213378906,14.924433708190918,307.3245849609375,1239.91552734375
994270333,335.9666748046875,14.929743766784668,306.8075866699219,1240.603515625
994273908,335.5147705078125,14.93513298034668,306.2900390625,1241.2919921875
994277508,335.062255859375,14.94053840637207,305.77178955078125,1241.981689453125
994281115,334.6091613769531,14.94593620300293,305.25286865234375,1242.6722412109375
994284704,334.15545654296875,14.951276779174805,304.7332763671875,1243.3638916015625
994288264,333.7012023925781,14.956514358520508,304.2130432128906,1244.0562744140625
994291789,333.2464904785156,14.961633682250977,303.6922302246094,1244.74951171875
994295280,332.79132080078125,14.966626167297363,303.1709289550781,1245.4434814453125
994298752,332.3357849121094,14.971488952636719,302.649169921875,1246.1376953125
994302245,331.8798828125,14.97624397277832,302.126953125,1246.8326416015625
994305761,331.4236145019531,14.980899810791016,301.6042785644531,1247.5279541015625
994309265,330.9669189453125,14.985442161560059,301.0811462402344,1248.224609375
994312805,330.509765625,14.989896774291992,300.5574035644531,1248.921875
994316968,329.97576904296875,14.994989395141602,299.94561767578125,1249.736572265625
994320509,329.51751708984375,14.999194145202637,299.4205627441406,1250.4354248046875
994324066,329.0587463378906,15.003242492675781,298.8948669433594,1251.135009765625
994327608,328.5994567871094,15.00715446472168,298.3685302734375,1251.83544921875
994331137,328.1396789550781,15.010899543762207,297.8416442871094,1252.5362548828125
994334696,327.6794738769531,15.01450252532959,297.314208984375,1253.2376708984375
994338239,327.2188415527344,15.017990112304688,296.7862548828125,1253.9398193359375
994341778,326.7578125,15.021381378173828,296.2578125,1254.64306640625
994345345,326.29638671875,15.024724960327148,295.72882080078125,1255.346923828125
994348918,325.8345642089844,15.028060913085938,295.1993713378906,1256.051513671875
994352517,325.37225341796875,15.031390190124512,294.66937255859375,1256.7568359375
994356154,324.9095153808594,15.03475284576416,294.13873291015625,1257.463134765625
994359821,324.4462585449219,15.038187026977539,293.6075439453125,1258.1695556640625
994363502,323.9825439453125,15.041702270507812,293.0757141113281,1258.876708984375
994367185,323.5183410644531,15.045291900634766,292.5433349609375,1259.5845947265625
994370808,323.05364990234375,15.048909187316895,292.0104064941406,1260.291748046875
994374413,322.5885009765625,15.052539825439453,291.4769287109375,1260.999267578125
994378004,322.1228942871094,15.056154251098633,290.9429016113281,1261.7076416015625
994381551,321.6568908691406,15.059659957885742,290.4083557128906,1262.4173583984375
994385117,321.1904602050781,15.063009262084961,289.87335205078125,1263.1275634765625
994388696,320.72357177734375,15.0662202835083,289.3377685546875,1263.8392333984375
994392286,320.2562561035156,15.069273948669434,288.8016357421875,1264.5535888671875
994395921,319.7884826660156,15.07219123840332,288.26495361328125,1265.268798828125
994399576,319.32025146484375,15.075020790100098,287.72772216796875,1265.9864501953125
994403248,318.8515319824219,15.077807426452637,287.18994140625,1266.7066650390625
994406938,318.3823547363281,15.080596923828125,286.6515197753906,1267.4281005859375
994410642,317.9126892089844,15.083450317382812,286.112548828125,1268.146728515625
994414423,317.4425354003906,15.086405754089355,285.5731201171875,1268.864501953125
994418207,316.971923828125,15.08948802947998,285.03314208984375,1269.5830078125
994421992,316.50079345703125,15.092707633972168,284.4926452636719,1270.3001708984375
994425838,316.0291442871094,15.096084594726562,283.95172119140625,1271.017333984375
994429862,315.5569152832031,15.099620819091797,283.4104309082031,1271.7354736328125
994433962,315.08404541015625,15.103317260742188,282.8687744140625,1272.45556640625
994438290,314.6104431152344,15.10715103149414,282.3268127441406,1273.17626953125
994442841,314.1360168457031,15.111095428466797,281.78466796875,1273.8974609375
994447607,313.6607360839844,15.115130424499512,281.24237060546875,1274.6187744140625
994452478,313.1844787597656,15.119240760803223,280.70001220703125,1275.340576171875
994457391,312.70721435546875,15.123392105102539,280.157470703125,1276.0645751953125
994462407,312.22894287109375,15.127567291259766,279.61492919921875,1276.79052734375
994467374,311.74969482421875,15.13176155090332,279.07232666015625,1277.5169677734375
994471538,311.2698059082031,15.135951042175293,278.5294494628906,1278.2435302734375
994475254,310.7892761230469,15.140138626098633,277.9862060546875,1278.970703125
994479032,310.30810546875,15.144338607788086,277.442626953125,1279.69873046875
994482824,309.826171875,15.148558616638184,276.8988037109375,1280.4268798828125
994486664,309.3434753417969,15.152814865112305,276.3547058105469,1281.156005859375
994490576,308.8600158691406,15.157130241394043,275.8103942871094,1281.88525390625
994494551,308.3757019042969,15.161527633666992,275.26580810546875,1282.6142578125
994498579,307.890625,15.16603946685791,274.72100830078125,1283.3436279296875
994502633,307.4047546386719,15.17067813873291,274.1759948730469,1284.0762939453125
994506681,306.9181213378906,15.175469398498535,273.6307373046875,1284.8118896484375
994510741,306.4307556152344,15.180431365966797,273.0851745605469,1285.54833984375
994514757,305.9427185058594,15.185548782348633,272.539306640625,1286.2862548828125
994518733,305.45404052734375,15.190805435180664,271.9931335449219,1287.025390625
994522687,304.96478271484375,15.19619083404541,271.4465637207031,1287.7645263671875
994526583,304.4749755859375,15.20167350769043,270.89959716796875,1288.4993896484375
994530441,303.984619140625,15.2072172164917,270.3522033691406,1289.23486328125
994534283,303.4937438964844,15.212811470031738,269.8043212890625,1289.9700927734375
994538108,303.0024108886719,15.218437194824219,269.2559509277344,1290.7042236328125
994541904,302.5105895996094,15.224074363708496,268.70709228515625,1291.4390869140625
994545683,302.0183410644531,15.22972297668457,268.1576843261719,1292.1787109375
994549430,301.525634765625,15.235387802124023,267.60772705078125,1292.9212646484375
994553186,301.0325622558594,15.241064071655273,267.0572204589844,1293.6646728515625
994556899,300.5390319824219,15.24671459197998,266.50616455078125,1294.4044189453125
994560593,300.045166015625,15.252338409423828,265.9545593261719,1295.1444091796875
994564307,299.5508728027344,15.257964134216309,265.40240478515625,1295.886962890625
994568027,299.05621337890625,15.263585090637207,264.8497009277344,1296.63720703125
994571773,298.5611877441406,15.269208908081055,264.29638671875,1297.3883056640625
994575539,298.0657958984375,15.27486801147461,263.74249267578125,1298.1385498046875
994579313,297.5699768066406,15.28059196472168,263.18804931640625,1298.88818359375
994583107,297.07379150390625,15.286417007446289,262.633056640625,1299.6385498046875
994586923,296.57720947265625,15.292378425598145,262.0775146484375,1300.3758544921875
994590755,296.0802307128906,15.298494338989258,261.52142333984375,1301.112060546875
994594599,295.5828552246094,15.304779052734375,260.96478271484375,1301.8507080078125
994598457,295.0850524902344,15.311251640319824,260.4075927734375,1302.60205078125
994602317,294.5868225097656,15.317906379699707,259.8498840332031,1303.3541259765625
994606177,294.08819580078125,15.324732780456543,259.29168701171875,1304.10693359375
994610039,293.589111328125,15.331713676452637,258.73297119140625,1304.86083984375
994613880,293.089599609375,15.338809967041016,258.17376708984375,1305.615478515625
994617721,292.58966064453125,15.345993995666504,257.614013671875,1306.368408203125
994621559,292.08929443359375,15.353233337402344,257.0538024902344,1307.1217041015625
994625378,291.5885009765625,15.360478401184082,256.4930725097656,1307.875732421875
994629181,291.0872802734375,15.367692947387695,255.93185424804688,1308.63037109375
994632978,290.5856018066406,15.374844551086426,255.37014770507812,1309.3858642578125
994636760,290.08349609375,15.381892204284668,254.80789184570312,1310.141357421875
994640523,289.5809326171875,15.388795852661133,254.2451629638672,1310.8975830078125
994644292,289.07794189453125,15.395549774169922,253.681884765625,1311.654296875
994648065,288.5745544433594,15.402148246765137,253.1181182861328,1312.4122314453125
994651826,288.0707092285156,15.408541679382324,252.5538330078125,1313.1710205078125
994655578,287.56646728515625,15.414710998535156,251.98899841308594,1313.929931640625
994659334,287.0617980957031,15.420683860778809,251.42367553710938,1314.6875
994663097,286.55670166015625,15.426466941833496,250.8578338623047,1315.445556640625
994666891,286.0511779785156,15.432053565979004,250.29144287109375,1316.2071533203125
994670708,285.54522705078125,15.437487602233887,249.72451782226562,1316.9718017578125
994674552,285.03887939453125,15.442811965942383,249.15711975097656,1317.7369384765625
994678408,284.5320739746094,15.448070526123047,248.58917236328125,1318.4974365234375
994682281,284.0248718261719,15.453303337097168,248.0206756591797,1319.258056640625
994686179,283.5172424316406,15.458598136901855,247.45172119140625,1320.0191650390625
994690151,283.0091552734375,15.464033126831055,246.88221740722656,1320.7808837890625
994694149,282.50067138671875,15.469610214233398,246.31222534179688,1321.543212890625
994698152,281.99176025390625,15.475329399108887,245.74171447753906,1322.311279296875
994702094,281.4823913574219,15.481220245361328,245.17074584960938,1323.08251953125
994706010,280.97259521484375,15.487234115600586,244.59927368164062,1323.8546142578125
994709906,280.46234130859375,15.493298530578613,244.02731323242188,1324.6253662109375
994713785,279.9516296386719,15.4993257522583,243.4548797607422,1325.3970947265625
994717579,279.44049072265625,15.505160331726074,242.88197326660156,1326.16650390625
994721306,278.9289245605469,15.510660171508789,242.3085479736328,1326.9334716796875
994725026,278.41693115234375,15.515783309936523,241.73464965820312,1327.7010498046875
994728763,277.90447998046875,15.520483016967773,241.1602325439453,1328.474853515625
994732489,277.3916015625,15.52466869354248,240.5853271484375,1329.2503662109375
994736235,276.8783264160156,15.528351783752441,240.00987243652344,1330.028076171875
994740010,276.3645935058594,15.531618118286133,239.43392944335938,1330.8109130859375
994743816,275.8504638671875,15.534538269042969,238.8574676513672,1331.5947265625
994747613,275.3359069824219,15.537099838256836,238.28045654296875,1332.3740234375
994751409,274.8209533691406,15.539349555969238,237.70289611816406,1333.152099609375
994755219,274.3055419921875,15.541364669799805,237.12478637695312,1333.92822265625
994759050,273.78973388671875,15.543195724487305,236.54612731933594,1334.6890869140625
994762944,273.2735290527344,15.544892311096191,235.96694946289062,1335.450439453125
994766873,272.75689697265625,15.546539306640625,235.3872833251953,1336.2222900390625
994770836,272.2398681640625,15.548213958740234,234.80706787109375,1337.0052490234375
994774821,271.7224426269531,15.549991607666016,234.22630310058594,1337.7890625
994778799,271.20458984375,15.551907539367676,233.64505004882812,1338.576416015625
994782774,270.68634033203125,15.553994178771973,233.0632781982422,1339.3643798828125
994786743,270.16766357421875,15.556262969970703,232.48097229003906,1340.1488037109375
994790724,269.6485900878906,15.558670997619629,231.898193359375,1340.9271240234375
994794668,269.12908935546875,15.561141014099121,231.3148651123047,1341.7059326171875
994798597,268.6091613769531,15.563651084899902,230.73106384277344,1342.488525390625
994802518,268.08880615234375,15.566187858581543,230.146728515625,1343.2723388671875
994806452,267.56805419921875,15.568679809570312,229.5618896484375,1344.0567626953125
994810382,267.046875,15.571084976196289,228.97654724121094,1344.842041015625
994814306,266.5252685546875,15.573412895202637,228.3907012939453,1345.6279296875
994818236,266.0032653808594,15.575674057006836,227.80435180664062,1346.4150390625
994822171,265.4808349609375,15.577852249145508,227.21746826171875,1347.203125
994826114,264.9580078125,15.57995319366455,226.63011169433594,1347.9912109375
994830064,264.43475341796875,15.582005500793457,226.04220581054688,1348.775634765625
994834022,263.9111022949219,15.584031105041504,225.45382690429688,1349.560791015625
994838020,263.38702392578125,15.586087226867676,224.8649139404297,1350.34765625
994842063,262.8625183105469,15.588228225708008,224.27548217773438,1351.1361083984375
994846115,262.33758544921875,15.590476036071777,223.68556213378906,1351.9254150390625
994850170,261.812255859375,15.59288501739502,223.0950927734375,1352.7171630859375
994854275,261.2865295410156,15.595575332641602,222.50416564941406,1353.5096435546875
994858397,260.7604064941406,15.59858226776123,221.91270446777344,1354.30322265625
994862511,260.2338562011719,15.601877212524414,221.32077026367188,1355.09814453125
994866618,259.7069091796875,15.605485916137695,220.7283172607422,1355.8936767578125
994870724,259.1795349121094,15.609432220458984,220.13539123535156,1356.704345703125
994874817,258.65179443359375,15.613662719726562,219.54197692871094,1357.5157470703125
994878894,258.1236267089844,15.618132591247559,218.9480438232422,1358.3177490234375
994882963,257.59503173828125,15.622797966003418,218.3536376953125,1359.111572265625
994887014,257.0660705566406,15.62759017944336,217.75875854492188,1359.906005859375
994891047,256.53668212890625,15.632464408874512,217.16339111328125,1360.70751953125
994895065,256.0068664550781,15.637377738952637,216.56753540039062,1361.5096435546875
994899092,255.47666931152344,15.642319679260254,215.97120666503906,1362.3072509765625
994903134,254.946044921875,15.64730453491211,215.37440490722656,1363.10009765625
994907178,254.41502380371094,15.652318000793457,214.777099609375,1363.8935546875
994911222,253.88360595703125,15.65738296508789,214.17930603027344,1364.690185546875
994915261,253.35177612304688,15.662525177001953,213.5810546875,1365.487548828125
994919295,252.81956481933594,15.667728424072266,212.9822998046875,1366.2945556640625
994923313,252.2869415283203,15.67298698425293,212.38304138183594,1367.1141357421875
994927326,251.75392150878906,15.678267478942871,211.7833251953125,1367.9344482421875
994931318,251.22052001953125,15.683528900146484,211.18309020996094,1368.7420654296875
994935302,250.68673706054688,15.688739776611328,210.58236694335938,1369.5504150390625
994939268,250.15255737304688,15.693840980529785,209.98118591308594,1370.3507080078125
994943208,249.61798095703125,15.698760986328125,209.3795166015625,1371.1436767578125
994947158,249.0830078125,15.703455924987793,208.77735900878906,1371.936767578125
994951077,248.54763793945312,15.70787239074707,208.17471313476562,1372.7454833984375
994955010,248.01187133789062,15.71198844909668,207.5716094970703,1373.554931640625
994958962,247.475830078125,15.71580982208252,206.96815490722656,1374.3671875
994962756,246.94000244140625,15.719343185424805,206.3649444580078,1375.1815185546875
994967219,246.31504821777344,15.723091125488281,205.661376953125,1376.131103515625
994971034,245.77951049804688,15.725968360900879,205.0584259033203,1376.9434814453125
994974868,245.24411010742188,15.728565216064453,204.4556121826172,1377.7554931640625
994978734,244.70880126953125,15.730916023254395,203.8529052734375,1378.56005859375
994982708,244.17324829101562,15.733049392700195,203.24986267089844,1379.36279296875
994987071,243.63690185546875,15.735050201416016,202.64588928222656,1380.16796875
994991708,243.0995635986328,15.73703670501709,202.040771484375,1380.9791259765625
994996271,242.56130981445312,15.739082336425781,201.43460083007812,1381.79150390625
995000588,242.0225372314453,15.741259574890137,200.8278045654297,1382.6055908203125
995004684,241.4835968017578,15.743640899658203,200.2208251953125,1383.420166015625
995008721,240.94480895996094,15.746220588684082,199.614013671875,1384.2342529296875
995012698,240.40625,15.748960494995117,199.00741577148438,1385.047607421875
995016688,239.86773681640625,15.75181770324707,198.40087890625,1385.86083984375
995020671,239.3290252685547,15.754680633544922,197.79412841796875,1386.6739501953125
995024723,238.78981018066406,15.75744342803955,197.1868133544922,1387.4879150390625
995028905,238.24990844726562,15.76000690460205,196.57872009277344,1388.302978515625
995033073,237.7092742919922,15.762246131896973,195.96981811523438,1389.11962890625
995037121,237.1680145263672,15.764076232910156,195.36019897460938,1389.93701171875
995041120,236.6263427734375,15.76557445526123,194.7500762939453,1390.757568359375
995045042,236.08445739746094,15.766776084899902,194.1396942138672,1391.5787353515625
995048985,235.54244995117188,15.767731666564941,193.5291748046875,1392.4019775390625
995053000,235.00035095214844,15.768611907958984,192.9185333251953,1393.2275390625
995057147,234.4580841064453,15.769588470458984,192.30764770507812,1394.052978515625
995061388,233.9154510498047,15.770745277404785,191.69638061523438,1394.87353515625
995065712,233.372314453125,15.772238731384277,191.08456420898438,1395.6949462890625
995070107,232.82861328125,15.774178504943848,190.4721221923828,1396.5101318359375
995074452,232.2843780517578,15.77655029296875,189.859130859375,1397.32177734375
995078977,231.73965454101562,15.779373168945312,189.24562072753906,1398.1378173828125
995083115,231.19459533691406,15.78248119354248,188.63172912597656,1398.9727783203125
995087156,230.64926147460938,15.785735130310059,188.01756286621094,1399.8082275390625
995091035,230.10369873046875,15.78900146484375,187.4031524658203,1400.6326904296875
995094906,229.5579071044922,15.792086601257324,186.7884979248047,1401.4534912109375
995098844,229.01181030273438,15.794921875,186.17349243164062,1402.27392578125
995102862,228.46534729003906,15.797457695007324,185.5580596923828,1403.09375
995106934,227.91845703125,15.79967212677002,184.942138671875,1403.9141845703125
995110993,227.37110900878906,15.80158519744873,184.32566833496094,1404.7369384765625
995115038,226.8233184814453,15.803274154663086,183.70867919921875,1405.560546875
995119112,226.27513122558594,15.804727554321289,183.09124755859375,1406.3868408203125
995123084,225.72659301757812,15.805885314941406,182.47341918945312,1407.2164306640625
995127059,225.17774963378906,15.806718826293945,181.85523986816406,1408.046630859375
995130887,224.6286163330078,15.807164192199707,181.2367401123047,1408.8756103515625
995134763,224.0791778564453,15.807207107543945,180.6178741455078,1409.704833984375
995138732,223.52940368652344,15.806924819946289,179.9986114501953,1410.5313720703125
995142773,222.97926330566406,15.806320190429688,179.37889099121094,1411.356201171875
995146821,222.42874145507812,15.805488586425781,178.75868225097656,1412.1834716796875
995151067,221.87779235839844,15.804622650146484,178.13800048828125,1413.0211181640625
995155259,221.3264617919922,15.803757667541504,177.51687622070312,1413.8594970703125
995159382,220.77476501464844,15.802855491638184,176.8953094482422,1414.694091796875
995163441,220.22271728515625,15.80195140838623,176.2733612060547,1415.5277099609375
995167471,219.67031860351562,15.800944328308105,175.6510467529297,1416.3621826171875
995171410,219.11758422851562,15.799653053283691,175.0283660888672,1417.1978759765625
995175266,218.5645294189453,15.797930717468262,174.40528869628906,1418.033935546875
995179077,218.01112365722656,15.795672416687012,173.7818145751953,1418.8814697265625
995182982,217.4573516845703,15.792856216430664,173.15789794921875,1419.7301025390625
995186959,216.90321350097656,15.789530754089355,172.53353881835938,1420.5758056640625
995191001,216.3487091064453,15.785747528076172,171.90872192382812,1421.4195556640625
995195085,215.79383850097656,15.781621932983398,171.28343200683594,1422.257568359375
995199193,215.2386016845703,15.777284622192383,170.65769958496094,1423.0733642578125
995203326,214.68301391601562,15.772846221923828,170.03155517578125,1423.8896484375
995207451,214.1270751953125,15.768342018127441,169.4049835205078,1424.7275390625
995211581,213.57080078125,15.763810157775879,168.77801513671875,1425.5728759765625
995215728,213.01416015625,15.759259223937988,168.15061950683594,1426.4207763671875
995219825,212.45718383789062,15.75460147857666,167.5228271484375,1427.272705078125
995223781,211.89984130859375,15.749755859375,166.89459228515625,1428.125
995227776,211.34213256835938,15.74474811553955,166.2659149169922,1428.9697265625
995231858,210.78407287597656,15.73958683013916,165.6367950439453,1429.815185546875
995236007,210.2256622314453,15.734292030334473,165.0072479248047,1430.6585693359375
995240202,209.6669158935547,15.7289457321167,164.37725830078125,1431.5010986328125
995244396,209.1078338623047,15.723623275756836,163.746826171875,1432.3438720703125
995248595,208.5484161376953,15.7183837890625,163.11595153808594,1433.1865234375
995252739,207.9886474609375,15.713258743286133,162.4846649169922,1434.0299072265625
995256998,207.4285430908203,15.708325386047363,161.8529510498047,1434.865234375
995261279,206.8680877685547,15.703594207763672,161.22079467773438,1435.7000732421875
995265558,206.30728149414062,15.6990327835083,160.58824157714844,1436.548583984375
995269834,205.74612426757812,15.694694519042969,159.9552459716797,1437.411376953125
995274102,205.18460083007812,15.690585136413574,159.32183837890625,1438.272216796875
995278355,204.62274169921875,15.686666488647461,158.68801879882812,1439.121337890625
995282563,204.06051635742188,15.682888984680176,158.0537872314453,1439.9710693359375
995286819,203.49795532226562,15.679261207580566,157.4191436767578,1440.82177734375
995291068,202.9350128173828,15.675759315490723,156.78408813476562,1441.673095703125
995295356,202.3717041015625,15.672392845153809,156.14862060546875,1442.5250244140625
995299700,201.80801391601562,15.669207572937012,155.5127716064453,1443.377685546875
995304165,201.24388122558594,15.666130065917969,154.8766326904297,1444.2308349609375
995308778,200.67916870117188,15.663121223449707,154.24026489257812,1445.08447265625
995313540,200.11383056640625,15.660133361816406,153.60374450683594,1445.9384765625
995318509,199.54782104492188,15.65707778930664,152.9670867919922,1446.783935546875
995323599,198.9810791015625,15.653871536254883,152.3303680419922,1447.6265869140625
995328758,198.41360473632812,15.650466918945312,151.69361877441406,1448.4747314453125
995334131,197.84530639648438,15.646871566772461,151.05686950683594,1449.3316650390625
995339599,197.27610778808594,15.643109321594238,150.42022705078125,1450.189208984375
995345429,196.7059326171875,15.63923454284668,149.78378295898438,1451.04296875
995351665,196.13461303710938,15.635326385498047,149.1476593017578,1451.8975830078125
995357991,195.56210327148438,15.631377220153809,148.51190185546875,1452.7763671875
995364415,194.9883575439453,15.62739372253418,147.87655639648438,1453.6668701171875
995371047,194.41329956054688,15.623414039611816,147.2417449951172,1454.536865234375
995377840,193.8368377685547,15.61942195892334,146.60748291015625,1455.37890625
995384787,193.25894165039062,15.615373611450195,145.97386169433594,1456.222412109375
995391932,192.67955017089844,15.6112699508667,145.3409423828125,1457.0836181640625
995399262,192.0985870361328,15.607136726379395,144.7087860107422,1457.9453125
995406885,191.51596069335938,15.602998733520508,144.0775146484375,1458.80322265625
995414935,190.93161010742188,15.598872184753418,143.44720458984375,1459.6597900390625
995423178,190.345458984375,15.594778060913086,142.81793212890625,1460.5218505859375
995431694,189.7574920654297,15.590734481811523,142.18975830078125,1461.3924560546875
995440546,189.16763305664062,15.58673095703125,141.562744140625,1462.261962890625
995449769,188.57583618164062,15.58277702331543,140.9369659423828,1463.1142578125
995459276,187.98208618164062,15.57884407043457,140.3124542236328,1463.9666748046875
995469027,187.38633728027344,15.574914932250977,139.68927001953125,1464.8336181640625
995479004,186.78858947753906,15.570989608764648,139.0674591064453,1465.706298828125
995489173,186.18881225585938,15.56705379486084,138.447021484375,1466.5767822265625
995499560,185.5869903564453,15.563105583190918,137.82803344726562,1467.4447021484375
995510096,184.98309326171875,15.559134483337402,137.21047973632812,1468.312744140625
995520856,184.37709045410156,15.555173873901367,136.5944366455078,1469.181640625
995531799,183.76893615722656,15.55123519897461,135.97991943359375,1470.0506591796875
995542925,183.15866088867188,15.54732608795166,135.36697387695312,1470.9156494140625
995554246,182.54620361328125,15.543466567993164,134.75563049316406,1471.7796630859375
995565598,181.9315643310547,15.539633750915527,134.14588928222656,1472.6356201171875
995577024,181.3148956298828,15.535801887512207,133.5379180908203,1473.4827880859375
995588513,180.69656372070312,15.531907081604004,132.9320526123047,1474.33203125
995599998,180.07713317871094,15.527755737304688,132.32847595214844,1475.1971435546875
995612140,179.4576873779297,15.52316665649414,131.72763061523438,1476.060302734375
995624889,178.83859252929688,15.518030166625977,131.12950134277344,1476.9366455078125
995638117,178.22006225585938,15.512275695800781,130.5340576171875,1477.813720703125
995651623,177.6023406982422,15.505868911743164,129.94134521484375,1478.6810302734375
995665292,176.98593139648438,15.498847007751465,129.35125732421875,1479.5390625
995677639,176.37123107910156,15.491240501403809,128.76364135742188,1480.3924560546875
995689217,175.75857543945312,15.483138084411621,128.17843627929688,1481.2374267578125
995700651,175.14804077148438,15.474699020385742,127.5958023071289,1482.079345703125
995712516,174.53939819335938,15.46606159210205,127.0160140991211,1482.9036865234375
995726110,173.93252563476562,15.457350730895996,126.4393539428711,1483.7215576171875
995740661,173.32723999023438,15.448691368103027,125.86600494384766,1484.54833984375
995753223,172.72276306152344,15.440252304077148,125.29612731933594,1485.393310546875
995765230,172.11875915527344,15.432141304016113,124.7298355102539,1486.2342529296875
995777706,171.51559448242188,15.424444198608398,124.1673583984375,1487.056884765625
995792036,170.9132537841797,15.417219161987305,123.60874938964844,1487.8756103515625
995806010,170.31121826171875,15.410579681396484,123.0540771484375,1488.6943359375
995820895,169.70921325683594,15.404620170593262,122.50340270996094,1489.5125732421875
995836631,169.10743713378906,15.399293899536133,121.95675659179688,1490.3272705078125
995853233,168.50570678710938,15.394526481628418,121.4139633178711,1491.1378173828125
995869665,167.90383911132812,15.39028263092041,120.87490844726562,1491.945556640625
995886233,167.30177307128906,15.386519432067871,120.33956146240234,1492.7489013671875
995903594,166.6997833251953,15.383133888244629,119.80790710449219,1493.5479736328125
995920651,166.09754943847656,15.379884719848633,119.27960205078125,1494.344970703125
995937754,165.49505615234375,15.376556396484375,118.75442504882812,1495.135986328125
995954571,164.8925323486328,15.373000144958496,118.23218536376953,1495.9259033203125
995970715,164.29029846191406,15.369064331054688,117.71282958984375,1496.7164306640625
995986614,163.6881103515625,15.364665031433105,117.1961898803711,1497.507080078125
996002216,163.08590698242188,15.359674453735352,116.68220520019531,1498.2960205078125
996017376,162.48416137695312,15.353954315185547,116.17070007324219,1499.0849609375
996032330,161.8834686279297,15.347403526306152,115.66151428222656,1499.8709716796875
996046713,161.2841796875,15.339948654174805,115.15441131591797,1500.651123046875
996060722,160.68650817871094,15.331567764282227,114.64926147460938,1501.427001953125
996074303,160.0904083251953,15.322269439697266,114.14610290527344,1502.2027587890625
996087365,159.49575805664062,15.31224536895752,113.64522552490234,1502.979736328125
996098182,158.90234375,15.301609992980957,113.14686584472656,1503.7528076171875
996108415,158.31027221679688,15.290462493896484,112.6511459350586,1504.5216064453125
996122261,157.719970703125,15.27891731262207,112.15811157226562,1505.2889404296875
996136570,157.13136291503906,15.267099380493164,111.66789245605469,1506.05419921875
996151266,156.5439910888672,15.255108833312988,111.18071746826172,1506.814208984375
996165384,155.95730590820312,15.243043899536133,110.69676208496094,1507.5682373046875
996178563,155.37135314941406,15.231009483337402,110.2161636352539,1508.3182373046875
996191816,154.7865753173828,15.219169616699219,109.73910522460938,1509.068603515625
996206099,154.20318603515625,15.2075777053833,109.26561737060547,1509.815673828125
996220964,153.6212158203125,15.196191787719727,108.795654296875,1510.56103515625
996236174,153.0406036376953,15.184998512268066,108.3292465209961,1511.3074951171875
996251117,152.46131896972656,15.173975944519043,107.86631774902344,1512.0516357421875
996266743,151.8833465576172,15.163285255432129,107.40702056884766,1512.7855224609375
996285532,151.2106170654297,15.151386260986328,106.87599182128906,1513.6304931640625
996301624,150.63514709472656,15.141647338867188,106.42495727539062,1514.3502197265625
996317378,150.0608367919922,15.132317543029785,105.97767639160156,1515.0780029296875
996333027,149.4877166748047,15.123374938964844,105.53414916992188,1515.8031005859375
996348841,148.91571044921875,15.11471939086914,105.09429931640625,1516.5242919921875
996363984,148.34486389160156,15.106254577636719,104.65804290771484,1517.238525390625
996379081,147.77525329589844,15.097918510437012,104.22525024414062,1517.94970703125
996394336,147.20697021484375,15.089693069458008,103.7958984375,1518.66748046875
996410332,146.64002990722656,15.081527709960938,103.36991882324219,1519.3975830078125
996425991,146.07443237304688,15.073319435119629,102.94718170166016,1520.1265869140625
996441204,145.51025390625,15.064955711364746,102.52750396728516,1520.8331298828125
996456714,144.9475860595703,15.056424140930176,102.11083984375,1521.5263671875
996472113,144.38629150390625,15.047749519348145,101.6972427368164,1522.216064453125
996487842,143.8258514404297,15.038931846618652,101.2867202758789,1522.9173583984375
996503750,143.2658233642578,15.029949188232422,100.87926483154297,1523.620849609375
996519339,142.70614624023438,15.020792007446289,100.47493743896484,1524.322998046875
996534736,142.1471405029297,15.01152229309082,100.07381439208984,1525.0186767578125
996550139,141.588623046875,15.002202987670898,99.67594146728516,1525.712158203125
996565777,141.0302276611328,14.99289321899414,99.2813720703125,1526.4044189453125
996581817,140.47195434570312,14.983596801757812,98.89013671875,1527.1070556640625
996597828,139.914306640625,14.974224090576172,98.50213623046875,1527.808349609375
996613791,139.3569793701172,14.964700698852539,98.11724853515625,1528.505615234375
996629871,138.7998046875,14.955090522766113,97.73554229736328,1529.1865234375
996645654,138.2430877685547,14.945466041564941,97.3570785522461,1529.8651123046875
996659633,137.68760681152344,14.935884475708008,96.9819107055664,1530.549560546875
996673811,137.13345336914062,14.926359176635742,96.6100845336914,1531.262451171875
996687959,136.58070373535156,14.91688346862793,96.24153900146484,1531.973876953125
996701868,136.02944946289062,14.907444953918457,95.87621307373047,1532.6666259765625
996715827,135.4797821044922,14.898037910461426,95.51411437988281,1533.3309326171875
996729853,134.9317169189453,14.88865852355957,95.15524291992188,1533.99169921875
996743770,134.38522338867188,14.879319190979004,94.79961395263672,1534.6588134765625
996757325,133.8402099609375,14.870022773742676,94.4471435546875,1535.338134765625
996769284,133.29586791992188,14.860734939575195,94.09774017333984,1536.0157470703125
996780866,132.7509765625,14.851421356201172,93.75135040283203,1536.697509765625
996795058,132.20530700683594,14.84212875366211,93.40811920166016,1537.3853759765625
996810457,131.6588897705078,14.832904815673828,93.0681381225586,1538.072998046875
996825845,131.1116485595703,14.823732376098633,92.73138427734375,1538.7454833984375
996841255,130.5635223388672,14.814573287963867,92.3978042602539,1539.4029541015625
996856699,130.01441955566406,14.805397033691406,92.06732940673828,1540.059814453125
996871934,129.46414184570312,14.796154022216797,91.73985290527344,1540.7159423828125
996887176,128.91268920898438,14.786850929260254,91.41532135009766,1541.3717041015625
996902572,128.3600311279297,14.777518272399902,91.09378051757812,1542.0272216796875
996917948,127.80621337890625,14.768163681030273,90.77526092529297,1542.677490234375
996933259,127.25128173828125,14.75876235961914,90.459716796875,1543.320068359375
996948501,126.69528198242188,14.749320983886719,90.1471939086914,1543.9619140625
996963696,126.13824462890625,14.739850997924805,89.83769989013672,1544.6124267578125
996978848,125.58014678955078,14.730356216430664,89.5312271118164,1545.2886962890625
996994064,125.02098083496094,14.720861434936523,89.227783203125,1545.9649658203125
997009241,124.460693359375,14.711395263671875,88.92740631103516,1546.634521484375
997024378,123.8992691040039,14.702005386352539,88.63011169433594,1547.2889404296875
997039658,123.33670043945312,14.692740440368652,88.3359375,1547.9429931640625
997054865,122.77299499511719,14.683605194091797,88.04487609863281,1548.593994140625
997069907,122.20822143554688,14.674582481384277,87.75691986083984,1549.236083984375
997084814,121.64237976074219,14.665674209594727,87.47205352783203,1549.8773193359375
997099588,121.07550048828125,14.656904220581055,87.19025421142578,1550.5198974609375
997114213,120.50751495361328,14.648246765136719,86.91146850585938,1551.1776123046875
997128766,119.93834686279297,14.639662742614746,86.63557434082031,1551.835205078125
997143205,119.36781311035156,14.63111400604248,86.36241912841797,1552.493896484375
997157514,118.7957992553711,14.622559547424316,86.09185028076172,1553.1644287109375
997171539,118.22221374511719,14.613922119140625,85.82369995117188,1553.8358154296875
997185154,117.64707946777344,14.605107307434082,85.55780029296875,1554.5067138671875
997198754,117.0704345703125,14.59609317779541,85.29409790039062,1555.1571044921875
997212459,116.49232482910156,14.58690071105957,85.03260040283203,1555.80810546875
997226190,115.91276550292969,14.57755184173584,84.7733383178711,1556.45947265625
997240015,115.3318099975586,14.56805419921875,84.51632690429688,1557.1156005859375
997253978,114.74947357177734,14.558457374572754,84.2615966796875,1557.772216796875
997268058,114.16571807861328,14.548786163330078,84.00912475585938,1558.429443359375
997282114,113.58050537109375,14.539011001586914,83.75885009765625,1559.085693359375
997296187,112.99378967285156,14.529134750366211,83.5107192993164,1559.7423095703125
997310333,112.4055404663086,14.519185066223145,83.26472473144531,1560.3997802734375
997324482,111.81575775146484,14.509173393249512,83.02088165283203,1561.0780029296875
997338686,111.2244873046875,14.499075889587402,82.77922058105469,1561.7598876953125
997352999,110.63175964355469,14.48886489868164,82.53971862792969,1562.44287109375
997367342,110.03761291503906,14.478520393371582,82.30239868164062,1563.1298828125
997381714,109.44207763671875,14.468008041381836,82.06721496582031,1563.8179931640625
997396154,108.84524536132812,14.457437515258789,81.83409881591797,1564.506591796875
997410745,108.24711608886719,14.446572303771973,81.60301208496094,1565.1773681640625
997425552,107.64762115478516,14.435856819152832,81.37400817871094,1565.848876953125
997440431,107.04684448242188,14.425021171569824,81.14708709716797,1566.52197265625
997455378,106.44486236572266,14.413818359375,80.92223358154297,1567.2205810546875
997470445,105.84165954589844,14.40254020690918,80.69956970214844,1567.919921875
997485561,105.2374267578125,14.391438484191895,80.47918701171875,1568.6123046875
997500895,104.63239288330078,14.379940032958984,80.26101684570312,1569.269287109375
997516278,104.02656555175781,14.368269920349121,80.04517364501953,1569.926025390625
997531621,103.41993713378906,14.356703758239746,79.83171844482422,1570.5828857421875
997547016,102.81255340576172,14.345158576965332,79.6206283569336,1571.240966796875
997562384,102.2043685913086,14.333724975585938,79.4119873046875,1571.89892578125
997577804,101.59529113769531,14.322443962097168,79.20579528808594,1572.5587158203125
997593308,100.98540496826172,14.310711860656738,79.0019302368164,1573.2420654296875
997608960,100.37457275390625,14.29894733428955,78.80048370361328,1573.926025390625
997624531,99.76276397705078,14.287528991699219,78.60149383544922,1574.6083984375
997640189,99.15015411376953,14.275803565979004,78.40485382080078,1575.2803955078125
997655873,98.53679656982422,14.263517379760742,78.21056365966797,1575.9522705078125
997671657,97.92268371582031,14.25106430053711,78.01866912841797,1576.6239013671875
997687332,97.30781555175781,14.23878288269043,77.82926177978516,1577.2935791015625
997702866,96.69241333007812,14.225916862487793,77.64217376708984,1577.96337890625
997718335,96.076416015625,14.212787628173828,77.4574966430664,1578.6396484375
997733852,95.45988464355469,14.199151992797852,77.27519989013672,1579.352294921875
997749348,94.84278869628906,14.185529708862305,77.09541320800781,1580.064453125
997765022,94.22525024414062,14.171326637268066,76.91800689697266,1580.7620849609375
997781073,93.60726928710938,14.156744956970215,76.74302673339844,1581.4312744140625
997797272,92.98893737792969,14.14161491394043,76.5704574584961,1582.10009765625
997813607,92.37026977539062,14.126378059387207,76.40042114257812,1582.762451171875
997829990,91.75133514404297,14.110764503479004,76.2329330444336,1583.412353515625
997846580,91.13215637207031,14.094707489013672,76.06797790527344,1584.0618896484375
997863211,90.5126953125,14.078685760498047,75.9057846069336,1584.7149658203125
997879903,89.89302062988281,14.062780380249023,75.74638366699219,1585.3787841796875
997896911,89.27310943603516,14.046854019165039,75.5897445678711,1586.0421142578125
997914041,88.65296936035156,14.031384468078613,75.43612670898438,1586.7110595703125
997931264,88.03257751464844,14.016287803649902,75.28556060791016,1587.4000244140625
997948698,87.41197204589844,14.001023292541504,75.13785552978516,1588.0882568359375
997966223,86.79115295410156,13.98629379272461,74.99324798583984,1588.7672119140625
997983858,86.17015075683594,13.971927642822266,74.8517074584961,1589.4261474609375
998001936,85.54935455322266,13.957818031311035,74.7132339477539,1590.084228515625
998020376,84.92952728271484,13.94423770904541,74.5778579711914,1590.7437744140625
998038847,84.310546875,13.9313325881958,74.44548797607422,1591.4097900390625
998057264,83.692138671875,13.918699264526367,74.31602478027344,1592.0745849609375
998075439,83.07460021972656,13.906135559082031,74.18941497802734,1592.734375
998093517,82.45802307128906,13.893706321716309,74.06566619873047,1593.3828125
998111581,81.84212493896484,13.881258964538574,73.94467163085938,1594.02978515625
998129749,81.22733306884766,13.869144439697266,73.826416015625,1594.6729736328125
998147818,80.6140365600586,13.857067108154297,73.71076202392578,1595.3006591796875
998165867,80.00215911865234,13.845111846923828,73.59765625,1595.926513671875
998183696,79.3916015625,13.833200454711914,73.48704528808594,1596.55078125
998201319,78.78274536132812,13.821793556213379,73.37895965576172,1597.2088623046875
998218782,78.17530822753906,13.810050964355469,73.27322387695312,1597.86669921875
998236038,77.56902313232422,13.798115730285645,73.1698226928711,1598.52294921875
998248736,76.96391296386719,13.786055564880371,73.06871032714844,1599.1649169921875
998257251,76.36003875732422,13.773637771606445,72.96981048583984,1599.803955078125
998265685,75.75768280029297,13.76093578338623,72.87311553955078,1600.440673828125
998274245,75.15662384033203,13.748186111450195,72.77867889404297,1601.0743408203125
998282917,74.55669403076172,13.735406875610352,72.68667602539062,1601.7059326171875
998291590,73.95812225341797,13.722846031188965,72.59728240966797,1602.3355712890625
998300214,73.36105346679688,13.710415840148926,72.51052856445312,1602.9703369140625
998308882,72.7655258178711,13.698065757751465,72.42640686035156,1603.6077880859375
998317632,72.17149353027344,13.685795783996582,72.344970703125,1604.2432861328125
998326477,71.5787582397461,13.673595428466797,72.26629638671875,1604.8731689453125
998335377,70.98712158203125,13.661422729492188,72.19046783447266,1605.4964599609375
998344373,70.3963394165039,13.649261474609375,72.11763000488281,1606.118408203125
998353480,69.80619812011719,13.637121200561523,72.04791259765625,1606.7421875
998362661,69.21654510498047,13.625001907348633,71.98138427734375,1607.3759765625
998371878,68.6273422241211,13.612895965576172,71.91806030273438,1608.0087890625
998381114,68.03858947753906,13.600776672363281,71.85791015625,1608.6402587890625
998390316,67.45032501220703,13.58859920501709,71.80088806152344,1609.2630615234375
998399492,66.86251068115234,13.576336860656738,71.74694061279297,1609.8846435546875
998408633,66.2751235961914,13.563972473144531,71.6960678100586,1610.5054931640625
998417740,65.68809509277344,13.551480293273926,71.64822387695312,1611.120361328125
998426768,65.10139465332031,13.538824081420898,71.60340118408203,1611.733154296875
998435736,64.51499938964844,13.525982856750488,71.5615463256836,1612.3453369140625
998444622,63.928916931152344,13.512900352478027,71.52262878417969,1612.9818115234375
998453429,63.343177795410156,13.499518394470215,71.48656463623047,1613.63818359375
998462217,62.757816314697266,13.485812187194824,71.45332336425781,1614.2933349609375
998470994,62.17286682128906,13.47177505493164,71.42288208007812,1614.9112548828125
998479753,61.58834457397461,13.457413673400879,71.39525604248047,1615.489501953125
998488550,61.004276275634766,13.44275951385498,71.37047576904297,1616.0673828125
998497424,60.42066192626953,13.427861213684082,71.34858703613281,1616.6455078125
998506401,59.83749771118164,13.412772178649902,71.32965850830078,1617.2703857421875
998515469,59.25479507446289,13.397526741027832,71.31369018554688,1617.894287109375
998524603,58.672576904296875,13.382170677185059,71.30077362060547,1618.51708984375
998533804,58.09085464477539,13.366744041442871,71.29092407226562,1619.103515625
998543043,57.5096549987793,13.351276397705078,71.28416442871094,1619.68017578125
998552331,56.92901611328125,13.335803985595703,71.2805404663086,1620.2564697265625
998561667,56.348941802978516,13.320318222045898,71.28004455566406,1620.841796875
998570699,55.769439697265625,13.304802894592285,71.28263092041016,1621.447021484375
998579810,55.19051742553711,13.289281845092773,71.2883071899414,1622.0513916015625
998589031,54.6121826171875,13.273784637451172,71.29710388183594,1622.6552734375
998598386,54.034446716308594,13.25833797454834,71.30903625488281,1623.2587890625
998609379,53.361202239990234,13.240373611450195,71.32691955566406,1623.9619140625
998618847,52.78480911254883,13.225011825561523,71.34561157226562,1624.5640869140625
998628374,52.209068298339844,13.209725379943848,71.36744689941406,1625.1693115234375
998638004,51.63400650024414,13.194580078125,71.39248657226562,1625.7745361328125
998647659,51.059661865234375,13.179594039916992,71.4207763671875,1626.3790283203125
998657313,50.48603057861328,13.164759635925293,71.4522933959961,1626.970947265625
998666945,49.91313552856445,13.150066375732422,71.4870376586914,1627.551025390625
998676536,49.34098434448242,13.135522842407227,71.5250015258789,1628.130859375
998686063,48.76957702636719,13.121114730834961,71.56617736816406,1628.7098388671875
998695531,48.19892120361328,13.106815338134766,71.61052703857422,1629.2818603515625
998704981,47.62902069091797,13.092597961425781,71.65800476074219,1629.8536376953125
998714395,47.05987548828125,13.07840347290039,71.70855712890625,1630.4248046875
998723764,46.49148941040039,13.064164161682129,71.7621078491211,1631.016845703125
998733028,45.92384719848633,13.04980182647705,71.81857299804688,1631.62548828125
998742186,45.356956481933594,13.0352783203125,71.87791442871094,1632.233642578125
998751341,44.790836334228516,13.020587921142578,71.94011688232422,1632.83349609375
998760500,44.225486755371094,13.005712509155273,72.00514221191406,1633.410888671875
998769672,43.66090774536133,12.990622520446777,72.07296752929688,1633.98779296875
998778840,43.09710693359375,12.97528076171875,72.14352416992188,1634.564208984375
998788012,42.53409957885742,12.959678649902344,72.21681213378906,1635.163330078125
998797060,41.97188949584961,12.943803787231445,72.29280090332031,1635.7685546875
998806119,41.41048049926758,12.927699089050293,72.37149047851562,1636.373046875
998815346,40.84992599487305,12.911449432373047,72.45299530029297,1636.9697265625
998824622,40.29023742675781,12.895100593566895,72.53732299804688,1637.557373046875
998833943,39.731414794921875,12.878653526306152,72.62445831298828,1638.1444091796875
998843277,39.17348098754883,12.862092971801758,72.71440124511719,1638.7310791015625
998852565,38.616432189941406,12.84544849395752,72.80714416503906,1639.31689453125
998861910,38.06029510498047,12.82878303527832,72.90271759033203,1639.9024658203125
998871346,37.50508499145508,12.812151908874512,73.00116729736328,1640.4874267578125
998880813,36.95082473754883,12.795575141906738,73.10250854492188,1641.0843505859375
998890290,36.397525787353516,12.779048919677734,73.20674896240234,1641.688232421875
998899765,35.84519577026367,12.762579917907715,73.3138656616211,1642.2913818359375
998909226,35.293846130371094,12.746186256408691,73.42387390136719,1642.8916015625
998918667,34.74346923828125,12.729866027832031,73.53675842285156,1643.4853515625
998928094,34.19401931762695,12.713622093200684,73.65255737304688,1644.07861328125
998937585,33.645442962646484,12.69746208190918,73.77128601074219,1644.6712646484375
998947102,33.09765625,12.681377410888672,73.8929672241211,1645.24755859375
998956589,32.55061340332031,12.665340423583984,74.01758575439453,1645.822509765625
998966051,32.0042839050293,12.649316787719727,74.14512634277344,1646.3970947265625
998975445,31.458621978759766,12.633308410644531,74.27558898925781,1646.984375
998984800,30.913593292236328,12.617351531982422,74.40902709960938,1647.5882568359375
998994284,30.369157791137695,12.601487159729004,74.5455322265625,1648.1920166015625
999003766,29.825275421142578,12.585734367370605,74.68512725830078,1648.790283203125
999013222,29.28190803527832,12.570097923278809,74.82785034179688,1649.3408203125
999022622,28.739046096801758,12.554571151733398,74.97370910644531,1649.8919677734375
999031957,28.196693420410156,12.539156913757324,75.12269592285156,1650.4437255859375
999041232,27.654863357543945,12.523850440979004,75.27481079101562,1651.0037841796875
999050432,27.113567352294922,12.508626937866211,75.43004608154297,1651.5728759765625
999059622,26.57280921936035,12.493471145629883,75.58837127685547,1652.1424560546875
999068791,26.032583236694336,12.478370666503906,75.74978637695312,1652.7125244140625
999077940,25.49286651611328,12.463303565979004,75.91429138183594,1653.309326171875
999087068,24.95363426208496,12.448236465454102,76.08187103271484,1653.907958984375
999096188,24.414857864379883,12.433140754699707,76.25247192382812,1654.507080078125
999105279,23.876495361328125,12.418002128601074,76.4261245727539,1655.080322265625
999114353,23.338520050048828,12.402802467346191,76.60281372070312,1655.63671875
999123400,22.80091667175293,12.38752269744873,76.78247833251953,1656.193359375
999132436,22.2636775970459,12.372164726257324,76.96517181396484,1656.7508544921875
999141439,21.7268123626709,12.356724739074707,77.15087127685547,1657.3377685546875
999150485,21.190332412719727,12.341195106506348,77.33956146240234,1657.9256591796875
999159495,20.65424919128418,12.325567245483398,77.5312271118164,1658.5142822265625
999168547,20.11857032775879,12.309844017028809,77.72587585449219,1659.10693359375
999177619,19.583303451538086,12.294025421142578,77.9234848022461,1659.7027587890625
999186692,19.04845428466797,12.278107643127441,78.12406921386719,1660.29931640625
999195749,18.514028549194336,12.262078285217285,78.3276138305664,1660.9010009765625
999204811,17.98003578186035,12.245950698852539,78.53409576416016,1661.518798828125
999213878,17.446489334106445,12.22973918914795,78.74356079101562,1662.1376953125
999222920,16.913406372070312,12.213446617126465,78.95600128173828,1662.75732421875
999231978,16.380802154541016,12.197080612182617,79.17141723632812,1663.3353271484375
999241097,15.848699569702148,12.180694580078125,79.38985443115234,1663.9129638671875
999250352,15.317136764526367,12.164342880249023,79.6113510131836,1664.4912109375
999259660,14.78614330291748,12.148043632507324,79.83592224121094,1665.085205078125
999268991,14.255739212036133,12.131794929504395,80.06356811523438,1665.6947021484375
999278305,13.725930213928223,12.115602493286133,80.29425811767578,1666.3046875
999287612,13.196728706359863,12.099508285522461,80.52801513671875,1666.91552734375
999296888,12.668169975280762,12.083529472351074,80.76484680175781,1667.5262451171875
999306217,12.140283584594727,12.067705154418945,81.00477600097656,1668.1376953125
999315603,11.613102912902832,12.052055358886719,81.24781799316406,1668.749755859375
999324975,11.08664321899414,12.036564826965332,81.49395751953125,1669.348388671875
999334307,10.560908317565918,12.021199226379395,81.74312591552734,1669.94677734375
999343597,10.035893440246582,12.005932807922363,81.99531555175781,1670.5457763671875
999352813,9.51159381866455,11.990758895874023,82.25047302246094,1671.13037109375
999361965,8.988012313842773,11.975668907165527,82.50860595703125,1671.705322265625
999371238,8.465181350708008,11.96070671081543,82.76972961425781,1672.2808837890625
999380600,7.943130970001221,11.945878028869629,83.03385925292969,1672.8621826171875
999389956,7.42186975479126,11.931146621704102,83.30094909667969,1673.493896484375
999399292,6.90139627456665,11.916472434997559,83.5709457397461,1674.1263427734375
999408567,6.381698131561279,11.901859283447266,83.8438491821289,1674.759521484375
999417795,5.862786769866943,11.887333869934082,84.11965942382812,1675.3455810546875
999426970,5.34470272064209,11.872973442077637,84.39845275878906,1675.928466796875
999436574,4.8275556564331055,11.858966827392578,84.6803970336914,1676.5118408203125
999446266,4.311427116394043,11.845368385314941,84.96553802490234,1677.1090087890625
999455945,3.796339273452759,11.8321533203125,85.25384521484375,1677.72119140625
999465584,3.2822930812835693,11.819292068481445,85.54527282714844,1678.3338623046875
999475184,2.769277334213257,11.806855201721191,85.83982849121094,1678.9476318359375
999484713,2.2573158740997314,11.794851303100586,86.13749694824219,1679.5640869140625
999494176,1.7464271783828735,11.78322982788086,86.43822479248047,1680.181396484375
999503601,1.2366122007369995,11.771930694580078,86.74195861816406,1680.79931640625
999512963,0.7278610467910767,11.7608642578125,87.04863739013672,1681.41259765625
999522246,0.2201567441225052,11.749916076660156,87.35814666748047,1682.0263671875
999531430,-0.2865314185619354,11.738981246948242,87.67039489746094,1682.640625
999540535,-0.7922275066375732,11.727995872497559,87.98533630371094,1683.2532958984375
999549574,-1.2969474792480469,11.716907501220703,88.30293273925781,1683.865234375
999558495,-1.800714135169983,11.705656051635742,88.62313842773438,1684.4779052734375
999567411,-2.303541421890259,11.694212913513184,88.94593811035156,1685.100830078125
999576314,-2.8054378032684326,11.682573318481445,89.27132415771484,1685.7379150390625
999585221,-3.3064098358154297,11.670733451843262,89.59932708740234,1686.375732421875
999594122,-3.8064522743225098,11.658693313598633,89.92993927001953,1687.0054931640625
999603020,-4.305551528930664,11.646465301513672,90.26318359375,1687.612060546875
999611947,-4.803672790527344,11.634102821350098,90.5990982055664,1688.2191162109375
999621016,-5.300745487213135,11.621678352355957,90.93775177001953,1688.826904296875
999630212,-5.796699523925781,11.609259605407715,91.27919006347656,1689.4588623046875
999639496,-6.291480541229248,11.596885681152344,91.6234359741211,1690.09228515625
999648813,-6.785051345825195,11.584576606750488,91.97051239013672,1690.7265625
999658149,-7.277383327484131,11.572365760803223,92.3204116821289,1691.3414306640625
999667496,-7.768434047698975,11.560304641723633,92.67317199707031,1691.9522705078125
999676884,-8.258145332336426,11.5484619140625,93.02884674072266,1692.5634765625
999686603,-8.746428489685059,11.536953926086426,93.38751220703125,1693.1771240234375
999696362,-9.233229637145996,11.525821685791016,93.74922943115234,1693.7926025390625
999706117,-9.718522071838379,11.515061378479004,94.1139907836914,1694.408935546875
999715841,-10.20230770111084,11.504663467407227,94.48176574707031,1695.0313720703125
999724932,-10.684629440307617,11.494675636291504,94.8525619506836,1695.6708984375
999732323,-11.165610313415527,11.485093116760254,95.22635650634766,1696.3114013671875
999737503,-11.645602226257324,11.475876808166504,95.6028060913086,1696.9505615234375
999740615,-12.125158309936523,11.466948509216309,95.98128509521484,1697.576171875
999742965,-12.604393005371094,11.458186149597168,96.36167907714844,1698.20263671875
999746020,-13.082991600036621,11.449457168579102,96.74425506591797,1698.8299560546875
999750123,-13.560733795166016,11.440683364868164,97.1292724609375,1699.47216796875
999754318,-14.03758430480957,11.431818008422852,97.51670837402344,1700.1163330078125
999758600,-14.513531684875488,11.422836303710938,97.90650177001953,1700.761474609375
999762952,-14.98856258392334,11.413724899291992,98.29859161376953,1701.40087890625
999767378,-15.462685585021973,11.404457092285156,98.69290924072266,1702.0396728515625
999771870,-15.935925483703613,11.395002365112305,99.08938598632812,1702.67919921875
999776430,-16.408315658569336,11.385344505310059,99.48798370361328,1703.33203125
999781029,-16.879915237426758,11.375455856323242,99.8886489868164,1703.99169921875
999785615,-17.35077667236328,11.365337371826172,100.29136657714844,1704.65185546875
999790401,-17.820880889892578,11.355131149291992,100.69619750976562,1705.303466796875
999795325,-18.29018211364746,11.344966888427734,101.10322570800781,1705.9503173828125
999800174,-18.758670806884766,11.334901809692383,101.51244354248047,1706.5980224609375
999804854,-19.22639274597168,11.324941635131836,101.92381286621094,1707.2427978515625
999809394,-19.693361282348633,11.315201759338379,102.33729553222656,1707.8851318359375
999813813,-20.159563064575195,11.305804252624512,102.75287628173828,1708.5284423828125
999818184,-20.624948501586914,11.296858787536621,103.17057037353516,1709.167724609375
999822560,-21.089466094970703,11.288454055786133,103.59038543701172,1709.8011474609375
999826868,-21.553083419799805,11.28057861328125,104.0123062133789,1710.435302734375
999831105,-22.01580810546875,11.27319622039795,104.43630981445312,1711.083740234375
999835298,-22.477638244628906,11.26628303527832,104.86238861083984,1711.7733154296875
999839450,-22.938560485839844,11.259822845458984,105.29053497314453,1712.462890625
999843584,-23.398563385009766,11.253741264343262,105.72077178955078,1713.1331787109375
999847707,-23.85765266418457,11.247941017150879,106.15306854248047,1713.766357421875
999851845,-24.315826416015625,11.242352485656738,106.58741760253906,1714.400390625
999856137,-24.77303123474121,11.23703670501709,107.02388763427734,1715.035888671875
999860541,-25.22919273376465,11.232019424438477,107.4625244140625,1715.6748046875
999864976,-25.68427848815918,11.227265357971191,107.90331268310547,1716.3145751953125
999869416,-26.13827133178711,11.222745895385742,108.34627532958984,1716.95654296875
999873851,-26.591150283813477,11.218501091003418,108.7914047241211,1717.6292724609375
999878277,-27.04287338256836,11.214558601379395,109.23873138427734,1718.3021240234375
999882704,-27.493406295776367,11.210906028747559,109.68828582763672,1718.974853515625
999887239,-27.94271469116211,11.207571983337402,110.14007568359375,1719.6396484375
999891838,-28.390758514404297,11.204546928405762,110.59412384033203,1720.304443359375
999896463,-28.837533950805664,11.20176887512207,111.0504150390625,1720.9681396484375
999901110,-29.28305435180664,11.199191093444824,111.50891876220703,1721.5986328125
999905758,-29.7273006439209,11.196832656860352,111.96964263916016,1722.2301025390625
999910400,-30.17024803161621,11.194679260253906,112.43258666992188,1722.862548828125
999915026,-30.611900329589844,11.192672729492188,112.8977279663086,1723.5302734375
999919642,-31.052261352539062,11.190752983093262,113.36504364013672,1724.203369140625
999924306,-31.491334915161133,11.188899993896484,113.83451080322266,1724.8768310546875
999929018,-31.929121017456055,11.18708610534668,114.30612182617188,1725.528564453125
999934545,-32.43825149536133,11.184989929199219,114.8590316772461,1726.2864990234375
999939298,-32.87325668334961,11.18320369720459,115.33527374267578,1726.9371337890625
999944089,-33.30694580078125,11.181469917297363,115.81365966796875,1727.6051025390625
999948967,-33.73927307128906,11.179815292358398,116.2942123413086,1728.274169921875
999953867,-34.170230865478516,11.178240776062012,116.77693939208984,1728.943359375
999958795,-34.59979248046875,11.176776885986328,117.26185607910156,1729.6142578125
999963760,-35.027923583984375,11.175480842590332,117.74897003173828,1730.28515625
999968729,-35.45458221435547,11.174389839172363,118.23828887939453,1730.9564208984375
999973718,-35.879737854003906,11.173527717590332,118.72985076904297,1731.625
999978738,-36.303367614746094,11.17292308807373,119.2236328125,1732.2935791015625
999983748,-36.72544479370117,11.172586441040039,119.71965026855469,1732.962646484375
999988735,-37.14596939086914,11.17249870300293,120.2178955078125,1733.6368408203125
999993698,-37.564945220947266,11.172647476196289,120.71833038330078,1734.3111572265625
999998628,-37.98237609863281,11.173015594482422,121.2209243774414,1734.9852294921875
1000003552,-38.398258209228516,11.173595428466797,121.72567749023438,1735.64208984375
1000008499,-38.812591552734375,11.174378395080566,122.23259735107422,1736.2991943359375
1000013425,-39.225372314453125,11.175333023071289,122.74163818359375,1736.9573974609375
1000018320,-39.636634826660156,11.176412582397461,123.25276947021484,1737.64599609375
1000023228,-40.04637908935547,11.17762565612793,123.7659912109375,1738.3348388671875
1000028150,-40.45458221435547,11.179008483886719,124.28131866455078,1739.0211181640625
1000033053,-40.86122512817383,11.18056869506836,124.79875946044922,1739.6778564453125
1000037944,-41.266300201416016,11.18230152130127,125.31829071044922,1740.33544921875
1000042812,-41.669803619384766,11.184207916259766,125.83991241455078,1740.9937744140625
1000047697,-42.07171630859375,11.186334609985352,126.36363220214844,1741.6668701171875
1000052606,-42.47200012207031,11.188748359680176,126.88948059082031,1742.340087890625
1000057529,-42.87059783935547,11.191473960876465,127.4174575805664,1743.01318359375
1000062443,-43.26750183105469,11.194520950317383,127.9475326538086,1743.68212890625
1000067336,-43.66269302368164,11.197940826416016,128.47975158691406,1744.35107421875
1000072246,-44.05611801147461,11.20180606842041,129.0141143798828,1745.0205078125
1000077178,-44.44773483276367,11.20615291595459,129.5505828857422,1745.6851806640625
1000082091,-44.83750915527344,11.211030960083008,130.08924865722656,1746.3505859375
1000087028,-45.22540283203125,11.216504096984863,130.63002014160156,1747.0166015625
1000091936,-45.611392974853516,11.2225923538208,131.1729736328125,1747.68359375
1000096777,-45.995479583740234,11.229310989379883,131.71804809570312,1748.3511962890625
1000101637,-46.37762451171875,11.236729621887207,132.2653045654297,1749.0194091796875
1000106492,-46.7578010559082,11.244857788085938,132.81466674804688,1749.686279296875
1000111286,-47.13603210449219,11.253656387329102,133.36614990234375,1750.354248046875
1000116065,-47.51231002807617,11.263134956359863,133.9197235107422,1751.02294921875
1000120815,-47.88665771484375,11.27325439453125,134.47537231445312,1751.682861328125
1000125501,-48.25912857055664,11.283896446228027,135.03298950195312,1752.34423828125
1000130140,-48.62979507446289,11.294953346252441,135.5925750732422,1753.00732421875
1000134687,-48.99872589111328,11.306314468383789,136.15402221679688,1753.6866455078125
1000139188,-49.366004943847656,11.317822456359863,136.71725463867188,1754.3668212890625
1000143640,-49.731727600097656,11.329303741455078,137.28224182128906,1755.0469970703125
1000148027,-50.09600067138672,11.340617179870605,137.84889221191406,1755.7210693359375
1000152408,-50.45888900756836,11.351632118225098,138.41714477539062,1756.395751953125
1000156799,-50.8204460144043,11.362255096435547,138.9869842529297,1757.0714111328125
1000161199,-51.18070983886719,11.372425079345703,139.5583953857422,1757.748046875
1000165639,-51.53969192504883,11.38215160369873,140.13137817382812,1758.425537109375
1000170120,-51.8973388671875,11.391521453857422,140.7060089111328,1759.103759765625
1000174622,-52.253597259521484,11.400620460510254,141.2823486328125,1759.7828369140625
1000179062,-52.60842514038086,11.409540176391602,141.8603973388672,1760.462646484375
1000183450,-52.961753845214844,11.418389320373535,142.4402313232422,1761.1431884765625
1000187822,-53.31353759765625,11.427279472351074,143.02183532714844,1761.82275390625
1000192048,-53.66374588012695,11.436285972595215,143.60523986816406,1762.50341796875
1000196110,-54.01242446899414,11.445464134216309,144.19036865234375,1763.185546875
1000199468,-54.36013412475586,11.454842567443848,144.77694702148438,1763.8717041015625
1000201664,-54.70724868774414,11.464423179626465,145.36468505859375,1764.5584716796875
1000203847,-55.05372619628906,11.474213600158691,145.95362854003906,1765.2451171875
1000206015,-55.399559020996094,11.484204292297363,146.5437774658203,1765.9310302734375
1000208190,-55.74469757080078,11.494363784790039,147.1351318359375,1766.61767578125
1000210618,-56.08903121948242,11.504677772521973,147.72775268554688,1767.3048095703125
1000213239,-56.4325065612793,11.515141487121582,148.32167053222656,1767.9923095703125
1000215932,-56.77515411376953,11.525749206542969,148.91688537597656,1768.6806640625
1000218622,-57.11708450317383,11.536500930786133,149.51332092285156,1769.369873046875
1000221235,-57.45843505859375,11.547393798828125,150.1108856201172,1770.059814453125
1000223856,-57.79925537109375,11.558427810668945,150.7095489501953,1770.75048828125
1000226530,-58.13957595825195,11.569621086120605,151.30931091308594,1771.4417724609375
1000229253,-58.47943878173828,11.580982208251953,151.9100799560547,1772.1334228515625
1000232007,-58.818878173828125,11.592497825622559,152.51187133789062,1772.8258056640625
1000234801,-59.157920837402344,11.604172706604004,153.1146697998047,1773.51904296875
1000237642,-59.49657440185547,11.61600112915039,153.71844482421875,1774.212646484375
1000240519,-59.834835052490234,11.62796688079834,154.3232421875,1774.9071044921875
1000243476,-60.172672271728516,11.64006233215332,154.92904663085938,1775.602783203125
1000246532,-60.510013580322266,11.652250289916992,155.53587341308594,1776.29931640625
1000249674,-60.846763610839844,11.664525032043457,156.14381408691406,1776.9964599609375
1000252919,-61.18284606933594,11.676905632019043,156.75289916992188,1777.6942138671875
1000256174,-61.5181999206543,11.689376831054688,157.36312866210938,1778.392578125
1000259385,-61.852745056152344,11.701971054077148,157.97454833984375,1779.0916748046875
1000262602,-62.18646240234375,11.71473217010498,158.587158203125,1779.790771484375
1000265729,-62.519405364990234,11.727653503417969,159.2009735107422,1780.4906005859375
1000268246,-62.852108001708984,11.740745544433594,159.81568908691406,1781.1912841796875
1000270294,-63.184635162353516,11.7540283203125,160.43124389648438,1781.8963623046875
1000272372,-63.516876220703125,11.76748275756836,161.04774475097656,1782.6024169921875
1000274423,-63.84878158569336,11.781085968017578,161.66519165039062,1783.3082275390625
1000276471,-64.18035888671875,11.794792175292969,162.28359985351562,1784.0115966796875
1000278524,-64.51158142089844,11.808534622192383,162.9029541015625,1784.71533203125
1000280636,-64.84241485595703,11.822244644165039,163.52330017089844,1785.4189453125
1000282820,-65.17285919189453,11.835846900939941,164.14462280273438,1786.1217041015625
1000285067,-65.5029296875,11.849278450012207,164.76690673828125,1786.82470703125
1000287332,-65.83267974853516,11.862485885620117,165.39012145996094,1787.530517578125
1000289603,-66.16215515136719,11.875447273254395,166.01425170898438,1788.238525390625
1000291866,-66.49140167236328,11.888143539428711,166.63926696777344,1788.9471435546875
1000294085,-66.82051086425781,11.900558471679688,167.26512145996094,1789.6573486328125
1000296269,-67.1495361328125,11.91270923614502,167.8917999267578,1790.3685302734375
1000298414,-67.47854614257812,11.924631118774414,168.51927185058594,1791.0806884765625
1000300520,-67.80763244628906,11.936332702636719,169.1475067138672,1791.7926025390625
1000302594,-68.1368408203125,11.947826385498047,169.77645874023438,1792.50537109375
1000304638,-68.46624755859375,11.959125518798828,170.4060821533203,1793.2186279296875
1000306651,-68.79590606689453,11.97024917602539,171.036376953125,1793.929931640625
1000308647,-69.12583923339844,11.981232643127441,171.66732788085938,1794.641845703125
1000310632,-69.4560775756836,11.99211597442627,172.2988739013672,1795.3546142578125
1000312611,-69.78666687011719,12.002938270568848,172.93099975585938,1796.0689697265625
1000314582,-70.11763763427734,12.013754844665527,173.5636749267578,1796.7841796875
1000316574,-70.44901275634766,12.024659156799316,174.1968994140625,1797.50048828125
1000318573,-70.78079986572266,12.035738945007324,174.83067321777344,1798.2186279296875
1000320571,-71.11299896240234,12.047039985656738,175.46499633789062,1798.9375
1000322574,-71.44563293457031,12.058619499206543,176.09986877441406,1799.6575927734375
1000324573,-71.77869415283203,12.07052230834961,176.73529052734375,1800.3790283203125
1000326569,-72.11217498779297,12.082755088806152,177.3712615966797,1801.1011962890625
1000328562,-72.4460678100586,12.095301628112793,178.00778198242188,1801.82080078125
1000330554,-72.78034973144531,12.108147621154785,178.6448516845703,1802.540771484375
1000332551,-73.1150131225586,12.1212739944458,179.282470703125,1803.2608642578125
1000334550,-73.45004272460938,12.134650230407715,179.92063903808594,1803.9775390625
1000336549,-73.78541564941406,12.148241996765137,180.55935668945312,1804.6947021484375
1000338552,-74.12113189697266,12.162023544311523,181.19862365722656,1805.4158935546875
1000340551,-74.45716857910156,12.175962448120117,181.83843994140625,1806.1458740234375
1000342542,-74.79351043701172,12.190009117126465,182.47885131835938,1806.87646484375
1000344525,-75.13017272949219,12.204121589660645,183.11985778808594,1807.6053466796875
1000346502,-75.46713256835938,12.218255043029785,183.7614288330078,1808.3326416015625
1000348473,-75.80438995361328,12.23237133026123,184.40362548828125,1809.060791015625
1000350442,-76.14195251464844,12.246434211730957,185.04640197753906,1809.7840576171875
1000352415,-76.47980499267578,12.260406494140625,185.68978881835938,1810.5069580078125
1000354388,-76.81795501708984,12.274274826049805,186.33377075195312,1811.2305908203125
1000356364,-77.15640258789062,12.288046836853027,186.9783477783203,1811.9600830078125
1000358338,-77.4951400756836,12.301728248596191,187.62351989746094,1812.6904296875
1000360310,-77.83418273925781,12.315317153930664,188.269287109375,1813.42138671875
1000362280,-78.17353057861328,12.328828811645508,188.9156494140625,1814.153076171875
1000364252,-78.51317596435547,12.342281341552734,189.56260681152344,1814.88525390625
1000366227,-78.85313415527344,12.355672836303711,190.2101287841797,1815.624755859375
1000368211,-79.19341278076172,12.369041442871094,190.8582763671875,1816.3701171875
1000370211,-79.53400421142578,12.382430076599121,191.50697326660156,1817.11669921875
1000372215,-79.87491607666016,12.395855903625488,192.15625,1817.8492431640625
1000374225,-80.21614074707031,12.409346580505371,192.80613708496094,1818.579833984375
1000376235,-80.55767822265625,12.422943115234375,193.45657348632812,1819.3116455078125
1000378243,-80.89952850341797,12.436661720275879,194.10757446289062,1820.048583984375
1000380249,-81.24169158935547,12.450529098510742,194.7592010498047,1820.7862548828125
1000382270,-81.58416748046875,12.464576721191406,195.411376953125,1821.5244140625
1000384310,-81.92695617675781,12.478812217712402,196.06410217285156,1822.262939453125
1000386351,-82.2700424194336,12.493234634399414,196.71737670898438,1823.0020751953125
1000388393,-82.61343383789062,12.507864952087402,197.3712921142578,1823.742431640625
1000390428,-82.9571304321289,12.522708892822266,198.0257568359375,1824.484130859375
1000392449,-83.30111694335938,12.537741661071777,198.68077087402344,1825.2264404296875
1000394460,-83.6454086303711,12.55291748046875,199.33633422851562,1825.9671630859375
1000396457,-83.989990234375,12.568202018737793,199.99253845214844,1826.708740234375
1000398447,-84.33488464355469,12.583548545837402,200.6492919921875,1827.45068359375
1000400432,-84.68008422851562,12.59891414642334,201.3065948486328,1828.193603515625
1000402408,-85.02558898925781,12.614234924316406,201.96444702148438,1828.93701171875
1000404374,-85.37140655517578,12.629456520080566,202.6228485107422,1829.682861328125
1000406332,-85.71754455566406,12.644553184509277,203.28189086914062,1830.4306640625
1000408289,-86.06399536132812,12.65951919555664,203.9414825439453,1831.178955078125
1000410268,-86.4107666015625,12.674413681030273,204.60162353515625,1831.9271240234375
1000412279,-86.75785827636719,12.689305305480957,205.26231384277344,1832.675537109375
1000414310,-87.10526275634766,12.70425033569336,205.92355346679688,1833.42529296875
1000416348,-87.45298767089844,12.719318389892578,206.58534240722656,1834.177734375
1000418382,-87.80104064941406,12.734606742858887,207.2476806640625,1834.930908203125
1000420418,-88.1494140625,12.75021743774414,207.9105682373047,1835.6787109375
1000422494,-88.49810028076172,12.766225814819336,208.57400512695312,1836.422119140625
1000424575,-88.84709167480469,12.782631874084473,209.2379913330078,1837.166015625
1000426650,-89.1963882446289,12.799420356750488,209.90252685546875,1837.920654296875
1000428707,-89.5459976196289,12.816605567932129,210.56761169433594,1838.6776123046875
1000430745,-89.89590454101562,12.83415699005127,211.23324584960938,1839.4364013671875
1000432767,-90.2461166381836,12.852015495300293,211.89942932128906,1840.199951171875
1000434797,-90.59663391113281,12.870160102844238,212.566162109375,1840.9642333984375
1000436839,-90.94744110107422,12.888545989990234,213.2334442138672,1841.7220458984375
1000438872,-91.29855346679688,12.907088279724121,213.90127563476562,1842.475341796875
1000440890,-91.64995574951172,12.925745010375977,214.5696563720703,1843.229248046875
1000443227,-92.0603256225586,12.94764518737793,215.35012817382812,1844.1138916015625
1000445228,-92.41239929199219,12.966543197631836,216.0196990966797,1844.8734130859375
1000447253,-92.76476287841797,12.985554695129395,216.6898193359375,1845.6353759765625
1000449290,-93.11744689941406,13.004679679870605,217.36048889160156,1846.400146484375
1000451342,-93.47041320800781,13.023971557617188,218.0316162109375,1847.1654052734375
1000453396,-93.82369232177734,13.04348087310791,218.7032928466797,1847.9173583984375
1000455446,-94.17724609375,13.063215255737305,219.37551879882812,1848.6666259765625
1000457497,-94.53111267089844,13.083189964294434,220.0482940673828,1849.417724609375
1000459550,-94.88525390625,13.103405952453613,220.72161865234375,1850.1790771484375
1000461600,-95.23967742919922,13.123847961425781,221.39549255371094,1850.940673828125
1000463658,-95.59437561035156,13.144573211669922,222.06991577148438,1851.705078125
1000465750,-95.94934844970703,13.1656494140625,222.74488830566406,1852.4718017578125
1000467843,-96.30459594726562,13.1870698928833,223.4203338623047,1853.2391357421875
1000469931,-96.66011810302734,13.208840370178223,224.0963134765625,1854.0050048828125
1000472007,-97.01591491699219,13.231009483337402,224.77284240722656,1854.7711181640625
1000474065,-97.37161254882812,13.25352954864502,225.44915771484375,1855.53662109375
1000476571,-97.72664642333984,13.276323318481445,226.12417602539062,1856.2991943359375
1000478935,-98.080810546875,13.299229621887207,226.79751586914062,1857.0599365234375
1000482516,-98.43363189697266,13.322090148925781,227.46832275390625,1857.8173828125
1000486307,-98.78504943847656,13.34496784210205,228.13638305664062,1858.5714111328125
1000490379,-99.13494110107422,13.367938995361328,228.8014678955078,1859.3221435546875
1000494469,-99.48320770263672,13.391016006469727,229.4634552001953,1860.075927734375
1000498831,-99.82974243164062,13.414213180541992,230.12210083007812,1860.8262939453125
1000503704,-100.1744155883789,13.437593460083008,230.77713012695312,1861.5721435546875
1000509246,-100.51715850830078,13.461176872253418,231.42843627929688,1862.3125
1000515939,-100.85794830322266,13.484947204589844,232.07598876953125,1863.0487060546875
1000523651,-101.19681549072266,13.508869171142578,232.71983337402344,1863.7803955078125
1000531372,-101.53377532958984,13.532902717590332,233.3600311279297,1864.5079345703125
1000539099,-101.86885070800781,13.55699348449707,233.99661254882812,1865.2315673828125
1000546799,-102.20205688476562,13.581086158752441,234.62962341308594,1865.9456787109375
1000554482,-102.53340911865234,13.605130195617676,235.25909423828125,1866.6549072265625
1000562134,-102.86292266845703,13.629070281982422,235.8850555419922,1867.3599853515625
1000569703,-103.19078826904297,13.652825355529785,236.50772094726562,1868.0657958984375
1000577170,-103.51725006103516,13.676386833190918,237.12759399414062,1868.7684326171875
1000580432,-103.84233856201172,13.699827194213867,237.7448272705078,1869.468994140625
1000583481,-104.16570281982422,13.72330093383789,238.35885620117188,1870.17138671875
1000588728,-104.48710632324219,13.746979713439941,238.96910095214844,1870.8695068359375
1000595922,-104.80657196044922,13.77082347869873,239.57559204101562,1871.5616455078125
1000603648,-105.12413787841797,13.79479694366455,240.17837524414062,1872.2447509765625
1000611377,-105.43975830078125,13.818931579589844,240.77735900878906,1872.9234619140625
1000619061,-105.7534408569336,13.843209266662598,241.37257385253906,1873.594482421875
1000626633,-106.06520080566406,13.867626190185547,241.96401977539062,1874.2537841796875
1000634315,-106.37500762939453,13.892193794250488,242.5516815185547,1874.9085693359375
1000641846,-106.68296813964844,13.916821479797363,243.1357879638672,1875.5654296875
1000645143,-106.98946380615234,13.941502571105957,243.7170867919922,1876.236083984375
1000647915,-107.2945785522461,13.966326713562012,244.29562377929688,1876.9034423828125
1000651063,-107.59800720214844,13.991265296936035,244.87081909179688,1877.5704345703125
1000657821,-107.89954376220703,14.016231536865234,245.44235229492188,1878.240966796875
1000665139,-108.19927215576172,14.041056632995605,246.01036071777344,1878.9075927734375
1000671580,-108.49745178222656,14.065711975097656,246.57528686523438,1879.560546875
1000674504,-108.79442596435547,14.090292930603027,247.13746643066406,1880.1824951171875
1000677209,-109.09019470214844,14.114910125732422,247.6966094970703,1880.801025390625
1000682879,-109.38448333740234,14.139543533325195,248.25221252441406,1881.4156494140625
1000687292,-109.67782592773438,14.164152145385742,248.8048553466797,1882.0255126953125
1000690179,-109.97048950195312,14.188793182373047,249.35458374023438,1882.63232421875
1000693082,-110.26226806640625,14.213483810424805,249.9010772705078,1883.236083984375
1000698948,-110.552978515625,14.23820972442627,250.44424438476562,1883.8642578125
1000702959,-110.84326171875,14.262996673583984,250.9844970703125,1884.501220703125
1000706067,-111.13323211669922,14.287871360778809,251.52174377441406,1885.1353759765625
1000709492,-111.4225082397461,14.312779426574707,252.05560302734375,1885.7528076171875
1000714134,-111.71123504638672,14.33769416809082,252.5862274169922,1886.35693359375
1000717461,-112.00001525878906,14.36264705657959,253.1140899658203,1886.958740234375
1000720859,-112.2888412475586,14.387648582458496,253.63905334472656,1887.5557861328125
1000726235,-112.57717895507812,14.412632942199707,254.16082763671875,1888.1436767578125
1000732431,-112.86509704589844,14.437515258789062,254.67938232421875,1888.7286376953125
1000738144,-113.15294647216797,14.462261199951172,255.19482421875,1889.3109130859375
1000743634,-113.44075012207031,14.486833572387695,255.70706176757812,1889.90087890625
1000749097,-113.72813415527344,14.51120376586914,256.2159118652344,1890.490478515625
1000754610,-114.01549530029297,14.53536605834961,256.7215881347656,1891.0770263671875
1000759716,-114.30311584472656,14.559316635131836,257.2241516113281,1891.660400390625
1000764753,-114.59091186523438,14.583078384399414,257.723388671875,1892.239501953125
1000769817,-114.87873840332031,14.60667610168457,258.21923828125,1892.815673828125
1000775159,-115.16696166992188,14.63012981414795,258.7119140625,1893.3892822265625
1000780724,-115.45561981201172,14.653434753417969,259.2012939453125,1893.9561767578125
1000786571,-115.74434661865234,14.676563262939453,259.687255859375,1894.5198974609375
1000792440,-116.03325653076172,14.699531555175781,260.169921875,1895.0806884765625
1000798289,-116.3226089477539,14.722350120544434,260.64935302734375,1895.6417236328125
1000804041,-116.61234283447266,14.745022773742676,261.1254577636719,1896.2049560546875
1000809874,-116.90232849121094,14.767549514770508,261.59820556640625,1896.765625
1000815735,-117.19281768798828,14.789929389953613,262.067626953125,1897.3231201171875
1000821592,-117.48387908935547,14.812178611755371,262.53369140625,1897.8760986328125
1000827425,-117.77533721923828,14.834307670593262,262.9963684082031,1898.42578125
1000833175,-118.06746673583984,14.856289863586426,263.4557189941406,1898.9727783203125
1000838889,-118.36027526855469,14.878113746643066,263.9117736816406,1899.517333984375
1000844599,-118.65355682373047,14.899811744689941,264.36444091796875,1900.0599365234375
1000850320,-118.94743347167969,14.921454429626465,264.813720703125,1900.5997314453125
1000856025,-119.24224853515625,14.94309139251709,265.2597351074219,1901.1370849609375
1000861700,-119.53794860839844,14.964681625366211,265.70245361328125,1901.673095703125
1000867343,-119.8341064453125,14.98610782623291,266.141845703125,1902.2081298828125
1000873000,-120.13094329833984,15.007346153259277,266.5780334472656,1902.7403564453125
1000878700,-120.428466796875,15.028393745422363,267.01104736328125,1903.2701416015625
1000884396,-120.72643280029297,15.049276351928711,267.4405822753906,1903.792724609375
1000890102,-121.025146484375,15.07005500793457,267.8669738769531,1904.3106689453125
1000895836,-121.32481384277344,15.090790748596191,268.29010009765625,1904.826171875
1000901593,-121.62528991699219,15.111489295959473,268.7098083496094,1905.3389892578125
1000907349,-121.9263687133789,15.132092475891113,269.1261291503906,1905.8428955078125
1000913075,-122.22827911376953,15.15265941619873,269.5390319824219,1906.342529296875
1000918809,-122.53108215332031,15.173239707946777,269.9485778808594,1906.8402099609375
1000924555,-122.8345947265625,15.193867683410645,270.35467529296875,1907.335693359375
1000930300,-123.13906860351562,15.214524269104004,270.7574157714844,1907.8341064453125
1000936009,-123.44445037841797,15.235213279724121,271.1567077636719,1908.33203125
1000941696,-123.75040435791016,15.255950927734375,271.55242919921875,1908.827392578125
1000947411,-124.05720520019531,15.276748657226562,271.94464111328125,1909.3203125
1000953107,-124.3650894165039,15.2976655960083,272.3335266113281,1909.8087158203125
1000958736,-124.67446899414062,15.318716049194336,272.7192687988281,1910.294189453125
1000964229,-124.98577117919922,15.33991527557373,273.10211181640625,1910.7786865234375
1000969622,-125.29906463623047,15.361220359802246,273.4820556640625,1911.2620849609375
1000974908,-125.6142578125,15.382561683654785,273.8592224121094,1911.7435302734375
1000980118,-125.93131256103516,15.403863906860352,274.2335510253906,1912.22314453125
1000985262,-126.250244140625,15.425079345703125,274.6052551269531,1912.7022705078125
1000990377,-126.57109069824219,15.44616413116455,274.974365234375,1913.1807861328125
1000995469,-126.89387512207031,15.467080116271973,275.34100341796875,1913.6597900390625
1001000571,-127.21861267089844,15.487785339355469,275.7052307128906,1914.139892578125
1001005662,-127.54525756835938,15.508211135864258,276.0671081542969,1914.619384765625
1001010733,-127.87374114990234,15.528326034545898,276.4266357421875,1915.09814453125
1001015811,-128.20401000976562,15.548116683959961,276.7837829589844,1915.575927734375
1001020903,-128.5360107421875,15.567599296569824,277.1385192871094,1916.05126953125
1001026017,-128.86973571777344,15.58678913116455,277.49078369140625,1916.5263671875
1001031156,-129.20518493652344,15.605690956115723,277.840576171875,1917.001220703125
1001036319,-129.54237365722656,15.624303817749023,278.1878967285156,1917.4755859375
1001041512,-129.88133239746094,15.642650604248047,278.5327453613281,1917.9501953125
1001046726,-130.22203063964844,15.66076946258545,278.8750915527344,1918.4244384765625
1001051948,-130.5645294189453,15.678690910339355,279.21490478515625,1918.8980712890625
1001057173,-130.90879821777344,15.696435928344727,279.5521545410156,1919.3714599609375
1001062398,-131.2548370361328,15.714020729064941,279.8868103027344,1919.84423828125
1001067623,-131.6026153564453,15.73145866394043,280.2188415527344,1920.317138671875
1001072841,-131.9521484375,15.748787879943848,280.5482177734375,1920.7900390625
1001078149,-132.303466796875,15.766088485717773,280.8748474121094,1921.26318359375
1001083513,-132.6565399169922,15.783401489257812,281.1986389160156,1921.73681640625
1001088894,-133.01144409179688,15.800740242004395,281.51959228515625,1922.2117919921875
1001094249,-133.36810302734375,15.818099021911621,281.8377380371094,1922.6875
1001099564,-133.7265167236328,15.835467338562012,282.1530456542969,1923.163818359375
1001104852,-134.08668518066406,15.852869987487793,282.46551513671875,1923.639404296875
1001110109,-134.44859313964844,15.870344161987305,282.775146484375,1924.10986328125
1001115386,-134.81224060058594,15.88793659210205,283.08184814453125,1924.57958984375
1001120672,-135.1776123046875,15.90564250946045,283.3856201171875,1925.0484619140625
1001125949,-135.54452514648438,15.923421859741211,283.6864013671875,1925.516357421875
1001131206,-135.91268920898438,15.941235542297363,283.9841003417969,1926.003662109375
1001136475,-136.2819366455078,15.959036827087402,284.2786560058594,1926.4932861328125
1001141747,-136.6519775390625,15.976794242858887,284.5699462890625,1926.984619140625
1001147057,-137.02236938476562,15.994481086730957,284.8579406738281,1927.4779052734375
1001152417,-137.39273071289062,16.01203155517578,285.14263916015625,1927.9461669921875
1001157871,-137.7629852294922,16.029388427734375,285.4240417480469,1928.409423828125
1001163406,-138.13308715820312,16.046552658081055,285.7021484375,1928.8704833984375
1001169032,-138.50294494628906,16.063533782958984,285.9769592285156,1929.3289794921875
1001174731,-138.87242126464844,16.080320358276367,286.24847412109375,1929.7967529296875
1001180482,-139.24163818359375,16.096908569335938,286.5166931152344,1930.27294921875
1001186269,-139.6105499267578,16.113319396972656,286.7816162109375,1930.7484130859375
1001192119,-139.97898864746094,16.129600524902344,287.0432434082031,1931.22314453125
1001197980,-140.3470916748047,16.145771026611328,287.3015441894531,1931.68603515625
1001203817,-140.71485900878906,16.16184425354004,287.556396484375,1932.12353515625
1001209638,-141.08241271972656,16.17782211303711,287.8078918457031,1932.55810546875
1001215450,-141.4497528076172,16.193758010864258,288.05596923828125,1932.9901123046875
1001221263,-141.81735229492188,16.2097110748291,288.30078125,1933.41943359375
1001226983,-142.18557739257812,16.22570037841797,288.5420837402344,1933.888427734375
1001232572,-142.55465698242188,16.24172019958496,288.7802429199219,1934.3765869140625
1001237710,-142.92486572265625,16.257747650146484,289.0152893066406,1934.8658447265625
1001242648,-143.29611206054688,16.273765563964844,289.24725341796875,1935.356689453125
1001247503,-143.66819763183594,16.28978157043457,289.4759216308594,1935.8502197265625
1001252354,-144.04103088378906,16.30579376220703,289.7013244628906,1936.3455810546875
1001257204,-144.4146270751953,16.321788787841797,289.9236145019531,1936.842041015625
1001262014,-144.78907775878906,16.33774185180664,290.1426696777344,1937.3397216796875
1001266758,-145.16448974609375,16.353612899780273,290.35870361328125,1937.830078125
1001271434,-145.54100036621094,16.369365692138672,290.5718078613281,1938.314208984375
1001276149,-145.91864013671875,16.38498306274414,290.781982421875,1938.799072265625
1001280878,-146.2974853515625,16.400461196899414,290.9893798828125,1939.28515625
1001286383,-146.7409210205078,16.418352127075195,291.2276916503906,1939.8323974609375
1001291128,-147.1221923828125,16.433536529541016,291.42889404296875,1940.283447265625
1001295929,-147.5044708251953,16.448596954345703,291.62713623046875,1940.7344970703125
1001300745,-147.88766479492188,16.46354103088379,291.8224182128906,1941.1851806640625
1001305556,-148.271728515625,16.478361129760742,292.0146484375,1941.6331787109375
1001310361,-148.6566162109375,16.493053436279297,292.20391845703125,1942.0643310546875
1001315195,-149.04232788085938,16.507633209228516,292.39019775390625,1942.4947509765625
1001320088,-149.42889404296875,16.522130966186523,292.57342529296875,1942.9244384765625
1001324967,-149.81629943847656,16.536575317382812,292.75360107421875,1943.3533935546875
1001329805,-150.20460510253906,16.550966262817383,292.9307556152344,1943.7965087890625
1001334569,-150.59375,16.565282821655273,293.1048889160156,1944.2559814453125
1001339341,-150.98373413085938,16.579498291015625,293.2760314941406,1944.71533203125
1001344090,-151.37452697753906,16.593599319458008,293.4441833496094,1945.1749267578125
1001348813,-151.76611328125,16.60759162902832,293.6094055175781,1945.6339111328125
1001353519,-152.15841674804688,16.621492385864258,293.7715759277344,1946.087158203125
1001358224,-152.5514373779297,16.635326385498047,293.93072509765625,1946.5401611328125
1001362967,-152.9451446533203,16.649126052856445,294.0867919921875,1946.992919921875
1001367718,-153.3395233154297,16.662883758544922,294.23974609375,1947.4453125
1001372461,-153.7345428466797,16.676593780517578,294.3896179199219,1947.90478515625
1001377214,-154.13015747070312,16.690244674682617,294.536376953125,1948.3668212890625
1001382072,-154.52639770507812,16.70388412475586,294.6800231933594,1948.82861328125
1001387027,-154.92323303222656,16.717628479003906,294.82049560546875,1949.2899169921875
1001392000,-155.3206787109375,16.731578826904297,294.9575500488281,1949.739013671875
1001396925,-155.7186737060547,16.74570655822754,295.09124755859375,1950.1634521484375
1001401766,-156.11727905273438,16.759994506835938,295.22161865234375,1950.587158203125
1001406776,-156.51637268066406,16.774484634399414,295.3486022949219,1951.010009765625
1001411866,-156.916015625,16.7893009185791,295.4720764160156,1951.43212890625
1001416888,-157.31613159179688,16.804481506347656,295.59197998046875,1951.8837890625
1001421836,-157.71670532226562,16.819944381713867,295.7084655761719,1952.35546875
1001426655,-158.11767578125,16.835561752319336,295.82147216796875,1952.82666015625
1001431519,-158.51905822753906,16.85130500793457,295.93115234375,1953.2974853515625
1001436392,-158.9207763671875,16.86721420288086,296.0375671386719,1953.7698974609375
1001441221,-159.32281494140625,16.883268356323242,296.14068603515625,1954.245361328125
1001446079,-159.72515869140625,16.899356842041016,296.2406005859375,1954.72021484375
1001450794,-160.1277618408203,16.915210723876953,296.3375244140625,1955.19482421875
1001455420,-160.5305938720703,16.93065643310547,296.43170166015625,1955.669189453125
1001460092,-160.93359375,16.945661544799805,296.5231628417969,1956.142333984375
1001464871,-161.3367919921875,16.960256576538086,296.6119079589844,1956.614990234375
1001469737,-161.74012756347656,16.97435760498047,296.6980285644531,1957.08740234375
1001474555,-162.14358520507812,16.987836837768555,296.78155517578125,1957.5595703125
1001479424,-162.547119140625,17.000608444213867,296.8626708984375,1958.0162353515625
1001484310,-162.9507293701172,17.01263427734375,296.9413757324219,1958.4703369140625
1001489261,-163.3543701171875,17.02397918701172,297.017578125,1958.924072265625
1001494284,-163.75804138183594,17.03471565246582,297.0912170410156,1959.37744140625
1001499413,-164.16177368164062,17.044906616210938,297.16217041015625,1959.8406982421875
1001504504,-164.5655059814453,17.054523468017578,297.23052978515625,1960.3160400390625
1001509556,-164.9691925048828,17.063528060913086,297.2962341308594,1960.790771484375
1001514614,-165.37283325195312,17.071950912475586,297.35931396484375,1961.265625
1001519696,-165.77642822265625,17.079912185668945,297.4196472167969,1961.7335205078125
1001524815,-166.17996215820312,17.087539672851562,297.4771728515625,1962.1771240234375
1001529994,-166.5834197998047,17.094959259033203,297.53167724609375,1962.620361328125
1001535206,-166.98675537109375,17.10221290588379,297.5832214355469,1963.0634765625
1001540352,-167.38998413085938,17.10928726196289,297.63165283203125,1963.506103515625
1001545469,-167.79307556152344,17.116207122802734,297.67706298828125,1963.9578857421875
1001550572,-168.1959991455078,17.123035430908203,297.7193908691406,1964.412841796875
1001555680,-168.59873962402344,17.12982749938965,297.75860595703125,1964.8673095703125
1001560812,-169.00125122070312,17.136621475219727,297.79461669921875,1965.3214111328125
1001565975,-169.40353393554688,17.14345359802246,297.827392578125,1965.7781982421875
1001571168,-169.80557250976562,17.150365829467773,297.8569030761719,1966.2413330078125
1001576395,-170.20730590820312,17.157394409179688,297.8830871582031,1966.7041015625
1001581664,-170.60874938964844,17.164567947387695,297.9059753417969,1967.1663818359375
1001586969,-171.00987243652344,17.171875,297.92559814453125,1967.6282958984375
1001591995,-171.41065979003906,17.179162979125977,297.9419860839844,1968.044921875
1001596880,-171.8111114501953,17.18631362915039,297.9553527832031,1968.4591064453125
1001601703,-172.2112274169922,17.193269729614258,297.9657897949219,1968.873291015625
1001606514,-172.61097717285156,17.200035095214844,297.9732666015625,1969.286865234375
1001611342,-173.0103302001953,17.20662498474121,297.9778137207031,1969.70068359375
1001616204,-173.40928649902344,17.213045120239258,297.97943115234375,1970.1201171875
1001621087,-173.80780029296875,17.21925926208496,297.9781494140625,1970.5389404296875
1001625812,-174.20587158203125,17.225154876708984,297.97412109375,1970.9573974609375
1001630598,-174.60345458984375,17.23074722290039,297.96734619140625,1971.375
1001635578,-175.0005645751953,17.23613739013672,297.9577331542969,1971.8067626953125
1001640766,-175.39710998535156,17.241453170776367,297.9451599121094,1972.2684326171875
1001646110,-175.79302978515625,17.24677085876465,297.92950439453125,1972.7283935546875
1001651492,-176.18833923339844,17.25214958190918,297.9107360839844,1973.18701171875
1001656815,-176.5830078125,17.25766372680664,297.8887634277344,1973.6444091796875
1001662054,-176.97695922851562,17.263389587402344,297.863525390625,1974.0667724609375
1001667205,-177.37022399902344,17.26938247680664,297.8349609375,1974.4866943359375
1001672272,-177.76272583007812,17.27567481994629,297.8031311035156,1974.9056396484375
1001677232,-178.1544647216797,17.282245635986328,297.7679748535156,1975.3238525390625
1001682072,-178.54544067382812,17.2890625,297.72955322265625,1975.7454833984375
1001686813,-178.93560791015625,17.29607391357422,297.6878356933594,1976.18603515625
1001691469,-179.3249969482422,17.3032283782959,297.64300537109375,1976.6248779296875
1001696105,-179.71356201171875,17.310482025146484,297.5950927734375,1977.0623779296875
1001700712,-180.1013641357422,17.317781448364258,297.5440673828125,1977.4986572265625
1001705322,-180.48846435546875,17.32510757446289,297.489990234375,1977.9322509765625
1001710041,-180.87501525878906,17.332456588745117,297.4327697753906,1978.3638916015625
1001714903,-181.2611846923828,17.339801788330078,297.3724670410156,1978.794921875
1001719877,-181.6471405029297,17.34714126586914,297.30908203125,1979.225830078125
1001724959,-182.03305053710938,17.354408264160156,297.2426452636719,1979.65673828125
1001729928,-182.41897583007812,17.361509323120117,297.1733093261719,1980.0909423828125
1001734754,-182.8048858642578,17.368350982666016,297.1011962890625,1980.525390625
1001739615,-183.1908721923828,17.37494468688965,297.02618408203125,1980.9595947265625
1001744548,-183.57688903808594,17.381324768066406,296.9483642578125,1981.39404296875
1001749407,-183.9628448486328,17.38746452331543,296.86767578125,1981.8238525390625
1001754209,-184.3487091064453,17.393373489379883,296.7841796875,1982.2435302734375
1001759008,-184.7344207763672,17.399030685424805,296.69781494140625,1982.66357421875
1001763832,-185.1199951171875,17.404399871826172,296.608642578125,1983.0836181640625
1001768661,-185.50543212890625,17.40943717956543,296.5167236328125,1983.504150390625
1001773511,-185.8907928466797,17.414134979248047,296.42205810546875,1983.9366455078125
1001778385,-186.2761688232422,17.41849708557129,296.32464599609375,1984.379150390625
1001783321,-186.66152954101562,17.422534942626953,296.22442626953125,1984.8211669921875
1001788309,-187.0469970703125,17.426280975341797,296.12139892578125,1985.2633056640625
1001793339,-187.4324951171875,17.429784774780273,296.0155334472656,1985.705078125
1001798385,-187.8180389404297,17.433055877685547,295.90679931640625,1986.1253662109375
1001803399,-188.2036590576172,17.436080932617188,295.79522705078125,1986.5460205078125
1001808408,-188.5893096923828,17.438859939575195,295.6807861328125,1986.9674072265625
1001813434,-188.97500610351562,17.441408157348633,295.5634765625,1987.389404296875
1001818450,-189.36074829101562,17.44375228881836,295.4433288574219,1987.812255859375
1001823473,-189.74649047851562,17.44591522216797,295.3203125,1988.2366943359375
1001828510,-190.13223266601562,17.447912216186523,295.1943359375,1988.6617431640625
1001833546,-190.5178985595703,17.449756622314453,295.0654602050781,1989.0872802734375
1001838585,-190.90353393554688,17.451454162597656,294.93365478515625,1989.513671875
1001843612,-191.28909301757812,17.453014373779297,294.7989807128906,1989.942626953125
1001848663,-191.67457580566406,17.454448699951172,294.661376953125,1990.3739013671875
1001853749,-192.0599365234375,17.455785751342773,294.5207824707031,1990.8057861328125
1001858856,-192.4451904296875,17.45705223083496,294.37725830078125,1991.23828125
1001863967,-192.83029174804688,17.458269119262695,294.230712890625,1991.67138671875
1001869173,-193.21522521972656,17.459468841552734,294.0811767578125,1992.1175537109375
1001874365,-193.59994506835938,17.460649490356445,293.9285583496094,1992.5650634765625
1001879518,-193.9844207763672,17.461816787719727,293.77301025390625,1993.0126953125
1001884658,-194.36866760253906,17.462989807128906,293.61444091796875,1993.460205078125
1001889789,-194.7526397705078,17.46417236328125,293.4528503417969,1993.9007568359375
1001894986,-195.13632202148438,17.465360641479492,293.28826904296875,1994.3311767578125
1001900125,-195.5197296142578,17.46653938293457,293.1207580566406,1994.7623291015625
1001905235,-195.90281677246094,17.467714309692383,292.95025634765625,1995.194091796875
1001910322,-196.2855682373047,17.468875885009766,292.77685546875,1995.626708984375
1001915410,-196.66798400878906,17.469982147216797,292.6005554199219,1996.0645751953125
1001920499,-197.05003356933594,17.470996856689453,292.4214172363281,1996.504150390625
1001925587,-197.4317626953125,17.471895217895508,292.2394714355469,1996.944091796875
1001930676,-197.8131103515625,17.472679138183594,292.0547180175781,1997.384033203125
1001935773,-198.19410705566406,17.47334098815918,291.8671875,1997.8228759765625
1001940887,-198.57472229003906,17.473844528198242,291.6768798828125,1998.25634765625
1001946009,-198.95498657226562,17.47416114807129,291.4838562011719,1998.690185546875
1001951149,-199.33485412597656,17.474302291870117,291.2881164550781,1999.125
1001956311,-199.7142791748047,17.474294662475586,291.0895080566406,1999.5601806640625
1001961488,-200.09329223632812,17.474145889282227,290.88818359375,2000.00341796875
1001966635,-200.47186279296875,17.473827362060547,290.6841125488281,2000.4512939453125
1001971808,-200.8499755859375,17.47332763671875,290.4772644042969,2000.898681640625
1001977004,-201.22760009765625,17.472679138183594,290.2677001953125,2001.345703125
1001982210,-201.60470581054688,17.471908569335938,290.05535888671875,2001.7918701171875
1001987403,-201.98126220703125,17.47101593017578,289.8402099609375,2002.2332763671875
1001992527,-202.35726928710938,17.469970703125,289.62237548828125,2002.6744384765625
1001997683,-202.73263549804688,17.46876335144043,289.4017639160156,2003.115478515625
1002002860,-203.107421875,17.467432022094727,289.1783752441406,2003.5567626953125
1002008052,-203.4815673828125,17.465980529785156,288.95220947265625,2004.002197265625
1002013180,-203.85504150390625,17.464393615722656,288.72332763671875,2004.44970703125
1002018295,-204.22781372070312,17.462646484375,288.4916687011719,2004.8961181640625
1002023470,-204.59988403320312,17.460742950439453,288.2572937011719,2005.34130859375
1002028683,-204.9712371826172,17.458703994750977,288.0201416015625,2005.7847900390625
1002033854,-205.3418731689453,17.456525802612305,287.7802734375,2006.219970703125
1002039008,-205.71173095703125,17.454191207885742,287.53765869140625,2006.656005859375
1002044181,-206.080810546875,17.451688766479492,287.2923889160156,2007.0928955078125
1002049419,-206.4491424560547,17.44904136657715,287.0443420410156,2007.531005859375
1002054654,-206.81663513183594,17.4462890625,286.79351806640625,2007.96923828125
1002059865,-207.18328857421875,17.44344139099121,286.5398864746094,2008.4083251953125
1002065077,-207.549072265625,17.440488815307617,286.2835388183594,2008.84912109375
1002070325,-207.91397094726562,17.43743324279785,286.0244140625,2009.2913818359375
1002075605,-208.2779541015625,17.43430519104004,285.762451171875,2009.7352294921875
1002080874,-208.6409912109375,17.431142807006836,285.4977111816406,2010.179931640625
1002086136,-209.00302124023438,17.427959442138672,285.23016357421875,2010.625244140625
1002091390,-209.36407470703125,17.424747467041016,284.9598083496094,2011.0711669921875
1002096657,-209.72409057617188,17.421497344970703,284.6866455078125,2011.517822265625
1002101908,-210.08302307128906,17.41822052001953,284.4106750488281,2011.964599609375
1002107149,-210.44093322753906,17.41493034362793,284.1319885253906,2012.4112548828125
1002112384,-210.7977752685547,17.41161346435547,283.8504943847656,2012.8580322265625
1002117622,-211.1535186767578,17.40825653076172,283.5661926269531,2013.3052978515625
1002123732,-211.56710815429688,17.404287338256836,283.2310485839844,2013.828369140625
1002128971,-211.92037963867188,17.400836944580078,282.9407958984375,2014.282470703125
1002134221,-212.2725372314453,17.397302627563477,282.64788818359375,2014.738037109375
1002139471,-212.6236114501953,17.393657684326172,282.3522644042969,2015.1949462890625
1002144748,-212.9736328125,17.38994598388672,282.0538635253906,2015.6533203125
1002149733,-213.32272338867188,17.38618278503418,281.7528381347656,2016.113037109375
1002153949,-213.67127990722656,17.382347106933594,281.44940185546875,2016.574462890625
1002157290,-214.019775390625,17.378376007080078,281.1440734863281,2017.037353515625
1002160029,-214.36834716796875,17.37424659729004,280.8368225097656,2017.5018310546875
1002162260,-214.71693420410156,17.369964599609375,280.5277404785156,2017.966796875
1002164185,-215.0655059814453,17.36554527282715,280.21673583984375,2018.43115234375
1002165899,-215.4140625,17.36096954345703,279.90386962890625,2018.896728515625
1002167526,-215.7626190185547,17.356264114379883,279.5891418457031,2019.3636474609375
1002169044,-216.1111602783203,17.351478576660156,279.2726135253906,2019.8321533203125
1002170550,-216.45950317382812,17.346660614013672,278.9543151855469,2020.3065185546875
1002172155,-216.80758666992188,17.341793060302734,278.6342468261719,2020.7823486328125
1002173903,-217.1554412841797,17.33686065673828,278.31243896484375,2021.259521484375
1002175652,-217.5030975341797,17.33188819885254,277.9891052246094,2021.7376708984375
1002177378,-217.85061645507812,17.32691764831543,277.66424560546875,2022.21240234375
1002179090,-218.19805908203125,17.321943283081055,277.33795166015625,2022.68701171875
1002180802,-218.5456085205078,17.31692886352539,277.01031494140625,2023.1627197265625
1002182554,-218.89328002929688,17.31185531616211,276.6813049316406,2023.6395263671875
1002184345,-219.2411346435547,17.306720733642578,276.3509826660156,2024.1177978515625
1002186174,-219.5892333984375,17.3015193939209,276.01922607421875,2024.5977783203125
1002188036,-219.93753051757812,17.296232223510742,275.6861267089844,2025.0791015625
1002189961,-220.28604125976562,17.2908878326416,275.35162353515625,2025.5614013671875
1002191873,-220.6347198486328,17.28553009033203,275.01568603515625,2026.0457763671875
1002193735,-220.98348999023438,17.2801513671875,274.6783142089844,2026.53271484375
1002195565,-221.33233642578125,17.274734497070312,274.3394775390625,2027.0206298828125
1002197380,-221.68115234375,17.269283294677734,273.99920654296875,2027.5096435546875
1002199205,-222.02987670898438,17.263837814331055,273.6574401855469,2027.9959716796875
1002201022,-222.3784637451172,17.25844955444336,273.3141174316406,2028.4766845703125
1002202835,-222.7268524169922,17.25310707092285,272.9692687988281,2028.9581298828125
1002204658,-223.07501220703125,17.24777603149414,272.622802734375,2029.4404296875
1002206509,-223.42291259765625,17.242443084716797,272.2746887207031,2029.9278564453125
1002208379,-223.77052307128906,17.23710823059082,271.9248962402344,2030.434326171875
1002210267,-224.11782836914062,17.23174476623535,271.5733642578125,2030.9420166015625
1002212217,-224.46481323242188,17.226327896118164,271.2200927734375,2031.451171875
1002214209,-224.8114471435547,17.22087287902832,270.864990234375,2031.9583740234375
1002216223,-225.15768432617188,17.21536636352539,270.508056640625,2032.456298828125
1002218259,-225.50350952148438,17.20979118347168,270.1492919921875,2032.955322265625
1002220290,-225.8489227294922,17.204120635986328,269.7886962890625,2033.4554443359375
1002222243,-226.19395446777344,17.1983585357666,269.42633056640625,2033.9547119140625
1002224100,-226.53863525390625,17.192533493041992,269.06219482421875,2034.4488525390625
1002225860,-226.8829345703125,17.186664581298828,268.6963806152344,2034.9437255859375
1002227534,-227.2269744873047,17.180740356445312,268.3289489746094,2035.439697265625
1002229131,-227.57118225097656,17.174701690673828,267.96026611328125,2035.939697265625
1002230689,-227.9155731201172,17.168535232543945,267.59033203125,2036.4544677734375
1002232220,-228.26016235351562,17.162229537963867,267.2190856933594,2036.9700927734375
1002233746,-228.60491943359375,17.155786514282227,266.8465881347656,2037.4871826171875
1002235256,-228.94985961914062,17.149234771728516,266.4728088378906,2038.0045166015625
1002236735,-229.29502868652344,17.14257049560547,266.0977783203125,2038.5205078125
1002238201,-229.64041137695312,17.135791778564453,265.7215576171875,2039.03759765625
1002239661,-229.98606872558594,17.128921508789062,265.3440856933594,2039.5556640625
1002241118,-230.33206176757812,17.121973037719727,264.96551513671875,2040.0704345703125
1002242580,-230.67840576171875,17.114992141723633,264.5858459472656,2040.57958984375
1002244047,-231.02516174316406,17.108022689819336,264.20526123046875,2041.0899658203125
1002245519,-231.37237548828125,17.10107421875,263.82366943359375,2041.60107421875
1002246999,-231.7201385498047,17.094127655029297,263.4411926269531,2042.1143798828125
1002248496,-232.06845092773438,17.087188720703125,263.057861328125,2042.629638671875
1002250007,-232.41734313964844,17.080286026000977,262.6737060546875,2043.1458740234375
1002251526,-232.76687622070312,17.07341194152832,262.2887878417969,2043.6629638671875
1002253054,-233.11708068847656,17.0665283203125,261.903076171875,2044.1856689453125
1002254597,-233.46798706054688,17.05960464477539,261.5166015625,2044.712158203125
1002256151,-233.81961059570312,17.05265235900879,261.12939453125,2045.2396240234375
1002257708,-234.17196655273438,17.045692443847656,260.741455078125,2045.7681884765625
1002259269,-234.52505493164062,17.038711547851562,260.352783203125,2046.294921875
1002260930,-234.87896728515625,17.031715393066406,259.9634704589844,2046.8221435546875
1002262704,-235.23377990722656,17.024730682373047,259.5736083984375,2047.350341796875
1002264579,-235.58956909179688,17.017786026000977,259.1832275390625,2047.8795166015625
1002266554,-235.94635009765625,17.010889053344727,258.79241943359375,2048.410400390625
1002268632,-236.30422973632812,17.004077911376953,258.4012145996094,2048.942626953125
1002270801,-236.66319274902344,16.997373580932617,258.00970458984375,2049.4755859375
1002272932,-237.02325439453125,16.99078369140625,257.6178283691406,2050.010009765625
1002274991,-237.38433837890625,16.98431968688965,257.22552490234375,2050.546875
1002276628,-237.7461395263672,16.977975845336914,256.83251953125,2051.0849609375
1002278149,-238.10862731933594,16.97178840637207,256.4387512207031,2051.623779296875
1002279696,-238.47189331054688,16.965776443481445,256.04437255859375,2052.1630859375
1002281287,-238.83604431152344,16.959938049316406,255.6493682861328,2052.70361328125
1002282896,-239.2010498046875,16.954286575317383,255.25379943847656,2053.244873046875
1002284514,-239.5669403076172,16.94881820678711,254.85768127441406,2053.787353515625
1002286134,-239.93365478515625,16.943525314331055,254.4609375,2054.329833984375
1002287757,-240.3011932373047,16.938404083251953,254.0635986328125,2054.873291015625
1002289376,-240.66954040527344,16.933435440063477,253.66563415527344,2055.41748046875
1002290986,-241.0386505126953,16.92858123779297,253.26702880859375,2055.9619140625
1002292585,-241.4084930419922,16.92379379272461,252.86776733398438,2056.501708984375
1002294180,-241.77906799316406,16.919031143188477,252.4678192138672,2057.04248046875
1002295765,-242.1503448486328,16.914247512817383,252.0671844482422,2057.584228515625
1002297342,-242.52232360839844,16.90939712524414,251.6658477783203,2058.1298828125
1002298921,-242.89498901367188,16.90444564819336,251.26380920410156,2058.681884765625
1002300496,-243.26834106445312,16.899381637573242,250.8610382080078,2059.234619140625
1002302072,-243.64236450195312,16.894216537475586,250.45753479003906,2059.788330078125
1002303651,-244.01705932617188,16.88894271850586,250.0532989501953,2060.34326171875
1002305240,-244.39242553710938,16.883577346801758,249.6483154296875,2060.899169921875
1002306830,-244.7684326171875,16.87815284729004,249.24258422851562,2061.4560546875
1002308420,-245.1450958251953,16.872692108154297,248.8361053466797,2062.014404296875
1002310013,-245.5224151611328,16.867225646972656,248.42886352539062,2062.5751953125
1002311609,-245.90037536621094,16.86178207397461,248.0208740234375,2063.13720703125
1002313202,-246.2789764404297,16.856374740600586,247.6121368408203,2063.699951171875
1002314792,-246.65821838378906,16.851009368896484,247.20265197753906,2064.25732421875
1002316387,-247.03811645507812,16.84568977355957,246.7924346923828,2064.811279296875
1002318069,-247.4187469482422,16.840429306030273,246.381591796875,2065.366455078125
1002319842,-247.80020141601562,16.83519744873047,245.97010803222656,2065.922119140625
1002321713,-248.1825408935547,16.829967498779297,245.55816650390625,2066.480712890625
1002323690,-248.56581115722656,16.824737548828125,245.14573669433594,2067.0400390625
1002325767,-248.9500732421875,16.819509506225586,244.73292541503906,2067.600341796875
1002327918,-249.33541870117188,16.81418800354004,244.31976318359375,2068.167724609375
1002330168,-249.7218475341797,16.80872344970703,243.9063262939453,2068.744873046875
1002332535,-250.10946655273438,16.8031005859375,243.49267578125,2069.323486328125
1002334974,-250.49827575683594,16.797321319580078,243.07882690429688,2069.90283203125
1002336963,-250.887939453125,16.791332244873047,242.66444396972656,2070.46728515625
1002338520,-251.27833557128906,16.78510093688965,242.24940490722656,2071.031494140625
1002340089,-251.66954040527344,16.77862548828125,241.8337860107422,2071.5966796875
1002341701,-252.0616455078125,16.771942138671875,241.41766357421875,2072.165771484375
1002343331,-252.4546661376953,16.765060424804688,241.0010528564453,2072.740234375
1002344980,-252.84861755371094,16.758020401000977,240.58396911621094,2073.31591796875
1002346654,-253.24349975585938,16.750850677490234,240.1664276123047,2073.892578125
1002348348,-253.6393280029297,16.743576049804688,239.74839782714844,2074.467041015625
1002350057,-254.03607177734375,16.73623275756836,239.32986450195312,2075.0419921875
1002351771,-254.4337158203125,16.728849411010742,238.91085815429688,2075.61767578125
1002353486,-254.83224487304688,16.721450805664062,238.49131774902344,2076.20458984375
1002355195,-255.23159790039062,16.714046478271484,238.07122802734375,2076.807373046875
1002356897,-255.63177490234375,16.70664405822754,237.6505889892578,2077.410888671875
1002358592,-256.03271484375,16.69925308227539,237.22938537597656,2078.01318359375
1002360280,-256.4344482421875,16.69190216064453,236.8075408935547,2078.587646484375
1002361962,-256.83685302734375,16.684600830078125,236.3850555419922,2079.162841796875
1002363638,-257.239990234375,16.67736053466797,235.9619140625,2079.7392578125
1002365310,-257.643798828125,16.670202255249023,235.53810119628906,2080.31982421875
1002366976,-258.0483093261719,16.663150787353516,235.1135711669922,2080.903564453125
1002368634,-258.4534606933594,16.656221389770508,234.68833923339844,2081.488525390625
1002370262,-258.8592224121094,16.649375915527344,234.26234436035156,2082.074951171875
1002371834,-259.26544189453125,16.642620086669922,233.83546447753906,2082.665771484375
1002373406,-259.6720886230469,16.635955810546875,233.4076690673828,2083.25732421875
1002375024,-260.0791015625,16.629425048828125,232.97886657714844,2083.85009765625
1002376703,-260.4863586425781,16.623031616210938,232.5490264892578,2084.44482421875
1002378444,-260.8937683105469,16.61676025390625,232.11801147460938,2085.041015625
1002380244,-261.3013000488281,16.610626220703125,231.68580627441406,2085.63818359375
1002382108,-261.70892333984375,16.60465431213379,231.25233459472656,2086.235107421875
1002383914,-262.1165771484375,16.598875045776367,230.8176727294922,2086.83154296875
1002385581,-262.5247497558594,16.59329605102539,230.3822021484375,2087.4287109375
1002387356,-262.9334411621094,16.587905883789062,229.9459686279297,2088.02685546875
1002389056,-263.3426208496094,16.58268928527832,229.5088348388672,2088.624267578125
1002390705,-263.75213623046875,16.57766342163086,229.0707244873047,2089.22265625
1002392335,-264.1620178222656,16.572771072387695,228.63168334960938,2089.82177734375
1002393941,-264.5722961425781,16.56789207458496,228.191650390625,2090.427490234375
1002395538,-264.9829406738281,16.562944412231445,227.75070190429688,2091.03662109375
1002397125,-265.39398193359375,16.55788230895996,227.30882263183594,2091.646484375
1002398708,-265.805419921875,16.552696228027344,226.8660430908203,2092.255615234375
1002400300,-266.2173156738281,16.54731559753418,226.42242431640625,2092.863037109375
1002401904,-266.62969970703125,16.541717529296875,225.9779815673828,2093.471435546875
1002403535,-267.0426330566406,16.535886764526367,225.5327606201172,2094.080078125
1002405189,-267.4561767578125,16.529850006103516,225.0867919921875,2094.681884765625
1002406880,-267.870361328125,16.523670196533203,224.64015197753906,2095.28466796875
1002408683,-268.2852783203125,16.517414093017578,224.19296264648438,2095.888671875
1002410601,-268.7010498046875,16.51109504699707,223.74522399902344,2096.52001953125
1002412637,-269.11767578125,16.50468635559082,223.29705810546875,2097.15966796875
1002414755,-269.5352783203125,16.498239517211914,222.8485107421875,2097.800048828125
1002416944,-269.9539489746094,16.491962432861328,222.3996124267578,2098.409423828125
1002419173,-270.37359619140625,16.485898971557617,221.9503936767578,2099.0029296875
1002421035,-270.7939147949219,16.48000717163086,221.5005340576172,2099.59716796875
1002422724,-271.2149353027344,16.474266052246094,221.05001831054688,2100.20166015625
1002424446,-271.63671875,16.46881866455078,220.5989227294922,2100.831298828125
1002426182,-272.05926513671875,16.463720321655273,220.1473388671875,2101.4619140625
1002427906,-272.4826354980469,16.458860397338867,219.6952362060547,2102.092529296875
1002429621,-272.9068603515625,16.454120635986328,219.24264526367188,2102.716796875
1002431335,-273.3318786621094,16.449417114257812,218.78955078125,2103.341796875
1002433335,-273.8287353515625,16.443918228149414,218.2602996826172,2104.07177734375
1002435046,-274.25543212890625,16.439058303833008,217.80606079101562,2104.693359375
1002436742,-274.682861328125,16.433914184570312,217.3511962890625,2105.316162109375
1002438434,-275.1109924316406,16.428438186645508,216.89576721191406,2105.939697265625
1002440125,-275.5398254394531,16.422626495361328,216.43971252441406,2106.564697265625
1002441817,-275.9693298339844,16.416488647460938,215.98304748535156,2107.190673828125
1002443517,-276.3995056152344,16.41002082824707,215.5257568359375,2107.81787109375
1002445224,-276.83038330078125,16.403249740600586,215.0678253173828,2108.450439453125
1002446939,-277.2618713378906,16.39625358581543,214.60923767089844,2109.086181640625
1002448659,-277.69403076171875,16.389118194580078,214.14999389648438,2109.722900390625
1002450384,-278.1268005371094,16.381900787353516,213.69004821777344,2110.357421875
1002452111,-278.5602111816406,16.374649047851562,213.2294464111328,2110.98876953125
1002453839,-278.9942626953125,16.367427825927734,212.76812744140625,2111.621337890625
1002455566,-279.4289245605469,16.360300064086914,212.30615234375,2112.25048828125
1002457296,-279.8641662597656,16.353307723999023,211.84344482421875,2112.87109375
1002459003,-280.2999572753906,16.346485137939453,211.3799591064453,2113.49267578125
1002460661,-280.7362060546875,16.33985137939453,210.91563415527344,2114.116943359375
1002462323,-281.1728210449219,16.33342742919922,210.45040893554688,2114.768798828125
1002464025,-281.60968017578125,16.327220916748047,209.98419189453125,2115.42138671875
1002465760,-282.0467529296875,16.321163177490234,209.51693725585938,2116.0751953125
1002467540,-282.4840087890625,16.315183639526367,209.0486602783203,2116.715087890625
1002469380,-282.9212646484375,16.309246063232422,208.57920837402344,2117.355712890625
1002471286,-283.3585510253906,16.303335189819336,208.10855102539062,2117.997314453125
1002473187,-283.7958984375,16.29735565185547,207.63671875,2118.649169921875
1002474885,-284.2337341308594,16.291162490844727,207.16407775878906,2119.303955078125
1002476642,-284.6720275878906,16.28468132019043,206.69065856933594,2119.95947265625
1002478342,-285.1107482910156,16.277908325195312,206.2163848876953,2120.607177734375
1002480017,-285.5498046875,16.27084732055664,205.7412109375,2121.254150390625
1002481688,-285.9892272949219,16.26344871520996,205.26512145996094,2121.90185546875
1002483359,-286.42901611328125,16.255695343017578,204.78811645507812,2122.552001953125
1002485028,-286.86920166015625,16.247608184814453,204.31021118164062,2123.203857421875
1002486684,-287.3097229003906,16.239200592041016,203.8314208984375,2123.8564453125
1002488337,-287.7506103515625,16.230501174926758,203.35171508789062,2124.510986328125
1002489993,-288.1918640136719,16.221532821655273,202.8711395263672,2125.16748046875
1002491652,-288.6335144042969,16.212291717529297,202.38970947265625,2125.82470703125
1002493320,-289.0755615234375,16.202791213989258,201.90745544433594,2126.48291015625
1002495017,-289.5180969238281,16.193143844604492,201.42437744140625,2127.14208984375
1002496733,-289.9610900878906,16.183439254760742,200.9405059814453,2127.802001953125
1002498461,-290.4045715332031,16.1737060546875,200.45587158203125,2128.4619140625
1002500203,-290.84857177734375,16.163978576660156,199.97048950195312,2129.121826171875
1002501953,-291.29290771484375,16.154367446899414,199.48458862304688,2129.7822265625
1002503608,-291.73699951171875,16.14496612548828,198.99887084960938,2130.4384765625
1002505281,-292.1810302734375,16.135801315307617,198.51312255859375,2131.09033203125
1002506976,-292.6249084472656,16.126882553100586,198.02740478515625,2131.7421875
1002508682,-293.0687561035156,16.118183135986328,197.54171752929688,2132.39794921875
1002510398,-293.5124206542969,16.10965919494629,197.0561065673828,2133.058837890625
1002512138,-293.9564208984375,16.101285934448242,196.57017517089844,2133.719970703125
1002514019,-294.4012756347656,16.093036651611328,196.0832977294922,2134.383056640625
1002516049,-294.8473205566406,16.084924697875977,195.59510803222656,2135.049072265625
1002518178,-295.29473876953125,16.076955795288086,195.10545349121094,2135.717041015625
1002520229,-295.743408203125,16.0690860748291,194.61448669433594,2136.383544921875
1002522118,-296.19287109375,16.061294555664062,194.12265014648438,2137.0458984375
1002523871,-296.6427307128906,16.053586959838867,193.63040161132812,2137.708251953125
1002525555,-297.0926208496094,16.04602813720703,193.1381378173828,2138.37353515625
1002527237,-297.5424499511719,16.038639068603516,192.64602661132812,2139.04296875
1002528933,-297.9921569824219,16.031408309936523,192.15408325195312,2139.712158203125
1002530636,-298.44189453125,16.024337768554688,191.66207885742188,2140.38134765625
1002532384,-298.8919677734375,16.01746940612793,191.16966247558594,2141.051025390625
1002534205,-299.34271240234375,16.01082420349121,190.67652893066406,2141.7216796875
1002536094,-299.7943420410156,16.004426956176758,190.1824188232422,2142.39306640625
1002538021,-300.2469177246094,15.998270034790039,189.6871795654297,2143.065185546875
1002539930,-300.700439453125,15.99232006072998,189.1908416748047,2143.739013671875
1002541778,-301.1546936035156,15.98654842376709,188.693603515625,2144.419189453125
1002543562,-301.6095275878906,15.980918884277344,188.19569396972656,2145.1083984375
1002545282,-302.064697265625,15.975390434265137,187.6973876953125,2145.79833984375
1002546964,-302.52008056640625,15.969901084899902,187.19883728027344,2146.482666015625
1002548642,-302.9756164550781,15.964424133300781,186.70008850097656,2147.160888671875
1002550347,-303.4313659667969,15.95895767211914,186.20111083984375,2147.839111328125
1002552087,-303.887451171875,15.953484535217285,185.7017364501953,2148.512939453125
1002553868,-304.3440246582031,15.947996139526367,185.2017822265625,2149.1826171875
1002555692,-304.8013000488281,15.942525863647461,184.70108032226562,2149.853271484375
1002557532,-305.2593078613281,15.937104225158691,184.19955444335938,2150.53173828125
1002559379,-305.71807861328125,15.93172836303711,183.69715881347656,2151.21728515625
1002561206,-306.17755126953125,15.92638874053955,183.1939697265625,2151.904052734375
1002563002,-306.6376037597656,15.921080589294434,182.6901092529297,2152.58935546875
1002564766,-307.09814453125,15.915785789489746,182.18569946289062,2153.27392578125
1002566504,-307.5590515136719,15.910490989685059,181.6808624267578,2153.959228515625
1002568221,-308.0202331542969,15.905174255371094,181.17564392089844,2154.64404296875
1002569942,-308.48175048828125,15.899839401245117,180.6700439453125,2155.328369140625
1002571680,-308.9436340332031,15.894481658935547,180.16400146484375,2156.013427734375
1002573445,-309.4059753417969,15.889082908630371,179.6573944091797,2156.699951171875
1002575237,-309.8688659667969,15.883641242980957,179.1501922607422,2157.386962890625
1002577046,-310.33233642578125,15.878149032592773,178.6422882080078,2158.0751953125
1002578857,-310.79644775390625,15.872572898864746,178.13365173339844,2158.763916015625
1002580662,-311.26116943359375,15.866908073425293,177.62429809570312,2159.453369140625
1002582454,-311.72650146484375,15.861176490783691,177.11428833007812,2160.143798828125
1002584230,-312.19232177734375,15.855356216430664,176.60365295410156,2160.836181640625
1002585982,-312.6585693359375,15.849380493164062,176.09254455566406,2161.52978515625
1002587718,-313.1252746582031,15.843228340148926,175.58094787597656,2162.2236328125
1002589449,-313.59234619140625,15.83691692352295,175.0688934326172,2162.9228515625
1002591192,-314.0598449707031,15.830437660217285,174.55633544921875,2163.622802734375
1002592945,-314.5278015136719,15.823719024658203,174.04327392578125,2164.32373046875
1002594705,-314.99627685546875,15.81672191619873,173.5296173095703,2165.02783203125
1002596482,-315.4653015136719,15.809459686279297,173.01536560058594,2165.73291015625
1002598271,-315.93487548828125,15.801942825317383,172.50047302246094,2166.43408203125
1002600070,-316.4049987792969,15.794132232666016,171.9849395751953,2167.12646484375
1002601876,-316.8757629394531,15.78604793548584,171.46881103515625,2167.81982421875
1002603706,-317.3470764160156,15.77782917022705,170.95204162597656,2168.517822265625
1002605546,-317.81884765625,15.769561767578125,170.4347381591797,2169.2216796875
1002607390,-318.2911071777344,15.761285781860352,169.91696166992188,2169.926025390625
1002609236,-318.76385498046875,15.753067970275879,169.39866638183594,2170.632568359375
1002611081,-319.237060546875,15.745015144348145,168.8798828125,2171.34130859375
1002612933,-319.71075439453125,15.737242698669434,168.3605499267578,2172.050537109375
1002614834,-320.1849060058594,15.7299165725708,167.84066772460938,2172.7568359375
1002616761,-320.6595764160156,15.723089218139648,167.32022094726562,2173.462890625
1002618687,-321.1347351074219,15.71674633026123,166.7991485595703,2174.16943359375
1002620606,-321.6103210449219,15.710982322692871,166.27752685546875,2174.876953125
1002622373,-322.0860290527344,15.705864906311035,165.75535583496094,2175.585205078125
1002624054,-322.56109619140625,15.701292037963867,165.23336791992188,2176.29248046875
1002627095,-323.0343322753906,15.697108268737793,164.7128143310547,2176.995361328125
1002630097,-323.50555419921875,15.693236351013184,164.19361877441406,2177.696044921875
1002633100,-323.9746398925781,15.689579963684082,163.67579650878906,2178.39501953125
1002636497,-324.44134521484375,15.686031341552734,163.15951538085938,2179.09228515625
1002640253,-324.90545654296875,15.682496070861816,162.6448516845703,2179.786865234375
1002643824,-325.36700439453125,15.678803443908691,162.1317901611328,2180.475830078125
1002646888,-325.82611083984375,15.674897193908691,161.6199951171875,2181.156494140625
1002650527,-326.2825927734375,15.670821189880371,161.10948181152344,2181.834716796875
1002655692,-326.736328125,15.66665267944336,160.60047912597656,2182.514404296875
1002661097,-327.187255859375,15.662334442138672,160.09323120117188,2183.197998046875
1002666094,-327.6354064941406,15.657837867736816,159.5872802734375,2183.87890625
1002670573,-328.0807189941406,15.653158187866211,159.08229064941406,2184.55615234375
1002674843,-328.5231018066406,15.648366928100586,158.57846069335938,2185.228759765625
1002679018,-328.9625549316406,15.643481254577637,158.07562255859375,2185.898681640625
1002683497,-329.399169921875,15.638486862182617,157.57347106933594,2186.56494140625
1002688604,-329.8327941894531,15.633389472961426,157.07205200195312,2187.22705078125
1002693603,-330.2633056640625,15.628215789794922,156.57176208496094,2187.88623046875
1002698535,-330.6907043457031,15.622962951660156,156.0723114013672,2188.545654296875
1002703873,-331.1150207519531,15.617660522460938,155.57357788085938,2189.206787109375
1002709606,-331.5361633300781,15.612321853637695,155.07565307617188,2189.864990234375
1002715362,-331.9541931152344,15.606916427612305,154.5792236328125,2190.51904296875
1002721150,-332.36907958984375,15.60142707824707,154.08447265625,2191.168212890625
1002726657,-332.78076171875,15.595865249633789,153.59144592285156,2191.813720703125
1002731851,-333.1893310546875,15.590198516845703,153.0998077392578,2192.452880859375
1002737834,-333.5948181152344,15.584393501281738,152.60903930664062,2193.0791015625
1002743809,-333.9970703125,15.578513145446777,152.11904907226562,2193.703369140625
1002749767,-334.3960266113281,15.572667121887207,151.6300811767578,2194.324951171875
1002755709,-334.79168701171875,15.566873550415039,151.14198303222656,2194.953125
1002761591,-335.18402099609375,15.56106185913086,150.6544952392578,2195.5791015625
1002767403,-335.5730895996094,15.555272102355957,150.16770935058594,2196.201904296875
1002773182,-335.9588623046875,15.54954719543457,149.6815643310547,2196.82861328125
1002778881,-336.3412170410156,15.54389476776123,149.19566345214844,2197.453857421875
1002784471,-336.72027587890625,15.538207054138184,148.7100067138672,2198.076416015625
1002789923,-337.0961608886719,15.532432556152344,148.22528076171875,2198.69189453125
1002795441,-337.46881103515625,15.5265474319458,147.74191284179688,2199.302001953125
1002800972,-337.8382873535156,15.520547866821289,147.25994873046875,2199.9091796875
1002806621,-338.20465087890625,15.514433860778809,146.77963256835938,2200.511474609375
1002812468,-338.56817626953125,15.508186340332031,146.30130004882812,2201.1083984375
1002818537,-338.9290771484375,15.501781463623047,145.8253173828125,2201.7021484375
1002824286,-339.2875671386719,15.495159149169922,145.35174560546875,2202.29248046875
1002828882,-339.6436767578125,15.488304138183594,144.88050842285156,2202.882080078125
1002835387,-339.9974365234375,15.481247901916504,144.4111328125,2203.468505859375
1002842026,-340.3486022949219,15.474092483520508,143.94342041015625,2204.052490234375
1002846473,-340.6968688964844,15.46689510345459,143.47727966308594,2204.6337890625
1002850474,-341.0420837402344,15.459712028503418,143.01296997070312,2205.212890625
1002855674,-341.3843994140625,15.452486038208008,142.5507049560547,2205.788330078125
1002862051,-341.7237243652344,15.445199966430664,142.08985900878906,2206.36083984375
1002868324,-342.05987548828125,15.437871932983398,141.63002014160156,2206.932373046875
1002873921,-342.3927307128906,15.430564880371094,141.17141723632812,2207.500732421875
1002879814,-342.7222900390625,15.423333168029785,140.714599609375,2208.06494140625
1002885585,-343.0486145019531,15.416167259216309,140.2595977783203,2208.6240234375
1002891430,-343.3717346191406,15.409089088439941,139.80633544921875,2209.17822265625
1002897220,-343.69158935546875,15.402104377746582,139.3548126220703,2209.728759765625
1002903058,-344.0082702636719,15.39519214630127,138.90489196777344,2210.27587890625
1002908883,-344.3216857910156,15.388349533081055,138.45578002929688,2210.820556640625
1002914696,-344.6317443847656,15.381587028503418,138.0073699951172,2211.362548828125
1002920393,-344.9383850097656,15.374924659729004,137.559814453125,2211.901611328125
1002926024,-345.2415466308594,15.368392944335938,137.11331176757812,2212.436767578125
1002932564,-345.5910949707031,15.360928535461426,136.5927276611328,2213.0546875
1002938068,-345.88714599609375,15.354637145996094,136.14585876464844,2213.583251953125
1002942973,-346.17999267578125,15.34842300415039,135.6979217529297,2214.111328125
1002947628,-346.46966552734375,15.342256546020508,135.2489776611328,2214.639892578125
1002952212,-346.75628662109375,15.336112022399902,134.79893493652344,2215.16796875
1002956764,-347.03985595703125,15.329928398132324,134.34779357910156,2215.695068359375
1002961242,-347.3205261230469,15.323596000671387,133.8955078125,2216.22119140625
1002965637,-347.5984191894531,15.317039489746094,133.44207763671875,2216.74658203125
1002970033,-347.8736267089844,15.310224533081055,132.98748779296875,2217.27197265625
1002974476,-348.1461486816406,15.303130149841309,132.53170776367188,2217.7978515625
1002978988,-348.4159851074219,15.295734405517578,132.07479858398438,2218.323974609375
1002983599,-348.6831970214844,15.288017272949219,131.61679077148438,2218.8486328125
1002988313,-348.9477233886719,15.279994010925293,131.15774536132812,2219.372314453125
1002993118,-349.2096252441406,15.271647453308105,130.6976776123047,2219.895263671875
1002997926,-349.4688720703125,15.26294994354248,130.23660278320312,2220.4169921875
1003002751,-349.72552490234375,15.25390625,129.7745819091797,2220.938720703125
1003007634,-349.9794921875,15.244558334350586,129.3115234375,2221.459716796875
1003012568,-350.2307434082031,15.234954833984375,128.8474578857422,2221.97998046875
1003017535,-350.4793395996094,15.225103378295898,128.38238525390625,2222.5
1003022528,-350.7251892089844,15.215014457702637,127.91627502441406,2223.02099609375
1003027540,-350.9682922363281,15.204708099365234,127.44915771484375,2223.541748046875
1003032532,-351.2087097167969,15.194196701049805,126.98106384277344,2224.061767578125
1003037437,-351.4464111328125,15.183493614196777,126.51197814941406,2224.5830078125
1003042219,-351.6814270019531,15.17259407043457,126.04180908203125,2225.10693359375
1003046903,-351.9139099121094,15.16150188446045,125.57039642333984,2225.631103515625
1003051570,-352.1438903808594,15.150205612182617,125.09757232666016,2226.15576171875
1003056301,-352.3715515136719,15.138673782348633,124.62320709228516,2226.6865234375
1003061151,-352.59698486328125,15.126914978027344,124.14720153808594,2227.2236328125
1003066133,-352.8200988769531,15.114951133728027,123.6695556640625,2227.762451171875
1003071109,-353.04095458984375,15.10278606414795,123.19034576416016,2228.30322265625
1003076062,-353.2595520019531,15.090401649475098,122.70964050292969,2228.8359375
1003080952,-353.475830078125,15.07773208618164,122.22752380371094,2229.366943359375
1003085807,-353.68994140625,15.064763069152832,121.74398803710938,2229.898681640625
1003090695,-353.9018249511719,15.051522254943848,121.25907135009766,2230.431640625
1003095577,-354.1115417480469,15.038034439086914,120.77271270751953,2230.966796875
1003100448,-354.3190612792969,15.024308204650879,120.28485870361328,2231.502685546875
1003105412,-354.52447509765625,15.010300636291504,119.79546356201172,2232.0400390625
1003110445,-354.7278747558594,14.996017456054688,119.30443572998047,2232.5810546875
1003115521,-354.9292297363281,14.981487274169922,118.811767578125,2233.12939453125
1003120544,-355.1285400390625,14.966719627380371,118.3175048828125,2233.679443359375
1003125526,-355.3258361816406,14.95172119140625,117.82164001464844,2234.2314453125
1003130515,-355.5210876464844,14.936468124389648,117.32417297363281,2234.77490234375
1003135559,-355.7143249511719,14.92099380493164,116.82511138916016,2235.31396484375
1003140630,-355.9053649902344,14.905345916748047,116.32445526123047,2235.85400390625
1003145703,-356.0943908691406,14.889533996582031,115.82225036621094,2236.394775390625
1003150708,-356.2812194824219,14.873537063598633,115.31851196289062,2236.949951171875
1003155682,-356.4659423828125,14.85732364654541,114.81324005126953,2237.50732421875
1003160659,-356.6485595703125,14.840858459472656,114.3064193725586,2238.06591796875
1003165646,-356.8291931152344,14.824148178100586,113.79805755615234,2238.6337890625
1003170651,-357.0075988769531,14.807208061218262,113.28815460205078,2239.217041015625
1003175688,-357.18389892578125,14.79004955291748,112.77671813964844,2239.802490234375
1003180732,-357.35809326171875,14.77266788482666,112.26376342773438,2240.390869140625
1003185764,-357.53009033203125,14.755016326904297,111.74932861328125,2240.99609375
1003190802,-357.6999206542969,14.737098693847656,111.23341369628906,2241.605224609375
1003195849,-357.8675231933594,14.71891975402832,110.71601104736328,2242.217529296875
1003200909,-358.032958984375,14.700480461120605,110.19713592529297,2242.782958984375
1003205880,-358.1960754394531,14.681791305541992,109.67679595947266,2243.32080078125
1003211072,-358.3568115234375,14.662968635559082,109.1549301147461,2243.85888671875
1003216405,-358.5151062011719,14.644107818603516,108.63150787353516,2244.3974609375
1003221800,-358.6708068847656,14.625238418579102,108.10653686523438,2244.97314453125
1003227199,-358.8239440917969,14.606359481811523,107.58007049560547,2245.5537109375
1003232599,-358.9744873046875,14.587470054626465,107.05215454101562,2246.135986328125
1003237939,-359.1224365234375,14.568574905395508,106.52284240722656,2246.7578125
1003243188,-359.26776123046875,14.549673080444336,105.99211883544922,2247.426025390625
1003248358,-359.41046142578125,14.530766487121582,105.46000671386719,2248.098876953125
1003253493,-359.5505065917969,14.511841773986816,104.9265365600586,2248.6982421875
1003254788,-359.68804931640625,14.49272346496582,104.39185333251953,2249.2119140625
1003255991,-359.82305908203125,14.473806381225586,103.85591125488281,2249.72509765625
1003257650,-359.9554748535156,14.455397605895996,103.31878662109375,2250.23779296875
1003258747,-360.0853576660156,14.436798095703125,102.78076171875,2250.8349609375
1003260060,-360.2127380371094,14.418146133422852,102.24191284179688,2251.498291015625
1003261152,-360.33758544921875,14.399088859558105,101.7024154663086,2252.16357421875
1003262235,-360.46014404296875,14.379727363586426,101.16242218017578,2252.790771484375
1003263444,-360.5802917480469,14.360367774963379,100.62203979492188,2253.3857421875
1003264851,-360.6980895996094,14.340791702270508,100.08136749267578,2253.980712890625
1003265901,-360.81365966796875,14.320667266845703,99.54041290283203,2254.578857421875
1003267014,-360.9269104003906,14.299895286560059,98.99922180175781,2255.193603515625
1003268149,-361.0379333496094,14.27856159210205,98.45779418945312,2255.808349609375
1003269399,-361.1465759277344,14.257099151611328,97.91614532470703,2256.423583984375
1003270655,-361.2527770996094,14.235570907592773,97.37432098388672,2257.009033203125
1003271944,-361.35638427734375,14.214038848876953,96.83235931396484,2257.591552734375
1003278732,-361.4568176269531,14.193078994750977,96.29020690917969,2258.173583984375
1003285380,-361.5538635253906,14.172612190246582,95.74790954589844,2258.77734375
1003290903,-361.6479797363281,14.1522216796875,95.2054672241211,2259.406494140625
1003295965,-361.73931884765625,14.131796836853027,94.66289520263672,2260.035888671875
1003300841,-361.8278503417969,14.111467361450195,94.12020111083984,2260.643310546875
1003305541,-361.9132995605469,14.091534614562988,93.57733917236328,2261.193603515625
1003310109,-361.9959716796875,14.071621894836426,93.03435516357422,2261.74365234375
1003314677,-362.07611083984375,14.051360130310059,92.49130249023438,2262.293212890625
1003319245,-362.1538391113281,14.030596733093262,91.9482192993164,2262.882080078125
1003323813,-362.2292175292969,14.009291648864746,91.40509796142578,2263.493408203125
1003328382,-362.3023681640625,13.987447738647461,90.86196899414062,2264.10498046875
1003332952,-362.3731384277344,13.965046882629395,90.31885528564453,2264.69580078125
1003337546,-362.44183349609375,13.941932678222656,89.7757797241211,2265.248046875
1003342215,-362.50848388671875,13.918013572692871,89.23275756835938,2265.7998046875
1003346961,-362.572998046875,13.893360137939453,88.6897964477539,2266.3515625
1003351748,-362.63525390625,13.868115425109863,88.14691925048828,2266.961181640625
1003356593,-362.69512939453125,13.842342376708984,87.60414123535156,2267.5927734375
1003361543,-362.7526550292969,13.816036224365234,87.06146240234375,2268.223876953125
1003366584,-362.80780029296875,13.78924560546875,86.51892852783203,2268.8291015625
1003371697,-362.8603820800781,13.7620849609375,85.9765396118164,2269.412353515625
1003376917,-362.91033935546875,13.73469066619873,85.43429565429688,2269.9951171875
1003382238,-362.95758056640625,13.707200050354004,84.89221954345703,2270.57666015625
1003387616,-363.00189208984375,13.679739952087402,84.35028839111328,2271.150634765625
1003393019,-363.04327392578125,13.652416229248047,83.80851745605469,2271.724365234375
1003398411,-363.0815734863281,13.625317573547363,83.26691436767578,2272.297607421875
1003403765,-363.1168212890625,13.598481178283691,82.7254867553711,2272.873779296875
1003409061,-363.1489562988281,13.571938514709473,82.18424224853516,2273.4521484375
1003414288,-363.1780090332031,13.545720100402832,81.6431884765625,2274.029296875
1003419425,-363.20391845703125,13.519827842712402,81.10234069824219,2274.610107421875
1003424475,-363.226806640625,13.494202613830566,80.56170654296875,2275.212890625
1003429453,-363.2467346191406,13.468666076660156,80.02130126953125,2275.81494140625
1003434336,-363.26397705078125,13.442920684814453,79.48112487792969,2276.416748046875
1003439148,-363.2787780761719,13.416805267333984,78.94116973876953,2276.991943359375
1003443936,-363.2911376953125,13.390233039855957,78.40144348144531,2277.56005859375
1003448751,-363.3011169433594,13.363165855407715,77.86194610595703,2278.1279296875
1003453628,-363.30877685546875,13.335535049438477,77.32272338867188,2278.707275390625
1003458578,-363.31414794921875,13.307233810424805,76.78377532958984,2279.316650390625
1003463604,-363.3174133300781,13.278230667114258,76.2451171875,2279.92529296875
1003468703,-363.31842041015625,13.248586654663086,75.706787109375,2280.532470703125
1003473924,-363.3171691894531,13.218430519104004,75.1688003540039,2281.159423828125
1003479241,-363.3134460449219,13.187893867492676,74.63119506835938,2281.78515625
1003484613,-363.3071594238281,13.157073974609375,74.09395599365234,2282.409912109375
1003490003,-363.29827880859375,13.126063346862793,73.55709075927734,2282.9921875
1003495423,-363.28662109375,13.094959259033203,73.02051544189453,2283.56201171875
1003500839,-363.27215576171875,13.063857078552246,72.48416137695312,2284.131591796875
1003506215,-363.2547912597656,13.032827377319336,71.94792938232422,2284.6982421875
1003511528,-363.23455810546875,13.001867294311523,71.4117431640625,2285.25634765625
1003516581,-363.2115783691406,12.970885276794434,70.87555694580078,2285.81494140625
1003521435,-363.1859130859375,12.939706802368164,70.33939361572266,2286.37353515625
1003526238,-363.15771484375,12.908197402954102,69.80325317382812,2286.919921875
1003531065,-363.1269226074219,12.87634563446045,69.26715850830078,2287.4599609375
1003535910,-363.0936584472656,12.844139099121094,68.7311019897461,2288.00048828125
1003540769,-363.057861328125,12.81155014038086,68.19507598876953,2288.541259765625
1003545642,-363.01959228515625,12.778549194335938,67.65907287597656,2289.14697265625
1003550538,-362.97894287109375,12.745027542114258,67.12303924560547,2289.755615234375
1003555464,-362.93597412109375,12.710878372192383,66.5869140625,2290.36328125
1003560426,-362.89080810546875,12.676041603088379,66.0506362915039,2290.938232421875
1003565426,-362.8433532714844,12.640519142150879,65.5141372680664,2291.495849609375
1003570470,-362.7935791015625,12.60438346862793,64.97738647460938,2292.0537109375
1003575556,-362.7414245605469,12.567689895629883,64.44037628173828,2292.6162109375
1003580665,-362.68682861328125,12.53050708770752,63.902976989746094,2293.252685546875
1003585770,-362.6296691894531,12.492940902709961,63.36509704589844,2293.88623046875
1003591362,-362.5697326660156,12.45517635345459,62.826602935791016,2294.51806640625
1003596897,-362.5069274902344,12.417232513427734,62.28756332397461,2295.0771484375
1003602313,-362.4411926269531,12.37916088104248,61.7479362487793,2295.628662109375
1003607727,-362.37237548828125,12.341041564941406,61.207725524902344,2296.18115234375
1003613381,-362.3003845214844,12.303009986877441,60.66693878173828,2296.748046875
1003619138,-362.2249450683594,12.26513385772705,60.12565231323242,2297.35302734375
1003624808,-362.14617919921875,12.227385520935059,59.58393859863281,2297.95703125
1003630386,-362.06396484375,12.18986701965332,59.04188919067383,2298.559814453125
1003636075,-361.9781494140625,12.152709007263184,58.49961471557617,2299.154541015625
1003641788,-361.88873291015625,12.115941047668457,57.957176208496094,2299.747314453125
1003647467,-361.7958679199219,12.079440116882324,57.41466522216797,2300.33984375
1003653106,-361.69970703125,12.04306697845459,56.872108459472656,2300.91650390625
1003658682,-361.6002502441406,12.00676155090332,56.3294563293457,2301.481689453125
1003664050,-361.4977111816406,11.97046947479248,55.7866325378418,2302.04736328125
1003668578,-361.3922119140625,11.934165954589844,55.243507385253906,2302.613037109375
1003672275,-361.28448486328125,11.897805213928223,54.69984817504883,2303.1650390625
1003675452,-361.17486572265625,11.86131763458252,54.15544891357422,2303.71826171875
1003678166,-361.0635681152344,11.824567794799805,53.61024475097656,2304.272705078125
1003680518,-360.9505920410156,11.787449836730957,53.064178466796875,2304.840087890625
1003682646,-360.8359069824219,11.749934196472168,52.51726531982422,2305.426025390625
1003684772,-360.71923828125,11.712037086486816,51.9695930480957,2306.01123046875
1003686974,-360.6006164550781,11.673807144165039,51.421234130859375,2306.595947265625
1003689174,-360.4800109863281,11.635290145874023,50.872257232666016,2307.156005859375
1003691271,-360.3575744628906,11.596525192260742,50.322715759277344,2307.71630859375
1003693514,-360.2127380371094,11.551058769226074,49.68087387084961,2308.37109375
1003695274,-360.087158203125,11.511894226074219,49.13008499145508,2308.937744140625
1003696947,-359.9604187011719,11.47254753112793,48.5786247253418,2309.50830078125
1003698566,-359.8327941894531,11.433026313781738,48.026397705078125,2310.079345703125
1003700164,-359.7043762207031,11.3933687210083,47.47331237792969,2310.64990234375
1003701775,-359.5753479003906,11.353599548339844,46.91929626464844,2311.209716796875
1003703390,-359.44586181640625,11.313682556152344,46.36427688598633,2311.770263671875
1003705032,-359.31610107421875,11.273608207702637,45.8082389831543,2312.332275390625
1003706729,-359.1861267089844,11.233403205871582,45.25115203857422,2312.903076171875
1003708562,-359.0562438964844,11.193074226379395,44.693023681640625,2313.48193359375
1003710486,-358.926513671875,11.152600288391113,44.13385772705078,2314.060791015625
1003712471,-358.79705810546875,11.111968040466309,43.57368087768555,2314.63916015625
1003714598,-358.6679382324219,11.07116413116455,43.01247024536133,2315.210205078125
1003716845,-358.5392761230469,11.030155181884766,42.450218200683594,2315.781494140625
1003719215,-358.41119384765625,10.988907814025879,41.886878967285156,2316.353271484375
1003721707,-358.28369140625,10.947425842285156,41.32242202758789,2316.922607421875
1003724325,-358.15692138671875,10.905718803405762,40.75680160522461,2317.49072265625
1003727090,-358.0309143066406,10.863799095153809,40.18998718261719,2318.06005859375
1003729996,-357.9057922363281,10.821699142456055,39.621944427490234,2318.631103515625
1003733036,-357.7817077636719,10.779449462890625,39.05267333984375,2319.202880859375
1003736208,-357.6587219238281,10.737074851989746,38.482181549072266,2319.7763671875
1003739523,-357.5368347167969,10.694565773010254,37.91046905517578,2320.3505859375
1003742920,-357.4161376953125,10.651896476745605,37.33755874633789,2320.926513671875
1003746452,-357.2967834472656,10.609084129333496,36.76345443725586,2321.50341796875
1003750148,-357.1788635253906,10.566158294677734,36.18818283081055,2322.081298828125
1003754034,-357.0625305175781,10.523153305053711,35.611820220947266,2322.66015625
1003758133,-356.9479675292969,10.480029106140137,35.034507751464844,2323.241455078125
1003762426,-356.835205078125,10.436763763427734,34.45643997192383,2323.82568359375
1003766942,-356.7244873046875,10.393404960632324,33.877777099609375,2324.412841796875
1003771688,-356.6158752441406,10.350016593933105,33.298667907714844,2324.999755859375
1003776669,-356.5096130371094,10.306656837463379,32.71921920776367,2325.584228515625
1003781912,-356.40576171875,10.263361930847168,32.13947296142578,2326.169189453125
1003787477,-356.3044738769531,10.22017765045166,31.559446334838867,2326.754150390625
1003793315,-356.205810546875,10.17713451385498,30.979110717773438,2327.3408203125
1003799417,-356.1098937988281,10.134246826171875,30.398412704467773,2327.927490234375
1003805776,-356.0167236328125,10.091532707214355,29.817304611206055,2328.5146484375
1003812393,-355.9264221191406,10.049036979675293,29.235740661621094,2329.099365234375
1003819215,-355.83905029296875,10.006752967834473,28.653724670410156,2329.68310546875
1003826142,-355.7545471191406,9.964603424072266,28.0712890625,2330.265869140625
1003833282,-355.6729431152344,9.922558784484863,27.48848533630371,2330.85009765625
1003840667,-355.59429931640625,9.880607604980469,26.905363082885742,2331.439208984375
1003848186,-355.5185241699219,9.838666915893555,26.321996688842773,2332.028564453125
1003855819,-355.44561767578125,9.796647071838379,25.73843002319336,2332.618408203125
1003863723,-355.3755187988281,9.754547119140625,25.154685974121094,2333.223876953125
1003871778,-355.3082580566406,9.712346076965332,24.570777893066406,2333.833984375
1003879826,-355.24383544921875,9.66998291015625,23.986696243286133,2334.4462890625
1003887856,-355.1822204589844,9.62741470336914,23.402442932128906,2335.043212890625
1003895927,-355.12347412109375,9.584731101989746,22.818012237548828,2335.62646484375
1003904165,-355.0676574707031,9.542021751403809,22.233409881591797,2336.20947265625
1003912417,-355.01483154296875,9.499259948730469,21.64866065979004,2336.79443359375
1003920576,-354.9649658203125,9.456398963928223,21.063798904418945,2337.393798828125
1003928725,-354.9180603027344,9.413470268249512,20.478839874267578,2337.993896484375
1003936882,-354.8742370605469,9.370545387268066,19.893775939941406,2338.594970703125
1003945119,-354.8335266113281,9.327681541442871,19.308595657348633,2339.193115234375
1003953473,-354.7958984375,9.2848482131958,18.72329330444336,2339.790771484375
1003961806,-354.7612609863281,9.241974830627441,18.137866973876953,2340.38916015625
1003970158,-354.7296447753906,9.199044227600098,17.55232810974121,2340.997802734375
1003978533,-354.7010192871094,9.1560640335083,16.966691970825195,2341.619384765625
1003986897,-354.6754455566406,9.113062858581543,16.380990982055664,2342.24267578125
1003995254,-354.6529541015625,9.070030212402344,15.795260429382324,2342.8642578125
1004003598,-354.63348388671875,9.026972770690918,15.209532737731934,2343.474365234375
1004011946,-354.61712646484375,8.98391056060791,14.623835563659668,2344.08544921875
1004020312,-354.6039123535156,8.94088077545166,14.038192749023438,2344.697021484375
1004028758,-354.5938415527344,8.897930145263672,13.452628135681152,2345.353271484375
1004037337,-354.5870666503906,8.855118751525879,12.86716365814209,2346.0146484375
1004046100,-354.5835876464844,8.812504768371582,12.28182601928711,2346.678466796875
1004054921,-354.5834045410156,8.770095825195312,11.69664192199707,2347.299072265625
1004063790,-354.5865173339844,8.72791862487793,11.111639022827148,2347.916259765625
1004072663,-354.5929260253906,8.686007499694824,10.526845932006836,2348.53369140625
1004081543,-354.6026306152344,8.644377708435059,9.942293167114258,2349.141845703125
1004090403,-354.6158142089844,8.603004455566406,9.358002662658691,2349.745361328125
1004099232,-354.6322937011719,8.561881065368652,8.773998260498047,2350.349365234375
1004108174,-354.6520690917969,8.521056175231934,8.190300941467285,2350.954833984375
1004117178,-354.6751403808594,8.480506896972656,7.606933116912842,2351.56494140625
1004126177,-354.7015380859375,8.440162658691406,7.023910045623779,2352.17529296875
1004135151,-354.731201171875,8.399958610534668,6.441244125366211,2352.788818359375
1004143947,-354.7640380859375,8.359797477722168,5.858942031860352,2353.460205078125
1004152348,-354.7999267578125,8.319589614868164,5.277003288269043,2354.1328125
1004160602,-354.8388671875,8.279275894165039,4.695436954498291,2354.803955078125
1004168817,-354.8808288574219,8.238859176635742,4.114264965057373,2355.43212890625
1004177278,-354.9259033203125,8.198429107666016,3.533522367477417,2356.06005859375
1004185845,-354.9740905761719,8.157980918884277,2.9532413482666016,2356.6884765625
1004194707,-355.0254211425781,8.11758041381836,2.373457670211792,2357.29931640625
1004203786,-355.0799865722656,8.077336311340332,1.7942143678665161,2357.90771484375
1004213104,-355.1380920410156,8.037616729736328,1.215556025505066,2358.515869140625
1004222964,-355.2005310058594,7.999495506286621,0.6376684308052063,2359.09912109375
1004232917,-355.2674560546875,7.963077545166016,0.060661472380161285,2359.663818359375
1004242680,-355.3388977050781,7.9282145500183105,-0.5154526233673096,2360.22802734375
1004252366,-355.4144592285156,7.894601345062256,-1.0907179117202759,2360.79248046875
1004261948,-355.4939270019531,7.862142562866211,-1.665160059928894,2361.4033203125
1004271109,-355.5771179199219,7.8306403160095215,-2.2387943267822266,2362.013916015625
1004279764,-355.66375732421875,7.799738883972168,-2.811661720275879,2362.62451171875
1004288188,-355.7535705566406,7.7691168785095215,-3.3838040828704834,2363.281005859375
1004296439,-355.8463134765625,7.738527774810791,-3.955249071121216,2363.954833984375
1004304788,-355.9418640136719,7.707770824432373,-4.5260162353515625,2364.629150390625
1004312971,-356.0398864746094,7.676557540893555,-5.096156120300293,2365.2470703125
1004320920,-356.14019775390625,7.644687652587891,-5.665720462799072,2365.84716796875
1004328713,-356.24261474609375,7.612048625946045,-6.234737873077393,2366.447265625
1004336413,-356.3471374511719,7.578691482543945,-6.80319881439209,2367.0498046875
1004344807,-356.4540710449219,7.5448784828186035,-7.371035099029541,2367.655517578125
1004353512,-356.5634460449219,7.51071834564209,-7.9381890296936035,2368.260986328125
1004362245,-356.6752624511719,7.47625732421875,-8.504622459411621,2368.8720703125
1004370984,-356.7896423339844,7.441552639007568,-9.070313453674316,2369.52734375
1004379680,-356.9066467285156,7.406782150268555,-9.63523006439209,2370.1826171875
1004388395,-357.0264892578125,7.372143268585205,-10.199325561523438,2370.835205078125
1004397118,-357.1492614746094,7.337765693664551,-10.762561798095703,2371.4384765625
1004405988,-357.2750244140625,7.303837776184082,-11.324908256530762,2372.0419921875
1004415313,-357.4039611816406,7.270495414733887,-11.886323928833008,2372.645263671875
1004424750,-357.5360107421875,7.2378129959106445,-12.446772575378418,2373.2744140625
1004434201,-357.6713562011719,7.20586633682251,-13.0062255859375,2373.914306640625
1004443633,-357.80999755859375,7.174673080444336,-13.564671516418457,2374.5537109375
1004453004,-357.9518737792969,7.144317626953125,-14.122106552124023,2375.176025390625
1004462294,-358.096923828125,7.114806175231934,-14.678519248962402,2375.786376953125
1004471475,-358.24530029296875,7.08608865737915,-15.23391056060791,2376.396728515625
1004480658,-358.3967590332031,7.058205604553223,-15.788268089294434,2376.9970703125
1004490091,-358.551513671875,7.031195640563965,-16.341571807861328,2377.576171875
1004499431,-358.7093505859375,7.004979610443115,-16.89385986328125,2378.154541015625
1004508524,-358.8702392578125,6.979395389556885,-17.44523811340332,2378.73291015625
1004517374,-359.0340576171875,6.954326152801514,-17.995861053466797,2379.3330078125
1004526003,-359.2008056640625,6.92978048324585,-18.545915603637695,2379.93798828125
1004534405,-359.3704833984375,6.905701160430908,-19.095558166503906,2380.543212890625
1004542717,-359.5430908203125,6.882054805755615,-19.644887924194336,2381.16064453125
1004551162,-359.7186279296875,6.85887336730957,-20.193939208984375,2381.788330078125
1004559672,-359.89715576171875,6.836164951324463,-20.74270248413086,2382.417236328125
1004568069,-360.0785827636719,6.813868045806885,-21.291126251220703,2383.05419921875
1004576331,-360.2628479003906,6.791914939880371,-21.839160919189453,2383.707275390625
1004584491,-360.4499206542969,6.770275592803955,-22.38676643371582,2384.36083984375
1004592563,-360.6397399902344,6.7489447593688965,-22.933942794799805,2385.010986328125
1004600594,-360.8323974609375,6.727865219116211,-23.480728149414062,2385.650146484375
1004608507,-361.0277099609375,6.706944942474365,-24.027172088623047,2386.28955078125
1004616331,-361.2257385253906,6.686067581176758,-24.573345184326172,2386.9248046875
1004624114,-361.42633056640625,6.66513204574585,-25.119308471679688,2387.527099609375
1004631888,-361.6294250488281,6.644047737121582,-25.66510581970215,2388.130126953125
1004639656,-361.8349914550781,6.622735023498535,-26.21076011657715,2388.7333984375
1004647456,-362.0429992675781,6.601146221160889,-26.75626564025879,2389.35205078125
1004655288,-362.25341796875,6.579255104064941,-27.301605224609375,2389.97509765625
1004663164,-362.46624755859375,6.557039737701416,-27.84674072265625,2390.598388671875
1004671104,-362.6815490722656,6.534514427185059,-28.39164161682129,2391.205810546875
1004679182,-362.8993225097656,6.511719703674316,-28.93629264831543,2391.802001953125
1004687337,-363.11944580078125,6.488542079925537,-29.48065948486328,2392.398193359375
1004695535,-363.3419494628906,6.464992046356201,-30.02476692199707,2392.99755859375
1004703740,-363.5668640136719,6.441158294677734,-30.56863784790039,2393.604248046875
1004712386,-363.7943420410156,6.417195796966553,-31.112239837646484,2394.21142578125
1004721194,-364.0242919921875,6.393051624298096,-31.655445098876953,2394.8193359375
1004730077,-364.25665283203125,6.368520736694336,-32.19809341430664,2395.46875
1004739097,-364.4914245605469,6.343703746795654,-32.74015808105469,2396.121826171875
1004748663,-364.7287902832031,6.318867206573486,-33.28156280517578,2396.775146484375
1004758371,-364.968994140625,6.294189929962158,-33.822261810302734,2397.390869140625
1004768095,-365.21240234375,6.269948959350586,-34.362335205078125,2398.000244140625
1004777789,-365.4593505859375,6.2463579177856445,-34.9017448425293,2398.610595703125
1004787383,-365.7103271484375,6.223921298980713,-35.440521240234375,2399.24853515625
1004796897,-365.96575927734375,6.203003883361816,-35.97846984863281,2399.91015625
1004806401,-366.225830078125,6.183758735656738,-36.515499114990234,2400.572509765625
1004815922,-366.49053955078125,6.166215419769287,-37.051536560058594,2401.220947265625
1004825452,-366.7596130371094,6.15029764175415,-37.586463928222656,2401.85595703125
1004834811,-367.0328674316406,6.135814189910889,-38.120155334472656,2402.49169921875
1004843958,-367.30987548828125,6.122524738311768,-38.652496337890625,2403.115478515625
1004852960,-367.5904235839844,6.110302448272705,-39.18338394165039,2403.71875
1004862210,-367.874267578125,6.099046230316162,-39.71276092529297,2404.322509765625
1004871271,-368.1613464355469,6.08851432800293,-40.24070739746094,2404.92822265625
1004880049,-368.4513854980469,6.07844877243042,-40.76738357543945,2405.580078125
1004888587,-368.7443542480469,6.068694591522217,-41.293006896972656,2406.232666015625
1004897027,-369.040283203125,6.059266090393066,-41.81772994995117,2406.8857421875
1004905292,-369.339111328125,6.050106048583984,-42.34168243408203,2407.491455078125
1004913573,-369.6409606933594,6.041266441345215,-42.86490249633789,2408.0966796875
1004922005,-369.94586181640625,6.032766819000244,-43.38735580444336,2408.702392578125
1004930338,-370.2537841796875,6.024599552154541,-43.908973693847656,2409.32861328125
1004939902,-370.61676025390625,6.015444755554199,-44.51637649536133,2410.072509765625
1004948229,-370.93109130859375,6.008005619049072,-45.03593063354492,2410.7109375
1004956572,-371.2484436035156,6.001013278961182,-45.55438232421875,2411.3583984375
1004964909,-371.56890869140625,5.994600296020508,-46.071624755859375,2412.011474609375
1004973590,-371.892578125,5.988882064819336,-46.587520599365234,2412.66455078125
1004982345,-372.2194519042969,5.983850955963135,-47.102046966552734,2413.286376953125
1004991059,-372.5494689941406,5.979430198669434,-47.615230560302734,2413.8876953125
1004999702,-372.882568359375,5.975577354431152,-48.12710952758789,2414.489501953125
1005008297,-373.21881103515625,5.972343444824219,-48.6376953125,2415.103271484375
1005016827,-373.55810546875,5.96966028213501,-49.1469612121582,2415.747802734375
1005025277,-373.9004211425781,5.967426300048828,-49.65491485595703,2416.393310546875
1005033821,-374.2456970214844,5.965630054473877,-50.161521911621094,2417.039794921875
1005042480,-374.5940246582031,5.964235782623291,-50.66675567626953,2417.69140625
1005051127,-374.94525146484375,5.9631452560424805,-51.17063903808594,2418.34326171875
1005059728,-375.29931640625,5.962264060974121,-51.67317199707031,2418.998779296875
1005068405,-375.65618896484375,5.9616169929504395,-52.17436599731445,2419.687255859375
1005077100,-376.0158996582031,5.961219310760498,-52.674217224121094,2420.375732421875
1005085764,-376.37847900390625,5.961050987243652,-53.1727180480957,2421.053955078125
1005094746,-376.74407958984375,5.961352825164795,-53.66975402832031,2421.67626953125
1005104149,-377.1128845214844,5.9623541831970215,-54.1651496887207,2422.299560546875
1005113596,-377.4849853515625,5.964081287384033,-54.6588134765625,2422.92333984375
1005122970,-377.86029052734375,5.966485500335693,-55.15073776245117,2423.5771484375
1005132315,-378.2388000488281,5.969664573669434,-55.640907287597656,2424.233154296875
1005141574,-378.62060546875,5.973746299743652,-56.129241943359375,2424.8896484375
1005150725,-379.00567626953125,5.978697299957275,-56.615684509277344,2425.540283203125
1005159963,-379.3940734863281,5.9846014976501465,-57.10015106201172,2426.1904296875
1005169609,-379.7857666015625,5.991577625274658,-57.582515716552734,2426.841064453125
1005179197,-380.1807556152344,5.999537944793701,-58.06275939941406,2427.477294921875
1005188592,-380.57891845703125,6.008307933807373,-58.54094314575195,2428.1103515625
1005197827,-380.98016357421875,6.017837047576904,-59.01715087890625,2428.744140625
1005206890,-381.3844299316406,6.028151512145996,-59.491397857666016,2429.380859375
1005215877,-381.7917175292969,6.0391621589660645,-59.96370315551758,2430.019287109375
1005224780,-382.201904296875,6.050721168518066,-60.434112548828125,2430.658447265625
1005233557,-382.6148986816406,6.06265926361084,-60.90273666381836,2431.308837890625
1005242187,-383.030517578125,6.074792861938477,-61.36967849731445,2431.971435546875
1005250690,-383.4486389160156,6.087062835693359,-61.83497619628906,2432.634033203125
1005259691,-383.8694763183594,6.09959602355957,-62.298561096191406,2433.314208984375
1005268814,-384.29302978515625,6.1124653816223145,-62.76035690307617,2434.012939453125
1005277912,-384.7193298339844,6.125687122344971,-63.220314025878906,2434.7119140625
1005286942,-385.1482849121094,6.139264106750488,-63.67841339111328,2435.399658203125
1005295847,-385.580078125,6.1533002853393555,-64.13460540771484,2436.079833984375
1005304692,-386.0146789550781,6.167887210845947,-64.5888671875,2436.76025390625
1005313635,-386.4521484375,6.1830735206604,-65.04115295410156,2437.401611328125
1005322583,-386.8924560546875,6.198808193206787,-65.49142456054688,2438.02294921875
1005331464,-387.33551025390625,6.214993476867676,-65.93974304199219,2438.645263671875
1005340374,-387.7811584472656,6.231586456298828,-66.38611602783203,2439.2919921875
1005349291,-388.22943115234375,6.248600959777832,-66.83049774169922,2439.97119140625
1005358135,-388.6802978515625,6.26598596572876,-67.27288818359375,2440.650146484375
1005366990,-389.1336669921875,6.283684253692627,-67.71328735351562,2441.322998046875
1005375881,-389.5895080566406,6.301685810089111,-68.15169525146484,2441.989013671875
1005384919,-390.0479431152344,6.320052146911621,-68.58808135986328,2442.6552734375
1005393969,-390.50885009765625,6.33878231048584,-69.0224609375,2443.33447265625
1005402881,-390.9723205566406,6.357815265655518,-69.4548568725586,2444.028564453125
1005411633,-391.4382019042969,6.37709903717041,-69.88532257080078,2444.721923828125
1005420277,-391.9066162109375,6.396629810333252,-70.31387329101562,2445.40625
1005428810,-392.3774108886719,6.416369438171387,-70.74053955078125,2446.08251953125
1005437245,-392.8505554199219,6.436210632324219,-71.16534423828125,2446.75830078125
1005445757,-393.3260498046875,6.45619010925293,-71.58828735351562,2447.433837890625
1005454942,-393.80401611328125,6.476531982421875,-72.00916290283203,2448.109130859375
1005464146,-394.28448486328125,6.497300624847412,-72.42788696289062,2448.78369140625
1005473331,-394.7674255371094,6.518469333648682,-72.84441375732422,2449.459716796875
1005482481,-395.2528381347656,6.540083885192871,-73.25871276855469,2450.136474609375
1005491555,-395.74078369140625,6.5622878074646,-73.67076110839844,2450.812255859375
1005500518,-396.231201171875,6.585055351257324,-74.08053588867188,2451.455810546875
1005509372,-396.7241516113281,6.608318328857422,-74.48809051513672,2452.083984375
1005518449,-397.2195129394531,6.632143020629883,-74.89334869384766,2452.713623046875
1005527737,-397.7174072265625,6.6565656661987305,-75.29623413085938,2453.377685546875
1005537026,-398.2176818847656,6.681497573852539,-75.69676971435547,2454.076416015625
1005546255,-398.7202453613281,6.706857681274414,-76.09496307373047,2454.7734375
1005555385,-399.2252197265625,6.732700347900391,-76.49082946777344,2455.430908203125
1005564387,-399.7325439453125,6.759074687957764,-76.88431549072266,2456.06396484375
1005573354,-400.24224853515625,6.785982131958008,-77.27540588378906,2456.6982421875
1005582479,-400.7543029785156,6.813466548919678,-77.66403198242188,2457.338134765625
1005591693,-401.2687072753906,6.841517448425293,-78.05021667480469,2457.984375
1005600856,-401.7854309082031,6.870060443878174,-78.43400573730469,2458.630859375
1005609935,-402.3044738769531,6.899046897888184,-78.8154525756836,2459.277587890625
1005618907,-402.8257751464844,6.928534507751465,-79.19453430175781,2459.9228515625
1005627968,-403.34942626953125,6.958600044250488,-79.57117462158203,2460.5693359375
1005637116,-403.875244140625,6.989217281341553,-79.94529724121094,2461.218994140625
1005646223,-404.4032897949219,7.020264625549316,-80.31698608398438,2461.8779296875
1005655228,-404.9334411621094,7.0516510009765625,-80.68632507324219,2462.536865234375
1005664008,-405.4656677246094,7.083333969116211,-81.0533676147461,2463.19677734375
1005672591,-405.9999084472656,7.115245342254639,-81.41815185546875,2463.86083984375
1005681048,-406.53619384765625,7.147315502166748,-81.78071594238281,2464.524658203125
1005689620,-407.0744934082031,7.179609298706055,-82.14098358154297,2465.1904296875
1005698538,-407.6148376464844,7.212180137634277,-82.49889373779297,2465.86328125
1005707520,-408.1572570800781,7.245009422302246,-82.85443878173828,2466.5361328125
1005716533,-408.7016906738281,7.278090000152588,-83.20763397216797,2467.205322265625
1005725538,-409.24822998046875,7.31156587600708,-83.55841064453125,2467.86279296875
1005734699,-409.79693603515625,7.345658302307129,-83.9065933227539,2468.5205078125
1005744025,-410.3478698730469,7.380434989929199,-84.2520751953125,2469.178466796875
1005753358,-410.90081787109375,7.415852069854736,-84.5948257446289,2469.834716796875
1005762627,-411.4559020996094,7.451862335205078,-84.93489837646484,2470.4912109375
1005771820,-412.0130615234375,7.488550186157227,-85.27223205566406,2471.14794921875
1005781179,-412.5722961425781,7.525997161865234,-85.60674285888672,2471.802490234375
1005790582,-413.1335754394531,7.5641398429870605,-85.93841552734375,2472.457763671875
1005799845,-413.69677734375,7.60282564163208,-86.26732635498047,2473.11279296875
1005808937,-414.26190185546875,7.641948223114014,-86.5936050415039,2473.767578125
1005817878,-414.828857421875,7.681466579437256,-86.91729736328125,2474.42236328125
1005826661,-415.39764404296875,7.7213053703308105,-87.23844146728516,2475.07763671875
1005835520,-415.9682312011719,7.761439323425293,-87.55705261230469,2475.74267578125
1005844415,-416.5406188964844,7.801799774169922,-87.87317657470703,2476.408203125
1005853185,-417.11474609375,7.842283725738525,-88.1868667602539,2477.072998046875
1005861876,-417.6905822753906,7.882817268371582,-88.49819946289062,2477.731689453125
1005870490,-418.2681579589844,7.923471927642822,-88.80717468261719,2478.390380859375
1005879222,-418.8475036621094,7.964315891265869,-89.11373138427734,2479.04931640625
1005887922,-419.42864990234375,8.005322456359863,-89.41781616210938,2479.71240234375
1005896585,-420.0114440917969,8.046429634094238,-89.71949005126953,2480.37548828125
1005905232,-420.5959167480469,8.087635040283203,-90.01876068115234,2481.038818359375
1005913929,-421.1821594238281,8.129049301147461,-90.31554412841797,2481.706787109375
1005922787,-421.7701110839844,8.170734405517578,-90.6097412109375,2482.37451171875
1005931690,-422.3597717285156,8.21267318725586,-90.90132904052734,2483.042236328125
1005940593,-422.9510803222656,8.25483226776123,-91.19033813476562,2483.708984375
1005949466,-423.5440368652344,8.297232627868652,-91.47676086425781,2484.37451171875
1005958301,-424.1386413574219,8.339898109436035,-91.76058197021484,2485.039794921875
1005967080,-424.7348937988281,8.382904052734375,-92.04170989990234,2485.704345703125
1005976209,-425.3328857421875,8.426362037658691,-92.32002258300781,2486.367919921875
1005985426,-425.9324951171875,8.470260620117188,-92.59549713134766,2487.03076171875
1005994644,-426.5337219238281,8.514554977416992,-92.8681640625,2487.6904296875
1006003816,-427.1365661621094,8.559277534484863,-93.1380386352539,2488.35009765625
1006012990,-427.7411193847656,8.60458755493164,-93.40501403808594,2489.01025390625
1006021848,-428.34735107421875,8.650527000427246,-93.6690673828125,2489.67041015625
1006029161,-428.95526123046875,8.697027206420898,-93.93034362792969,2490.331298828125
1006034314,-429.56475830078125,8.744038581848145,-94.18937683105469,2490.99267578125
1006037526,-430.17559814453125,8.791566848754883,-94.44699096679688,2491.654296875
1006039891,-430.7876281738281,8.839489936828613,-94.70338439941406,2492.317138671875
1006042235,-431.40093994140625,8.88770580291748,-94.95852661132812,2492.980224609375
1006044594,-432.0154113769531,8.936178207397461,-95.21246337890625,2493.643798828125
1006046899,-432.631103515625,8.984827995300293,-95.46515655517578,2494.3076171875
1006049556,-433.2479553222656,9.03364086151123,-95.71643829345703,2494.971435546875
1006053061,-433.8660888671875,9.08270263671875,-95.96595001220703,2495.635986328125
1006056839,-434.4854736328125,9.132037162780762,-96.213623046875,2496.301025390625
1006060575,-435.1061096191406,9.181655883789062,-96.45954895019531,2496.966796875
1006064353,-435.72784423828125,9.231654167175293,-96.70381927490234,2497.6337890625
1006068066,-436.3506774902344,9.282021522521973,-96.94656372070312,2498.30224609375
1006071736,-436.974609375,9.332707405090332,-97.18791961669922,2498.970947265625
1006075439,-437.5995788574219,9.383729934692383,-97.42798614501953,2499.638916015625
1006079087,-438.22552490234375,9.435029029846191,-97.66685485839844,2500.3056640625
1006082704,-438.8525390625,9.486540794372559,-97.90465545654297,2500.973388671875
1006086228,-439.4804992675781,9.538257598876953,-98.14144134521484,2501.64208984375
1006089552,-440.1094055175781,9.59013843536377,-98.37737274169922,2502.312255859375
1006092691,-440.7391357421875,9.642158508300781,-98.6124496459961,2502.982666015625
1006095783,-441.3697814941406,9.694372177124023,-98.84669494628906,2503.662353515625
1006098729,-442.00128173828125,9.746801376342773,-99.08010864257812,2504.346923828125
1006101664,-442.63360595703125,9.799481391906738,-99.31268310546875,2505.03271484375
1006104616,-443.2668151855469,9.852516174316406,-99.5443344116211,2505.71240234375
1006107571,-443.9009094238281,9.90597915649414,-99.7750244140625,2506.390869140625
1006110509,-444.5358581542969,9.959898948669434,-100.00470733642578,2507.070068359375
1006113479,-445.1717529296875,10.01432991027832,-100.23333740234375,2507.740478515625
1006116456,-445.80853271484375,10.069302558898926,-100.46084594726562,2508.40869140625
1006119452,-446.4462890625,10.124801635742188,-100.68717956542969,2509.077392578125
1006122475,-447.0849914550781,10.180802345275879,-100.91230773925781,2509.75634765625
1006125519,-447.724609375,10.237266540527344,-101.13619995117188,2510.437744140625
1006128575,-448.3652038574219,10.294169425964355,-101.35881805419922,2511.1201171875
1006131678,-449.0067138671875,10.351486206054688,-101.58012390136719,2511.805908203125
1006134791,-449.649169921875,10.409154891967773,-101.80011749267578,2512.4931640625
1006137906,-450.2925720214844,10.467103004455566,-102.01878356933594,2513.18115234375
1006141040,-450.9368896484375,10.525298118591309,-102.23612976074219,2513.86572265625
1006144180,-451.5821838378906,10.583707809448242,-102.45216369628906,2514.55029296875
1006147355,-452.22845458984375,10.642261505126953,-102.6668701171875,2515.236083984375
1006150530,-452.8756103515625,10.700867652893066,-102.88027954101562,2515.92236328125
1006153714,-453.5237731933594,10.759469032287598,-103.09242248535156,2516.609130859375
1006156886,-454.1728820800781,10.818020820617676,-103.3033218383789,2517.29638671875
1006160047,-454.8229064941406,10.876470565795898,-103.51300811767578,2517.9794921875
1006163201,-455.473876953125,10.934779167175293,-103.72149658203125,2518.663330078125
1006166354,-456.12579345703125,10.99295425415039,-103.92878723144531,2519.347412109375
1006170054,-456.8874816894531,11.060653686523438,-104.1690902709961,2520.145263671875
1006173237,-457.5413818359375,11.118534088134766,-104.37376403808594,2520.829833984375
1006176421,-458.1961975097656,11.176332473754883,-104.57719421386719,2521.516357421875
1006179615,-458.8519592285156,11.234085083007812,-104.7793960571289,2522.2060546875
1006182801,-459.50860595703125,11.291789054870605,-104.98035430908203,2522.896240234375
1006185989,-460.16619873046875,11.349506378173828,-105.18004608154297,2523.587646484375
1006189187,-460.82470703125,11.407264709472656,-105.37845611572266,2524.280517578125
1006192338,-461.4841003417969,11.46504020690918,-105.57562255859375,2524.9736328125
1006195404,-462.1444091796875,11.522845268249512,-105.77162170410156,2525.671142578125
1006197964,-462.80548095703125,11.58067798614502,-105.96699523925781,2526.372314453125
1006200011,-463.46722412109375,11.638495445251465,-106.16191101074219,2527.073974609375
1006202037,-464.1296081542969,11.696245193481445,-106.3563461303711,2527.77001953125
1006204069,-464.7927551269531,11.753960609436035,-106.55026245117188,2528.465087890625
1006206200,-465.4566345214844,11.811684608459473,-106.74359893798828,2529.160888671875
1006208416,-466.1211853027344,11.869425773620605,-106.93632507324219,2529.853271484375
1006210683,-466.7864685058594,11.927166938781738,-107.12850189208984,2530.54541015625
1006212991,-467.45245361328125,11.985045433044434,-107.32012176513672,2531.23828125
1006215308,-468.1191101074219,12.043157577514648,-107.51123809814453,2531.930419921875
1006217597,-468.7864074707031,12.101494789123535,-107.7018814086914,2532.623046875
1006219971,-469.454345703125,12.160058975219727,-107.89203643798828,2533.31689453125
1006222412,-470.1229553222656,12.218897819519043,-108.08167266845703,2534.026123046875
1006224924,-470.792236328125,12.278076171875,-108.2707748413086,2534.73583984375
1006227534,-471.462158203125,12.337576866149902,-108.4593276977539,2535.445068359375
1006230159,-472.1327209472656,12.397355079650879,-108.6473388671875,2536.15087890625
1006232866,-472.803955078125,12.457392692565918,-108.83477783203125,2536.857177734375
1006235668,-473.4758605957031,12.517797470092773,-109.02157592773438,2537.559326171875
1006238546,-474.1484375,12.578587532043457,-109.2076644897461,2538.254150390625
1006241433,-474.8216857910156,12.639708518981934,-109.39299774169922,2538.949462890625
1006244332,-475.49560546875,12.701132774353027,-109.57752227783203,2539.648681640625
1006247270,-476.1702880859375,12.762951850891113,-109.76116943359375,2540.35205078125
1006250280,-476.845703125,12.825204849243164,-109.94381713867188,2541.055908203125
1006253349,-477.5218505859375,12.887861251831055,-110.12537384033203,2541.7626953125
1006256444,-478.1987609863281,12.950872421264648,-110.30577850341797,2542.471435546875
1006259616,-478.87646484375,13.014259338378906,-110.48493957519531,2543.180419921875
1006262836,-479.5549621582031,13.078008651733398,-110.66278839111328,2543.88671875
1006266091,-480.2342529296875,13.14210319519043,-110.83924102783203,2544.5927734375
1006269445,-480.9143981933594,13.206450462341309,-111.01424407958984,2545.29931640625
1006272719,-481.5953369140625,13.270864486694336,-111.18785095214844,2546.00439453125
1006275999,-482.27703857421875,13.335257530212402,-111.36003875732422,2546.709716796875
1006279311,-482.95965576171875,13.399629592895508,-111.53077697753906,2547.41650390625
1006282664,-483.6430969238281,13.463881492614746,-111.7000503540039,2548.12646484375
1006286060,-484.32733154296875,13.527898788452148,-111.86788940429688,2548.836669921875
1006289408,-485.0124206542969,13.591552734375,-112.03436279296875,2549.547119140625
1006292766,-485.6983337402344,13.654813766479492,-112.19949340820312,2550.257080078125
1006296161,-486.3850402832031,13.717703819274902,-112.36323547363281,2550.967529296875
1006299605,-487.0726318359375,13.780220031738281,-112.52555847167969,2551.67822265625
1006303110,-487.7610778808594,13.842338562011719,-112.68645477294922,2552.388916015625
1006306670,-488.4503479003906,13.904095649719238,-112.84588623046875,2553.100341796875
1006310303,-489.1405029296875,13.96555233001709,-113.0038070678711,2553.81201171875
1006313988,-489.83154296875,14.026776313781738,-113.16014862060547,2554.5244140625
1006317714,-490.5234680175781,14.087834358215332,-113.3148422241211,2555.23681640625
1006321473,-491.2162170410156,14.148785591125488,-113.46782684326172,2555.9501953125
1006325263,-491.90985107421875,14.209695816040039,-113.61905670166016,2556.663818359375
1006329112,-492.6043701171875,14.270670890808105,-113.76844024658203,2557.377685546875
1006333037,-493.2997741699219,14.331802368164062,-113.91590118408203,2558.08740234375
1006336985,-493.9960021972656,14.393129348754883,-114.06139373779297,2558.797607421875
1006340936,-494.693115234375,14.454687118530273,-114.20489501953125,2559.510009765625
1006344884,-495.3910827636719,14.5165433883667,-114.34635925292969,2560.2275390625
1006348820,-496.08990478515625,14.578697204589844,-114.48579406738281,2560.945556640625
1006352681,-496.78955078125,14.641063690185547,-114.62322998046875,2561.6640625
1006356516,-497.489990234375,14.703595161437988,-114.75871276855469,2562.38330078125
1006360332,-498.1912536621094,14.766252517700195,-114.89226531982422,2563.102783203125
1006364137,-498.893310546875,14.82896900177002,-115.0239486694336,2563.817138671875
1006367928,-499.59613037109375,14.891677856445312,-115.15377807617188,2564.529541015625
1006371702,-500.2997741699219,14.954349517822266,-115.28180694580078,2565.24267578125
1006375461,-501.0041809082031,15.016974449157715,-115.40803527832031,2565.962158203125
1006379231,-501.70941162109375,15.079571723937988,-115.532470703125,2566.68310546875
1006382957,-502.4154357910156,15.142170906066895,-115.65511322021484,2567.40380859375
1006386538,-503.1222229003906,15.204771041870117,-115.77606964111328,2568.123291015625
1006389578,-503.82977294921875,15.267386436462402,-115.89591217041016,2568.84326171875
1006391673,-504.5379638671875,15.330012321472168,-116.0150146484375,2569.562744140625
1006393746,-505.246826171875,15.392645835876465,-116.13333892822266,2570.282470703125
1006395806,-505.95635986328125,15.45529842376709,-116.25084686279297,2571.00244140625
1006397965,-506.66656494140625,15.51797866821289,-116.36744689941406,2571.72314453125
1006400246,-507.37744140625,15.58065128326416,-116.48307800292969,2572.444580078125
1006402606,-508.0889587402344,15.643310546875,-116.59772491455078,2573.166015625
1006405011,-508.8011169433594,15.705979347229004,-116.71144104003906,2573.8876953125
1006407420,-509.5138854980469,15.768658638000488,-116.82432556152344,2574.610107421875
1006409782,-510.2272644042969,15.831300735473633,-116.9365005493164,2575.332763671875
1006412072,-510.9411926269531,15.893884658813477,-117.04810333251953,2576.055908203125
1006414298,-511.65576171875,15.956422805786133,-117.15921783447266,2576.77978515625
1006416472,-512.370849609375,16.018917083740234,-117.26996612548828,2577.50341796875
1006418583,-513.0865478515625,16.081314086914062,-117.38046264648438,2578.22705078125
1006420646,-513.802734375,16.14360237121582,-117.49080657958984,2578.95166015625
1006422669,-514.51953125,16.205791473388672,-117.60107421875,2579.677001953125
1006424664,-515.2367553710938,16.267902374267578,-117.71134948730469,2580.403564453125
1006426639,-515.9544677734375,16.329936981201172,-117.8216552734375,2581.130615234375
1006428598,-516.6727294921875,16.39193344116211,-117.93206787109375,2581.857421875
1006430570,-517.3914184570312,16.453981399536133,-118.04261016845703,2582.58349609375
1006432541,-518.1105346679688,16.516138076782227,-118.15331268310547,2583.3095703125
1006434508,-518.8301391601562,16.578453063964844,-118.26419067382812,2584.037109375
1006436469,-519.5502319335938,16.641027450561523,-118.37528228759766,2584.765625
1006438464,-520.2706909179688,16.703990936279297,-118.486572265625,2585.494140625
1006440466,-520.9915771484375,16.76738929748535,-118.59807586669922,2586.22509765625
1006442462,-521.712890625,16.831209182739258,-118.70977783203125,2586.956787109375
1006444448,-522.4346313476562,16.89545440673828,-118.82167053222656,2587.68798828125
1006446421,-523.1567993164062,16.960134506225586,-118.93374633789062,2588.416748046875
1006448361,-523.87939453125,17.025127410888672,-119.04597473144531,2589.1455078125
1006450295,-524.6024169921875,17.0903263092041,-119.15834045410156,2589.8759765625
1006452230,-525.325927734375,17.155651092529297,-119.27082061767578,2590.607666015625
1006454151,-526.0498657226562,17.220998764038086,-119.38339233398438,2591.33984375
1006456079,-526.7742919921875,17.286258697509766,-119.49604034423828,2592.075439453125
1006458011,-527.4992065429688,17.351390838623047,-119.60874938964844,2592.81201171875
1006459923,-528.2245483398438,17.41631507873535,-119.72151184082031,2593.548583984375
1006461842,-528.9505004882812,17.481016159057617,-119.83432006835938,2594.28076171875
1006463776,-529.6768798828125,17.5455379486084,-119.94715881347656,2595.01318359375
1006465723,-530.40380859375,17.609874725341797,-120.0600357055664,2595.74755859375
1006467686,-531.1312255859375,17.674047470092773,-120.17293548583984,2596.4853515625
1006469655,-531.859130859375,17.738121032714844,-120.2858657836914,2597.223388671875
1006471627,-532.5875854492188,17.802154541015625,-120.3988265991211,2597.9638671875
1006473598,-533.3165283203125,17.86619758605957,-120.51180267333984,2598.705810546875
1006475575,-534.0458984375,17.93028450012207,-120.62480163574219,2599.4482421875
1006477554,-534.7757568359375,17.994447708129883,-120.73782348632812,2600.187744140625
1006479537,-535.506103515625,18.058757781982422,-120.85089111328125,2600.927490234375
1006481539,-536.2368774414062,18.123289108276367,-120.9640121459961,2601.66748046875
1006483540,-536.9680786132812,18.18804359436035,-121.07719421386719,2602.408447265625
1006485531,-537.69970703125,18.253019332885742,-121.19044494628906,2603.149658203125
1006487491,-538.431884765625,18.31816291809082,-121.30377960205078,2603.88525390625
1006489417,-539.1644897460938,18.38331413269043,-121.41719055175781,2604.6162109375
1006491330,-539.8975219726562,18.448408126831055,-121.53068542480469,2605.347412109375
1006493243,-540.631103515625,18.51339340209961,-121.6442642211914,2606.08447265625
1006495168,-541.3651123046875,18.578125,-121.75792694091797,2606.823486328125
1006497107,-542.099609375,18.642574310302734,-121.87164306640625,2607.564453125
1006499093,-542.8345947265625,18.70681381225586,-121.98539733886719,2608.322021484375
1006501087,-543.570068359375,18.770933151245117,-122.09919738769531,2609.08056640625
1006503128,-544.3060302734375,18.835012435913086,-122.21295166015625,2609.83154296875
1006505247,-545.04248046875,18.899106979370117,-122.32661437988281,2610.5732421875
1006507404,-545.7794189453125,18.963287353515625,-122.44013977050781,2611.3154296875
1006509612,-546.516845703125,19.027620315551758,-122.55347442626953,2612.066650390625
1006511847,-547.2548217773438,19.09221649169922,-122.6666030883789,2612.822021484375
1006514202,-547.9932250976562,19.15729522705078,-122.7794189453125,2613.580810546875
1006516601,-548.7321166992188,19.22294807434082,-122.89188385009766,2614.364990234375
1006518996,-549.471435546875,19.28919792175293,-123.00396728515625,2615.15087890625
1006521414,-550.2112426757812,19.356176376342773,-123.11560821533203,2615.935546875
1006523826,-550.9514770507812,19.423946380615234,-123.22676849365234,2616.71875
1006526226,-551.692138671875,19.49245834350586,-123.3374252319336,2617.503173828125
1006528643,-552.4332885742188,19.561626434326172,-123.447509765625,2618.286865234375
1006531080,-553.1749267578125,19.631305694580078,-123.55696105957031,2619.071044921875
1006533506,-553.9170532226562,19.701284408569336,-123.665771484375,2619.852294921875
1006535952,-554.6597290039062,19.77130889892578,-123.77391815185547,2620.628662109375
1006538426,-555.4029541015625,19.841215133666992,-123.88140869140625,2621.406005859375
1006540888,-556.146728515625,19.910762786865234,-123.98827362060547,2622.184326171875
1006543278,-556.8910522460938,19.979829788208008,-124.0945053100586,2622.963623046875
1006545954,-557.6360473632812,20.04866600036621,-124.19993591308594,2623.74267578125
1006548847,-558.3815307617188,20.117464065551758,-124.30438995361328,2624.519775390625
1006551811,-559.1276245117188,20.186283111572266,-124.40777587890625,2625.29736328125
1006554830,-559.874267578125,20.255434036254883,-124.50999450683594,2626.069091796875
1006557940,-560.6215209960938,20.325273513793945,-124.61089324951172,2626.838623046875
1006561075,-561.3693237304688,20.395980834960938,-124.7103500366211,2627.610107421875
1006564262,-562.11767578125,20.467599868774414,-124.80831146240234,2628.3984375
1006567444,-562.8665161132812,20.54006576538086,-124.9047622680664,2629.1865234375
1006570572,-563.6159057617188,20.613059997558594,-124.99982452392578,2629.981689453125
1006573565,-564.3657836914062,20.686248779296875,-125.0936050415039,2630.781982421875
1006576559,-565.1162719726562,20.759607315063477,-125.18609619140625,2631.5830078125
1006579759,-565.8672485351562,20.833091735839844,-125.27716064453125,2632.375244140625
1006583064,-566.6187744140625,20.906539916992188,-125.36678314208984,2633.167724609375
1006586480,-567.370849609375,20.980005264282227,-125.45492553710938,2633.966552734375
1006589939,-568.12353515625,21.05382537841797,-125.5413818359375,2634.77099609375
1006593452,-568.876708984375,21.12813949584961,-125.62603759765625,2635.575439453125
1006596944,-569.6304931640625,21.202930450439453,-125.7088623046875,2636.35693359375
1006600346,-570.3848876953125,21.278202056884766,-125.78988647460938,2637.138671875
1006603866,-571.1398315429688,21.354265213012695,-125.86894989013672,2637.934814453125
1006607442,-571.8953247070312,21.431377410888672,-125.94583892822266,2638.748291015625
1006611244,-572.6513061523438,21.50946807861328,-126.02051544189453,2639.561279296875
1006614735,-573.4077758789062,21.588008880615234,-126.09329223632812,2640.411376953125
1006618066,-574.164794921875,21.66685676574707,-126.16433715820312,2641.26025390625
1006621331,-574.9223022460938,21.746171951293945,-126.23360443115234,2642.070556640625
1006625322,-575.8065795898438,21.83911895751953,-126.31206512451172,2642.987548828125
1006628869,-576.5651245117188,21.918811798095703,-126.37739562988281,2643.76953125
1006632539,-577.3240966796875,21.998600006103516,-126.44092559814453,2644.539306640625
1006634591,-578.0836181640625,22.078826904296875,-126.50244903564453,2645.309326171875
1006636455,-578.8436279296875,22.159643173217773,-126.56185150146484,2646.077880859375
1006638280,-579.6041259765625,22.241113662719727,-126.6191177368164,2646.845947265625
1006640090,-580.365234375,22.323341369628906,-126.6741943359375,2647.614013671875
1006641871,-581.1267700195312,22.406213760375977,-126.7271499633789,2648.384033203125
1006643628,-581.8887939453125,22.48954963684082,-126.77806854248047,2649.154541015625
1006645370,-582.6513061523438,22.573217391967773,-126.82701873779297,2649.923095703125
1006647088,-583.4142456054688,22.656986236572266,-126.8741226196289,2650.68896484375
1006648797,-584.1775512695312,22.740726470947266,-126.91950225830078,2651.455322265625
1006650264,-584.9413452148438,22.824352264404297,-126.96373748779297,2652.2314453125
1006651286,-585.70556640625,22.90774917602539,-127.0072021484375,2653.009765625
1006652305,-586.4702758789062,22.990903854370117,-127.04994201660156,2653.788330078125
1006653345,-587.2354736328125,23.073843002319336,-127.09190368652344,2654.5654296875
1006654442,-588.0010986328125,23.1566104888916,-127.13298034667969,2655.34228515625
1006655599,-588.767333984375,23.239303588867188,-127.17311096191406,2656.11376953125
1006656807,-589.5340576171875,23.322036743164062,-127.21227264404297,2656.8828125
1006658028,-590.3013305664062,23.404958724975586,-127.25048828125,2657.65283203125
1006659255,-591.0690307617188,23.4881534576416,-127.2878189086914,2658.42578125
1006660473,-591.8370971679688,23.571731567382812,-127.32433319091797,2659.19921875
1006661645,-592.6055297851562,23.655750274658203,-127.36013793945312,2659.971923828125
1006662801,-593.374267578125,23.740192413330078,-127.39533996582031,2660.742919921875
1006663929,-594.1433715820312,23.825063705444336,-127.43009948730469,2661.514404296875
1006665003,-594.9127807617188,23.910249710083008,-127.46453857421875,2662.28955078125
1006666058,-595.6826171875,23.995637893676758,-127.4987564086914,2663.06591796875
1006667074,-596.4528198242188,24.081153869628906,-127.53285217285156,2663.8427734375
1006668067,-597.2234497070312,24.16659164428711,-127.56690216064453,2664.61767578125
1006669050,-597.9945068359375,24.25178337097168,-127.60091400146484,2665.393310546875
1006670016,-598.7659912109375,24.336702346801758,-127.63497161865234,2666.17236328125
1006670980,-599.5379028320312,24.421337127685547,-127.66915130615234,2666.952392578125
1006671930,-600.310302734375,24.505765914916992,-127.70356750488281,2667.733642578125
1006672885,-601.0830688476562,24.59001922607422,-127.73828887939453,2668.51611328125
1006673859,-601.856201171875,24.674253463745117,-127.77344512939453,2669.298583984375
1006674861,-602.629638671875,24.758607864379883,-127.80919647216797,2670.076904296875
1006675901,-603.4034423828125,24.843154907226562,-127.84566497802734,2670.851806640625
1006676981,-604.1775512695312,24.927953720092773,-127.88297271728516,2671.62744140625
1006678101,-604.9519653320312,25.013038635253906,-127.9212417602539,2672.405029296875
1006679256,-605.7266235351562,25.098384857177734,-127.9605941772461,2673.182861328125
1006680460,-606.5015258789062,25.184022903442383,-128.00115966796875,2673.96337890625
1006681705,-607.2767944335938,25.26993751525879,-128.04306030273438,2674.747314453125
1006682942,-608.0523071289062,25.356098175048828,-128.08636474609375,2675.53173828125
1006684127,-608.8280639648438,25.442501068115234,-128.1310577392578,2676.31494140625
1006685256,-609.6040649414062,25.529136657714844,-128.17710876464844,2677.09765625
1006686346,-610.3803100585938,25.615978240966797,-128.22454833984375,2677.881103515625
1006687408,-611.15673828125,25.703025817871094,-128.27334594726562,2678.665771484375
1006688443,-611.9334716796875,25.790260314941406,-128.32345581054688,2679.450927734375
1006689421,-612.7105102539062,25.877670288085938,-128.37429809570312,2680.235107421875
1006690401,-613.4879150390625,25.96526336669922,-128.42587280273438,2681.01953125
1006691376,-614.265625,26.052989959716797,-128.47824096679688,2681.80419921875
1006692347,-615.0436401367188,26.14082145690918,-128.5313720703125,2682.589111328125
1006693302,-615.8219604492188,26.228750228881836,-128.58543395996094,2683.373779296875
1006694238,-616.6005859375,26.31670570373535,-128.6404571533203,2684.15869140625
1006695182,-617.3795166015625,26.404634475708008,-128.6964569091797,2684.9443359375
1006696130,-618.1588134765625,26.492475509643555,-128.75338745117188,2685.730224609375
1006697074,-618.9384155273438,26.580154418945312,-128.81117248535156,2686.5146484375
1006698023,-619.7183227539062,26.66765594482422,-128.86973571777344,2687.299560546875
1006698963,-620.4985961914062,26.754961013793945,-128.92898559570312,2688.0849609375
1006699901,-621.2792358398438,26.842065811157227,-128.98883056640625,2688.871337890625
1006700833,-622.0602416992188,26.92896270751953,-129.0491943359375,2689.658447265625
1006701762,-622.8416137695312,27.01563835144043,-129.10995483398438,2690.446044921875
1006702700,-623.6233520507812,27.102100372314453,-129.17108154296875,2691.23388671875
1006703632,-624.405517578125,27.188289642333984,-129.23243713378906,2692.0224609375
1006704570,-625.1881103515625,27.27420425415039,-129.29397583007812,2692.811279296875
1006705532,-625.9711303710938,27.359947204589844,-129.3556671142578,2693.6005859375
1006706508,-626.7545166015625,27.445545196533203,-129.41746520996094,2694.391357421875
1006707502,-627.538330078125,27.53109359741211,-129.47926330566406,2695.18212890625
1006708513,-628.322509765625,27.616695404052734,-129.5410614013672,2695.97314453125
1006709536,-629.1070556640625,27.702457427978516,-129.6028594970703,2696.762939453125
1006710556,-629.8919677734375,27.78840446472168,-129.66464233398438,2697.5537109375
1006711572,-630.67724609375,27.874496459960938,-129.72633361816406,2698.34619140625
1006712589,-631.462890625,27.96074676513672,-129.78794860839844,2699.13916015625
1006713597,-632.2489013671875,28.047061920166016,-129.84947204589844,2699.932373046875
1006714604,-633.0353393554688,28.133329391479492,-129.91091918945312,2700.7255859375
1006715605,-633.8221435546875,28.21953773498535,-129.9722900390625,2701.518798828125
1006716611,-634.6093139648438,28.305604934692383,-130.03363037109375,2702.311279296875
1006717624,-635.3969116210938,28.391529083251953,-130.0948944091797,2703.1044921875
1006718628,-636.1848754882812,28.4773006439209,-130.15614318847656,2703.898681640625
1006719636,-636.9732666015625,28.56292152404785,-130.2173614501953,2704.693603515625
1006720634,-637.7620239257812,28.648386001586914,-130.2785186767578,2705.489501953125
1006721623,-638.5512084960938,28.733627319335938,-130.3396759033203,2706.285400390625
1006722616,-639.3408203125,28.818614959716797,-130.4008331298828,2707.08154296875
1006723572,-640.130859375,28.903226852416992,-130.4620361328125,2707.878173828125
1006724535,-640.9213256835938,28.987390518188477,-130.52328491210938,2708.675048828125
1006725484,-641.7122192382812,29.071077346801758,-130.5845489501953,2709.471923828125
1006726440,-642.5034790039062,29.15420913696289,-130.6458740234375,2710.267578125
1006727415,-643.2952880859375,29.236831665039062,-130.70726013183594,2711.06201171875
1006728372,-644.0875244140625,29.318971633911133,-130.7687225341797,2711.85595703125
1006729355,-644.880126953125,29.400707244873047,-130.83026123046875,2712.65380859375
1006730333,-645.6731567382812,29.482128143310547,-130.8918914794922,2713.451904296875
1006731312,-646.4666137695312,29.563312530517578,-130.95362854003906,2714.251708984375
1006732319,-647.260498046875,29.644411087036133,-131.0154571533203,2715.052978515625
1006733320,-648.0547485351562,29.725505828857422,-131.077392578125,2715.855224609375
1006734341,-648.849365234375,29.80671501159668,-131.1394500732422,2716.656982421875
1006735360,-649.6443481445312,29.888092041015625,-131.20162963867188,2717.459228515625
1006736373,-650.439697265625,29.96963882446289,-131.263916015625,2718.26611328125
1006737393,-651.2354125976562,30.051389694213867,-131.3262939453125,2719.07666015625
1006738386,-652.031494140625,30.133220672607422,-131.38876342773438,2719.888671875
1006739379,-652.8279418945312,30.215038299560547,-131.45130920410156,2720.70068359375
1006740355,-653.624755859375,30.296701431274414,-131.51393127441406,2721.513916015625
1006741320,-654.4219970703125,30.378005981445312,-131.5766143798828,2722.327880859375
1006742285,-655.2196655273438,30.458913803100586,-131.6393585205078,2723.142578125
1006743253,-656.0177612304688,30.539384841918945,-131.70216369628906,2723.958984375
1006744242,-656.8162841796875,30.619396209716797,-131.76504516601562,2724.781982421875
1006745221,-657.6151733398438,30.69891929626465,-131.8279571533203,2725.605224609375
1006746196,-658.4144897460938,30.7779483795166,-131.8909454345703,2726.427734375
1006747176,-659.2142333984375,30.856584548950195,-131.95399475097656,2727.25
1006748165,-660.0144653320312,30.934852600097656,-132.01705932617188,2728.072265625
1006749164,-660.8151245117188,31.012765884399414,-132.08023071289062,2728.895263671875
1006750174,-661.6162109375,31.090404510498047,-132.14341735839844,2729.71826171875
1006751192,-662.417724609375,31.1678524017334,-132.20668029785156,2730.533203125
1006752207,-663.2196044921875,31.245136260986328,-132.2699432373047,2731.34765625
1006753214,-664.0219116210938,31.322221755981445,-132.33328247070312,2732.16650390625
1006754211,-664.8246459960938,31.39908218383789,-132.39663696289062,2732.992919921875
1006755180,-665.6278076171875,31.475568771362305,-132.45999145507812,2733.819091796875
1006756141,-666.4312744140625,31.551525115966797,-132.5234375,2734.64453125
1006757063,-667.2348022460938,31.62689208984375,-132.58688354492188,2735.468994140625
1006757990,-668.0386352539062,31.701562881469727,-132.65032958984375,2736.285400390625
1006758890,-668.841796875,31.775314331054688,-132.71371459960938,2737.095703125
1006760513,-669.6428833007812,31.847990036010742,-132.7769317626953,2737.90283203125
1006762301,-670.4415283203125,31.919677734375,-132.83998107910156,2738.705078125
1006764274,-671.2376708984375,31.990365982055664,-132.90289306640625,2739.5048828125
1006766406,-672.031005859375,32.06007766723633,-132.96572875976562,2740.305419921875
1006768647,-672.8212890625,32.128936767578125,-133.02853393554688,2741.10400390625
1006771233,-673.6083374023438,32.19700622558594,-133.0913848876953,2741.8984375
1006773548,-674.3922729492188,32.264381408691406,-133.15447998046875,2742.687255859375
1006775409,-675.1732788085938,32.3311882019043,-133.21804809570312,2743.472412109375
1006777192,-675.9509887695312,32.39749526977539,-133.28207397460938,2744.25439453125
1006780243,-676.7251586914062,32.46327209472656,-133.3463897705078,2745.031982421875
1006782877,-677.496337890625,32.528324127197266,-133.4112548828125,2745.806884765625
1006785231,-678.2646484375,32.592533111572266,-133.47662353515625,2746.578369140625
1006788122,-679.0298461914062,32.655921936035156,-133.54238891601562,2747.346923828125
1006791241,-679.7920532226562,32.718353271484375,-133.6083526611328,2748.112548828125
1006794452,-680.5513305664062,32.779747009277344,-133.67416381835938,2748.87548828125
1006797252,-681.3075561523438,32.84014129638672,-133.7396697998047,2749.63525390625
1006799305,-682.060791015625,32.899574279785156,-133.80484008789062,2750.3916015625
1006802205,-682.8109741210938,32.95812225341797,-133.86978149414062,2751.14501953125
1006805597,-683.5581665039062,33.015811920166016,-133.9346160888672,2751.89501953125
1006809008,-684.3021240234375,33.0727424621582,-133.99923706054688,2752.642822265625
1006811319,-685.0427856445312,33.128990173339844,-134.0635986328125,2753.3876953125
1006812933,-685.7803344726562,33.18449783325195,-134.12767028808594,2754.12939453125
1006815808,-686.5145874023438,33.23926544189453,-134.19155883789062,2754.866943359375
1006819200,-687.2457275390625,33.293270111083984,-134.25535583496094,2755.601806640625
1006822578,-687.9735717773438,33.34657669067383,-134.3189697265625,2756.333984375
1006824803,-688.6983642578125,33.399200439453125,-134.3823699951172,2757.063720703125
1006826361,-689.4199829101562,33.451141357421875,-134.44552612304688,2757.790771484375
1006829274,-690.13818359375,33.50241470336914,-134.508544921875,2758.510498046875
1006832699,-690.853271484375,33.55305480957031,-134.571533203125,2759.22607421875
1006836056,-691.5650024414062,33.603118896484375,-134.6343994140625,2759.93798828125
1006838203,-692.2734375,33.652610778808594,-134.69711303710938,2760.648681640625
1006839777,-692.9784545898438,33.701507568359375,-134.75967407226562,2761.35595703125
1006842643,-693.6801147460938,33.74981689453125,-134.8222198486328,2762.0595703125
1006845984,-694.3786010742188,33.797607421875,-134.88504028320312,2762.758056640625
1006849258,-695.0737915039062,33.84490966796875,-134.94827270507812,2763.453125
1006851310,-695.7655639648438,33.89175033569336,-135.01181030273438,2764.14501953125
1006853018,-696.453857421875,33.93816375732422,-135.07582092285156,2764.834228515625
1006856068,-697.1390991210938,33.98417663574219,-135.14053344726562,2765.520751953125
1006858554,-697.8211059570312,34.02980041503906,-135.20606994628906,2766.20458984375
1006860687,-698.4996948242188,34.07502365112305,-135.2722625732422,2766.88671875
1006863099,-699.1751098632812,34.119815826416016,-135.3392791748047,2767.56591796875
1006866168,-699.84765625,34.16413497924805,-135.40725708007812,2768.242431640625
1006869192,-700.5172729492188,34.207923889160156,-135.47616577148438,2768.916015625
1006872233,-701.18359375,34.251163482666016,-135.54574584960938,2769.586181640625
1006875237,-701.8471069335938,34.293792724609375,-135.61631774902344,2770.25439453125
1006878130,-702.5078125,34.335723876953125,-135.68797302246094,2770.919189453125
1006881551,-703.2750244140625,34.38380813598633,-135.77272033691406,2771.69189453125
1006884510,-703.9288940429688,34.424381256103516,-135.8460693359375,2772.3525390625
1006887316,-704.5795288085938,34.464359283447266,-135.9199676513672,2773.011474609375
1006889854,-705.2268676757812,34.50358963012695,-135.99432373046875,2773.667724609375
1006892818,-705.8710327148438,34.54203796386719,-136.0689239501953,2774.31884765625
1006895889,-706.511962890625,34.57970428466797,-136.14373779296875,2774.965576171875
1006898751,-707.1498413085938,34.61655807495117,-136.21888732910156,2775.609130859375
1006901808,-707.7847900390625,34.65257263183594,-136.29429626464844,2776.25341796875
1006904968,-708.4168090820312,34.68779373168945,-136.3695831298828,2776.899658203125
1006908197,-709.0457763671875,34.72227478027344,-136.4446258544922,2777.54345703125
1006910839,-709.6715698242188,34.756046295166016,-136.51939392089844,2778.179931640625
1006912661,-710.2943115234375,34.78920364379883,-136.59393310546875,2778.80517578125
1006915364,-710.9138793945312,34.82185363769531,-136.66836547851562,2779.42724609375
1006918834,-711.5302124023438,34.85400390625,-136.74267578125,2780.046142578125
1006922296,-712.1431274414062,34.885677337646484,-136.81671142578125,2780.663818359375
1006924570,-712.7526245117188,34.916927337646484,-136.89051818847656,2781.2783203125
1006926056,-713.3590087890625,34.94790267944336,-136.9642791748047,2781.889404296875
1006928495,-713.962158203125,34.97867202758789,-137.03810119628906,2782.50244140625
1006931975,-714.5615844726562,35.009254455566406,-137.11183166503906,2783.112548828125
1006935401,-715.1571655273438,35.039588928222656,-137.18544006347656,2783.719482421875
1006936990,-715.7490844726562,35.069679260253906,-137.25894165039062,2784.312744140625
1006938750,-716.3375244140625,35.09952926635742,-137.3323516845703,2784.89453125
1006940839,-716.9225463867188,35.129173278808594,-137.40594482421875,2785.47314453125
1006944167,-717.5042724609375,35.15861129760742,-137.47987365722656,2786.048828125
1006947470,-718.0828857421875,35.187870025634766,-137.55422973632812,2786.6279296875
1006949158,-718.6589965820312,35.2169303894043,-137.6292266845703,2787.204833984375
1006949945,-719.2340698242188,35.24578857421875,-137.70541381835938,2787.780517578125
1006950659,-719.8084716796875,35.27445602416992,-137.78298950195312,2788.364990234375
1006951346,-720.3824462890625,35.302955627441406,-137.86212158203125,2788.955078125
1006952059,-720.955810546875,35.33129119873047,-137.9429168701172,2789.544921875
1006952866,-721.5286865234375,35.35932540893555,-138.0255126953125,2790.13134765625
1006953741,-722.1009521484375,35.38689041137695,-138.10995483398438,2790.704833984375
1006954818,-722.6723022460938,35.4139404296875,-138.1962890625,2791.278076171875
1006955978,-723.2421875,35.44047164916992,-138.28433227539062,2791.849853515625
1006958292,-723.8094482421875,35.466453552246094,-138.37347412109375,2792.426513671875
1006960911,-724.3740844726562,35.49184799194336,-138.463623046875,2793.004638671875
1006963573,-724.93603515625,35.51659393310547,-138.55470275878906,2793.57958984375
1006966037,-725.4952392578125,35.54070281982422,-138.6466827392578,2794.156494140625
1006968313,-726.0516357421875,35.56425476074219,-138.73953247070312,2794.743408203125
1006970590,-726.6053466796875,35.587379455566406,-138.83338928222656,2795.3271484375
1006973185,-727.1566772460938,35.61021423339844,-138.9284210205078,2795.909423828125
1006974704,-727.7066040039062,35.6328239440918,-139.02503967285156,2796.471923828125
1006975965,-728.2550048828125,35.65522003173828,-139.12330627441406,2797.028564453125
1006977190,-728.8017578125,35.67742919921875,-139.22305297851562,2797.583740234375
1006978345,-729.346923828125,35.699485778808594,-139.32418823242188,2798.1357421875
1006979380,-729.8908081054688,35.7214469909668,-139.4265899658203,2798.6787109375
1006980316,-730.4335327148438,35.74341583251953,-139.53025817871094,2799.220703125
1006981209,-730.9756469726562,35.76537322998047,-139.63523864746094,2799.76220703125
1006982076,-731.5172729492188,35.78726577758789,-139.74156188964844,2800.305908203125
1006982935,-732.0587768554688,35.80903625488281,-139.84921264648438,2800.8515625
1006983764,-732.6000366210938,35.83061981201172,-139.9582061767578,2801.3974609375
1006984581,-733.1412353515625,35.851951599121094,-140.0685577392578,2801.943603515625
1006985395,-733.6821899414062,35.872920989990234,-140.1802215576172,2802.498779296875
1006986207,-734.2225952148438,35.89344024658203,-140.29318237304688,2803.05517578125
1006986992,-734.762451171875,35.91337203979492,-140.4073028564453,2803.611083984375
1006987748,-735.3014526367188,35.93267822265625,-140.52259826660156,2804.1669921875
1006988516,-735.839599609375,35.951324462890625,-140.63897705078125,2804.723388671875
1006989313,-736.3768310546875,35.96930694580078,-140.7564697265625,2805.278564453125
1006990158,-736.9131469726562,35.98661804199219,-140.87510681152344,2805.83349609375
1006991082,-737.4478149414062,36.003177642822266,-140.9945831298828,2806.385986328125
1006993873,-737.9797973632812,36.01901626586914,-141.11427307128906,2806.935791015625
1006996702,-738.5091552734375,36.03425979614258,-141.23460388183594,2807.483154296875
1006998946,-739.0363159179688,36.0489501953125,-141.35594177246094,2808.028076171875
1007000879,-739.560791015625,36.06305694580078,-141.4781036376953,2808.573974609375
1007002978,-740.0828857421875,36.076576232910156,-141.6011962890625,2809.117431640625
1007005069,-740.602294921875,36.0895881652832,-141.7253875732422,2809.657958984375
1007007285,-741.1188354492188,36.102195739746094,-141.85064697265625,2810.191650390625
1007009813,-741.6322631835938,36.114444732666016,-141.97665405273438,2810.70849609375
1007012700,-742.1426391601562,36.12641906738281,-142.1036834716797,2811.222900390625
1007015641,-742.650146484375,36.1381950378418,-142.23193359375,2811.73486328125
1007018582,-743.154296875,36.14984893798828,-142.36126708984375,2812.249267578125
1007021537,-743.6553344726562,36.161373138427734,-142.4918212890625,2812.77099609375
1007024467,-744.1532592773438,36.172813415527344,-142.62376403808594,2813.290283203125
1007027373,-744.6482543945312,36.18421173095703,-142.75721740722656,2813.806396484375
1007030194,-745.1400756835938,36.195438385009766,-142.8920135498047,2814.3203125
1007032926,-745.629150390625,36.20637130737305,-143.02833557128906,2814.833251953125
1007035623,-746.1155395507812,36.21696472167969,-143.1660614013672,2815.34375
1007038308,-746.5987548828125,36.22724533081055,-143.30491638183594,2815.850830078125
1007041019,-747.0786743164062,36.23724365234375,-143.44456481933594,2816.349609375
1007043769,-747.5552368164062,36.246910095214844,-143.58485412597656,2816.841064453125
1007046577,-748.028564453125,36.25617980957031,-143.72579956054688,2817.329833984375
1007049399,-748.4985961914062,36.26506042480469,-143.86729431152344,2817.8154296875
1007052259,-748.9653930664062,36.27355194091797,-144.0092010498047,2818.300537109375
1007055135,-749.4287719726562,36.28163528442383,-144.15142822265625,2818.785888671875
1007058108,-749.8887329101562,36.28937911987305,-144.2941131591797,2819.267578125
1007061109,-750.3460083007812,36.296852111816406,-144.43809509277344,2819.7470703125
1007063073,-750.8013305664062,36.30414581298828,-144.58419799804688,2820.224609375
1007064408,-751.2549438476562,36.311336517333984,-144.73251342773438,2820.700927734375
1007065648,-751.7066650390625,36.318424224853516,-144.8829345703125,2821.175048828125
1007066888,-752.1565551757812,36.32538986206055,-145.0354766845703,2821.6484375
1007068149,-752.6044921875,36.33222579956055,-145.1903076171875,2822.11962890625
1007069434,-753.0508422851562,36.33894729614258,-145.3475341796875,2822.587158203125
1007070740,-753.4957275390625,36.34553146362305,-145.5072784423828,2823.05419921875
1007072074,-753.939208984375,36.35197067260742,-145.6696014404297,2823.520263671875
1007073435,-754.3815307617188,36.35824966430664,-145.8346405029297,2823.985595703125
1007074831,-754.8226318359375,36.36435317993164,-146.00234985351562,2824.451416015625
1007076260,-755.2626342773438,36.37025451660156,-146.1727294921875,2824.917236328125
1007077721,-755.7012329101562,36.37590789794922,-146.345703125,2825.382080078125
1007079224,-756.1385498046875,36.38127517700195,-146.52117919921875,2825.845703125
1007080777,-756.5743408203125,36.38627624511719,-146.69911193847656,2826.309814453125
1007082362,-757.0087280273438,36.390869140625,-146.87937927246094,2826.77392578125
1007083993,-757.4415893554688,36.3950309753418,-147.0619354248047,2827.236572265625
1007085679,-757.8729858398438,36.398780822753906,-147.24679565429688,2827.697998046875
1007087418,-758.302978515625,36.40214920043945,-147.4340057373047,2828.157470703125
1007089207,-758.7314453125,36.40512466430664,-147.62350463867188,2828.61474609375
1007091040,-759.1586303710938,36.40768814086914,-147.81532287597656,2829.070556640625
1007092914,-759.5842895507812,36.40987777709961,-148.0094757080078,2829.52587890625
1007094826,-760.008544921875,36.411739349365234,-148.20599365234375,2829.979248046875
1007096776,-760.4312744140625,36.413330078125,-148.40489196777344,2830.43115234375
1007098754,-760.8524780273438,36.4146728515625,-148.60617065429688,2830.8818359375
1007100756,-761.2720947265625,36.415740966796875,-148.80978393554688,2831.331787109375
1007102732,-761.6902465820312,36.416481018066406,-149.01571655273438,2831.78076171875
1007104719,-762.1067504882812,36.41688537597656,-149.223876953125,2832.229248046875
1007106742,-762.521728515625,36.4169807434082,-149.4342803955078,2832.67724609375
1007108806,-762.9351196289062,36.41680908203125,-149.64698791503906,2833.12451171875
1007110916,-763.3467407226562,36.41636657714844,-149.8620147705078,2833.57080078125
1007113051,-763.7568969726562,36.415618896484375,-150.07928466796875,2834.016357421875
1007115218,-764.1652221679688,36.414527893066406,-150.29872131347656,2834.457275390625
1007117470,-764.5714111328125,36.4130744934082,-150.51998901367188,2834.893798828125
1007119937,-764.97509765625,36.411258697509766,-150.7425994873047,2835.326416015625
1007122447,-765.3760375976562,36.40909957885742,-150.96640014648438,2835.755126953125
1007125007,-765.7742309570312,36.406612396240234,-151.1912384033203,2836.18115234375
1007127540,-766.1697387695312,36.403751373291016,-151.41732788085938,2836.614990234375
1007130077,-766.5626220703125,36.400508880615234,-151.6446075439453,2837.046875
1007132633,-766.9526977539062,36.396854400634766,-151.87281799316406,2837.476806640625
1007135227,-767.33984375,36.392852783203125,-152.1018524169922,2837.9052734375
1007137854,-767.7239990234375,36.38861083984375,-152.33189392089844,2838.35009765625
1007140513,-768.105224609375,36.38418197631836,-152.56292724609375,2838.8212890625
1007143190,-768.4833374023438,36.379573822021484,-152.794677734375,2839.29541015625
1007145894,-768.8583984375,36.37477493286133,-153.02728271484375,2839.773681640625
1007148623,-769.2304077148438,36.369728088378906,-153.2609405517578,2840.256591796875
1007151360,-769.599365234375,36.364471435546875,-153.4954071044922,2840.748046875
1007154124,-769.96533203125,36.3590202331543,-153.73085021972656,2841.24267578125
1007156881,-770.328125,36.35341262817383,-153.96734619140625,2841.74072265625
1007159620,-770.6878051757812,36.34765625,-154.20469665527344,2842.2392578125
1007162260,-771.04443359375,36.34177780151367,-154.44305419921875,2842.728515625
1007164875,-771.3980102539062,36.3358154296875,-154.6826629638672,2843.21875
1007167576,-771.7483520507812,36.32986068725586,-154.92349243164062,2843.71044921875
1007170316,-772.0953979492188,36.32391357421875,-155.1652069091797,2844.200927734375
1007173059,-772.4392700195312,36.317962646484375,-155.4080047607422,2844.664306640625
1007175789,-772.7799072265625,36.31203079223633,-155.65196228027344,2845.126953125
1007178502,-773.1171264648438,36.30613327026367,-155.89678955078125,2845.58837890625
1007181205,-773.4511108398438,36.30036926269531,-156.14266967773438,2846.049072265625
1007183948,-773.78173828125,36.29480743408203,-156.3899383544922,2846.51416015625
1007186678,-774.109130859375,36.28946304321289,-156.63868713378906,2846.97998046875
1007189376,-774.43310546875,36.28427505493164,-156.8887176513672,2847.444580078125
1007192039,-774.7540283203125,36.27918243408203,-157.14035034179688,2847.908935546875
1007194656,-775.0718383789062,36.274139404296875,-157.39353942871094,2848.365966796875
1007197242,-775.3864135742188,36.269161224365234,-157.64791870117188,2848.812744140625
1007199813,-775.69775390625,36.264225006103516,-157.9034423828125,2849.258056640625
1007202355,-776.0059204101562,36.259273529052734,-158.1602020263672,2849.701904296875
1007204852,-776.3109130859375,36.25425720214844,-158.41806030273438,2850.144287109375
1007207331,-776.6126098632812,36.24917221069336,-158.67648315429688,2850.57861328125
1007209838,-776.911376953125,36.24394989013672,-158.93576049804688,2851.010498046875
1007212398,-777.2068481445312,36.238624572753906,-159.19586181640625,2851.4404296875
1007215014,-777.4990844726562,36.23322296142578,-159.45663452148438,2851.86865234375
1007217674,-777.7880859375,36.22773742675781,-159.71800231933594,2852.290283203125
1007220362,-778.0737915039062,36.222103118896484,-159.9800262451172,2852.696044921875
1007223056,-778.3563842773438,36.21633529663086,-160.24269104003906,2853.10009765625
1007225758,-778.6356811523438,36.210453033447266,-160.505859375,2853.501708984375
1007228470,-778.9118041992188,36.20443344116211,-160.76979064941406,2853.901611328125
1007231175,-779.1847534179688,36.19829177856445,-161.03443908691406,2854.315673828125
1007233870,-779.4544067382812,36.19206619262695,-161.299560546875,2854.771484375
1007236567,-779.7208862304688,36.18574142456055,-161.5653533935547,2855.225341796875
1007239267,-779.9840698242188,36.17930221557617,-161.83189392089844,2855.6767578125
1007241991,-780.2440795898438,36.1728630065918,-162.0990753173828,2856.12646484375
1007244729,-780.5006713867188,36.16643524169922,-162.36671447753906,2856.553955078125
1007247920,-780.7958374023438,36.15892028808594,-162.67994689941406,2857.044921875
1007250640,-781.0453491210938,36.152427673339844,-162.9491424560547,2857.463623046875
1007253327,-781.2913208007812,36.14600372314453,-163.21853637695312,2857.879638671875
1007256083,-781.5339965820312,36.139678955078125,-163.48867797851562,2858.288330078125
1007258857,-781.773193359375,36.13344955444336,-163.759521484375,2858.6748046875
1007261620,-782.0087890625,36.12731170654297,-164.03073120117188,2859.059326171875
1007264388,-782.2410888671875,36.12126541137695,-164.30223083496094,2859.441650390625
1007267149,-782.4699096679688,36.11528015136719,-164.57440185546875,2859.822021484375
1007269897,-782.6953735351562,36.109310150146484,-164.84707641601562,2860.200439453125
1007272620,-782.9173583984375,36.103355407714844,-165.11976623535156,2860.61376953125
1007275341,-783.1360473632812,36.0974006652832,-165.39280700683594,2861.025390625
1007278053,-783.3512573242188,36.09144592285156,-165.66619873046875,2861.43359375
1007280766,-783.5630493164062,36.085567474365234,-165.9397735595703,2861.839599609375
1007283523,-783.7713623046875,36.07978820800781,-166.21353149414062,2862.2421875
1007286288,-783.9761962890625,36.07411193847656,-166.48760986328125,2862.641845703125
1007289024,-784.1775512695312,36.06850814819336,-166.7619171142578,2863.037841796875
1007291726,-784.3754272460938,36.06294631958008,-167.03614807128906,2863.430908203125
1007294420,-784.5699462890625,36.05742645263672,-167.3106231689453,2863.8212890625
1007297116,-784.7611694335938,36.05196762084961,-167.5853271484375,2864.208984375
1007299853,-784.9487915039062,36.04664993286133,-167.86004638671875,2864.598876953125
1007302624,-785.1329956054688,36.04150390625,-168.1348876953125,2864.98583984375
1007305399,-785.3135375976562,36.036521911621094,-168.4098663330078,2865.36962890625
1007308159,-785.4906005859375,36.031681060791016,-168.68492126464844,2865.750732421875
1007310884,-785.6641235351562,36.02694320678711,-168.9599151611328,2866.128662109375
1007313620,-785.834228515625,36.022315979003906,-169.23497009277344,2866.51171875
1007316398,-786.000732421875,36.01784133911133,-169.51002502441406,2866.893798828125
1007319183,-786.1637573242188,36.01350021362305,-169.7849884033203,2867.27294921875
1007321962,-786.3231811523438,36.0092658996582,-170.0598602294922,2867.6494140625
1007324727,-786.4791259765625,36.005104064941406,-170.33462524414062,2868.022705078125
1007327475,-786.6316528320312,36.00095748901367,-170.60926818847656,2868.380615234375
1007330208,-786.78076171875,35.996768951416016,-170.8837432861328,2868.719482421875
1007332919,-786.9266357421875,35.99254608154297,-171.15811157226562,2869.056396484375
1007335618,-787.0691528320312,35.98830795288086,-171.432373046875,2869.391357421875
1007338342,-787.2084350585938,35.98405838012695,-171.7064971923828,2869.724365234375
1007341082,-787.3443603515625,35.979766845703125,-171.98048400878906,2870.0556640625
1007343824,-787.47705078125,35.97541046142578,-172.25430297851562,2870.38134765625
1007346563,-787.6064453125,35.9709587097168,-172.5279541015625,2870.69970703125
1007349296,-787.7327270507812,35.966392517089844,-172.8014373779297,2871.016357421875
1007352019,-787.8557739257812,35.96168899536133,-173.0747528076172,2871.331787109375
1007354734,-787.9757690429688,35.956851959228516,-173.34788513183594,2871.6455078125
1007357443,-788.092529296875,35.95188903808594,-173.620849609375,2871.95751953125
1007360151,-788.2061157226562,35.94680404663086,-173.8936004638672,2872.27197265625
1007362856,-788.3165893554688,35.94163131713867,-174.16616821289062,2872.629638671875
1007365550,-788.4237670898438,35.93637466430664,-174.43856811523438,2872.98388671875
1007368207,-788.5279541015625,35.93098831176758,-174.71083068847656,2873.3349609375
1007370842,-788.6290283203125,35.92548370361328,-174.98291015625,2873.682861328125
1007373521,-788.7269897460938,35.919864654541016,-175.25477600097656,2874.02783203125
1007376223,-788.8218994140625,35.91411209106445,-175.52647399902344,2874.3583984375
1007378925,-788.9137573242188,35.90821838378906,-175.79806518554688,2874.66552734375
1007381593,-789.0026245117188,35.902191162109375,-176.0697784423828,2874.9716796875
1007384066,-789.0884399414062,35.89602279663086,-176.34182739257812,2875.27685546875
1007386513,-789.1712036132812,35.88974380493164,-176.61419677734375,2875.5810546875
1007388965,-789.2509155273438,35.883384704589844,-176.8868408203125,2875.88427734375
1007391414,-789.3275146484375,35.87697982788086,-177.15968322753906,2876.18701171875
1007393822,-789.4010620117188,35.870540618896484,-177.43276977539062,2876.49365234375
1007396240,-789.471435546875,35.86407470703125,-177.70603942871094,2876.801025390625
1007398635,-789.5387573242188,35.85756301879883,-177.9795684814453,2877.10693359375
1007401020,-789.60302734375,35.850982666015625,-178.2533721923828,2877.411865234375
1007403428,-789.6642456054688,35.844329833984375,-178.52748107910156,2877.716064453125
1007405837,-789.7223510742188,35.837615966796875,-178.80194091796875,2878.019287109375
1007408312,-789.77734375,35.83087158203125,-179.07672119140625,2878.32177734375
1007410784,-789.8292846679688,35.824119567871094,-179.351806640625,2878.622802734375
1007413196,-789.8780517578125,35.817344665527344,-179.62718200683594,2878.923095703125
1007415605,-789.923828125,35.8105583190918,-179.90280151367188,2879.222412109375
1007417995,-789.9663696289062,35.80375289916992,-180.1785888671875,2879.521240234375
1007420365,-790.0059204101562,35.79689407348633,-180.4545135498047,2879.819580078125
1007422740,-790.0423583984375,35.78996658325195,-180.7305145263672,2880.116943359375
1007425123,-790.0757446289062,35.782936096191406,-181.00653076171875,2880.409423828125
1007427504,-790.1060180664062,35.77578353881836,-181.28250122070312,2880.696533203125
1007429888,-790.1332397460938,35.76850509643555,-181.5583953857422,2880.983642578125
1007432275,-790.1574096679688,35.7611083984375,-181.8341827392578,2881.2705078125
1007434665,-790.178466796875,35.75356674194336,-182.1098175048828,2881.556396484375
1007437054,-790.196533203125,35.745853424072266,-182.3852996826172,2881.842041015625
1007439468,-790.2115478515625,35.73794937133789,-182.6605987548828,2882.127685546875
1007441919,-790.2235107421875,35.729923248291016,-182.93569946289062,2882.41455078125
1007444439,-790.2322998046875,35.721893310546875,-183.2105712890625,2882.703125
1007446968,-790.2377319335938,35.713890075683594,-183.4851531982422,2882.990966796875
1007449468,-790.2400512695312,35.70591354370117,-183.75942993164062,2883.278076171875
1007451913,-790.2391967773438,35.697906494140625,-184.03334045410156,2883.564453125
1007454311,-790.235107421875,35.6898193359375,-184.30686950683594,2883.8505859375
1007456682,-790.22802734375,35.68159484863281,-184.57997131347656,2884.135986328125
1007459035,-790.2178344726562,35.67319869995117,-184.85256958007812,2884.4228515625
1007461386,-790.2047119140625,35.66460418701172,-185.12469482421875,2884.71142578125
1007463736,-790.1885375976562,35.65580368041992,-185.39630126953125,2884.9990234375
1007466096,-790.1693115234375,35.64684295654297,-185.6672821044922,2885.28564453125
1007468470,-790.1470336914062,35.637813568115234,-185.93768310546875,2885.57177734375
1007470851,-790.12158203125,35.628787994384766,-186.20742797851562,2885.85693359375
1007473236,-790.0928344726562,35.61979675292969,-186.4764862060547,2886.1416015625
1007475658,-790.060791015625,35.61085510253906,-186.7448272705078,2886.425537109375
1007478093,-790.0254516601562,35.60197067260742,-187.0124053955078,2886.70703125
1007480520,-789.98681640625,35.593116760253906,-187.2791748046875,2886.988525390625
1007482930,-789.945068359375,35.58425521850586,-187.54518127441406,2887.26904296875
1007485313,-789.900146484375,35.57530975341797,-187.81039428710938,2887.549560546875
1007487662,-789.8521728515625,35.56617736816406,-188.074951171875,2887.8291015625
1007490024,-789.8011474609375,35.55683517456055,-188.33897399902344,2888.109130859375
1007492449,-789.7470092773438,35.54730224609375,-188.60264587402344,2888.390380859375
1007494873,-789.6898193359375,35.53760528564453,-188.86611938476562,2888.674072265625
1007497300,-789.6294555664062,35.52777099609375,-189.12954711914062,2888.9580078125
1007499745,-789.56591796875,35.517799377441406,-189.39306640625,2889.24267578125
1007502227,-789.4990844726562,35.507720947265625,-189.65672302246094,2889.528076171875
1007504722,-789.4290161132812,35.497554779052734,-189.9206085205078,2889.81396484375
1007507209,-789.3557739257812,35.48729705810547,-190.1846466064453,2890.1005859375
1007509680,-789.2792358398438,35.47694396972656,-190.4488067626953,2890.38818359375
1007512130,-789.199462890625,35.466461181640625,-190.71298217773438,2890.6767578125
1007514544,-789.1165161132812,35.455787658691406,-190.97715759277344,2890.96533203125
1007516932,-789.030517578125,35.44492721557617,-191.24124145507812,2891.254638671875
1007519306,-788.94140625,35.433876037597656,-191.50515747070312,2891.54443359375
1007521692,-788.8493041992188,35.42263412475586,-191.76889038085938,2891.8349609375
1007524126,-788.7540283203125,35.41122817993164,-192.03244018554688,2892.1259765625
1007526582,-788.6555786132812,35.399681091308594,-192.29583740234375,2892.417236328125
1007529045,-788.553955078125,35.38800048828125,-192.55906677246094,2892.7080078125
1007531505,-788.44921875,35.376182556152344,-192.82215881347656,2892.999267578125
1007533934,-788.3413696289062,35.36419677734375,-193.08517456054688,2893.29150390625
1007536358,-788.2305297851562,35.35198974609375,-193.34817504882812,2893.584716796875
1007538806,-788.1166381835938,35.33952713012695,-193.6112518310547,2893.878662109375
1007541312,-787.999755859375,35.32682418823242,-193.8743896484375,2894.174072265625
1007543850,-787.8798828125,35.31389617919922,-194.13758850097656,2894.46923828125
1007546412,-787.7568969726562,35.30076599121094,-194.40084838867188,2894.76416015625
1007548977,-787.630859375,35.28746032714844,-194.66412353515625,2895.060302734375
1007551523,-787.5017700195312,35.274017333984375,-194.92739868164062,2895.35791015625
1007554049,-787.3695068359375,35.26043701171875,-195.19056701660156,2895.65625
1007556573,-787.2342529296875,35.246707916259766,-195.45362854003906,2895.95654296875
1007559106,-787.0958862304688,35.232818603515625,-195.71653747558594,2896.2578125
1007561683,-786.9544677734375,35.218780517578125,-195.97930908203125,2896.55859375
1007564278,-786.8098754882812,35.20460510253906,-196.2418975830078,2896.8603515625
1007566890,-786.6621704101562,35.19031524658203,-196.50428771972656,2897.16357421875
1007569488,-786.5112915039062,35.17591094970703,-196.7664337158203,2897.468017578125
1007572072,-786.3573608398438,35.1613883972168,-197.02828979492188,2897.774169921875
1007574652,-786.2002563476562,35.14680480957031,-197.289794921875,2898.081298828125
1007577249,-786.0400390625,35.13218688964844,-197.5509033203125,2898.390625
1007579859,-785.8766479492188,35.11753845214844,-197.81153869628906,2898.7041015625
1007582476,-785.7101440429688,35.10282897949219,-198.07168579101562,2899.018310546875
1007585088,-785.5404663085938,35.08803176879883,-198.3313446044922,2899.33349609375
1007587693,-785.3678588867188,35.0731201171875,-198.59046936035156,2899.64990234375
1007590296,-785.1921997070312,35.05807113647461,-198.84912109375,2899.9677734375
1007592891,-785.0134887695312,35.0428581237793,-199.1072235107422,2900.28662109375
1007595456,-784.8318481445312,35.02745056152344,-199.36476135253906,2900.605224609375
1007598016,-784.6473999023438,35.01185607910156,-199.62168884277344,2900.925048828125
1007600582,-784.4599609375,34.996124267578125,-199.87806701660156,2901.245849609375
1007603213,-784.2694702148438,34.98033905029297,-200.1337890625,2901.568359375
1007605883,-784.0758666992188,34.96450424194336,-200.3888397216797,2901.8916015625
1007608557,-783.8792114257812,34.94859313964844,-200.64317321777344,2902.21630859375
1007611228,-783.679443359375,34.93256378173828,-200.89682006835938,2902.54345703125
1007613896,-783.476806640625,34.916404724121094,-201.14976501464844,2902.8720703125
1007616565,-783.271240234375,34.90007019042969,-201.40199279785156,2903.20166015625
1007619225,-783.0626831054688,34.883514404296875,-201.6534423828125,2903.532470703125
1007621859,-782.8514404296875,34.86669921875,-201.90411376953125,2903.8642578125
1007624491,-782.6373291015625,34.84971618652344,-202.15399169921875,2904.197021484375
1007627153,-782.4202270507812,34.83266067504883,-202.4029998779297,2904.53125
1007629846,-782.2001342773438,34.8155517578125,-202.65101623535156,2904.8662109375
1007632543,-781.97705078125,34.798370361328125,-202.8980255126953,2905.2021484375
1007635235,-781.7510986328125,34.78108215332031,-203.14401245117188,2905.539306640625
1007637921,-781.5221557617188,34.763675689697266,-203.3889923095703,2905.87744140625
1007640605,-781.2903442382812,34.74610137939453,-203.63296508789062,2906.216796875
1007643287,-781.0556640625,34.72831726074219,-203.87594604492188,2906.55810546875
1007645962,-780.8181762695312,34.710304260253906,-204.11790466308594,2906.900390625
1007648642,-780.577880859375,34.69210433959961,-204.35887145996094,2907.243408203125
1007651342,-780.334716796875,34.67375564575195,-204.59878540039062,2907.58740234375
1007654054,-780.0887451171875,34.65524673461914,-204.83767700195312,2907.932373046875
1007656761,-779.8397827148438,34.636558532714844,-205.07562255859375,2908.2783203125
1007659471,-779.5882568359375,34.617679595947266,-205.3129425048828,2908.6259765625
1007661791,-779.3343505859375,34.598594665527344,-205.55020141601562,2908.974609375
1007663797,-779.0784912109375,34.57927322387695,-205.78778076171875,2909.32421875
1007665326,-778.8203125,34.559661865234375,-206.02548217773438,2909.674560546875
1007666602,-778.5596313476562,34.53974914550781,-206.26292419433594,2910.0263671875
1007667922,-778.2962036132812,34.51958465576172,-206.4999542236328,2910.379150390625
1007669269,-778.0299072265625,34.49919891357422,-206.73654174804688,2910.734130859375
1007670863,-777.7157592773438,34.475196838378906,-207.0118408203125,2911.149658203125
1007672229,-777.4436645507812,34.45446014404297,-207.24713134765625,2911.50732421875
1007673587,-777.1688842773438,34.4335823059082,-207.4817657470703,2911.865966796875
1007674937,-776.891845703125,34.41255569458008,-207.71572875976562,2912.2255859375
1007676278,-776.6123046875,34.39136505126953,-207.94898986816406,2912.588623046875
1007677610,-776.3305053710938,34.369998931884766,-208.18154907226562,2912.95361328125
1007678952,-776.0465698242188,34.348453521728516,-208.41336059570312,2913.3203125
1007680307,-775.7605590820312,34.326725006103516,-208.6444854736328,2913.688232421875
1007681681,-775.4725952148438,34.304813385009766,-208.8748779296875,2914.05712890625
1007683058,-775.182373046875,34.282691955566406,-209.10459899902344,2914.427490234375
1007684392,-774.8900146484375,34.26034164428711,-209.33375549316406,2914.799072265625
1007685659,-774.595458984375,34.23775863647461,-209.5623779296875,2915.171875
1007686911,-774.2986450195312,34.21493148803711,-209.79054260253906,2915.546142578125
1007688195,-773.9996948242188,34.19184494018555,-210.01828002929688,2915.92236328125
1007689556,-773.6985473632812,34.16849899291992,-210.24554443359375,2916.299560546875
1007690965,-773.3951416015625,34.1448974609375,-210.4723358154297,2916.6787109375
1007692431,-773.0894165039062,34.12106704711914,-210.69857788085938,2917.05908203125
1007693950,-772.7813110351562,34.09699249267578,-210.92416381835938,2917.441162109375
1007695517,-772.470947265625,34.07264709472656,-211.1490478515625,2917.824951171875
1007697136,-772.1582641601562,34.04800796508789,-211.37318420410156,2918.209716796875
1007698746,-771.8432006835938,34.023067474365234,-211.59649658203125,2918.598388671875
1007700317,-771.5259399414062,33.99782180786133,-211.81900024414062,2918.9892578125
1007701848,-771.2064819335938,33.972286224365234,-212.0406036376953,2919.381591796875
1007703322,-770.884765625,33.94647979736328,-212.2613067626953,2919.775634765625
1007704739,-770.5612182617188,33.920379638671875,-212.48109436035156,2920.17041015625
1007706104,-770.2355346679688,33.89396667480469,-212.699951171875,2920.5654296875
1007707423,-769.9075927734375,33.86722946166992,-212.91793823242188,2920.960693359375
1007708710,-769.5774536132812,33.840171813964844,-213.13507080078125,2921.357666015625
1007709976,-769.2451782226562,33.812782287597656,-213.35137939453125,2921.755615234375
1007711311,-768.9107055664062,33.78506851196289,-213.56687927246094,2922.155029296875
1007712714,-768.573974609375,33.757041931152344,-213.78150939941406,2922.554931640625
1007714151,-768.2349853515625,33.72872543334961,-213.9952392578125,2922.955078125
1007715605,-767.8935546875,33.70008850097656,-214.2080535888672,2923.3564453125
1007717065,-767.5498657226562,33.671104431152344,-214.41995239257812,2923.759521484375
1007718526,-767.2040405273438,33.64175796508789,-214.6309356689453,2924.1640625
1007719988,-766.85595703125,33.612056732177734,-214.84097290039062,2924.572509765625
1007721441,-766.5057373046875,33.582027435302734,-215.05006408691406,2924.98583984375
1007722926,-766.1533203125,33.55170822143555,-215.25814819335938,2925.399658203125
1007724405,-765.7986450195312,33.521114349365234,-215.4652099609375,2925.815185546875
1007725858,-765.4418334960938,33.4902458190918,-215.67117309570312,2926.2314453125
1007727280,-765.082763671875,33.459068298339844,-215.87611389160156,2926.646484375
1007728666,-764.7215576171875,33.427555084228516,-216.0800323486328,2927.061279296875
1007730026,-764.3580932617188,33.39573287963867,-216.28292846679688,2927.4775390625
1007731357,-763.99267578125,33.363624572753906,-216.48480224609375,2927.894775390625
1007732669,-763.6251831054688,33.33125686645508,-216.68569946289062,2928.313720703125
1007733982,-763.2555541992188,33.29863739013672,-216.88563537597656,2928.734619140625
1007735253,-762.8836669921875,33.26573944091797,-217.08465576171875,2929.157470703125
1007736459,-762.509765625,33.23250198364258,-217.2828369140625,2929.5810546875
1007737592,-762.1338500976562,33.198917388916016,-217.480224609375,2930.00634765625
1007738706,-761.7557983398438,33.165000915527344,-217.67686462402344,2930.4326171875
1007739807,-761.3758544921875,33.13077163696289,-217.87274169921875,2930.85986328125
1007740867,-760.9937744140625,33.0962028503418,-218.0679473876953,2931.2890625
1007741865,-760.60986328125,33.06129455566406,-218.2625274658203,2931.719970703125
1007742770,-760.2239379882812,33.026031494140625,-218.45655822753906,2932.152099609375
1007743643,-759.8361206054688,32.99042892456055,-218.6501007080078,2932.586181640625
1007744489,-759.4465942382812,32.954505920410156,-218.84323120117188,2933.021240234375
1007745303,-759.05517578125,32.91828155517578,-219.03599548339844,2933.457275390625
1007746063,-758.6620483398438,32.88175964355469,-219.228515625,2933.89453125
1007746778,-758.2672729492188,32.84497833251953,-219.42083740234375,2934.332275390625
1007747493,-757.8707885742188,32.807960510253906,-219.6129608154297,2934.77099609375
1007748240,-757.4725952148438,32.770721435546875,-219.80482482910156,2935.210205078125
1007749024,-757.0726928710938,32.73326873779297,-219.99635314941406,2935.64990234375
1007749839,-756.6710205078125,32.69561767578125,-220.18759155273438,2936.090576171875
1007750649,-756.2676391601562,32.65779495239258,-220.37847900390625,2936.53271484375
1007751481,-755.862548828125,32.619815826416016,-220.56906127929688,2936.9794921875
1007752316,-755.455810546875,32.58168029785156,-220.75930786132812,2937.427490234375
1007753176,-755.0473022460938,32.54338836669922,-220.94921875,2937.877685546875
1007754022,-754.6370849609375,32.504947662353516,-221.13880920410156,2938.329345703125
1007754866,-754.2251586914062,32.46635055541992,-221.32806396484375,2938.7841796875
1007755712,-753.8115234375,32.42757797241211,-221.5169677734375,2939.24169921875
1007756567,-753.396240234375,32.38862609863281,-221.70550537109375,2939.700927734375
1007757426,-752.9791870117188,32.34949493408203,-221.89364624023438,2940.162353515625
1007758290,-752.5604248046875,32.31018829345703,-222.08135986328125,2940.62353515625
1007759157,-752.1399536132812,32.27070236206055,-222.26861572265625,2941.08251953125
1007760019,-751.7177734375,32.231014251708984,-222.45541381835938,2941.54345703125
1007760899,-751.2938232421875,32.191104888916016,-222.64170837402344,2942.00537109375
1007761789,-750.8681640625,32.15098190307617,-222.82745361328125,2942.4677734375
1007762701,-750.4407348632812,32.11067199707031,-223.01266479492188,2942.918212890625
1007763616,-750.0115966796875,32.070159912109375,-223.1972198486328,2943.367919921875
1007764552,-749.5806274414062,32.02939987182617,-223.38116455078125,2943.818115234375
1007765518,-749.1478881835938,31.98838233947754,-223.56442260742188,2944.267578125
1007766509,-748.71337890625,31.947126388549805,-223.74697875976562,2944.734130859375
1007767521,-748.2771606445312,31.905609130859375,-223.9287872314453,2945.215087890625
1007768555,-747.839111328125,31.863780975341797,-224.10980224609375,2945.6982421875
1007769621,-747.3992919921875,31.821609497070312,-224.29005432128906,2946.183837890625
1007770715,-746.9577026367188,31.77912139892578,-224.469482421875,2946.66357421875
1007771816,-746.5142822265625,31.736299514770508,-224.64804077148438,2947.13427734375
1007772950,-746.069091796875,31.69307518005371,-224.82574462890625,2947.606201171875
1007774134,-745.6221923828125,31.64938735961914,-225.00257873535156,2948.0791015625
1007775352,-745.1735229492188,31.605257034301758,-225.1785125732422,2948.555419921875
1007776578,-744.7230224609375,31.5606746673584,-225.35353088378906,2949.044677734375
1007777854,-744.270751953125,31.51559066772461,-225.527587890625,2949.535888671875
1007779196,-743.8167114257812,31.46996307373047,-225.70069885253906,2950.02880859375
1007780552,-743.3609619140625,31.423816680908203,-225.87277221679688,2950.526123046875
1007781933,-742.9034423828125,31.377187728881836,-226.0437469482422,2951.047607421875
1007783355,-742.4441528320312,31.33006477355957,-226.213623046875,2951.572265625
1007784876,-741.9830932617188,31.282407760620117,-226.3823699951172,2952.099853515625
1007786431,-741.5201416015625,31.234270095825195,-226.5499267578125,2952.626220703125
1007787990,-741.0553588867188,31.185712814331055,-226.71617126464844,2953.14306640625
1007789552,-740.5887451171875,31.136762619018555,-226.88107299804688,2953.662109375
1007791168,-740.1203002929688,31.087421417236328,-227.04458618164062,2954.183349609375
1007792811,-739.64990234375,31.037763595581055,-227.20664978027344,2954.707763671875
1007794435,-739.1776733398438,30.98785972595215,-227.36715698242188,2955.236083984375
1007796042,-738.7035522460938,30.937759399414062,-227.52610778808594,2955.7666015625
1007797673,-738.2274169921875,30.887487411499023,-227.68336486816406,2956.299072265625
1007799322,-737.7493286132812,30.83710479736328,-227.83888244628906,2956.84326171875
1007800932,-737.2693481445312,30.78665542602539,-227.99261474609375,2957.3955078125
1007802507,-736.7872924804688,30.73615837097168,-228.14454650878906,2957.950439453125
1007804061,-736.3033447265625,30.685626983642578,-228.29461669921875,2958.50732421875
1007805639,-735.8175048828125,30.635087966918945,-228.4428253173828,2959.033447265625
1007807201,-735.32958984375,30.584543228149414,-228.58912658691406,2959.560791015625
1007808735,-734.8397827148438,30.533960342407227,-228.7335205078125,2960.08984375
1007810278,-734.3482055664062,30.483314514160156,-228.87603759765625,2960.624755859375
1007811852,-733.8546752929688,30.43259620666504,-229.01663208007812,2961.17578125
1007813434,-733.3592529296875,30.381772994995117,-229.15533447265625,2961.728759765625
1007815008,-732.8621215820312,30.330806732177734,-229.29217529296875,2962.283447265625
1007816598,-732.3630981445312,30.279672622680664,-229.42713928222656,2962.844970703125
1007818220,-731.8623046875,30.228370666503906,-229.5602264404297,2963.4111328125
1007819826,-731.3597412109375,30.17685317993164,-229.6914520263672,2963.97998046875
1007821424,-730.8555297851562,30.125080108642578,-229.8208465576172,2964.548583984375
1007823032,-730.3494873046875,30.07306671142578,-229.9484100341797,2965.08935546875
1007824659,-729.8416748046875,30.02082633972168,-230.07411193847656,2965.631591796875
1007826291,-729.3321533203125,29.96837043762207,-230.19796752929688,2966.175537109375
1007827884,-728.8212280273438,29.91565704345703,-230.31991577148438,2966.73388671875
1007829304,-728.3097534179688,29.862730026245117,-230.43972778320312,2967.314453125
1007830581,-727.797607421875,29.809558868408203,-230.5574493408203,2967.89599609375
1007831871,-727.2848510742188,29.756080627441406,-230.6730499267578,2968.478515625
1007833164,-726.7716064453125,29.702219009399414,-230.78662109375,2969.05712890625
1007834477,-726.2578125,29.64793586730957,-230.89820861816406,2969.635986328125
1007835813,-725.7432250976562,29.593263626098633,-231.00784301757812,2970.2158203125
1007837306,-725.2268676757812,29.538257598876953,-231.11563110351562,2970.7890625
1007839216,-724.7081909179688,29.48289680480957,-231.2217559814453,2971.35400390625
1007841624,-724.18701171875,29.427148818969727,-231.32638549804688,2971.92138671875
1007844374,-723.6632080078125,29.371023178100586,-231.42958068847656,2972.49169921875
1007847175,-723.1368408203125,29.314647674560547,-231.5312042236328,2973.083251953125
1007849618,-722.6082763671875,29.258176803588867,-231.63092041015625,2973.67822265625
1007851493,-722.0780639648438,29.2016658782959,-231.7284698486328,2974.274658203125
1007853072,-721.5466918945312,29.14510726928711,-231.82363891601562,2974.86279296875
1007854524,-721.0143432617188,29.088401794433594,-231.91648864746094,2975.443603515625
1007855925,-720.4810791015625,29.03148651123047,-232.0070037841797,2976.02490234375
1007857324,-719.9469604492188,28.974401473999023,-232.09523010253906,2976.61083984375
1007858754,-719.4117431640625,28.917156219482422,-232.18116760253906,2977.230712890625
1007860258,-718.8754272460938,28.859622955322266,-232.26490783691406,2977.8505859375
1007861919,-718.3378295898438,28.801570892333984,-232.34666442871094,2978.471435546875
1007863788,-717.7987060546875,28.74308204650879,-232.4264678955078,2979.085205078125
1007865857,-717.2578125,28.684404373168945,-232.5042266845703,2979.699462890625
1007867871,-716.7150268554688,28.625688552856445,-232.57972717285156,2980.31494140625
1007869762,-716.1705322265625,28.566905975341797,-232.65293884277344,2980.9111328125
1007871576,-715.6242065429688,28.508106231689453,-232.72381591796875,2981.495849609375
1007873282,-715.0762939453125,28.449460983276367,-232.79226684570312,2982.08203125
1007874930,-714.5267333984375,28.391061782836914,-232.85818481445312,2982.66845703125
1007876533,-713.9757080078125,28.332815170288086,-232.9215545654297,2983.252197265625
1007878104,-713.42333984375,28.274658203125,-232.98245239257812,2983.8369140625
1007879676,-712.8697509765625,28.216705322265625,-233.04083251953125,2984.42236328125
1007881291,-712.3148803710938,28.15898895263672,-233.09657287597656,2985.00390625
1007882889,-711.7587890625,28.101398468017578,-233.14974975585938,2985.584228515625
1007884524,-711.2014770507812,28.043718338012695,-233.2005157470703,2986.165771484375
1007886227,-710.6429443359375,27.985774993896484,-233.24900817871094,2986.751953125
1007888000,-710.0831298828125,27.927690505981445,-233.29527282714844,2987.3466796875
1007889826,-709.5219116210938,27.869579315185547,-233.3391571044922,2987.942138671875
1007891581,-708.9593505859375,27.81134796142578,-233.3806610107422,2988.538330078125
1007893386,-708.3955688476562,27.752819061279297,-233.41995239257812,2989.152587890625
1007895293,-707.8303833007812,27.694089889526367,-233.4569549560547,2989.76806640625
1007897206,-707.2638549804688,27.63536834716797,-233.49147033691406,2990.3837890625
1007899034,-706.6959838867188,27.576751708984375,-233.52337646484375,2990.99267578125
1007900806,-706.1268310546875,27.51822853088379,-233.5526123046875,2991.5986328125
1007902603,-705.556396484375,27.45990562438965,-233.5791015625,2992.204833984375
1007904667,-704.8892822265625,27.392295837402344,-233.6064453125,2992.921142578125
1007906373,-704.316162109375,27.334779739379883,-233.62672424316406,2993.543212890625
1007908081,-703.7417602539062,27.277746200561523,-233.64401245117188,2994.165283203125
1007909756,-703.1661376953125,27.221227645874023,-233.6582794189453,2994.7763671875
1007911345,-702.58935546875,27.165180206298828,-233.66957092285156,2995.365478515625
1007912951,-702.0114135742188,27.10957908630371,-233.67791748046875,2995.955322265625
1007914527,-701.4322509765625,27.054433822631836,-233.68333435058594,2996.546142578125
1007916034,-700.8519897460938,26.99970817565918,-233.68585205078125,2997.133544921875
1007917483,-700.2706298828125,26.945356369018555,-233.68553161621094,2997.72119140625
1007918925,-699.6881713867188,26.891338348388672,-233.68243408203125,2998.310302734375
1007920323,-699.1046142578125,26.8376407623291,-233.67660522460938,2998.9130859375
1007921683,-698.5199584960938,26.784242630004883,-233.6680908203125,2999.52880859375
1007923050,-697.9342041015625,26.731101989746094,-233.65689086914062,3000.14404296875
1007924429,-697.3473510742188,26.678171157836914,-233.64303588867188,3000.761474609375
1007925815,-696.7593994140625,26.625415802001953,-233.6265411376953,3001.3857421875
1007927273,-696.1705322265625,26.57282066345215,-233.60740661621094,3002.009033203125
1007928769,-695.58056640625,26.520336151123047,-233.5856170654297,3002.632080078125
1007930309,-694.9896240234375,26.46795654296875,-233.56118774414062,3003.286376953125
1007931874,-694.3977661132812,26.415708541870117,-233.5341033935547,3003.936279296875
1007933476,-693.804931640625,26.36356544494629,-233.50433349609375,3004.581787109375
1007935074,-693.211181640625,26.311519622802734,-233.47190856933594,3005.180419921875
1007936684,-692.616455078125,26.259611129760742,-233.43679809570312,3005.7763671875
1007938284,-692.0208740234375,26.207805633544922,-233.3990478515625,3006.37255859375
1007939865,-691.4244384765625,26.156076431274414,-233.35867309570312,3006.966552734375
1007941446,-690.8271484375,26.104480743408203,-233.31565856933594,3007.5595703125
1007943003,-690.22900390625,26.05303382873535,-233.26998901367188,3008.153564453125
1007944552,-689.6300048828125,26.001665115356445,-233.22171020507812,3008.747314453125
1007946115,-689.0301513671875,25.950363159179688,-233.17080688476562,3009.34033203125
1007947686,-688.429443359375,25.899181365966797,-233.1172637939453,3009.934814453125
1007949230,-687.827880859375,25.84809112548828,-233.0610809326172,3010.53076171875
1007950786,-687.2255249023438,25.79707145690918,-233.00225830078125,3011.130859375
1007952350,-686.622314453125,25.746179580688477,-232.9407501220703,3011.73193359375
1007953908,-686.018310546875,25.69546127319336,-232.87649536132812,3012.333984375
1007955443,-685.4135131835938,25.644880294799805,-232.80953979492188,3012.933837890625
1007956976,-684.8079223632812,25.59442710876465,-232.73989868164062,3013.532958984375
1007958506,-684.20166015625,25.544084548950195,-232.6675567626953,3014.134765625
1007960026,-683.5946655273438,25.493810653686523,-232.59255981445312,3014.738037109375
1007961534,-682.9869384765625,25.443586349487305,-232.5149688720703,3015.343505859375
1007963066,-682.3785400390625,25.39344024658203,-232.43472290039062,3015.95068359375
1007964633,-681.7694702148438,25.343387603759766,-232.35179138183594,3016.559326171875
1007966208,-681.1597290039062,25.29342269897461,-232.26609802246094,3017.1689453125
1007967773,-680.5493774414062,25.24352264404297,-232.17774963378906,3017.779541015625
1007969345,-679.9382934570312,25.1937255859375,-232.08668518066406,3018.3916015625
1007970930,-679.32666015625,25.144115447998047,-231.9927978515625,3019.00537109375
1007972508,-678.7144775390625,25.0947208404541,-231.89605712890625,3019.62109375
1007974085,-678.1016235351562,25.045574188232422,-231.79641723632812,3020.238525390625
1007975658,-677.4882202148438,24.996688842773438,-231.69386291503906,3020.85791015625
1007977221,-676.874267578125,24.948078155517578,-231.58840942382812,3021.478515625
1007978778,-676.2597045898438,24.899736404418945,-231.4800567626953,3022.1005859375
1007980338,-675.6446533203125,24.85165023803711,-231.36878967285156,3022.724365234375
1007981899,-675.029052734375,24.803817749023438,-231.254638671875,3023.34814453125
1007983464,-674.4129638671875,24.756166458129883,-231.1376495361328,3023.973388671875
1007985007,-673.7964477539062,24.708524703979492,-231.01795959472656,3024.599853515625
1007986575,-673.179443359375,24.66078758239746,-230.8956756591797,3025.22802734375
1007988183,-672.56201171875,24.612918853759766,-230.77085876464844,3025.85791015625
1007989826,-671.944091796875,24.56488037109375,-230.64349365234375,3026.48876953125
1007991498,-671.3258056640625,24.516569137573242,-230.5136260986328,3027.12158203125
1007993201,-670.70703125,24.467926025390625,-230.3813018798828,3027.755859375
1007994903,-670.0877685546875,24.418943405151367,-230.24655151367188,3028.3916015625
1007996615,-669.4680786132812,24.369619369506836,-230.10931396484375,3029.027587890625
1007998341,-668.8479614257812,24.319990158081055,-229.96961975097656,3029.663330078125
1008000071,-668.2273559570312,24.270092010498047,-229.82740783691406,3030.30029296875
1008001798,-667.6063232421875,24.219945907592773,-229.6826171875,3030.93798828125
1008003524,-666.9847412109375,24.1695499420166,-229.53524780273438,3031.576416015625
1008005256,-666.36279296875,24.118915557861328,-229.3852996826172,3032.215576171875
1008006991,-665.740478515625,24.068065643310547,-229.2327423095703,3032.857666015625
1008008726,-665.1177978515625,24.017019271850586,-229.0775909423828,3033.5068359375
1008010460,-664.4946899414062,23.965787887573242,-228.9197998046875,3034.157470703125
1008012191,-663.8713989257812,23.914382934570312,-228.75938415527344,3034.808349609375
1008013922,-663.2477416992188,23.862808227539062,-228.5963134765625,3035.45458984375
1008015648,-662.6238403320312,23.81107521057129,-228.4305877685547,3036.101806640625
1008017376,-661.9996337890625,23.75922203063965,-228.26219177246094,3036.75
1008019092,-661.375244140625,23.707265853881836,-228.09107971191406,3037.395751953125
1008020764,-660.7508544921875,23.65523338317871,-227.9173583984375,3038.0419921875
1008022266,-660.1270141601562,23.60320281982422,-227.74118041992188,3038.6884765625
1008023620,-659.5037841796875,23.55118751525879,-227.5625762939453,3039.34521484375
1008024930,-658.8812866210938,23.499191284179688,-227.38153076171875,3040.002685546875
1008026185,-658.2594604492188,23.447174072265625,-227.19815063476562,3040.659912109375
1008027392,-657.6382446289062,23.395105361938477,-227.01254272460938,3041.327880859375
1008028559,-657.0172119140625,23.342941284179688,-226.82460021972656,3041.9970703125
1008029785,-656.3956298828125,23.290616989135742,-226.63430786132812,3042.66796875
1008031235,-655.772705078125,23.238054275512695,-226.44216918945312,3043.30322265625
1008032973,-655.1480102539062,23.185222625732422,-226.24844360351562,3043.936767578125
1008034694,-654.5217895507812,23.132169723510742,-226.0530548095703,3044.57177734375
1008035981,-653.89453125,23.078989028930664,-225.85614013671875,3045.2255859375
1008036867,-653.266845703125,23.025754928588867,-225.65774536132812,3045.88623046875
1008037652,-652.6392211914062,22.972543716430664,-225.45797729492188,3046.547607421875
1008038439,-652.0120239257812,22.9194278717041,-225.25674438476562,3047.21435546875
1008039330,-651.3851318359375,22.866453170776367,-225.05392456054688,3047.8837890625
1008040270,-650.758544921875,22.813674926757812,-224.84942626953125,3048.553466796875
1008041215,-650.1315307617188,22.76111602783203,-224.64328002929688,3049.2314453125
1008042143,-649.50390625,22.70872688293457,-224.43553161621094,3049.913330078125
1008043073,-648.8753051757812,22.656482696533203,-224.22630310058594,3050.596923828125
1008044008,-648.2454833984375,22.604389190673828,-224.01571655273438,3051.264892578125
1008044925,-647.614501953125,22.55243492126465,-223.80393981933594,3051.92919921875
1008045819,-646.9824829101562,22.5006160736084,-223.59120178222656,3052.594970703125
1008046681,-646.349609375,22.448932647705078,-223.37774658203125,3053.251708984375
1008047522,-645.7161865234375,22.3973445892334,-223.16375732421875,3053.906005859375
1008048354,-645.0822143554688,22.345806121826172,-222.94943237304688,3054.561279296875
1008049194,-644.44775390625,22.29429054260254,-222.73487854003906,3055.2333984375
1008050055,-643.812744140625,22.242759704589844,-222.52012634277344,3055.913818359375
1008050953,-643.177001953125,22.19124984741211,-222.30523681640625,3056.5947265625
1008051891,-642.5403442382812,22.13979721069336,-222.09014892578125,3057.2763671875
1008052856,-641.9026489257812,22.088401794433594,-221.87481689453125,3057.958251953125
1008053832,-641.2636108398438,22.03704833984375,-221.65928649902344,3058.6416015625
1008054812,-640.623291015625,21.98581314086914,-221.44351196289062,3059.331298828125
1008055781,-639.9818725585938,21.934743881225586,-221.22755432128906,3060.023193359375
1008056753,-639.33935546875,21.883934020996094,-221.01144409179688,3060.716064453125
1008057720,-638.6958618164062,21.83340072631836,-220.7952117919922,3061.3828125
1008058676,-638.0516357421875,21.783117294311523,-220.578857421875,3062.04736328125
1008059619,-637.4066772460938,21.73304557800293,-220.36241149902344,3062.712646484375
1008060550,-636.760986328125,21.683202743530273,-220.14581298828125,3063.397216796875
1008061473,-636.1145629882812,21.633527755737305,-219.92901611328125,3064.084716796875
1008062370,-635.4672241210938,21.583826065063477,-219.71194458007812,3064.77392578125
1008063258,-634.8190307617188,21.533945083618164,-219.4945831298828,3065.462158203125
1008064146,-634.1697998046875,21.48379898071289,-219.27687072753906,3066.151611328125
1008065039,-633.5195922851562,21.433317184448242,-219.0587921142578,3066.842041015625
1008065935,-632.868408203125,21.38237953186035,-218.84033203125,3067.534423828125
1008066831,-632.21630859375,21.33095932006836,-218.6215057373047,3068.22802734375
1008067710,-631.5633544921875,21.27903175354004,-218.40234375,3068.921142578125
1008068580,-630.9096069335938,21.22662925720215,-218.18284606933594,3069.60986328125
1008069448,-630.255126953125,21.173812866210938,-217.96307373046875,3070.29931640625
1008070359,-629.5999145507812,21.120609283447266,-217.74310302734375,3070.98974609375
1008071317,-628.94384765625,21.067031860351562,-217.52297973632812,3071.68310546875
1008072300,-628.2869262695312,21.013118743896484,-217.30276489257812,3072.377197265625
1008073333,-627.6290283203125,20.958934783935547,-217.0824737548828,3073.077392578125
1008074353,-626.97021484375,20.904539108276367,-216.86207580566406,3073.7880859375
1008075367,-626.310302734375,20.849977493286133,-216.64149475097656,3074.49951171875
1008076292,-625.6494750976562,20.7952880859375,-216.42054748535156,3075.20703125
1008077208,-624.9877319335938,20.74052619934082,-216.1992645263672,3075.910400390625
1008078135,-624.3250122070312,20.68573760986328,-215.9777374267578,3076.615234375
1008079071,-623.6614379882812,20.630958557128906,-215.75601196289062,3077.32177734375
1008080012,-622.9970092773438,20.576196670532227,-215.53411865234375,3078.02978515625
1008080954,-622.3316650390625,20.521451950073242,-215.31204223632812,3078.739013671875
1008081896,-621.66552734375,20.46672248840332,-215.08982849121094,3079.44384765625
1008082840,-620.9984741210938,20.412010192871094,-214.86744689941406,3080.14892578125
1008083791,-620.3305053710938,20.35730743408203,-214.6448974609375,3080.854736328125
1008084746,-619.66162109375,20.30258560180664,-214.42214965820312,3081.555908203125
1008085703,-618.9918212890625,20.247827529907227,-214.19920349121094,3082.2578125
1008086653,-618.321044921875,20.193002700805664,-213.97604370117188,3082.962158203125
1008087624,-617.6493530273438,20.138111114501953,-213.75271606445312,3083.672119140625
1008088588,-616.9766845703125,20.083131790161133,-213.5292205810547,3084.38330078125
1008089561,-616.3031616210938,20.028038024902344,-213.3056182861328,3085.097900390625
1008090586,-615.628662109375,19.97281837463379,-213.08197021484375,3085.818359375
1008091670,-614.9531860351562,19.91749382019043,-212.85841369628906,3086.5400390625
1008092808,-614.2767944335938,19.862060546875,-212.635009765625,3087.26171875
1008094002,-613.5993041992188,19.80652618408203,-212.41183471679688,3087.983642578125
1008095257,-612.9208984375,19.750934600830078,-212.18902587890625,3088.70703125
1008096580,-612.2413940429688,19.695337295532227,-211.9666748046875,3089.42724609375
1008097957,-611.5606689453125,19.639755249023438,-211.744873046875,3090.147705078125
1008099361,-610.8787841796875,19.584218978881836,-211.52366638183594,3090.868896484375
1008100795,-610.1956787109375,19.528766632080078,-211.30319213867188,3091.59619140625
1008102256,-609.5114135742188,19.473411560058594,-211.08351135253906,3092.32470703125
1008103750,-608.8258666992188,19.41817855834961,-210.8647003173828,3093.05126953125
1008105264,-608.1390991210938,19.36307144165039,-210.6468505859375,3093.767578125
1008106555,-607.4512939453125,19.308040618896484,-210.4293670654297,3094.48583984375
1008107528,-606.762451171875,19.253084182739258,-210.2120361328125,3095.203369140625
1008108506,-606.0726928710938,19.19818878173828,-209.99501037597656,3095.9208984375
1008109477,-605.3818359375,19.143321990966797,-209.77828979492188,3096.63916015625
1008110445,-604.6898803710938,19.088457107543945,-209.56190490722656,3097.36474609375
1008111434,-603.996826171875,19.033571243286133,-209.34591674804688,3098.094970703125
1008112464,-603.3026733398438,18.978641510009766,-209.13038635253906,3098.82568359375
1008113526,-602.6074829101562,18.92365074157715,-208.915283203125,3099.557861328125
1008114609,-601.9113159179688,18.868610382080078,-208.7006378173828,3100.29052734375
1008115714,-601.2140502929688,18.81357192993164,-208.4864044189453,3101.02490234375
1008116823,-600.5156860351562,18.758567810058594,-208.27252197265625,3101.763671875
1008118105,-599.6996459960938,18.694442749023438,-208.0233612060547,3102.626708984375
1008119186,-598.9990844726562,18.63954734802246,-207.81002807617188,3103.367919921875
1008120247,-598.2975463867188,18.584741592407227,-207.59686279296875,3104.109619140625
1008121290,-597.5950927734375,18.530029296875,-207.38372802734375,3104.8525390625
1008122317,-596.8916625976562,18.47541046142578,-207.17059326171875,3105.59033203125
1008123324,-596.1873168945312,18.420856475830078,-206.95733642578125,3106.327880859375
1008124318,-595.4820556640625,18.366344451904297,-206.74395751953125,3107.06640625
1008125297,-594.7759399414062,18.311878204345703,-206.5303497314453,3107.803955078125
1008126266,-594.0689697265625,18.257455825805664,-206.3164825439453,3108.5419921875
1008127228,-593.3611450195312,18.20307731628418,-206.10231018066406,3109.282958984375
1008128184,-592.6524658203125,18.148723602294922,-205.8878173828125,3110.026611328125
1008129135,-591.9430541992188,18.094388961791992,-205.67298889160156,3110.770751953125
1008130083,-591.2327880859375,18.040084838867188,-205.457763671875,3111.5126953125
1008131028,-590.5216674804688,17.985788345336914,-205.24215698242188,3112.2548828125
1008131964,-589.809814453125,17.931413650512695,-205.02618408203125,3112.998291015625
1008132895,-589.0971069335938,17.876907348632812,-204.80984497070312,3113.747802734375
1008133824,-588.3836669921875,17.822248458862305,-204.5931396484375,3114.49755859375
1008134752,-587.6693725585938,17.767377853393555,-204.37608337402344,3115.25
1008135687,-586.9542846679688,17.712261199951172,-204.15867614746094,3116.004638671875
1008136628,-586.2384033203125,17.656925201416016,-203.94093322753906,3116.760498046875
1008137575,-585.5216674804688,17.601408004760742,-203.72288513183594,3117.514404296875
1008138541,-584.8041381835938,17.545745849609375,-203.5045928955078,3118.268310546875
1008139563,-584.085693359375,17.4899845123291,-203.2861785888672,3119.02294921875
1008140644,-583.3663940429688,17.434165954589844,-203.0677490234375,3119.778564453125
1008141786,-582.6461181640625,17.378313064575195,-202.84942626953125,3120.53515625
1008142979,-581.9248657226562,17.322418212890625,-202.63128662109375,3121.29248046875
1008144230,-581.2026977539062,17.266477584838867,-202.4134521484375,3122.05078125
1008145551,-580.4794311523438,17.210500717163086,-202.196044921875,3122.809814453125
1008146941,-579.7550659179688,17.154476165771484,-201.97906494140625,3123.574462890625
1008148141,-579.0299072265625,17.098350524902344,-201.76206970214844,3124.340576171875
1008149087,-578.3038330078125,17.042037963867188,-201.544921875,3125.107177734375
1008150045,-577.576904296875,16.985506057739258,-201.32774353027344,3125.87109375
1008151009,-576.84912109375,16.928754806518555,-201.11056518554688,3126.63623046875
1008151981,-576.1204223632812,16.871723175048828,-200.89346313476562,3127.401123046875
1008152968,-575.3908081054688,16.814363479614258,-200.6763916015625,3128.166259765625
1008153962,-574.6602172851562,16.75664520263672,-200.4594268798828,3128.9326171875
1008154962,-573.9287719726562,16.698577880859375,-200.24252319335938,3129.7001953125
1008155971,-573.1963500976562,16.64018440246582,-200.02572631835938,3130.468017578125
1008156988,-572.4630737304688,16.581491470336914,-199.80902099609375,3131.236572265625
1008158012,-571.7288818359375,16.522502899169922,-199.5923614501953,3132.00537109375
1008159037,-570.9937744140625,16.463226318359375,-199.37574768066406,3132.775146484375
1008160060,-570.2577514648438,16.4036922454834,-199.1591339111328,3133.54443359375
1008161081,-569.5208740234375,16.343929290771484,-198.9425048828125,3134.31494140625
1008162102,-568.7830810546875,16.283973693847656,-198.72579956054688,3135.0859375
1008163122,-568.04443359375,16.223838806152344,-198.50901794433594,3135.860107421875
1008164138,-567.304931640625,16.163555145263672,-198.29209899902344,3136.635009765625
1008165152,-566.5645141601562,16.10316276550293,-198.07504272460938,3137.41064453125
1008166166,-565.8233032226562,16.042707443237305,-197.85780334472656,3138.187255859375
1008167178,-565.0812377929688,15.982222557067871,-197.640380859375,3138.96484375
1008168172,-564.33837890625,15.921743392944336,-197.42262268066406,3139.74365234375
1008169129,-563.5946655273438,15.861303329467773,-197.20440673828125,3140.523193359375
1008170084,-562.8502197265625,15.800958633422852,-196.98558044433594,3141.303955078125
1008171064,-562.1051635742188,15.740741729736328,-196.7660369873047,3142.085693359375
1008172075,-561.359375,15.680658340454102,-196.54562377929688,3142.868408203125
1008173118,-560.6129760742188,15.620718955993652,-196.3242645263672,3143.6513671875
1008174193,-559.8660278320312,15.560919761657715,-196.101806640625,3144.435546875
1008175298,-559.1185913085938,15.50124454498291,-195.87818908691406,3145.219970703125
1008176445,-558.3706665039062,15.441659927368164,-195.65321350097656,3146.005615234375
1008177585,-557.6222534179688,15.382107734680176,-195.42689514160156,3146.791748046875
1008178665,-556.8734130859375,15.32253646850586,-195.19923400878906,3147.577392578125
1008179700,-556.1240234375,15.262909889221191,-194.97027587890625,3148.36328125
1008180701,-555.3742065429688,15.203160285949707,-194.74000549316406,3149.1494140625
1008181679,-554.6238403320312,15.143218040466309,-194.5084686279297,3149.931640625
1008182640,-553.8729858398438,15.083064079284668,-194.27578735351562,3150.714599609375
1008183592,-553.1215209960938,15.022679328918457,-194.04225158691406,3151.5029296875
1008184555,-552.3694458007812,14.962055206298828,-193.807861328125,3152.294677734375
1008185527,-551.6167602539062,14.901224136352539,-193.57260131835938,3153.087646484375
1008186499,-550.8634643554688,14.84023380279541,-193.33642578125,3153.883544921875
1008187454,-550.109619140625,14.779123306274414,-193.09925842285156,3154.679931640625
1008188402,-549.355224609375,14.717950820922852,-192.8610382080078,3155.47705078125
1008189351,-548.6002807617188,14.656766891479492,-192.62173461914062,3156.27490234375
1008190307,-547.8447875976562,14.5956449508667,-192.38131713867188,3157.07373046875
1008191267,-547.0887451171875,14.534650802612305,-192.13983154296875,3157.8720703125
1008192226,-546.33203125,14.473791122436523,-191.89735412597656,3158.6708984375
1008193180,-545.5747680664062,14.413087844848633,-191.6539306640625,3159.470703125
1008194132,-544.81689453125,14.352564811706543,-191.40966796875,3160.271484375
1008195086,-544.058349609375,14.292195320129395,-191.1646270751953,3161.0732421875
1008196043,-543.2991333007812,14.231937408447266,-190.91893005371094,3161.88232421875
1008197009,-542.5391845703125,14.171753883361816,-190.6726531982422,3162.693115234375
1008197984,-541.7785034179688,14.11160659790039,-190.42588806152344,3163.50048828125
1008198970,-541.01708984375,14.05146312713623,-190.17869567871094,3164.3056640625
1008199970,-540.2549438476562,13.99129581451416,-189.93115234375,3165.11181640625
1008200977,-539.4920654296875,13.931069374084473,-189.68331909179688,3165.918212890625
1008201991,-538.7283935546875,13.87077522277832,-189.43524169921875,3166.7255859375
1008203013,-537.9639282226562,13.810416221618652,-189.18695068359375,3167.533935546875
1008204044,-537.1986083984375,13.749979019165039,-188.93846130371094,3168.34326171875
1008205081,-536.4326782226562,13.689475059509277,-188.6898956298828,3169.153564453125
1008206087,-535.6669311523438,13.628965377807617,-188.44146728515625,3169.963134765625
1008207098,-534.901123046875,13.568414688110352,-188.19308471679688,3170.772705078125
1008208115,-534.13525390625,13.507800102233887,-187.94482421875,3171.58203125
1008209137,-533.3692016601562,13.447090148925781,-187.69667053222656,3172.3916015625
1008210160,-532.6030883789062,13.386261940002441,-187.44859313964844,3173.200927734375
1008211185,-531.8366088867188,13.32525634765625,-187.20046997070312,3174.0107421875
1008212278,-531.06884765625,13.264005661010742,-186.95201110839844,3174.822021484375
1008213433,-530.2994384765625,13.202497482299805,-186.70309448242188,3175.62890625
1008214598,-529.5284423828125,13.140738487243652,-186.45370483398438,3176.43408203125
1008215682,-528.75634765625,13.078725814819336,-186.20401000976562,3177.241455078125
1008216691,-527.983642578125,13.01648235321045,-185.95419311523438,3178.05615234375
1008217662,-527.2109375,12.954060554504395,-185.70440673828125,3178.870849609375
1008218634,-526.438232421875,12.891470909118652,-185.45468139648438,3179.6875
1008219613,-525.66552734375,12.828699111938477,-185.20497131347656,3180.5048828125
1008220616,-524.8925170898438,12.765778541564941,-184.9551239013672,3181.323486328125
1008221659,-524.1187133789062,12.702746391296387,-184.70498657226562,3182.14794921875
1008222739,-523.3436279296875,12.639629364013672,-184.45448303222656,3182.9736328125
1008223834,-522.5673217773438,12.5764741897583,-184.2035369873047,3183.795166015625
1008224915,-521.7898559570312,12.513346672058105,-183.9521942138672,3184.616943359375
1008225968,-521.0115966796875,12.450274467468262,-183.70053100585938,3185.44140625
1008226988,-520.2327880859375,12.387252807617188,-183.4486541748047,3186.268798828125
1008227989,-519.45361328125,12.324275970458984,-183.19664001464844,3187.096923828125
1008228985,-518.6741333007812,12.261308670043945,-182.94447326660156,3187.92626953125
1008229988,-517.894287109375,12.198261260986328,-182.69215393066406,3188.755859375
1008230987,-517.1138305664062,12.134958267211914,-182.43960571289062,3189.58349609375
1008232001,-516.3324584960938,12.071310997009277,-182.18678283691406,3190.40966796875
1008233030,-515.5502319335938,12.007316589355469,-181.93365478515625,3191.236328125
1008234065,-514.7669677734375,11.942914962768555,-181.68019104003906,3192.06494140625
1008235098,-513.9828491210938,11.878093719482422,-181.42645263671875,3192.893798828125
1008236114,-513.1980590820312,11.812888145446777,-181.1724853515625,3193.71533203125
1008237116,-512.4127197265625,11.747368812561035,-180.91831970214844,3194.533203125
1008238114,-511.6268310546875,11.681595802307129,-180.66397094726562,3195.3544921875
1008239116,-510.8404541015625,11.615595817565918,-180.409423828125,3196.18505859375
1008240134,-510.0534362792969,11.54941463470459,-180.15464782714844,3197.016357421875
1008241175,-509.2657165527344,11.483110427856445,-179.89962768554688,3197.849365234375
1008242231,-508.47723388671875,11.416739463806152,-179.64431762695312,3198.683837890625
1008243295,-507.6878662109375,11.350361824035645,-179.38870239257812,3199.520263671875
1008244363,-506.8976745605469,11.284048080444336,-179.1327667236328,3200.360595703125
1008245434,-506.1067199707031,11.217863082885742,-178.87655639648438,3201.20166015625
1008246501,-505.3150634765625,11.151854515075684,-178.6201171875,3202.041259765625
1008247566,-504.52276611328125,11.08604907989502,-178.36343383789062,3202.881103515625
1008248629,-503.7298583984375,11.020465850830078,-178.10653686523438,3203.72021484375
1008249691,-502.93634033203125,10.955094337463379,-177.84939575195312,3204.5595703125
1008250757,-502.1421203613281,10.889913558959961,-177.592041015625,3205.39892578125
1008251824,-501.3471984863281,10.82489013671875,-177.33441162109375,3206.239501953125
1008252891,-500.5514831542969,10.75998306274414,-177.07650756835938,3207.080322265625
1008253955,-499.7549743652344,10.695152282714844,-176.81832885742188,3207.922607421875
1008255013,-498.9577331542969,10.630340576171875,-176.5598907470703,3208.765869140625
1008256061,-498.1597900390625,10.565499305725098,-176.30120849609375,3209.609375
1008257102,-497.3611755371094,10.500582695007324,-176.04229736328125,3210.4541015625
1008258137,-496.5619201660156,10.435556411743164,-175.78314208984375,3211.29931640625
1008259170,-495.76202392578125,10.370387077331543,-175.52377319335938,3212.14501953125
1008260202,-494.9614562988281,10.305055618286133,-175.26417541503906,3212.991943359375
1008261239,-494.1602478027344,10.239567756652832,-175.00433349609375,3213.82958984375
1008262282,-493.35833740234375,10.173928260803223,-174.74423217773438,3214.6640625
1008263327,-492.55572509765625,10.108141899108887,-174.48385620117188,3215.503173828125
1008264375,-491.75238037109375,10.042228698730469,-174.22320556640625,3216.3525390625
1008265424,-490.94830322265625,9.976210594177246,-173.96231079101562,3217.202392578125
1008266477,-490.1435546875,9.910115242004395,-173.70115661621094,3218.05517578125
1008267532,-489.338134765625,9.843955039978027,-173.43975830078125,3218.907958984375
1008268589,-488.53204345703125,9.777753829956055,-173.1781005859375,3219.7626953125
1008269648,-487.7253112792969,9.711538314819336,-172.91619873046875,3220.618896484375
1008270712,-486.9178771972656,9.64533519744873,-172.654052734375,3221.474853515625
1008271782,-486.1097717285156,9.579156875610352,-172.39166259765625,3222.3291015625
1008272854,-485.3009338378906,9.513006210327148,-172.12899780273438,3223.184326171875
1008273928,-484.4914245605469,9.4468994140625,-171.86610412597656,3224.040283203125
1008275001,-483.6811828613281,9.380845069885254,-171.6029510498047,3224.897216796875
1008276077,-482.8702697753906,9.314836502075195,-171.3395538330078,3225.762451171875
1008277154,-482.05865478515625,9.248861312866211,-171.07591247558594,3226.633544921875
1008278229,-481.246337890625,9.182910919189453,-170.81204223632812,3227.502685546875
1008279303,-480.4333801269531,9.116983413696289,-170.5479278564453,3228.36474609375
1008280380,-479.6197204589844,9.051076889038086,-170.28359985351562,3229.227783203125
1008281460,-478.8053894042969,8.985184669494629,-170.01902770996094,3230.087890625
1008282541,-477.9903564453125,8.919302940368652,-169.75424194335938,3230.948486328125
1008283623,-477.17462158203125,8.853446960449219,-169.48919677734375,3231.807373046875
1008284703,-476.35821533203125,8.787615776062012,-169.2239227294922,3232.66552734375
1008285787,-475.5411071777344,8.72182559967041,-168.95843505859375,3233.525634765625
1008286870,-474.7232971191406,8.656087875366211,-168.69268798828125,3234.390625
1008287952,-473.9048156738281,8.59040355682373,-168.42669677734375,3235.255615234375
1008289030,-473.0856628417969,8.524778366088867,-168.16046142578125,3236.1220703125
1008290288,-472.1291198730469,8.44829273223877,-167.84954833984375,3237.1337890625
1008291368,-471.3085021972656,8.382806777954102,-167.582763671875,3238.00146484375
1008292447,-470.4872131347656,8.317376136779785,-167.31573486328125,3238.869873046875
1008293525,-469.6652526855469,8.251992225646973,-167.04844665527344,3239.739013671875
1008294604,-468.8426208496094,8.186649322509766,-166.7808837890625,3240.60888671875
1008295684,-468.0193176269531,8.121354103088379,-166.51309204101562,3241.4794921875
1008296766,-467.1953125,8.056110382080078,-166.24502563476562,3242.350830078125
1008297848,-466.37066650390625,7.990896701812744,-165.9766845703125,3243.222900390625
1008298928,-465.54534912109375,7.92570161819458,-165.70811462402344,3244.095458984375
1008300006,-464.7193908691406,7.860519886016846,-165.4392852783203,3244.968994140625
1008301084,-463.8927307128906,7.795337677001953,-165.1702117919922,3245.843017578125
1008302164,-463.0653991699219,7.730134010314941,-164.90087890625,3246.718017578125
1008303242,-462.2374267578125,7.664877891540527,-164.63131713867188,3247.593505859375
1008304319,-461.4087829589844,7.599559783935547,-164.36151123046875,3248.47021484375
1008305393,-460.5794677734375,7.534164905548096,-164.09146118164062,3249.347900390625
1008306470,-459.74951171875,7.468683242797852,-163.8211669921875,3250.225830078125
1008307546,-458.91888427734375,7.403092384338379,-163.55062866210938,3251.10400390625
1008308623,-458.0876159667969,7.337386608123779,-163.2798614501953,3251.98388671875
1008309702,-457.25567626953125,7.271561622619629,-163.0088653564453,3252.864501953125
1008310761,-456.423095703125,7.205584526062012,-162.73753356933594,3253.746337890625
1008311801,-455.58990478515625,7.139448165893555,-162.4658660888672,3254.629638671875
1008312836,-454.7561340332031,7.0731635093688965,-162.1937713623047,3255.512939453125
1008313868,-453.9217834472656,7.006730556488037,-161.9211883544922,3256.395751953125
1008314904,-453.08685302734375,6.940171718597412,-161.64804077148438,3257.279052734375
1008315971,-452.2514343261719,6.873522758483887,-161.374267578125,3258.163330078125
1008317077,-451.41552734375,6.806818962097168,-161.09971618652344,3259.04833984375
1008318222,-450.5791931152344,6.740090847015381,-160.82423400878906,3259.925537109375
1008319406,-449.74249267578125,6.673397541046143,-160.54766845703125,3260.799072265625
1008320649,-448.9054260253906,6.606927871704102,-160.26986694335938,3261.677001953125
1008321951,-448.06817626953125,6.540774345397949,-159.99058532714844,3262.5615234375
1008323293,-447.23077392578125,6.474923610687256,-159.70965576171875,3263.447021484375
1008324670,-446.3932189941406,6.409448146820068,-159.4269561767578,3264.336181640625
1008326086,-445.5556945800781,6.344367504119873,-159.14231872558594,3265.22607421875
1008327561,-444.7181396484375,6.279628276824951,-158.8555908203125,3266.12255859375
1008329056,-443.880615234375,6.215137481689453,-158.5666961669922,3267.021240234375
1008330546,-443.0432434082031,6.150827407836914,-158.27560424804688,3267.91552734375
1008332046,-442.20599365234375,6.086658000946045,-157.98228454589844,3268.80712890625
1008333554,-441.3688659667969,6.022556304931641,-157.6866912841797,3269.69970703125
1008335055,-440.5319519042969,5.958456993103027,-157.38882446289062,3270.59228515625
1008336584,-439.69525146484375,5.894322872161865,-157.08863830566406,3271.48583984375
1008338151,-438.8587646484375,5.830112934112549,-156.7860565185547,3272.380126953125
1008339752,-438.0225524902344,5.7657928466796875,-156.48109436035156,3273.27490234375
1008341389,-437.1866455078125,5.701345920562744,-156.17372131347656,3274.177001953125
1008343059,-436.35101318359375,5.636793613433838,-155.86383056640625,3275.080322265625
1008344765,-435.5157470703125,5.572144985198975,-155.55142211914062,3275.981201171875
1008346499,-434.6807861328125,5.507391929626465,-155.23643493652344,3276.880859375
1008348278,-433.84625244140625,5.442537307739258,-154.91880798339844,3277.779296875
1008350084,-433.0121154785156,5.377631664276123,-154.59852600097656,3278.676513671875
1008351914,-432.1784362792969,5.312709808349609,-154.27552795410156,3279.573974609375
1008353765,-431.34527587890625,5.247766494750977,-153.94976806640625,3280.470947265625
1008355644,-430.5125732421875,5.182955741882324,-153.62109375,3281.36865234375
1008357597,-429.68048095703125,5.118466854095459,-153.28933715820312,3282.260009765625
1008359574,-428.84906005859375,5.0543622970581055,-152.95440673828125,3283.152099609375
1008361562,-428.01837158203125,4.990736961364746,-152.61627197265625,3284.049072265625
1008363548,-427.1883850097656,4.927720069885254,-152.27474975585938,3284.9482421875
1008365566,-426.3592529296875,4.865497589111328,-151.92970275878906,3285.84716796875
1008367597,-425.531005859375,4.804090976715088,-151.58106994628906,3286.74560546875
1008369633,-424.7037048339844,4.743522644042969,-151.2288818359375,3287.643798828125
1008371661,-423.8773193359375,4.6838812828063965,-150.87307739257812,3288.541015625
1008373673,-423.05194091796875,4.625163555145264,-150.5136260986328,3289.438720703125
1008375682,-422.2275390625,4.56731653213501,-150.15057373046875,3290.339599609375
1008377675,-421.4041748046875,4.510235786437988,-149.78402709960938,3291.240966796875
1008379666,-420.58172607421875,4.453851699829102,-149.4140625,3292.140625
1008381650,-419.7602233886719,4.3980712890625,-149.04075622558594,3293.0400390625
1008383641,-418.93963623046875,4.342829704284668,-148.66416931152344,3293.940673828125
1008385626,-418.1199035644531,4.288023948669434,-148.28440856933594,3294.842041015625
1008387600,-417.3010559082031,4.2335524559021,-147.90158081054688,3295.748779296875
1008389573,-416.4830017089844,4.179364204406738,-147.5157470703125,3296.665283203125
1008391540,-415.665771484375,4.12537145614624,-147.12698364257812,3297.57763671875
1008393496,-414.8492736816406,4.071470260620117,-146.7353973388672,3298.4775390625
1008395440,-414.03350830078125,4.017587184906006,-146.341064453125,3299.378173828125
1008397374,-413.21844482421875,3.9636573791503906,-145.9440460205078,3300.275146484375
1008399301,-412.404052734375,3.9096109867095947,-145.54441833496094,3301.173095703125
1008401219,-411.5903625488281,3.8554019927978516,-145.1422576904297,3302.072265625
1008403133,-410.7772521972656,3.8010313510894775,-144.73756408691406,3302.97265625
1008405090,-409.9648742675781,3.746574878692627,-144.3302764892578,3303.875244140625
1008407049,-409.15313720703125,3.692063331604004,-143.92034912109375,3304.779541015625
1008409013,-408.3421630859375,3.6375460624694824,-143.50779724121094,3305.683837890625
1008410981,-407.5318908691406,3.583099365234375,-143.09249877929688,3306.588134765625
1008412941,-406.72235107421875,3.5287575721740723,-142.6744842529297,3307.491943359375
1008414889,-405.9136047363281,3.474527359008789,-142.2537841796875,3308.397216796875
1008416833,-405.1056823730469,3.4205338954925537,-141.83029174804688,3309.304443359375
1008418837,-404.2986755371094,3.3669333457946777,-141.40386962890625,3310.214111328125
1008420847,-403.49261474609375,3.3137898445129395,-140.97447204589844,3311.126953125
1008422833,-402.68756103515625,3.261219024658203,-140.54205322265625,3312.039306640625
1008424794,-401.8836364746094,3.2093629837036133,-140.1065216064453,3312.95068359375
1008426763,-401.0807800292969,3.158367395401001,-139.66775512695312,3313.864013671875
1008428743,-400.2790222167969,3.1082303524017334,-139.22573852539062,3314.7802734375
1008430696,-399.4784240722656,3.058936834335327,-138.780517578125,3315.6982421875
1008432638,-398.6790771484375,3.0105032920837402,-138.33212280273438,3316.617431640625
1008434590,-397.880859375,2.9629292488098145,-137.88055419921875,3317.5380859375
1008436557,-397.08404541015625,2.9161553382873535,-137.42593383789062,3318.463623046875
1008438471,-396.28924560546875,2.8700804710388184,-136.96878051757812,3319.39013671875
1008440551,-395.4971008300781,2.82460618019104,-136.5097198486328,3320.306884765625
1008442877,-394.7078552246094,2.779662609100342,-136.04904174804688,3321.219970703125
1008445675,-393.9218444824219,2.735250234603882,-135.58718872070312,3322.14697265625
1008448603,-393.1391296386719,2.6912639141082764,-135.1243133544922,3323.08251953125
1008451421,-392.3598327636719,2.6476309299468994,-134.66070556640625,3324.00244140625
1008454405,-391.58416748046875,2.604351758956909,-134.1967010498047,3324.905029296875
1008457530,-390.8121337890625,2.5614936351776123,-133.7322540283203,3325.80517578125
1008460803,-390.0436706542969,2.51906156539917,-133.26724243164062,3326.702880859375
1008464114,-389.27874755859375,2.4769973754882812,-132.80169677734375,3327.598876953125
1008467433,-388.517578125,2.4354043006896973,-132.33580017089844,3328.511474609375
1008470759,-387.7602844238281,2.394364833831787,-131.86956787109375,3329.421630859375
1008473904,-387.0069580078125,2.3538835048675537,-131.4029083251953,3330.334228515625
1008477257,-386.2574157714844,2.3138954639434814,-130.9359588623047,3331.24560546875
1008480602,-385.5116882324219,2.2743887901306152,-130.4688262939453,3332.137451171875
1008483928,-384.76983642578125,2.235360622406006,-130.0015869140625,3333.016845703125
1008487262,-384.0318908691406,2.1968748569488525,-129.5342254638672,3333.892578125
1008490612,-383.2979431152344,2.1588757038116455,-129.06666564941406,3334.76513671875
1008493890,-382.5678405761719,2.121264934539795,-128.5990753173828,3335.636474609375
1008497033,-381.841552734375,2.08394718170166,-128.1315460205078,3336.537353515625
1008500051,-381.118896484375,2.0468802452087402,-127.66400909423828,3337.436279296875
1008503173,-380.4000549316406,2.010284900665283,-127.19634246826172,3338.271484375
1008506428,-379.6852111816406,1.9742430448532104,-126.72834014892578,3339.090576171875
1008509782,-378.97406005859375,1.9388377666473389,-126.25956726074219,3339.943115234375
1008512702,-378.2659912109375,1.9041664600372314,-125.7886962890625,3340.85205078125
1008515148,-377.5610656738281,1.870489239692688,-125.31520080566406,3341.751220703125
1008517793,-376.85943603515625,1.8381338119506836,-124.83881378173828,3342.6083984375
1008520494,-376.1611022949219,1.8071417808532715,-124.359375,3343.46435546875
1008523135,-375.46588134765625,1.777445912361145,-123.87679290771484,3344.36572265625
1008525690,-374.773681640625,1.7490859031677246,-123.39100646972656,3345.2763671875
1008528253,-374.08441162109375,1.7221145629882812,-122.90188598632812,3346.1572265625
1008530877,-373.3980712890625,1.6965352296829224,-122.40943145751953,3347.020263671875
1008533509,-372.71466064453125,1.6722851991653442,-121.9137954711914,3347.880615234375
1008536147,-372.0343017578125,1.6493947505950928,-121.41505432128906,3348.734619140625
1008538897,-371.3570251464844,1.6278961896896362,-120.91325378417969,3349.588134765625
1008541690,-370.6828308105469,1.607672929763794,-120.40847778320312,3350.439208984375
1008544371,-370.0115966796875,1.5885117053985596,-119.90087127685547,3351.2890625
1008546988,-369.3429870605469,1.5699304342269897,-119.39068603515625,3352.14013671875
1008549583,-368.6768798828125,1.5516321659088135,-118.87809753417969,3352.991455078125
1008552172,-368.0132141113281,1.5334395170211792,-118.36321258544922,3353.844970703125
1008554779,-367.3518371582031,1.515209674835205,-117.84617614746094,3354.70703125
1008557388,-366.69281005859375,1.4968047142028809,-117.32710266113281,3355.568603515625
1008560006,-366.03594970703125,1.478123664855957,-116.80610656738281,3356.441650390625
1008562638,-365.3813171386719,1.4591171741485596,-116.28324890136719,3357.3154296875
1008565289,-364.7288818359375,1.4397928714752197,-115.7585220336914,3358.214599609375
1008567998,-364.0788269042969,1.4202041625976562,-115.23188018798828,3359.129638671875
1008570753,-363.4309997558594,1.4003781080245972,-114.70331573486328,3360.029541015625
1008573557,-362.78558349609375,1.3803987503051758,-114.17279052734375,3360.910400390625
1008576382,-362.14263916015625,1.3603938817977905,-113.64021301269531,3361.785400390625
1008579241,-361.5022888183594,1.3405202627182007,-113.1054916381836,3362.63037109375
1008582142,-360.8646545410156,1.3208714723587036,-112.56861114501953,3363.474609375
1008585048,-360.2297058105469,1.3014764785766602,-112.02953338623047,3364.31494140625
1008587944,-359.5975036621094,1.2823983430862427,-111.48820495605469,3365.15380859375
1008590820,-358.96795654296875,1.2637126445770264,-110.94451904296875,3365.997802734375
1008593727,-358.3410949707031,1.2454991340637207,-110.39835357666016,3366.8515625
1008596615,-357.7168273925781,1.2277525663375854,-109.84962463378906,3367.706298828125
1008599467,-357.0950622558594,1.2104419469833374,-109.29827117919922,3368.599853515625
1008602278,-356.4757080078125,1.1935232877731323,-108.74429321289062,3369.493408203125
1008605070,-355.8587951660156,1.1770193576812744,-108.18769836425781,3370.346435546875
1008607927,-355.24444580078125,1.1611000299453735,-107.62838745117188,3371.18896484375
1008610865,-354.6327209472656,1.1457841396331787,-107.06635284423828,3372.036865234375
1008613822,-354.0235900878906,1.131058931350708,-106.50160217285156,3372.892333984375
1008616773,-353.4171142578125,1.1170145273208618,-105.93407440185547,3373.7490234375
1008619701,-352.813232421875,1.1036224365234375,-105.36372375488281,3374.617919921875
1008622594,-352.2117919921875,1.0907965898513794,-104.79056549072266,3375.487060546875
1008625505,-351.6129150390625,1.078548550605774,-104.21453857421875,3376.317138671875
1008628503,-351.0164794921875,1.0668883323669434,-103.63565063476562,3377.1357421875
1008631435,-350.4225158691406,1.0557152032852173,-103.05399322509766,3377.966552734375
1008634313,-349.8309020996094,1.0449827909469604,-102.46965026855469,3378.823486328125
1008637145,-349.24163818359375,1.0346306562423706,-101.8826675415039,3379.68115234375
1008639930,-348.65472412109375,1.0245593786239624,-101.29315948486328,3380.571044921875
1008642680,-348.0700378417969,1.0146782398223877,-100.7011947631836,3381.46240234375
1008645410,-347.4875793457031,1.0048742294311523,-100.10688018798828,3382.342529296875
1008648128,-346.9072570800781,0.9950399398803711,-99.51030731201172,3383.218505859375
1008651306,-346.2328186035156,0.9834581613540649,-98.81153106689453,3384.212158203125
1008654110,-345.65704345703125,0.9735226035118103,-98.21012878417969,3385.041259765625
1008656977,-345.0833740234375,0.9636071920394897,-97.60643005371094,3385.872314453125
1008659880,-344.5118408203125,0.9537250399589539,-97.00045776367188,3386.712158203125
1008662792,-343.9423828125,0.9439700841903687,-96.39216613769531,3387.552001953125
1008665702,-343.375244140625,0.9344426393508911,-95.78154754638672,3388.4326171875
1008668687,-342.81048583984375,0.9252905249595642,-95.1685562133789,3389.32421875
1008671656,-342.2481994628906,0.9165715575218201,-94.5532455444336,3390.20751953125
1008674552,-341.6883850097656,0.9083004593849182,-93.93568420410156,3391.083984375
1008677368,-341.131103515625,0.9005523920059204,-93.31587219238281,3391.971435546875
1008680179,-340.5763244628906,0.8934571146965027,-92.69378662109375,3392.8896484375
1008682998,-340.0241394042969,0.8870813846588135,-92.06941223144531,3393.798828125
1008685793,-339.47454833984375,0.8814153671264648,-91.44280242919922,3394.58642578125
1008688567,-338.9274597167969,0.8764699697494507,-90.81403350830078,3395.37353515625
1008691302,-338.3828430175781,0.8722231388092041,-90.18317413330078,3396.21826171875
1008693974,-337.84063720703125,0.8685380816459656,-89.55037689208984,3397.11474609375
1008696581,-337.3006286621094,0.8652406930923462,-88.91576385498047,3398.01171875
1008699186,-336.7628173828125,0.8621674180030823,-88.27945709228516,3398.90966796875
1008701826,-336.2271728515625,0.8591713309288025,-87.64151763916016,3399.806396484375
1008704499,-335.6935729980469,0.8561647534370422,-87.00199127197266,3400.69189453125
1008707281,-335.1621398925781,0.8532688617706299,-86.36077117919922,3401.576904296875
1008710145,-334.63311767578125,0.8505892157554626,-85.71781921386719,3402.44873046875
1008713031,-334.1064453125,0.8481530547142029,-85.07310485839844,3403.31591796875
1008715904,-333.58221435546875,0.8460575342178345,-84.42660522460938,3404.16162109375
1008718762,-333.0605163574219,0.8443714380264282,-83.77827453613281,3404.983642578125
1008721632,-332.5413818359375,0.8431077003479004,-83.12808990478516,3405.8076171875
1008724479,-332.0248107910156,0.8422016501426697,-82.4760971069336,3406.6689453125
1008727290,-331.5108947753906,0.8416355848312378,-81.82229614257812,3407.530517578125
1008730130,-330.9996337890625,0.8414071202278137,-81.16668701171875,3408.422119140625
1008732997,-330.4910888671875,0.8414682745933533,-80.5093002319336,3409.325439453125
1008735801,-329.9851989746094,0.8418102860450745,-79.85014343261719,3410.21044921875
1008738657,-329.4820251464844,0.8423946499824524,-79.18922424316406,3411.076416015625
1008741492,-328.9814758300781,0.8431066274642944,-78.52657318115234,3411.938232421875
1008744303,-328.4836120605469,0.8439761996269226,-77.86216735839844,3412.779296875
1008747126,-327.9884033203125,0.8449994325637817,-77.19593811035156,3413.620849609375
1008749979,-327.4957580566406,0.846068799495697,-76.52787780761719,3414.4599609375
1008752850,-327.0055847167969,0.8471435308456421,-75.85789489746094,3415.298828125
1008755732,-326.51776123046875,0.8482289910316467,-75.18588256835938,3416.15283203125
1008758606,-326.03228759765625,0.8492898344993591,-74.51180267333984,3417.02880859375
1008761474,-325.549072265625,0.8502687215805054,-73.83566284179688,3417.90478515625
1008764392,-325.0682373046875,0.8512465953826904,-73.15743255615234,3418.781494140625
1008767336,-324.5898132324219,0.852285623550415,-72.47712707519531,3419.657958984375
1008770280,-324.11395263671875,0.8534039258956909,-71.7947769165039,3420.482666015625
1008773213,-323.6407165527344,0.8546578288078308,-71.11036682128906,3421.296875
1008776141,-323.170166015625,0.8561336994171143,-70.42385864257812,3422.12060546875
1008779146,-322.70245361328125,0.858024001121521,-69.7351303100586,3422.961669921875
1008782195,-322.2376403808594,0.8604174256324768,-69.04413604736328,3423.802490234375
1008785233,-321.7757873535156,0.8633273243904114,-68.35087585449219,3424.7626953125
1008788240,-321.3169860839844,0.8668327331542969,-67.65534210205078,3425.723876953125
1008791215,-320.86126708984375,0.8710034489631653,-66.9575424194336,3426.573486328125
1008794208,-320.40875244140625,0.8758829236030579,-66.25748443603516,3427.408935546875
1008797178,-319.95941162109375,0.8814013004302979,-65.5552749633789,3428.248779296875
1008800109,-319.5131530761719,0.8874911069869995,-64.85095977783203,3429.093505859375
1008803044,-319.070068359375,0.8942301273345947,-64.14451599121094,3429.9384765625
1008806034,-318.63018798828125,0.9016422629356384,-63.43593978881836,3430.786865234375
1008809059,-318.19354248046875,0.9097438454627991,-62.72521209716797,3431.63525390625
1008812179,-317.7601623535156,0.9186150431632996,-62.012298583984375,3432.494873046875
1008815270,-317.330078125,0.9282177090644836,-61.29723358154297,3433.358154296875
1008818287,-316.9031677246094,0.938469648361206,-60.58007049560547,3434.209228515625
1008821253,-316.4794006347656,0.9493091702461243,-59.8608512878418,3435.044677734375
1008824198,-316.05877685546875,0.9606480598449707,-59.13962936401367,3435.88134765625
1008827197,-315.64111328125,0.9723716378211975,-58.4164924621582,3436.7421875
1008830136,-315.2264099121094,0.9843353629112244,-57.6915397644043,3437.602783203125
1008833077,-314.81451416015625,0.99650639295578,-56.964786529541016,3438.4794921875
1008836017,-314.4053955078125,1.0088427066802979,-56.23625946044922,3439.36279296875
1008838949,-313.9990539550781,1.0212591886520386,-55.50600814819336,3440.23388671875
1008841877,-313.59539794921875,1.0337296724319458,-54.77403259277344,3441.08935546875
1008844857,-313.1944580078125,1.0463085174560547,-54.040287017822266,3441.943115234375
1008847874,-312.7962646484375,1.0590564012527466,-53.30475997924805,3442.775390625
1008850917,-312.40081787109375,1.0719802379608154,-52.56744384765625,3443.60791015625
1008853934,-312.0080871582031,1.0851056575775146,-51.82834243774414,3444.443603515625
1008856955,-311.6181945800781,1.098494291305542,-51.08743667602539,3445.28076171875
1008859965,-311.2311096191406,1.1121454238891602,-50.34474563598633,3446.126953125
1008862970,-310.8468322753906,1.126062035560608,-49.60029602050781,3446.9970703125
1008865979,-310.46539306640625,1.1402508020401,-48.8541145324707,3447.8662109375
1008868985,-310.0867004394531,1.1546708345413208,-48.10623550415039,3448.709716796875
1008871979,-309.7107849121094,1.1693018674850464,-47.3566780090332,3449.552490234375
1008875006,-309.33770751953125,1.184194564819336,-46.605445861816406,3450.41455078125
1008878038,-308.96734619140625,1.1993473768234253,-45.8525505065918,3451.2890625
1008881062,-308.5997009277344,1.2147188186645508,-45.0980339050293,3452.1572265625
1008884079,-308.2347412109375,1.230316162109375,-44.34189224243164,3453.01171875
1008887105,-307.8724670410156,1.2461447715759277,-43.58414077758789,3453.866455078125
1008890134,-307.5128173828125,1.2621793746948242,-42.82480239868164,3454.7119140625
1008893158,-307.15576171875,1.278397798538208,-42.06391906738281,3455.557373046875
1008896177,-306.80126953125,1.294776439666748,-41.30149841308594,3456.40966796875
1008899196,-306.4493408203125,1.3113075494766235,-40.53757095336914,3457.265625
1008902228,-306.0998840332031,1.3279894590377808,-39.77215576171875,3458.122802734375
1008905260,-305.7529602050781,1.3447924852371216,-39.00526809692383,3458.98291015625
1008908288,-305.40850830078125,1.361690640449524,-38.236942291259766,3459.842041015625
1008911313,-305.0665283203125,1.378677248954773,-37.46717071533203,3460.708251953125
1008914342,-304.72698974609375,1.3957468271255493,-36.69597625732422,3461.573486328125
1008917363,-304.3899230957031,1.4128679037094116,-35.923377990722656,3462.429443359375
1008920378,-304.0552673339844,1.4300192594528198,-35.14938735961914,3463.278564453125
1008923428,-303.72314453125,1.4472519159317017,-34.37399673461914,3464.12890625
1008926497,-303.3935241699219,1.464601993560791,-33.59721374511719,3464.983154296875
1008929549,-303.06646728515625,1.4820432662963867,-32.819061279296875,3465.83544921875
1008932584,-302.7419738769531,1.4995993375778198,-32.03950881958008,3466.677490234375
1008935665,-302.420166015625,1.5173476934432983,-31.258546829223633,3467.51806640625
1008938736,-302.1010437011719,1.5352493524551392,-30.476213455200195,3468.354736328125
1008941721,-301.7845153808594,1.5532288551330566,-29.692541122436523,3469.188720703125
1008944670,-301.4706115722656,1.5712968111038208,-28.907514572143555,3470.02490234375
1008947606,-301.1593322753906,1.5894381999969482,-28.121143341064453,3470.8642578125
1008950489,-300.8507080078125,1.6075891256332397,-27.333480834960938,3471.70458984375
1008953198,-300.54461669921875,1.6257109642028809,-26.54450225830078,3472.548095703125
1008955475,-300.2409362792969,1.6438237428665161,-25.754169464111328,3473.391845703125
1008957253,-299.9391174316406,1.661953091621399,-24.96256446838379,3474.23583984375
1008958690,-299.6385192871094,1.6801055669784546,-24.169870376586914,3475.079833984375
1008959975,-299.3392333984375,1.6983044147491455,-23.376056671142578,3475.924560546875
1008961165,-299.0413513183594,1.7165721654891968,-22.581087112426758,3476.76953125
1008962419,-298.74542236328125,1.7349274158477783,-21.78485870361328,3477.614990234375
1008964076,-298.4518127441406,1.7534188032150269,-20.987266540527344,3478.461181640625
1008965750,-298.1607360839844,1.7721052169799805,-20.188344955444336,3479.309326171875
1008967429,-297.8721618652344,1.7910313606262207,-19.388139724731445,3480.15869140625
1008969098,-297.5860595703125,1.8101905584335327,-18.586700439453125,3481.00732421875
1008970750,-297.302490234375,1.8295503854751587,-17.784061431884766,3481.856689453125
1008972397,-297.0212707519531,1.8490835428237915,-16.98023796081543,3482.706787109375
1008974056,-296.7424011230469,1.8687429428100586,-16.175235748291016,3483.5576171875
1008975737,-296.4657287597656,1.8884614706039429,-15.369068145751953,3484.410400390625
1008977448,-296.191162109375,1.9081602096557617,-14.56175708770752,3485.264892578125
1008979191,-295.91864013671875,1.9277719259262085,-13.753327369689941,3486.119384765625
1008980964,-295.6480407714844,1.9472532272338867,-12.94379997253418,3486.971435546875
1008982763,-295.3793640136719,1.9665675163269043,-12.133195877075195,3487.822998046875
1008984595,-295.1125183105469,1.985702395439148,-11.321520805358887,3488.672607421875
1008986400,-294.8475341796875,2.004673480987549,-10.508781433105469,3489.520751953125
1008988117,-294.5842590332031,2.023513078689575,-9.69498062133789,3490.37353515625
1008989753,-294.3226623535156,2.042255163192749,-8.880125045776367,3491.233154296875
1008991341,-294.0627136230469,2.0609347820281982,-8.06422233581543,3492.09326171875
1008992852,-293.8044128417969,2.079562187194824,-7.247305393218994,3492.949951171875
1008994279,-293.54754638671875,2.098102569580078,-6.429416656494141,3493.807373046875
1008995651,-293.2921142578125,2.1165614128112793,-5.610584735870361,3494.667236328125
1008996977,-293.0380554199219,2.134948492050171,-4.790843963623047,3495.52783203125
1008998256,-292.7853088378906,2.153254747390747,-3.9702253341674805,3496.388671875
1008999526,-292.5339050292969,2.17142653465271,-3.148740291595459,3497.248779296875
1009000844,-292.28387451171875,2.1894357204437256,-2.326371669769287,3498.109375
1009002242,-292.0353088378906,2.207345962524414,-1.5030925273895264,3498.97021484375
1009003703,-291.7882995605469,2.225139617919922,-0.678898811340332,3499.831787109375
1009005195,-291.5428466796875,2.242737293243408,0.1462075561285019,3500.695068359375
1009006743,-291.2990417480469,2.2601890563964844,0.9722561836242676,3501.5595703125
1009008361,-291.0569763183594,2.2775657176971436,1.7992537021636963,3502.424072265625
1009010016,-290.81671142578125,2.294843912124634,2.6271822452545166,3503.289306640625
1009011655,-290.5782470703125,2.312042713165283,3.456057548522949,3504.15478515625
1009013258,-290.3415832519531,2.32918643951416,4.2858781814575195,3505.01904296875
1009014791,-290.106689453125,2.3462114334106445,5.116608142852783,3505.88427734375
1009016279,-289.8735656738281,2.363107204437256,5.948263168334961,3506.75
1009017763,-289.64215087890625,2.3799123764038086,6.7808685302734375,3507.61669921875
1009019219,-289.4124450683594,2.3965981006622314,7.614401340484619,3508.48046875
1009020469,-289.18377685546875,2.4130849838256836,8.44873332977295,3509.341552734375
1009021583,-288.9558410644531,2.4293713569641113,9.28380298614502,3510.20361328125
1009022680,-288.7287292480469,2.4454567432403564,10.119613647460938,3511.0703125
1009023759,-288.5024108886719,2.4612865447998047,10.95615291595459,3511.937744140625
1009024834,-288.27691650390625,2.476867437362671,11.793437004089355,3512.804931640625
1009025911,-288.0523986816406,2.492255926132202,12.631488800048828,3513.672607421875
1009027040,-287.8289489746094,2.507479667663574,13.470314979553223,3514.54638671875
1009028200,-287.60675048828125,2.5226032733917236,14.309922218322754,3515.42529296875
1009029367,-287.3856506347656,2.5377180576324463,15.150313377380371,3516.302490234375
1009030539,-287.1656494140625,2.55290150642395,15.991477966308594,3517.174560546875
1009031700,-286.9467468261719,2.5682129859924316,16.83339500427246,3518.046875
1009032829,-286.7288513183594,2.583685874938965,17.676042556762695,3518.92724609375
1009033933,-286.51177978515625,2.5993614196777344,18.519397735595703,3519.80810546875
1009035035,-286.29541015625,2.6152679920196533,19.363422393798828,3520.67333984375
1009036105,-286.07965087890625,2.631337881088257,20.208084106445312,3521.530517578125
1009037176,-285.8642883300781,2.647512912750244,21.0533390045166,3522.3916015625
1009038241,-285.6492004394531,2.66369891166687,21.89914321899414,3523.259765625
1009039298,-285.4342346191406,2.6797664165496826,22.745464324951172,3524.128662109375
1009040369,-285.2192687988281,2.6956567764282227,23.592281341552734,3525.0380859375
1009041469,-285.00433349609375,2.711338520050049,24.439571380615234,3525.94873046875
1009042608,-284.78924560546875,2.726776123046875,25.28731346130371,3526.8330078125
1009043936,-284.5380859375,2.74450945854187,26.276914596557617,3527.857666015625
1009045112,-284.322509765625,2.759582757949829,27.1256103515625,3528.73388671875
1009046283,-284.1066589355469,2.7745425701141357,27.9747257232666,3529.610107421875
1009047454,-283.89044189453125,2.7894043922424316,28.824256896972656,3530.484619140625
1009048651,-283.6738586425781,2.804251194000244,29.674182891845703,3531.356689453125
1009049853,-283.4569091796875,2.819030284881592,30.524494171142578,3532.229736328125
1009051031,-283.23956298828125,2.8336849212646484,31.375192642211914,3533.10205078125
1009052256,-283.02166748046875,2.8482556343078613,32.22624588012695,3533.97509765625
1009053584,-282.8031921386719,2.862691879272461,33.07762145996094,3534.84765625
1009054938,-282.58404541015625,2.876922607421875,33.92930603027344,3535.720947265625
1009056364,-282.3641357421875,2.8909847736358643,34.78127670288086,3536.6103515625
1009057867,-282.1434020996094,2.9049253463745117,35.633506774902344,3537.515380859375
1009059431,-281.9216613769531,2.918792486190796,36.48596954345703,3538.416748046875
1009061057,-281.69891357421875,2.93263840675354,37.338623046875,3539.30712890625
1009062771,-281.47491455078125,2.9465765953063965,38.191429138183594,3540.197265625
1009064589,-281.24957275390625,2.9607090950012207,39.04433822631836,3541.07666015625
1009066484,-281.0227355957031,2.975092649459839,39.89729690551758,3541.9560546875
1009068464,-280.79425048828125,2.989786386489868,40.75025177001953,3542.83837890625
1009070535,-280.56402587890625,3.004823923110962,41.6031494140625,3543.721435546875
1009072739,-280.33184814453125,3.020247459411621,42.45591735839844,3544.60205078125
1009075060,-280.0975036621094,3.0360143184661865,43.30850601196289,3545.4794921875
1009077494,-279.8609924316406,3.052100896835327,44.16086959838867,3546.36279296875
1009079980,-279.6222839355469,3.0685033798217773,45.012977600097656,3547.270263671875
1009082174,-279.3817138671875,3.0851938724517822,45.864994049072266,3548.17822265625
1009083623,-279.1399841308594,3.102187395095825,46.7171745300293,3549.102783203125
1009084924,-278.8971252441406,3.119492292404175,47.56951141357422,3550.028076171875
1009086204,-278.6531982421875,3.137079954147339,48.42198181152344,3550.929443359375
1009087467,-278.4079895019531,3.154923439025879,49.27458953857422,3551.825927734375
1009088718,-278.1615295410156,3.1729938983917236,50.12730026245117,3552.720947265625
1009089943,-277.913818359375,3.191164970397949,50.9801025390625,3553.614990234375
1009091269,-277.6646728515625,3.2093300819396973,51.832942962646484,3554.52587890625
1009092690,-277.4140319824219,3.227421283721924,52.68579864501953,3555.46923828125
1009094175,-277.1619567871094,3.2453346252441406,53.53866195678711,3556.400634765625
1009095677,-276.9085388183594,3.2629480361938477,54.39156723022461,3557.287353515625
1009097154,-276.6539306640625,3.280160665512085,55.24456024169922,3558.17431640625
1009098595,-276.3982238769531,3.296999931335449,56.09770965576172,3559.046875
1009100004,-276.14141845703125,3.313459634780884,56.95103454589844,3559.91943359375
1009101395,-275.8836975097656,3.3295605182647705,57.80458068847656,3560.822021484375
1009102745,-275.6251525878906,3.34535813331604,58.65837860107422,3561.74072265625
1009104051,-275.3658752441406,3.360910177230835,59.51245880126953,3562.6474609375
1009105320,-275.10595703125,3.3762848377227783,60.36684036254883,3563.541259765625
1009106618,-274.8453369140625,3.3915107250213623,61.22151565551758,3564.433837890625
1009107974,-274.5841064453125,3.406655788421631,62.07647705078125,3565.322021484375
1009109381,-274.3221740722656,3.421833038330078,62.93169021606445,3566.21044921875
1009110827,-274.0594787597656,3.4371187686920166,63.787139892578125,3567.158447265625
1009112314,-273.7959899902344,3.4526002407073975,64.64280700683594,3568.10791015625
1009113867,-273.5316467285156,3.468397855758667,65.49866485595703,3569.019287109375
1009115492,-273.2662658691406,3.484635353088379,66.35468292236328,3569.9248046875
1009117186,-273.0002136230469,3.5013017654418945,67.20972442626953,3570.814697265625
1009119308,-272.7340087890625,3.5182812213897705,68.06190490722656,3571.6943359375
1009121397,-272.4674987792969,3.535607099533081,68.91104888916016,3572.578125
1009123765,-272.20068359375,3.553276300430298,69.75679016113281,3573.470947265625
1009126273,-271.9335632324219,3.571260452270508,70.59888458251953,3574.3623046875
1009128980,-271.6661071777344,3.5895180702209473,71.4371566772461,3575.263671875
1009131985,-271.3981018066406,3.608004570007324,72.27164459228516,3576.16162109375
1009135451,-271.129638671875,3.6266443729400635,73.10233306884766,3577.0400390625
1009138829,-270.8604431152344,3.6453137397766113,73.9295425415039,3577.913330078125
1009141495,-270.5909729003906,3.6639389991760254,74.75349426269531,3578.783447265625
1009143330,-270.3218688964844,3.682452440261841,75.57449340820312,3579.650634765625
1009145310,-270.0535583496094,3.700824499130249,76.39208221435547,3580.515625
1009148106,-269.7861328125,3.7189829349517822,77.20614624023438,3581.379150390625
1009151309,-269.5196533203125,3.736891984939575,78.01667022705078,3582.2392578125
1009154569,-269.2541198730469,3.7545483112335205,78.82357025146484,3583.09912109375
1009157962,-268.9895324707031,3.771975517272949,79.62686157226562,3583.955078125
1009161567,-268.7259216308594,3.7891685962677,80.42654418945312,3584.8056640625
1009165391,-268.4632568359375,3.80615234375,81.2226791381836,3585.651123046875
1009169150,-268.20147705078125,3.8229429721832275,82.01547241210938,3586.490234375
1009172850,-267.94036865234375,3.8395793437957764,82.80503845214844,3587.3173828125
1009174945,-267.6799011230469,3.856083631515503,83.59109497070312,3588.14111328125
1009177000,-267.4200744628906,3.8724889755249023,84.37347412109375,3588.973876953125
1009180140,-267.1610107421875,3.888789653778076,85.15201568603516,3589.8056640625
1009184061,-266.9021301269531,3.9049737453460693,85.92683410644531,3590.63818359375
1009188150,-266.6431884765625,3.9210383892059326,86.69786834716797,3591.474365234375
1009191897,-266.3836975097656,3.937067985534668,87.46521759033203,3592.30615234375
1009195143,-266.1234130859375,3.953111410140991,88.22892761230469,3593.11279296875
1009198384,-265.8622741699219,3.9692542552948,88.98888397216797,3593.916015625
1009202358,-265.6005554199219,3.9855716228485107,89.74476623535156,3594.716064453125
1009206670,-265.33819580078125,4.00208854675293,90.49658203125,3595.5126953125
1009210766,-265.07501220703125,4.018813610076904,91.24449157714844,3596.30615234375
1009214737,-264.8106689453125,4.03577995300293,91.98861694335938,3597.111083984375
1009218561,-264.545166015625,4.052977085113525,92.72899627685547,3597.91259765625
1009221567,-264.2791748046875,4.070389270782471,93.46562957763672,3598.704345703125
1009223975,-264.01300048828125,4.087949275970459,94.19852447509766,3599.48583984375
1009226526,-263.7469482421875,4.105520725250244,94.92770385742188,3600.263916015625
1009229306,-263.4811096191406,4.123020648956299,95.65311431884766,3601.039306640625
1009232533,-263.21551513671875,4.140378952026367,96.37478637695312,3601.81103515625
1009236204,-262.95013427734375,4.157519817352295,97.0927734375,3602.581787109375
1009240232,-262.684814453125,4.174388885498047,97.80715942382812,3603.35400390625
1009244259,-262.4192199707031,4.190990447998047,98.51806640625,3604.122802734375
1009247640,-262.1528015136719,4.207355976104736,99.22563934326172,3604.8818359375
1009250977,-261.88580322265625,4.2235307693481445,99.92979431152344,3605.63525390625
1009254680,-261.6186828613281,4.2395710945129395,100.63021850585938,3606.385498046875
1009258802,-261.3512878417969,4.255504131317139,101.32685852050781,3607.1328125
1009262540,-261.08319091796875,4.271425724029541,102.01997375488281,3607.877685546875
1009266105,-260.81414794921875,4.287372589111328,102.70954895019531,3608.619384765625
1009269719,-260.544189453125,4.3033528327941895,103.3955078125,3609.358154296875
1009273870,-260.2738037109375,4.31939172744751,104.07756042480469,3610.093505859375
1009278161,-260.0032958984375,4.33551549911499,104.75569152832031,3610.826171875
1009281880,-259.7331237792969,4.351722717285156,105.42990112304688,3611.55517578125
1009284571,-259.46337890625,4.367990016937256,106.10025787353516,3612.28076171875
1009287360,-259.19378662109375,4.384231090545654,106.76679992675781,3613.005126953125
1009290297,-258.9244689941406,4.400356292724609,107.4295654296875,3613.7255859375
1009293329,-258.6555480957031,4.416286945343018,108.08865356445312,3614.442138671875
1009296572,-258.3870849609375,4.431980133056641,108.74405670166016,3615.1533203125
1009300193,-258.1190490722656,4.4474310874938965,109.39579772949219,3615.861572265625
1009304011,-257.8515319824219,4.462662696838379,110.04388427734375,3616.567138671875
1009307880,-257.584716796875,4.477689266204834,110.688232421875,3617.27197265625
1009311761,-257.3186340332031,4.492495536804199,111.32891082763672,3617.97265625
1009315617,-257.0532531738281,4.507091999053955,111.96588897705078,3618.665283203125
1009319470,-256.7884826660156,4.5215044021606445,112.59925079345703,3619.348388671875
1009323361,-256.5242919921875,4.5357866287231445,113.22897338867188,3620.02880859375
1009327275,-256.2606506347656,4.549956321716309,113.85493469238281,3620.70751953125
1009330304,-255.9970245361328,4.564011096954346,114.47742462158203,3621.385498046875
1009332794,-255.7329559326172,4.578014850616455,115.09646606445312,3622.060546875
1009335294,-255.46847534179688,4.592016220092773,115.71187591552734,3622.7314453125
1009338589,-255.20404052734375,4.606044292449951,116.3233871459961,3623.39794921875
1009342163,-254.93975830078125,4.620020866394043,116.93108367919922,3624.06103515625
1009345740,-254.67555236816406,4.633904457092285,117.53498840332031,3624.72021484375
1009349288,-254.41131591796875,4.64767599105835,118.1351318359375,3625.37548828125
1009352700,-254.14669799804688,4.661309242248535,118.7319107055664,3626.0283203125
1009355460,-253.8813934326172,4.6747941970825195,119.32546997070312,3626.68017578125
1009358223,-253.61538696289062,4.688135147094727,119.915771484375,3627.33154296875
1009361223,-253.34913635253906,4.701356887817383,120.50250244140625,3627.979248046875
1009364738,-253.08258056640625,4.714443683624268,121.08575439453125,3628.62255859375
1009367636,-252.8153076171875,4.727415561676025,121.66577911376953,3629.261962890625
1009370533,-252.5472869873047,4.740288257598877,122.24259185791016,3629.89892578125
1009373436,-252.27877807617188,4.753082275390625,122.81594848632812,3630.533203125
1009376863,-252.00982666015625,4.765785217285156,123.3858871459961,3631.164794921875
1009379896,-251.74012756347656,4.778400421142578,123.95259857177734,3631.7939453125
1009382939,-251.46966552734375,4.790930271148682,124.51605224609375,3632.419921875
1009386074,-251.19869995117188,4.803387641906738,125.07603454589844,3633.04296875
1009389597,-250.92703247070312,4.815762996673584,125.63277435302734,3633.66357421875
1009392655,-250.65423583984375,4.828062057495117,126.18661499023438,3634.28173828125
1009395670,-250.38026428222656,4.840282440185547,126.73751831054688,3634.898193359375
1009398542,-250.10556030273438,4.852439880371094,127.28516387939453,3635.511962890625
1009401881,-249.83079528808594,4.864546298980713,127.82914733886719,3636.122314453125
1009404913,-249.5564727783203,4.876603603363037,128.36940002441406,3636.729736328125
1009407556,-249.28323364257812,4.888628959655762,128.90603637695312,3637.3330078125
1009410214,-249.0113525390625,4.900618076324463,129.4391326904297,3637.9326171875
1009412863,-248.7409210205078,4.912550449371338,129.9687957763672,3638.528564453125
1009415898,-248.4720458984375,4.924428462982178,130.4949188232422,3639.12060546875
1009419342,-248.20472717285156,4.936240196228027,131.01747131347656,3639.70849609375
1009422946,-247.93885803222656,4.947977542877197,131.53660583496094,3640.292724609375
1009426226,-247.6737060546875,4.959668159484863,132.052490234375,3640.87353515625
1009428283,-247.40853881835938,4.971363544464111,132.5651092529297,3641.451171875
1009430301,-247.14382934570312,4.983179092407227,133.07391357421875,3642.024658203125
1009433552,-246.8796844482422,4.995099067687988,133.57887268066406,3642.595458984375
1009436006,-246.61526489257812,5.007111072540283,134.08033752441406,3643.164794921875
1009438255,-246.3503875732422,5.019204616546631,134.57833862304688,3643.73095703125
1009440551,-246.08531188964844,5.031378269195557,135.0727081298828,3644.294677734375
1009443713,-245.8199462890625,5.043601989746094,135.56361389160156,3644.8544921875
1009446191,-245.5538330078125,5.055785655975342,136.05126953125,3645.4111328125
1009448760,-245.28701782226562,5.0678629875183105,136.5357208251953,3645.96533203125
1009451495,-245.01983642578125,5.079817295074463,137.01675415039062,3646.5166015625
1009454419,-244.7519989013672,5.091616630554199,137.49465942382812,3647.064208984375
1009457206,-244.48333740234375,5.10325813293457,137.96945190429688,3647.609130859375
1009460068,-244.21395874023438,5.114738464355469,138.4410400390625,3648.152099609375
1009463374,-243.9442138671875,5.126091003417969,138.90921020507812,3648.692138671875
1009466473,-243.67367553710938,5.13734769821167,139.37429809570312,3649.230224609375
1009469632,-243.4022674560547,5.1485114097595215,139.8362274169922,3649.766357421875
1009472841,-243.1303253173828,5.159535884857178,140.2948760986328,3650.2998046875
1009476590,-242.85804748535156,5.170372486114502,140.7501983642578,3650.828857421875
1009479914,-242.585205078125,5.1810479164123535,141.2023162841797,3651.3544921875
1009483295,-242.31173706054688,5.191564559936523,141.65118408203125,3651.877685546875
1009486958,-242.037841796875,5.201920032501221,142.0967559814453,3652.3984375
1009491006,-241.7175750732422,5.213737487792969,142.6124725341797,3653.007568359375
1009493967,-241.48834228515625,5.2220258712768555,142.9781036376953,3653.441162109375
1009498120,-241.1669464111328,5.233469486236572,143.48609924316406,3654.045654296875
1009501774,-240.8907012939453,5.243180274963379,143.91799926757812,3654.560546875
1009505466,-240.61361694335938,5.252825736999512,144.3466796875,3655.072998046875
1009509201,-240.33592224121094,5.262375831604004,144.7720489501953,3655.5830078125
1009513096,-240.05764770507812,5.271790981292725,145.1941375732422,3656.09033203125
1009516909,-239.7787322998047,5.281071186065674,145.6129913330078,3656.595458984375
1009520716,-239.49923706054688,5.29022216796875,146.02854919433594,3657.097412109375
1009524596,-239.21929931640625,5.299241065979004,146.44082641601562,3657.596923828125
1009528387,-238.9386749267578,5.30813455581665,146.849853515625,3658.09423828125
1009532195,-238.65740966796875,5.3169050216674805,147.2556610107422,3658.589111328125
1009536079,-238.37574768066406,5.325555324554443,147.65811157226562,3659.08056640625
1009539897,-238.09344482421875,5.334086894989014,148.0573272705078,3659.56982421875
1009543713,-237.810546875,5.342497825622559,148.4533233642578,3660.05712890625
1009547525,-237.52720642089844,5.350795745849609,148.84596252441406,3660.54150390625
1009551410,-237.243408203125,5.35898494720459,149.23529052734375,3661.02392578125
1009555232,-236.95904541015625,5.367063045501709,149.62132263183594,3661.50390625
1009559058,-236.6741485595703,5.375029563903809,150.00404357910156,3661.981689453125
1009562929,-236.38888549804688,5.382883548736572,150.3834686279297,3662.457275390625
1009566753,-236.1030731201172,5.390622138977051,150.75961303710938,3662.93017578125
1009570593,-235.8167266845703,5.398248672485352,151.13247680664062,3663.40087890625
1009574513,-235.5300750732422,5.405771255493164,151.5019989013672,3663.869384765625
1009578359,-235.24288940429688,5.413181304931641,151.86825561523438,3664.335693359375
1009582203,-234.95521545410156,5.420490264892578,152.23123168945312,3664.799560546875
1009586060,-234.66720581054688,5.427727222442627,152.5907745361328,3665.26025390625
1009589975,-234.37876892089844,5.434895992279053,152.9469757080078,3665.71875
1009593857,-234.08984375,5.442001819610596,153.29981994628906,3666.174072265625
1009597743,-233.80050659179688,5.449048042297363,153.64927673339844,3666.626708984375
1009601662,-233.51089477539062,5.456027507781982,153.99533081054688,3667.078369140625
1009605543,-233.22080993652344,5.462940216064453,154.33807373046875,3667.527587890625
1009609441,-232.9302978515625,5.46980094909668,154.6774444580078,3667.974609375
1009613396,-232.63958740234375,5.476616382598877,155.01341247558594,3668.419189453125
1009617295,-232.34841918945312,5.483382701873779,155.3460235595703,3668.860595703125
1009621201,-232.05682373046875,5.490104675292969,155.67526245117188,3669.29931640625
1009625101,-231.76499938964844,5.4967942237854,156.00103759765625,3669.73583984375
1009629020,-231.472900390625,5.503443717956543,156.3234405517578,3670.16943359375
1009632917,-231.1803741455078,5.510051727294922,156.64244079589844,3670.60009765625
1009636833,-230.88755798339844,5.516642093658447,156.95799255371094,3671.0283203125
1009640791,-230.59454345703125,5.523226261138916,157.2700958251953,3671.45361328125
1009644737,-230.30116271972656,5.52981424331665,157.5787811279297,3671.8759765625
1009648685,-230.00741577148438,5.536403179168701,157.88400268554688,3672.295654296875
1009652695,-229.71360778808594,5.542980194091797,158.18572998046875,3672.71337890625
1009656612,-229.4195098876953,5.549526691436768,158.48410034179688,3673.128173828125
1009660538,-229.12510681152344,5.556047439575195,158.77906799316406,3673.54052734375
1009664450,-228.8306427001953,5.562557220458984,159.07057189941406,3673.9501953125
1009668361,-228.5360107421875,5.569058418273926,159.35865783691406,3674.357421875
1009672258,-228.24114990234375,5.575550079345703,159.64332580566406,3674.76220703125
1009676139,-227.94615173339844,5.582021236419678,159.92453002929688,3675.165283203125
1009679994,-227.65110778808594,5.588458061218262,160.20237731933594,3675.56591796875
1009683837,-227.3555908203125,5.594851016998291,160.47691345214844,3675.964111328125
1009687638,-227.0594482421875,5.6011738777160645,160.7481689453125,3676.360107421875
1009691481,-226.76309204101562,5.607424736022949,161.01602172851562,3676.753662109375
1009695329,-226.46620178222656,5.613579750061035,161.28067016601562,3677.144775390625
1009699063,-226.1688232421875,5.61963415145874,161.5420379638672,3677.533935546875
1009702785,-225.8712615966797,5.6255950927734375,161.80007934570312,3677.920166015625
1009706656,-225.57382202148438,5.6314897537231445,162.0547637939453,3678.303955078125
1009710432,-225.27633666992188,5.637343883514404,162.30606079101562,3678.688232421875
1009714240,-224.97897338867188,5.643159866333008,162.55393981933594,3679.075439453125
1009718031,-224.68203735351562,5.648961544036865,162.7983856201172,3679.4609375
1009721904,-224.3852996826172,5.654763221740723,163.0394744873047,3679.84423828125
1009725733,-224.0887451171875,5.660562515258789,163.27706909179688,3680.2255859375
1009729553,-223.79257202148438,5.66634464263916,163.5111846923828,3680.605712890625
1009733449,-223.4968719482422,5.672108173370361,163.74192810058594,3680.991943359375
1009737234,-223.20140075683594,5.677859306335449,163.96922302246094,3681.377197265625
1009740995,-222.9061737060547,5.683601379394531,164.1930694580078,3681.760498046875
1009744892,-222.6114044189453,5.68929386138916,164.41351318359375,3682.142333984375
1009748596,-222.31700134277344,5.694945812225342,164.63055419921875,3682.522705078125
1009752322,-222.02294921875,5.700558662414551,164.84413146972656,3682.907470703125
1009756024,-221.72946166992188,5.706152439117432,165.0542449951172,3683.29150390625
1009759729,-221.43634033203125,5.711723327636719,165.26097106933594,3683.673828125
1009763421,-221.14356994628906,5.7172627449035645,165.46426391601562,3684.05517578125
1009767140,-220.851318359375,5.722786903381348,165.6640625,3684.43505859375
1009771023,-220.55953979492188,5.728295803070068,165.86048889160156,3684.82763671875
1009774712,-220.26815795898438,5.733797073364258,166.0535125732422,3685.227783203125
1009778414,-219.97723388671875,5.739284515380859,166.24310302734375,3685.626708984375
1009782282,-219.68692016601562,5.7447381019592285,166.4293212890625,3686.025634765625
1009785962,-219.39707946777344,5.7501630783081055,166.6121826171875,3686.424072265625
1009789677,-219.1077117919922,5.75558614730835,166.79161071777344,3686.80078125
1009793345,-218.819091796875,5.761023998260498,166.96762084960938,3687.161376953125
1009797007,-218.53106689453125,5.766458988189697,167.1402587890625,3687.519775390625
1009800694,-218.24359130859375,5.771883010864258,167.30947875976562,3687.87646484375
1009804333,-217.9569091796875,5.7772932052612305,167.4752655029297,3688.23095703125
1009808183,-217.67092895507812,5.78269624710083,167.63772583007812,3688.583251953125
1009811882,-217.38560485839844,5.78809928894043,167.79678344726562,3688.993408203125
1009815543,-217.1010284423828,5.793527126312256,167.95237731933594,3689.40380859375
1009819380,-216.8174285888672,5.798998832702637,168.10462951660156,3689.81298828125
1009823036,-216.53453063964844,5.804501533508301,168.25347900390625,3690.222412109375
1009826659,-216.25241088867188,5.810037136077881,168.39891052246094,3690.62548828125
1009830303,-215.97116088867188,5.815675735473633,168.54086303710938,3690.974365234375
1009834078,-215.6907196044922,5.821450710296631,168.67933654785156,3691.3212890625
1009837730,-215.410888671875,5.827390670776367,168.8143310546875,3691.665771484375
1009841268,-215.1314239501953,5.833499908447266,168.9458465576172,3692.008544921875
1009844770,-214.85189819335938,5.83975076675415,169.07395935058594,3692.350341796875
1009848177,-214.57174682617188,5.846216201782227,169.1986846923828,3692.693603515625
1009851713,-214.29098510742188,5.853180408477783,169.31980895996094,3693.04248046875
1009855272,-214.0097198486328,5.860644817352295,169.4372100830078,3693.390380859375
1009858572,-213.7280731201172,5.868458271026611,169.551025390625,3693.73779296875
1009861750,-213.4460906982422,5.876546382904053,169.66140747070312,3694.08447265625
1009864870,-213.1637420654297,5.8848066329956055,169.7684783935547,3694.430419921875
1009867966,-212.88101196289062,5.893094539642334,169.8725128173828,3694.79638671875
1009871071,-212.59786987304688,5.901280403137207,169.97361755371094,3695.182861328125
1009874214,-212.31423950195312,5.909267425537109,170.07192993164062,3695.56982421875
1009877383,-212.0301513671875,5.917119979858398,170.1674041748047,3695.95751953125
1009880527,-211.74549865722656,5.92492151260376,170.2601318359375,3696.346923828125
1009883681,-211.46031188964844,5.932602882385254,170.35011291503906,3696.749755859375
1009886866,-211.1746368408203,5.940047740936279,170.43736267089844,3697.18115234375
1009890044,-210.88858032226562,5.947189807891846,170.5220184326172,3697.61328125
1009893210,-210.60215759277344,5.953973293304443,170.60411071777344,3698.047607421875
1009896379,-210.31546020507812,5.96036958694458,170.6837158203125,3698.48388671875
1009899554,-210.02847290039062,5.966367244720459,170.76080322265625,3698.89111328125
1009902728,-209.74127197265625,5.971982002258301,170.83535766601562,3699.28564453125
1009905952,-209.45387268066406,5.977228164672852,170.90733337402344,3699.680419921875
1009909199,-209.16632080078125,5.982099533081055,170.97671508789062,3700.075927734375
1009912452,-208.87863159179688,5.986599445343018,171.0435028076172,3700.471923828125
1009915689,-208.59080505371094,5.990710735321045,171.10772705078125,3700.88818359375
1009918936,-208.3028564453125,5.994408130645752,171.16941833496094,3701.316650390625
1009922216,-208.01478576660156,5.997674465179443,171.22857666015625,3701.745361328125
1009925487,-207.72657775878906,6.000463485717773,171.2852020263672,3702.1748046875
1009928725,-207.4382781982422,6.002758502960205,171.33929443359375,3702.605224609375
1009932021,-207.14988708496094,6.004688739776611,171.3907470703125,3702.98388671875
1009935455,-206.86143493652344,6.006452560424805,171.43934631347656,3703.359375
1009938943,-206.5728759765625,6.008163928985596,171.48497009277344,3703.734619140625
1009942446,-206.28433227539062,6.009868621826172,171.5275421142578,3704.10986328125
1009945937,-205.99578857421875,6.011579513549805,171.56703186035156,3704.484619140625
1009949420,-205.70733642578125,6.013300895690918,171.6034393310547,3704.870361328125
1009952909,-205.41897583007812,6.0150580406188965,171.63671875,3705.2626953125
1009956423,-205.13072204589844,6.016843318939209,171.66680908203125,3705.65478515625
1009959925,-204.842529296875,6.018631458282471,171.69375610351562,3706.04638671875
1009963392,-204.55430603027344,6.020452976226807,171.7175750732422,3706.4384765625
1009966840,-204.26588439941406,6.02235746383667,171.7382354736328,3706.80126953125
1009970279,-203.97705078125,6.0243821144104,171.7557373046875,3707.13330078125
1009973736,-203.6876220703125,6.026553630828857,171.77005004882812,3707.4658203125
1009977202,-203.39749145507812,6.028862953186035,171.78121948242188,3707.799072265625
1009980655,-203.10653686523438,6.0312676429748535,171.7892608642578,3708.133056640625
1009984049,-202.81471252441406,6.033731937408447,171.79428100585938,3708.46826171875
1009987410,-202.5220184326172,6.03621244430542,171.7963104248047,3708.8544921875
1009990764,-202.22850036621094,6.0386738777160645,171.79537963867188,3709.297119140625
1009994151,-201.93417358398438,6.041113376617432,171.7914581298828,3709.74169921875
1009997534,-201.63906860351562,6.043522357940674,171.7845916748047,3710.1884765625
1010000906,-201.34326171875,6.04590368270874,171.7747344970703,3710.636962890625
1010004218,-201.04672241210938,6.048231601715088,171.76190185546875,3710.982421875
1010007483,-200.74952697753906,6.050456523895264,171.74612426757812,3711.3251953125
1010010745,-200.45164489746094,6.0525126457214355,171.72752380371094,3711.6689453125
1010014016,-200.153076171875,6.054358959197998,171.7061004638672,3712.013916015625
1010017304,-199.85379028320312,6.055975914001465,171.6819305419922,3712.360107421875
1010020615,-199.55374145507812,6.057376861572266,171.65501403808594,3712.728271484375
1010023899,-199.2528839111328,6.058564186096191,171.62533569335938,3713.222412109375
1010027144,-198.95123291015625,6.059523105621338,171.59298706054688,3713.71875
1010030386,-198.64877319335938,6.060210704803467,171.5579376220703,3714.21728515625
1010033644,-198.34556579589844,6.060547351837158,171.5203094482422,3714.703369140625
1010036922,-198.0416259765625,6.060473918914795,171.4801788330078,3715.072509765625
1010040139,-197.73690795898438,6.059926509857178,171.4376220703125,3715.442626953125
1010043329,-197.43142700195312,6.058906078338623,171.39263916015625,3715.81396484375
1010046514,-197.12513732910156,6.057446002960205,171.34519958496094,3716.186767578125
1010049717,-196.8180389404297,6.055595874786377,171.29525756835938,3716.56103515625
1010053022,-196.5101776123047,6.053438186645508,171.24273681640625,3717.002685546875
1010056407,-196.20152282714844,6.051070690155029,171.1875,3717.47119140625
1010059847,-195.89208984375,6.048580169677734,171.1294708251953,3717.940673828125
1010063332,-195.5819091796875,6.045999050140381,171.06854248046875,3718.410888671875
1010066843,-195.27105712890625,6.043305397033691,171.00473022460938,3718.858642578125
1010070395,-194.95950317382812,6.040497779846191,170.93801879882812,3719.277099609375
1010073975,-194.64732360839844,6.037596225738525,170.8683624267578,3719.69677734375
1010077539,-194.33460998535156,6.034565448760986,170.79580688476562,3720.116943359375
1010081023,-194.02139282226562,6.031344890594482,170.72044372558594,3720.5380859375
1010084497,-193.70782470703125,6.027904987335205,170.642333984375,3720.963134765625
1010087944,-193.39389038085938,6.024218559265137,170.56146240234375,3721.3896484375
1010091288,-193.07958984375,6.0202412605285645,170.47787475585938,3721.816162109375
1010095141,-192.71241760253906,6.0152411460876465,170.37696838378906,3722.314208984375
1010098474,-192.39724731445312,6.010731220245361,170.28741455078125,3722.751708984375
1010101868,-192.08164978027344,6.006102085113525,170.19491577148438,3723.25537109375
1010105313,-191.765625,6.001321792602539,170.09951782226562,3723.7578125
1010108798,-191.4491729736328,5.996307849884033,170.0012664794922,3724.25830078125
1010112292,-191.13232421875,5.990950584411621,169.90025329589844,3724.741455078125
1010115736,-190.81507873535156,5.985116958618164,169.796630859375,3725.116943359375
1010119172,-190.49745178222656,5.978745460510254,169.6904296875,3725.49365234375
1010122628,-190.17945861816406,5.971873760223389,169.5816192626953,3725.871337890625
1010126105,-189.86111450195312,5.9646077156066895,169.47012329101562,3726.249755859375
1010129596,-189.54251098632812,5.957062721252441,169.35581970214844,3726.62939453125
1010133118,-189.2237091064453,5.949317932128906,169.23861694335938,3727.02978515625
1010136677,-188.90478515625,5.941395282745361,169.11846923828125,3727.434814453125
1010140273,-188.5857391357422,5.933233261108398,168.99542236328125,3727.84033203125
1010143900,-188.26658630371094,5.9247870445251465,168.8695526123047,3728.245849609375
1010147557,-187.94732666015625,5.9160380363464355,168.7408905029297,3728.65185546875
1010151135,-187.62789916992188,5.906882286071777,168.60951232910156,3729.0615234375
1010154541,-187.30828857421875,5.897210121154785,168.47557067871094,3729.4716796875
1010158004,-186.98851013183594,5.887118339538574,168.33901977539062,3729.881591796875
1010161610,-186.66867065429688,5.876736640930176,168.19973754882812,3730.292236328125
1010165285,-186.3488311767578,5.866159439086914,168.05758666992188,3730.702880859375
1010168998,-186.02899169921875,5.8554511070251465,167.9124755859375,3731.19677734375
1010172755,-185.70924377441406,5.844654560089111,167.76426696777344,3731.6884765625
1010176537,-185.38961791992188,5.833734512329102,167.61300659179688,3732.1767578125
1010180349,-185.0701141357422,5.822571754455566,167.458740234375,3732.661865234375
1010184179,-184.75070190429688,5.8111653327941895,167.30152893066406,3733.1064453125
1010188012,-184.43142700195312,5.799610137939453,167.1413116455078,3733.544677734375
1010191847,-184.11239624023438,5.787906169891357,166.9781494140625,3733.98046875
1010195654,-183.79360961914062,5.776066303253174,166.81201171875,3734.414794921875
1010199414,-183.47503662109375,5.764147758483887,166.64283752441406,3734.8408203125
1010203170,-183.15676879882812,5.75221061706543,166.4705352783203,3735.249267578125
1010206928,-182.8388214111328,5.740293502807617,166.29507446289062,3735.65673828125
1010210704,-182.52125549316406,5.728410720825195,166.11639404296875,3736.063232421875
1010214490,-182.20407104492188,5.716554641723633,165.9345245361328,3736.469482421875
1010218245,-181.88729858398438,5.704648971557617,165.7495574951172,3736.860107421875
1010222016,-181.5709991455078,5.6926093101501465,165.56155395507812,3737.22509765625
1010225840,-181.255126953125,5.680490016937256,165.37049865722656,3737.59130859375
1010229788,-180.93972778320312,5.66839599609375,165.1763458251953,3737.958740234375
1010233778,-180.6249237060547,5.656365871429443,164.9790802001953,3738.327392578125
1010237781,-180.3107452392578,5.6443915367126465,164.77874755859375,3738.697265625
1010241783,-179.99722290039062,5.632411956787109,164.57540893554688,3739.13232421875
1010245632,-179.68429565429688,5.6202921867370605,164.36917114257812,3739.5703125
1010249403,-179.37188720703125,5.60795259475708,164.1601104736328,3740.00537109375
1010253138,-179.05995178222656,5.595430850982666,163.94821166992188,3740.437255859375
1010256856,-178.74856567382812,5.582788944244385,163.7334442138672,3740.85400390625
1010260560,-178.43763732910156,5.57004976272583,163.5157470703125,3741.239990234375
1010264260,-178.12728881835938,5.55720329284668,163.29510498046875,3741.625732421875
1010267949,-177.8175506591797,5.544193744659424,163.071533203125,3742.01123046875
1010271689,-177.50836181640625,5.530975341796875,162.84510803222656,3742.396728515625
1010275553,-177.19979858398438,5.517575263977051,162.6158447265625,3742.781982421875
1010279466,-176.8918914794922,5.504035949707031,162.38368225097656,3743.171142578125
1010283402,-176.58470153808594,5.4904255867004395,162.14857482910156,3743.559814453125
1010287351,-176.27830505371094,5.476776599884033,161.91050720214844,3743.94677734375
1010291312,-175.9727325439453,5.463101863861084,161.66946411132812,3744.332763671875
1010295287,-175.6680450439453,5.449411869049072,161.42543029785156,3744.71826171875
1010299269,-175.3642120361328,5.435751914978027,161.17845153808594,3745.075439453125
1010303238,-175.06134033203125,5.422115325927734,160.9285430908203,3745.4326171875
1010307195,-174.75936889648438,5.408453941345215,160.67576599121094,3745.79248046875
1010311011,-174.45828247070312,5.394686698913574,160.420166015625,3746.154296875
1010314765,-174.15805053710938,5.380752086639404,160.16177368164062,3746.518798828125
1010318497,-173.85870361328125,5.366608142852783,159.90069580078125,3746.884765625
1010322230,-173.56024169921875,5.352238178253174,159.6369171142578,3747.251708984375
1010325955,-173.26263427734375,5.3376288414001465,159.3704376220703,3747.62158203125
1010329695,-172.9659881591797,5.322758197784424,159.1012725830078,3747.993896484375
1010333474,-172.67025756835938,5.307574272155762,158.82948303222656,3748.368408203125
1010337278,-172.3754425048828,5.292038440704346,158.55506896972656,3748.74560546875
1010341107,-172.08155822753906,5.276144981384277,158.27806091308594,3749.12939453125
1010344952,-171.78866577148438,5.2599101066589355,157.99842834472656,3749.51416015625
1010348813,-171.49673461914062,5.243358612060547,157.71617126464844,3749.900634765625
1010352689,-171.20582580566406,5.226537704467773,157.43125915527344,3750.2880859375
1010356597,-170.91598510742188,5.2095255851745605,157.14361572265625,3750.677001953125
1010360564,-170.6272735595703,5.192374229431152,156.85321044921875,3751.06689453125
1010364528,-170.33975219726562,5.175097942352295,156.55999755859375,3751.458740234375
1010368506,-170.05345153808594,5.157703876495361,156.26402282714844,3751.851806640625
1010372489,-169.7683563232422,5.140195846557617,155.96531677246094,3752.24658203125
1010376492,-169.48451232910156,5.122575283050537,155.66378784179688,3752.6435546875
1010380494,-169.20196533203125,5.1048479080200195,155.35951232910156,3753.04296875
1010384505,-168.9207305908203,5.087011337280273,155.0525665283203,3753.445068359375
1010388487,-168.64085388183594,5.069021224975586,154.74288940429688,3753.84912109375
1010392426,-168.36231994628906,5.050829887390137,154.43060302734375,3754.25537109375
1010396349,-168.08511352539062,5.032443046569824,154.11569213867188,3754.6640625
1010400310,-167.80934143066406,5.013907432556152,153.79812622070312,3755.07666015625
1010404346,-167.53506469726562,4.995270729064941,153.4779052734375,3755.49267578125
1010408411,-167.26231384277344,4.9765400886535645,153.15501403808594,3755.910888671875
1010412489,-166.99107360839844,4.957686901092529,152.82948303222656,3756.332275390625
1010416526,-166.72134399414062,4.938625812530518,152.50137329101562,3756.756103515625
1010420511,-166.45303344726562,4.919287204742432,152.17074584960938,3757.175537109375
1010424484,-166.18612670898438,4.8997087478637695,151.8375701904297,3757.59521484375
1010428455,-165.9207000732422,4.880014419555664,151.5017547607422,3758.01611328125
1010432565,-165.6569061279297,4.860342979431152,151.1632080078125,3758.438232421875
1010436762,-165.39479064941406,4.840756893157959,150.82191467285156,3758.862060546875
1010440958,-165.1344451904297,4.821195602416992,150.4779052734375,3759.288330078125
1010445095,-164.8757781982422,4.8015217781066895,150.13131713867188,3759.715087890625
1010449205,-164.61871337890625,4.781656742095947,149.78224182128906,3760.143798828125
1010453300,-164.36325073242188,4.761617183685303,149.43064880371094,3760.572998046875
1010457381,-164.10943603515625,4.741518974304199,149.07650756835938,3761.007568359375
1010461510,-163.85731506347656,4.721468448638916,148.7197723388672,3761.448486328125
1010465649,-163.60702514648438,4.701427459716797,148.36041259765625,3761.891357421875
1010469684,-163.35842895507812,4.681232452392578,147.99864196777344,3762.33642578125
1010473689,-163.11148071289062,4.660764217376709,147.634521484375,3762.78271484375
1010477684,-162.86618041992188,4.6399760246276855,147.2681121826172,3763.211669921875
1010481675,-162.62242126464844,4.618873119354248,146.89938354492188,3763.64013671875
1010485682,-162.3803253173828,4.597535610198975,146.52828979492188,3764.069091796875
1010489674,-162.13987731933594,4.5759501457214355,146.1548309326172,3764.498291015625
1010493633,-161.90101623535156,4.553987503051758,145.77914428710938,3764.932861328125
1010497614,-161.66375732421875,4.531601905822754,145.40126037597656,3765.380859375
1010501626,-161.42807006835938,4.5088090896606445,145.02117919921875,3765.830322265625
1010505593,-161.19400024414062,4.485629558563232,144.6388702392578,3766.28076171875
1010509564,-160.96151733398438,4.46211051940918,144.2542724609375,3766.733154296875
1010513598,-160.730712890625,4.438273906707764,143.86741638183594,3767.19140625
1010517678,-160.50161743164062,4.414115905761719,143.4783172607422,3767.65185546875
1010521789,-160.27426147460938,4.389642238616943,143.08697509765625,3768.114013671875
1010525739,-160.04859924316406,4.364828109741211,142.69332885742188,3768.578125
1010529805,-159.82464599609375,4.339729309082031,142.29742431640625,3769.03759765625
1010533948,-159.60252380371094,4.314418315887451,141.8992156982422,3769.4921875
1010538138,-159.38230895996094,4.288938045501709,141.49871826171875,3769.947509765625
1010542314,-159.1640167236328,4.263289451599121,141.09591674804688,3770.40380859375
1010546437,-158.94761657714844,4.237428188323975,140.69085693359375,3770.86328125
1010550630,-158.7330780029297,4.2113728523254395,140.2835235595703,3771.345947265625
1010554810,-158.5204620361328,4.1851959228515625,139.87384033203125,3771.830810546875
1010558438,-158.30966186523438,4.158857345581055,139.46185302734375,3772.3173828125
1010561064,-158.10040283203125,4.13224983215332,139.04757690429688,3772.806640625
1010562792,-157.8922576904297,4.105400085449219,138.63111877441406,3773.26806640625
1010563792,-157.68475341796875,4.078403949737549,138.21258544921875,3773.729736328125
1010564740,-157.4779052734375,4.0513105392456055,137.7919158935547,3774.1923828125
1010565691,-157.27175903320312,4.024065017700195,137.36900329589844,3774.65673828125
1010566672,-157.0662384033203,3.9965972900390625,136.94393920898438,3775.12890625
1010567691,-156.86126708984375,3.968994379043579,136.5166778564453,3775.607666015625
1010568707,-156.6569061279297,3.941460609436035,136.08712768554688,3776.087646484375
1010569779,-156.45339965820312,3.9141323566436768,135.65533447265625,3776.569091796875
1010571103,-156.25086975097656,3.8870182037353516,135.22128295898438,3777.048828125
1010572556,-156.04954528808594,3.8601021766662598,134.7850341796875,3777.52490234375
1010574103,-155.8493194580078,3.833418846130371,134.3467254638672,3778.00244140625
1010575577,-155.65000915527344,3.8068583011627197,133.90658569335938,3778.48095703125
1010576976,-155.45143127441406,3.7803409099578857,133.46478271484375,3778.960693359375
1010578326,-155.25344848632812,3.7538983821868896,133.02149963378906,3779.443359375
1010579628,-155.055908203125,3.7275493144989014,132.5768280029297,3779.926513671875
1010580835,-154.85858154296875,3.7011163234710693,132.1309051513672,3780.410888671875
1010581962,-154.66136169433594,3.6744136810302734,131.68374633789062,3780.89697265625
1010583041,-154.46408081054688,3.6473677158355713,131.23536682128906,3781.392822265625
1010584111,-154.2667236328125,3.620102643966675,130.78570556640625,3781.89013671875
1010585159,-154.06918334960938,3.5927696228027344,130.334716796875,3782.388671875
1010586183,-153.87144470214844,3.565352201461792,129.88235473632812,3782.88916015625
1010587198,-153.67344665527344,3.5378148555755615,129.42857360839844,3783.400390625
1010588209,-153.4751739501953,3.5102429389953613,128.9733123779297,3783.9130859375
1010589175,-153.27655029296875,3.4826574325561523,128.51663208007812,3784.427734375
1010590088,-153.0775146484375,3.4550235271453857,128.05850219726562,3784.94287109375
1010590925,-152.87786865234375,3.427367925643921,127.59908294677734,3785.451904296875
1010591753,-152.67767333984375,3.3997645378112793,127.13836669921875,3785.96240234375
1010592558,-152.47702026367188,3.3721301555633545,126.6763687133789,3786.474365234375
1010593368,-152.27598571777344,3.3443634510040283,126.21312713623047,3786.989990234375
1010594195,-152.07460021972656,3.3164610862731934,125.74867248535156,3787.515380859375
1010595038,-151.8728790283203,3.288522243499756,125.28306579589844,3788.041748046875
1010595873,-151.6708526611328,3.260580539703369,124.8163070678711,3788.56982421875
1010596708,-151.46849060058594,3.232525587081909,124.34842681884766,3789.0771484375
1010597554,-151.2657928466797,3.2043728828430176,123.87944793701172,3789.555419921875
1010598410,-151.06272888183594,3.176271915435791,123.4093246459961,3790.033935546875
1010599259,-150.85928344726562,3.1482315063476562,122.93804931640625,3790.513427734375
1010600109,-150.65545654296875,3.1201837062835693,122.46561431884766,3791.01708984375
1010600971,-150.45120239257812,3.092153310775757,121.9919662475586,3791.601806640625
1010601839,-150.2465057373047,3.064220428466797,121.51709747314453,3792.188720703125
1010602703,-150.04132080078125,3.036390781402588,121.04100036621094,3792.778076171875
1010603567,-149.8356475830078,3.0083959102630615,120.56371307373047,3793.279052734375
1010604429,-149.62942504882812,2.980030059814453,120.0852279663086,3793.760498046875
1010605318,-149.4226531982422,2.9511144161224365,119.60572052001953,3794.242919921875
1010606503,-149.21543884277344,2.921426773071289,119.1255111694336,3794.7255859375
1010607868,-149.00811767578125,2.8912580013275146,118.64541625976562,3795.242431640625
1010608675,-148.7659912109375,2.8559038639068604,118.08512115478516,3795.8662109375
1010609415,-148.55825805664062,2.8257055282592773,117.6048355102539,3796.401611328125
1010610075,-148.3502960205078,2.7952969074249268,117.12452697753906,3796.935546875
1010610906,-148.14207458496094,2.764557361602783,116.64413452148438,3797.449462890625
1010611500,-147.9332275390625,2.733696460723877,116.16315460205078,3797.9638671875
1010612587,-147.72337341308594,2.7034800052642822,115.6806411743164,3798.480224609375
1010613322,-147.51231384277344,2.6739554405212402,115.19599151611328,3799.00146484375
1010614911,-147.3000030517578,2.645284414291382,114.70890045166016,3799.53759765625
1010615854,-147.08648681640625,2.617605209350586,114.21929931640625,3800.076416015625
1010617025,-146.8719024658203,2.590718984603882,113.72754669189453,3800.617919921875
1010618554,-146.6565399169922,2.565014123916626,113.23400115966797,3801.1650390625
1010619539,-146.44065856933594,2.5400331020355225,112.73930358886719,3801.71826171875
1010620972,-146.2244873046875,2.5164132118225098,112.24378967285156,3802.271728515625
1010622021,-146.00823974609375,2.493724822998047,111.74790954589844,3802.826416015625
1010623623,-145.79196166992188,2.4723758697509766,111.25170135498047,3803.353271484375
1010624146,-145.57565307617188,2.451841115951538,110.75516510009766,3803.874755859375
1010625249,-145.35914611816406,2.4319565296173096,110.2580795288086,3804.397216796875
1010625875,-145.14239501953125,2.412452459335327,109.76004028320312,3804.92041015625
1010627082,-144.9251708984375,2.3930771350860596,109.26080322265625,3805.49072265625
1010628092,-144.7073211669922,2.3741283416748047,108.75984191894531,3806.062744140625
1010628997,-144.4888458251953,2.3551225662231445,108.25711822509766,3806.63720703125
1010630588,-144.26956176757812,2.336155891418457,107.75241088867188,3807.20556640625
1010631567,-144.04965209960938,2.3168745040893555,107.24600219726562,3807.76806640625
1010633889,-143.8289337158203,2.297506809234619,106.73785400390625,3808.33203125
1010634878,-143.60772705078125,2.278109073638916,106.22826385498047,3808.89794921875
1010636349,-143.38607788085938,2.258915662765503,105.71752166748047,3809.4560546875
1010637024,-143.16416931152344,2.2398767471313477,105.20576477050781,3810.01416015625
1010638265,-142.9420166015625,2.2209224700927734,104.69327545166016,3810.5732421875
1010638997,-142.71958923339844,2.202249526977539,104.1799087524414,3811.120849609375
1010640298,-142.49703979492188,2.1837055683135986,103.66568756103516,3811.645263671875
1010641727,-142.27407836914062,2.165466070175171,103.15038299560547,3812.1708984375
1010642718,-142.0508270263672,2.1472134590148926,102.63389587402344,3812.697509765625
1010644117,-141.82708740234375,2.1291470527648926,102.11614227294922,3813.25048828125
1010644908,-141.6031494140625,2.1108593940734863,101.59696197509766,3813.826171875
1010646355,-141.3789520263672,2.091904640197754,101.07642364501953,3814.403564453125
1010647781,-141.1543731689453,2.0732975006103516,100.5541763305664,3814.983154296875
1010648895,-140.92970275878906,2.0552117824554443,100.03044891357422,3815.576171875
1010649915,-140.70506286621094,2.0376412868499756,99.50526428222656,3816.170166015625
1010650930,-140.48046875,2.019826889038086,98.97897338867188,3816.764892578125
1010651976,-140.25613403320312,2.0023412704467773,98.45143127441406,3817.345947265625
1010653024,-140.03245544433594,1.9857587814331055,97.92267608642578,3817.9208984375
1010654107,-139.80966186523438,1.9702035188674927,97.39268493652344,3818.49658203125
1010655253,-139.58786010742188,1.9555714130401611,96.8614273071289,3819.0732421875
1010656451,-139.3668670654297,1.9417800903320312,96.32892608642578,3819.650634765625
1010657476,-139.14598083496094,1.928795576095581,95.79537963867188,3820.229248046875
1010658443,-138.9248809814453,1.9166252613067627,95.26081848144531,3820.80908203125
1010659353,-138.70350646972656,1.9052062034606934,94.72518157958984,3821.39208984375
1010660244,-138.48170471191406,1.8944005966186523,94.18851470947266,3821.976806640625
1010661148,-138.25914001464844,1.884055733680725,93.6509017944336,3822.563232421875
1010662102,-138.03549194335938,1.8743486404418945,93.11249542236328,3823.1494140625
1010663145,-137.8105010986328,1.8655341863632202,92.57347106933594,3823.7353515625
1010664216,-137.58395385742188,1.8576886653900146,92.03402709960938,3824.32177734375
1010665269,-137.3556671142578,1.8505864143371582,91.49432373046875,3824.90966796875
1010666321,-137.12557983398438,1.8440186977386475,90.9544677734375,3825.527587890625
1010667377,-136.8936309814453,1.8380228281021118,90.41449737548828,3826.14990234375
1010668422,-136.65980529785156,1.8325661420822144,89.87449645996094,3826.772705078125
1010669474,-136.42404174804688,1.8275400400161743,89.33448791503906,3827.37646484375
1010670595,-136.18624877929688,1.8227492570877075,88.79448699951172,3827.970947265625
1010671826,-135.9463653564453,1.8180031776428223,88.25452423095703,3828.566162109375
1010673136,-135.70437622070312,1.8131603002548218,87.71456909179688,3829.1630859375
1010674581,-135.460205078125,1.8081995248794556,87.17463684082031,3829.76220703125
1010676097,-135.21376037597656,1.8032017946243286,86.63472747802734,3830.3623046875
1010677636,-134.96490478515625,1.7982569932937622,86.09488677978516,3830.963623046875
1010679178,-134.71359252929688,1.79340660572052,85.55516052246094,3831.6064453125
1010680730,-134.45982360839844,1.7886664867401123,85.01557159423828,3832.251953125
1010682308,-134.20355224609375,1.784062147140503,84.47612762451172,3832.897705078125
1010683914,-133.94468688964844,1.779718279838562,83.9368896484375,3833.481689453125
1010685508,-133.68316650390625,1.7756552696228027,83.39795684814453,3834.055419921875
1010687094,-133.4190216064453,1.771808385848999,82.85934448242188,3834.630126953125
1010688703,-133.15223693847656,1.7681978940963745,82.32108306884766,3835.21728515625
1010690336,-132.88272094726562,1.7649253606796265,81.78323364257812,3835.826416015625
1010691941,-132.61045837402344,1.7619743347167969,81.24585723876953,3836.4365234375
1010693572,-132.33541870117188,1.759408950805664,80.708984375,3837.048828125
1010695254,-132.05746459960938,1.757380485534668,80.17269897460938,3837.68505859375
1010696936,-131.77647399902344,1.756018042564392,79.6370620727539,3838.32177734375
1010698617,-131.49237060546875,1.755379319190979,79.1021728515625,3838.958740234375
1010700289,-131.20516967773438,1.7554453611373901,78.5680160522461,3839.5732421875
1010701944,-130.9148712158203,1.756231665611267,78.03459167480469,3840.185791015625
1010703557,-130.62152099609375,1.7577046155929565,77.50189971923828,3840.79931640625
1010705174,-130.32508850097656,1.7598812580108643,76.969970703125,3841.41943359375
1010706789,-130.025634765625,1.7626688480377197,76.4388198852539,3842.0439453125
1010708413,-129.7232666015625,1.76591956615448,75.9084243774414,3842.66943359375
1010710083,-129.4180145263672,1.7695599794387817,75.37879943847656,3843.297607421875
1010711787,-129.1099090576172,1.773543357849121,74.8499526977539,3843.9296875
1010713504,-128.79901123046875,1.7777721881866455,74.32189178466797,3844.56201171875
1010715276,-128.48533630371094,1.7822535037994385,73.79462432861328,3845.191650390625
1010717066,-128.16880798339844,1.787042498588562,73.26818084716797,3845.810302734375
1010718854,-127.84940338134766,1.7921478748321533,72.74259185791016,3846.4296875
1010720643,-127.5271224975586,1.7975746393203735,72.2178726196289,3847.05029296875
1010722456,-127.20189666748047,1.803409218788147,71.69403076171875,3847.681884765625
1010724264,-126.87367248535156,1.8096872568130493,71.17110443115234,3848.31396484375
1010726061,-126.54247283935547,1.8163965940475464,70.64908599853516,3848.947265625
1010727873,-126.20828247070312,1.8235704898834229,70.12802124023438,3849.576904296875
1010729684,-125.87108612060547,1.831221342086792,69.60792541503906,3850.20703125
1010731478,-125.53092193603516,1.8393175601959229,69.08882141113281,3850.837890625
1010733289,-125.18778991699219,1.8478738069534302,68.57076263427734,3851.4833984375
1010735090,-124.84172058105469,1.8568934202194214,68.05376434326172,3852.13671875
1010736888,-124.49272918701172,1.8663522005081177,67.53787231445312,3852.79052734375
1010738691,-124.14081573486328,1.8762614727020264,67.02310180664062,3853.429443359375
1010740478,-123.7859878540039,1.886657476425171,66.50946807861328,3854.058349609375
1010742239,-123.42825317382812,1.8975030183792114,65.9969711303711,3854.68798828125
1010743974,-123.06769561767578,1.9087291955947876,65.4855728149414,3855.318115234375
1010745656,-122.70433044433594,1.9203606843948364,64.9752426147461,3855.948486328125
1010747280,-122.33817291259766,1.9323827028274536,64.46595001220703,3856.580322265625
1010748866,-121.96929931640625,1.9447498321533203,63.95763397216797,3857.211669921875
1010750396,-121.59782409667969,1.9573841094970703,63.45021438598633,3857.841796875
1010751729,-121.22418212890625,1.970265507698059,62.94327926635742,3858.47314453125
1010752784,-120.84893035888672,1.9834290742874146,62.43638610839844,3859.1064453125
1010753739,-120.47209167480469,1.9968066215515137,61.929534912109375,3859.76708984375
1010754637,-120.09369659423828,2.0103001594543457,61.4227180480957,3860.4287109375
1010755533,-119.7137680053711,2.023909330368042,60.915916442871094,3861.091064453125
1010756419,-119.33226776123047,2.0377118587493896,60.4091796875,3861.735107421875
1010757398,-118.94892120361328,2.0516998767852783,59.902767181396484,3862.3798828125
1010758483,-118.56367492675781,2.0658185482025146,59.39675521850586,3863.025390625
1010759558,-118.17659759521484,2.080096483230591,58.891109466552734,3863.656005859375
1010760635,-117.78775024414062,2.0946807861328125,58.38582992553711,3864.285400390625
1010761732,-117.39715576171875,2.109663248062134,57.88092041015625,3864.91552734375
1010762835,-117.0049057006836,2.125016689300537,57.376365661621094,3865.578369140625
1010763933,-116.61102294921875,2.140673875808716,56.872108459472656,3866.255615234375
1010765060,-116.21552276611328,2.1567482948303223,56.368125915527344,3866.93310546875
1010766215,-115.8183822631836,2.1734073162078857,55.86444854736328,3867.589599609375
1010767389,-115.41960144042969,2.190640449523926,55.36109161376953,3868.23974609375
1010768584,-115.01915740966797,2.2083663940429688,54.858070373535156,3868.89013671875
1010769804,-114.61699676513672,2.2265737056732178,54.35539245605469,3869.5634765625
1010771030,-114.21309661865234,2.245357036590576,53.85310745239258,3870.248291015625
1010772244,-113.80738067626953,2.2647483348846436,53.35129928588867,3870.93408203125
1010773449,-113.39981079101562,2.284682512283325,52.85001754760742,3871.590576171875
1010774654,-112.99036407470703,2.3050663471221924,52.349300384521484,3872.23681640625
1010775876,-112.5789794921875,2.32594895362854,51.849205017089844,3872.884033203125
1010777128,-112.16557312011719,2.3474576473236084,51.34986877441406,3873.544189453125
1010778387,-111.75006866455078,2.369563579559326,50.85139465332031,3874.212158203125
1010779640,-111.33243560791016,2.3921797275543213,50.35381317138672,3874.880859375
1010780919,-110.9126205444336,2.415343761444092,49.857181549072266,3875.541015625
1010782229,-110.49052429199219,2.439164638519287,49.36158752441406,3876.1962890625
1010783543,-110.06613159179688,2.4636309146881104,48.86709976196289,3876.85205078125
1010784842,-109.6394271850586,2.488637685775757,48.373722076416016,3877.533203125
1010786146,-109.2104721069336,2.5140531063079834,47.881439208984375,3878.23291015625
1010787469,-108.77930450439453,2.5397675037384033,47.39021301269531,3878.933349609375
1010788806,-108.345947265625,2.56567645072937,46.900020599365234,3879.5830078125
1010790192,-107.91045379638672,2.5916712284088135,46.410858154296875,3880.2119140625
1010791629,-107.47286224365234,2.617614269256592,45.92271041870117,3880.841064453125
1010793116,-107.03321838378906,2.6433889865875244,45.435550689697266,3881.48828125
1010794651,-106.5916748046875,2.6689181327819824,44.949462890625,3882.1513671875
1010796123,-106.1486587524414,2.694232225418091,44.4650764465332,3882.814453125
1010797543,-105.70411682128906,2.7194087505340576,43.98246765136719,3883.48095703125
1010798982,-105.25804138183594,2.7443995475769043,43.501644134521484,3884.15185546875
1010800401,-104.81050872802734,2.769108533859253,43.022586822509766,3884.822021484375
1010801794,-104.36151885986328,2.7935376167297363,42.545249938964844,3885.486328125
1010803195,-103.91079711914062,2.817758321762085,42.069393157958984,3886.14501953125
1010804681,-103.45784759521484,2.8417789936065674,41.59444046020508,3886.8046875
1010806484,-103.00242614746094,2.8656535148620605,41.11994171142578,3887.474853515625
1010808646,-102.54442596435547,2.8894100189208984,40.64572525024414,3888.157470703125
1010810954,-102.08397674560547,2.9130523204803467,40.171844482421875,3888.841552734375
1010812942,-101.6215591430664,2.9366207122802734,39.698265075683594,3889.506103515625
1010814244,-101.15779876708984,2.960176467895508,39.2251091003418,3890.1513671875
1010815071,-100.69297790527344,2.9837071895599365,38.75281524658203,3890.796875
1010815831,-100.22720336914062,3.0071702003479004,38.28152084350586,3891.4658203125
1010816598,-99.76042938232422,3.0305991172790527,37.811153411865234,3892.16845703125
1010817400,-99.29248046875,3.0540642738342285,37.34157943725586,3892.872314453125
1010818290,-98.82303619384766,3.077666997909546,36.872711181640625,3893.54541015625
1010819292,-98.35183715820312,3.1014339923858643,36.40444564819336,3894.195068359375
1010820314,-97.87879943847656,3.1252200603485107,35.936580657958984,3894.84521484375
1010821336,-97.40399932861328,3.1489202976226807,35.46894836425781,3895.504638671875
1010822364,-96.92755889892578,3.172553300857544,35.00151443481445,3896.174072265625
1010823344,-96.44969940185547,3.1961331367492676,34.53428268432617,3896.843994140625
1010824393,-95.89080047607422,3.223444938659668,33.98942184448242,3897.64599609375
1010825099,-95.49087524414062,3.2427937984466553,33.600399017333984,3898.230224609375
1010826062,-94.93022918701172,3.2697033882141113,33.055904388427734,3899.04931640625
1010827011,-94.44940948486328,3.2926506996154785,32.58888626098633,3899.747314453125
1010828133,-93.9685287475586,3.3155221939086914,32.12125778198242,3900.445068359375
1010829343,-93.48761749267578,3.338325023651123,31.65283203125,3901.143798828125
1010830615,-93.00663757324219,3.361177921295166,31.18341636657715,3901.822265625
1010831932,-92.52560424804688,3.3841469287872314,30.712860107421875,3902.49951171875
1010833215,-92.0445327758789,3.4070494174957275,30.24114418029785,3903.17822265625
1010834423,-91.56342315673828,3.4296271800994873,29.768291473388672,3903.838134765625
1010835619,-91.08232116699219,3.4518821239471436,29.294296264648438,3904.498046875
1010836779,-90.60134887695312,3.4738380908966064,28.819185256958008,3905.15869140625
1010837992,-90.12065887451172,3.495392084121704,28.342971801757812,3905.862060546875
1010839315,-89.64034271240234,3.516486167907715,27.865623474121094,3906.569580078125
1010840742,-89.16053771972656,3.537184476852417,27.38705062866211,3907.2734375
1010842345,-88.68138122558594,3.5577046871185303,26.907093048095703,3907.93310546875
1010844096,-88.20301818847656,3.5783255100250244,26.425525665283203,3908.593017578125
1010845896,-87.72551727294922,3.599074602127075,25.94223403930664,3909.25439453125
1010847719,-87.24884033203125,3.6198885440826416,25.457210540771484,3909.928955078125
1010849541,-86.77289581298828,3.6406474113464355,24.970502853393555,3910.60498046875
1010851354,-86.29766082763672,3.6613082885742188,24.482107162475586,3911.28515625
1010853244,-85.82322692871094,3.6817891597747803,23.992029190063477,3912.011474609375
1010855309,-85.3497085571289,3.702078342437744,23.50023078918457,3912.73828125
1010857455,-84.87714385986328,3.7220804691314697,23.006717681884766,3913.4609375
1010859570,-84.4055404663086,3.7417707443237305,22.51152229309082,3914.174072265625
1010861379,-83.93453216552734,3.761119842529297,22.014957427978516,3914.887451171875
1010862403,-83.4636001586914,3.7800259590148926,21.517417907714844,3915.580078125
1010863310,-82.9927749633789,3.7985074520111084,21.01881217956543,3916.2529296875
1010864210,-82.52207946777344,3.81663179397583,20.519041061401367,3916.92626953125
1010865130,-82.05147552490234,3.8343875408172607,20.018115997314453,3917.611328125
1010866076,-81.58087921142578,3.851703643798828,19.516098022460938,3918.305419921875
1010867077,-81.11034393310547,3.868603229522705,19.0129451751709,3919.0009765625
1010868135,-80.63996887207031,3.8851633071899414,18.508615493774414,3919.7041015625
1010869239,-80.16986846923828,3.9015262126922607,18.003080368041992,3920.411865234375
1010870359,-79.7000732421875,3.9176743030548096,17.496360778808594,3921.1201171875
1010871448,-79.23091125488281,3.933469772338867,16.988927841186523,3921.81103515625
1010872570,-78.76287078857422,3.9488718509674072,16.481456756591797,3922.4970703125
1010873677,-78.29618835449219,3.9638309478759766,15.974385261535645,3923.181884765625
1010875262,-77.83140563964844,3.9781370162963867,15.468585014343262,3923.88427734375
1010876910,-77.36859130859375,3.991729259490967,14.964204788208008,3924.58642578125
1010878669,-76.90796661376953,4.004695892333984,14.46141529083252,3925.28662109375
1010880543,-76.44969940185547,4.0171637535095215,13.960325241088867,3926.017333984375
1010882527,-75.99397277832031,4.029242038726807,13.46109676361084,3926.744384765625
1010884907,-75.54078674316406,4.041035175323486,12.963553428649902,3927.446044921875
1010886680,-75.09013366699219,4.052693843841553,12.467328071594238,3928.087646484375
1010888464,-74.64220428466797,4.064300537109375,11.972543716430664,3928.72705078125
1010890271,-74.19731140136719,4.075982570648193,11.479650497436523,3929.36962890625
1010892723,-73.75531768798828,4.087777614593506,10.988280296325684,3930.051513671875
1010894596,-73.31617736816406,4.099687099456787,10.497970581054688,3930.730224609375
1010896576,-72.8800277709961,4.111746311187744,10.00897216796875,3931.404541015625
1010898550,-72.44696044921875,4.12394380569458,9.521636962890625,3932.070068359375
1010900851,-72.01705932617188,4.136205673217773,9.036075592041016,3932.731689453125
1010903269,-71.5903091430664,4.148491859436035,8.552255630493164,3933.384033203125
1010905772,-71.16668701171875,4.160818576812744,8.07008171081543,3934.004150390625
1010908316,-70.74617767333984,4.173135757446289,7.589621067047119,3934.621826171875
1010910844,-70.32860565185547,4.185276985168457,7.111157417297363,3935.236328125
1010913536,-69.91378784179688,4.19713020324707,6.634798526763916,3935.903564453125
1010916080,-69.5014877319336,4.208695411682129,6.160847187042236,3936.572509765625
1010918832,-69.09152221679688,4.220007419586182,5.6894307136535645,3937.23681640625
1010921813,-68.68376159667969,4.23100471496582,5.220439434051514,3937.852783203125
1010925207,-68.27830505371094,4.241617202758789,4.753918170928955,3938.460693359375
1010928573,-67.87528228759766,4.251833915710449,4.289745330810547,3939.065673828125
1010931505,-67.47479248046875,4.26168966293335,3.827526569366455,3939.673583984375
1010933440,-67.07682037353516,4.271173000335693,3.366664409637451,3940.28271484375
1010935280,-66.68151092529297,4.280299186706543,2.9073293209075928,3940.888427734375
1010937956,-66.28895568847656,4.289120674133301,2.4497220516204834,3941.490234375
1010939972,-65.89925384521484,4.297708511352539,1.993417739868164,3942.086181640625
1010942010,-65.51244354248047,4.306071758270264,1.538187861442566,3942.679443359375
1010944331,-65.12852478027344,4.314133167266846,1.0842005014419556,3943.27001953125
1010946664,-64.74739837646484,4.321890354156494,0.6309968829154968,3943.865966796875
1010948889,-64.3691177368164,4.329355239868164,0.1783277988433838,3944.460205078125
1010951213,-63.993831634521484,4.33658504486084,-0.2736550271511078,3945.05078125
1010954037,-63.62160110473633,4.343565464019775,-0.7247185707092285,3945.637939453125
1010956580,-63.25227355957031,4.350231170654297,-1.1752365827560425,3946.22216796875
1010959190,-62.8858528137207,4.3565874099731445,-1.6252130270004272,3946.802978515625
1010961933,-62.522396087646484,4.362766265869141,-2.0747408866882324,3947.3798828125
1010964739,-62.16170883178711,4.368792533874512,-2.5244224071502686,3947.943359375
1010967438,-61.80356216430664,4.374605655670166,-2.9749045372009277,3948.505615234375
1010970171,-61.44796371459961,4.380152702331543,-3.4263434410095215,3949.0673828125
1010972932,-61.09491729736328,4.385413646697998,-3.8787386417388916,3949.631591796875
1010975744,-60.74441909790039,4.39039945602417,-4.332118511199951,3950.197998046875
1010978637,-60.39638900756836,4.395068168640137,-4.786599636077881,3950.76318359375
1010981598,-60.050716400146484,4.399416923522949,-5.242325782775879,3951.327392578125
1010984628,-59.70722579956055,4.403415679931641,-5.6995391845703125,3951.89697265625
1010987663,-59.36568832397461,4.407002925872803,-6.158445835113525,3952.465576171875
1010990742,-59.025978088378906,4.410185813903809,-6.619184970855713,3953.033447265625
1010993880,-58.68804931640625,4.412991523742676,-7.081835746765137,3953.598388671875
1010997048,-58.3519172668457,4.4154372215271,-7.546411037445068,3954.159912109375
1011000266,-58.017635345458984,4.417511463165283,-8.012866020202637,3954.721435546875
1011003558,-57.68528366088867,4.419229507446289,-8.481148719787598,3955.282958984375
1011006931,-57.35493850708008,4.420630931854248,-8.951233863830566,3955.84033203125
1011010394,-57.02667999267578,4.421770095825195,-9.423150062561035,3956.3974609375
1011013911,-56.70051956176758,4.422687530517578,-9.896949768066406,3956.95556640625
1011017449,-56.37644958496094,4.423412322998047,-10.372699737548828,3957.51513671875
1011021016,-56.0544548034668,4.423984527587891,-10.85047721862793,3958.0791015625
1011024611,-55.734519958496094,4.424440860748291,-11.330339431762695,3958.642578125
1011028204,-55.4166259765625,4.424792766571045,-11.812309265136719,3959.205078125
1011031794,-55.10078048706055,4.425045490264893,-12.296387672424316,3959.76611328125
1011035389,-54.78697967529297,4.425192356109619,-12.782543182373047,3960.32666015625
1011038959,-54.4752311706543,4.425206184387207,-13.27072811126709,3960.88720703125
1011042517,-54.165531158447266,4.42506742477417,-13.760904312133789,3961.447998046875
1011046086,-53.85789489746094,4.424767017364502,-14.253049850463867,3962.0087890625
1011049651,-53.55230712890625,4.4242753982543945,-14.747138023376465,3962.569580078125
1011053202,-53.24873733520508,4.423563003540039,-15.243158340454102,3963.130859375
1011056762,-52.947166442871094,4.422629356384277,-15.741121292114258,3963.6904296875
1011060353,-52.64760208129883,4.421511650085449,-16.241052627563477,3964.24658203125
1011063956,-52.350059509277344,4.420223236083984,-16.74295997619629,3964.80029296875
1011067559,-52.05454635620117,4.4187726974487305,-17.246858596801758,3965.351318359375
1011071146,-51.76106262207031,4.417170524597168,-17.752750396728516,3965.916259765625
1011074698,-51.4696159362793,4.415435314178467,-18.260618209838867,3966.4853515625
1011078239,-51.180240631103516,4.41358757019043,-18.77045249938965,3967.057373046875
1011081772,-50.892948150634766,4.411619186401367,-19.282241821289062,3967.624267578125
1011085194,-50.60765838623047,4.40943717956543,-19.795909881591797,3968.1787109375
1011088629,-50.3243293762207,4.406976699829102,-20.311389923095703,3968.732177734375
1011092100,-50.0429573059082,4.404223918914795,-20.828659057617188,3969.2841796875
1011095527,-49.763484954833984,4.401115894317627,-21.34768295288086,3969.838134765625
1011098910,-49.485836029052734,4.397543907165527,-21.86839485168457,3970.392578125
1011102338,-49.21001052856445,4.39349365234375,-22.39075469970703,3970.946044921875
1011105861,-48.93608093261719,4.389034271240234,-22.91476058959961,3971.49560546875
1011109405,-48.66410446166992,4.384143352508545,-23.440322875976562,3972.02880859375
1011112968,-48.39412307739258,4.37880802154541,-23.96734619140625,3972.558349609375
1011116551,-48.12626266479492,4.373108386993408,-24.495769500732422,3973.08447265625
1011120197,-47.8607177734375,4.367201805114746,-25.025531768798828,3973.625244140625
1011123888,-47.59767150878906,4.3611907958984375,-25.556575775146484,3974.195068359375
1011127613,-47.337276458740234,4.3551812171936035,-26.088878631591797,3974.766357421875
1011131385,-47.079647064208984,4.349297523498535,-26.622455596923828,3975.339111328125
1011135185,-46.824859619140625,4.343645095825195,-27.157339096069336,3975.91015625
1011138986,-46.57299041748047,4.338326454162598,-27.693571090698242,3976.481689453125
1011142812,-46.324214935302734,4.333582401275635,-28.23124122619629,3977.05419921875
1011146697,-46.07795333862305,4.331808090209961,-28.7696475982666,3977.6220703125
1011150289,-45.83488464355469,4.332455158233643,-29.30939483642578,3978.1806640625
1011153697,-45.594810485839844,4.333576202392578,-29.850399017333984,3978.738525390625
1011157166,-45.35731506347656,4.334773540496826,-30.392427444458008,3979.296630859375
1011160714,-45.1224250793457,4.336197853088379,-30.935482025146484,3979.956787109375
1011164322,-44.89035415649414,4.3396453857421875,-31.479591369628906,3980.657470703125
1011168654,-44.65960693359375,4.345766544342041,-32.02388000488281,3981.37158203125
1011175359,-44.43031311035156,4.353506088256836,-32.56845474243164,3982.160400390625
1011181045,-44.20282745361328,4.361898422241211,-33.1136589050293,3982.9736328125
1011186046,-43.9763069152832,4.3693037033081055,-33.65930938720703,3983.87939453125
1011188445,-43.75012969970703,4.374899387359619,-34.205223083496094,3984.904052734375
1011190824,-43.524131774902344,4.380796432495117,-34.75101089477539,3985.90087890625
1011193217,-43.29861068725586,4.3854875564575195,-35.29702377319336,3986.853759765625
1011195620,-43.07355499267578,4.388230800628662,-35.84333801269531,3987.959228515625
1011198891,-42.8491325378418,4.389191150665283,-36.38995361328125,3989.27490234375
1011202397,-42.625118255615234,4.388305187225342,-36.936767578125,3990.36865234375
1011205566,-42.401405334472656,4.3856096267700195,-37.4837532043457,3991.40625
1011208006,-42.17792510986328,4.380819797515869,-38.03086853027344,3992.216552734375
1011208006,-41.95468521118164,4.374287128448486,-38.578330993652344,3993.000732421875
1011208006,-41.731712341308594,4.365663528442383,-39.126129150390625,3993.747314453125
1011208006,-41.50910568237305,4.355157852172852,-39.67445373535156,3994.447021484375
1011208006,-41.28708267211914,4.3427252769470215,-40.22344970703125,3995.134521484375
1011208006,-41.06647872924805,4.330193042755127,-40.7733268737793,3995.73193359375
1011208006,-40.846778869628906,4.316973686218262,-41.32371520996094,3996.252197265625
1011208006,-40.62763977050781,4.301573753356934,-41.874290466308594,3996.77490234375
1011208006,-40.4088020324707,4.284037113189697,-42.42522048950195,3997.300537109375
1011208006,-40.19108581542969,4.265775680541992,-42.97710037231445,3997.854248046875
1011210730,-39.973915100097656,4.245855808258057,-43.52959442138672,3998.42041015625
1011214671,-39.75814437866211,4.225117206573486,-44.083534240722656,3998.9873046875
1011219722,-39.54494094848633,4.204673767089844,-44.63914489746094,3999.555908203125
1011225361,-39.3354377746582,4.185905456542969,-45.19677734375,4000.13232421875
1011231340,-39.1302604675293,4.169491291046143,-45.756587982177734,4000.709228515625
1011237482,-38.92961120605469,4.155554294586182,-46.3185920715332,4001.28662109375
1011242690,-38.73352813720703,4.144139766693115,-46.88273239135742,4001.8505859375
1011248670,-38.542057037353516,4.135511875152588,-47.448753356933594,4002.410400390625
1011254563,-38.355079650878906,4.129693508148193,-48.016414642333984,4002.97216796875
1011260655,-38.17275619506836,4.127028465270996,-48.58561325073242,4003.53759765625
1011266647,-37.9951057434082,4.127425670623779,-49.156314849853516,4004.10791015625
1011273250,-37.79350280761719,4.131000518798828,-49.82398986816406,4004.775634765625
1011277420,-37.65283966064453,4.134819030761719,-50.30205154418945,4005.25439453125
1011283086,-37.45964050292969,4.1406331062316895,-50.97279739379883,4005.92724609375
1011286921,-37.296504974365234,4.144992351531982,-51.54888153076172,4006.505859375
1011290490,-37.13505935668945,4.148257732391357,-52.1259765625,4007.08544921875
1011293799,-36.97493362426758,4.150146484375,-52.70406723022461,4007.66748046875
1011296895,-36.81585693359375,4.150433540344238,-53.283084869384766,4008.253662109375
1011299838,-36.65763854980469,4.148989677429199,-53.86302185058594,4008.83935546875
1011302678,-36.50020980834961,4.145774841308594,-54.443904876708984,4009.42431640625
1011305497,-36.343589782714844,4.140841960906982,-55.02579879760742,4010.005859375
1011308361,-36.187992095947266,4.134444236755371,-55.60894012451172,4010.58837890625
1011311423,-36.033790588378906,4.126959800720215,-56.19358444213867,4011.1728515625
1011314753,-35.881385803222656,4.118737697601318,-56.779823303222656,4011.759033203125
1011318323,-35.731109619140625,4.110048770904541,-57.36764144897461,4012.347900390625
1011322066,-35.58313751220703,4.101067543029785,-57.95698928833008,4012.93896484375
1011326013,-35.43757629394531,4.091925144195557,-58.54776382446289,4013.533203125
1011330134,-35.29453659057617,4.082729339599609,-59.139835357666016,4014.12646484375
1011334339,-35.15408706665039,4.0735368728637695,-59.733062744140625,4014.720458984375
1011338625,-35.016231536865234,4.06436014175415,-60.32733154296875,4015.31494140625
1011343008,-34.8809814453125,4.0552287101745605,-60.922569274902344,4015.9111328125
1011347445,-34.748329162597656,4.046163558959961,-61.518768310546875,4016.508544921875
1011351893,-34.61820983886719,4.037139892578125,-62.11595153808594,4017.107421875
1011356339,-34.49055099487305,4.028133392333984,-62.71419906616211,4017.7080078125
1011360780,-34.36528396606445,4.019145965576172,-63.313594818115234,4018.311767578125
1011365171,-34.24234390258789,4.01016092300415,-63.914207458496094,4018.917236328125
1011369530,-34.12168884277344,4.001175403594971,-64.51610565185547,4019.524658203125
1011373845,-34.00328063964844,3.9921793937683105,-65.1192855834961,4020.130126953125
1011378089,-33.88710403442383,3.9831531047821045,-65.7237548828125,4020.73681640625
1011382300,-33.773170471191406,3.9740843772888184,-66.32945251464844,4021.344970703125
1011386498,-33.661502838134766,3.9649858474731445,-66.93632507324219,4021.9482421875
1011390654,-33.55208969116211,3.9557971954345703,-67.54431915283203,4022.5498046875
1011394753,-33.444908142089844,3.94645619392395,-68.15335083007812,4023.151123046875
1011398827,-33.33995819091797,3.936923027038574,-68.76341247558594,4023.756103515625
1011402832,-33.23720932006836,3.927130937576294,-69.37445831298828,4024.367431640625
1011406804,-33.136653900146484,3.9170124530792236,-69.9864730834961,4024.979736328125
1011410756,-33.03825759887695,3.906482458114624,-70.59944915771484,4025.593505859375
1011414571,-32.941978454589844,3.8954598903656006,-71.21337127685547,4026.21044921875
1011418452,-32.84785842895508,3.8839404582977295,-71.82821655273438,4026.8291015625
1011422438,-32.756019592285156,3.87199330329895,-72.44392395019531,4027.44873046875
1011426552,-32.66658401489258,3.859678030014038,-73.0604019165039,4028.069580078125
1011430725,-32.579586029052734,3.84694766998291,-73.67753601074219,4028.691650390625
1011434865,-32.49504852294922,3.833804130554199,-74.29517364501953,4029.314208984375
1011438983,-32.41301345825195,3.820291042327881,-74.91326141357422,4029.934814453125
1011443103,-32.33356857299805,3.8064680099487305,-75.53174591064453,4030.553466796875
1011447256,-32.25676727294922,3.792341709136963,-76.1506118774414,4031.17236328125
1011451391,-32.182586669921875,3.7778584957122803,-76.76988983154297,4031.79150390625
1011455558,-32.11100387573242,3.7629809379577637,-77.38959503173828,4032.410400390625
1011459770,-32.04201889038086,3.7477028369903564,-78.00972747802734,4033.030029296875
1011464005,-31.97564697265625,3.732038736343384,-78.63028717041016,4033.649169921875
1011468280,-31.911897659301758,3.7159907817840576,-79.25126647949219,4034.265625
1011472572,-31.850786209106445,3.6995627880096436,-79.87261199951172,4034.8818359375
1011476864,-31.792335510253906,3.6827900409698486,-80.49431610107422,4035.498779296875
1011481228,-31.736635208129883,3.6658213138580322,-81.11636352539062,4036.13330078125
1011486216,-31.68388557434082,3.6489555835723877,-81.73873138427734,4036.771484375
1011490906,-31.63397979736328,3.6320533752441406,-82.36144256591797,4037.410400390625
1011495535,-31.586824417114258,3.6150903701782227,-82.9845199584961,4038.03857421875
1011500091,-31.54242706298828,3.598165512084961,-83.60806274414062,4038.663330078125
1011504618,-31.500741958618164,3.5812196731567383,-84.23209381103516,4039.288330078125
1011508546,-31.46163558959961,3.5641801357269287,-84.85673522949219,4039.913818359375
1011512960,-31.424991607666016,3.546928882598877,-85.4820327758789,4040.539794921875
1011517424,-31.39070701599121,3.5294392108917236,-86.1080551147461,4041.16650390625
1011521132,-31.358678817749023,3.511638641357422,-86.73489379882812,4041.792236328125
1011525585,-31.328943252563477,3.4935338497161865,-87.36251068115234,4042.413330078125
1011529553,-31.301406860351562,3.475133180618286,-87.99089050292969,4043.03515625
1011533198,-31.27579689025879,3.4561378955841064,-88.62003326416016,4043.6591796875
1011537337,-31.251876831054688,3.436363458633423,-89.24990844726562,4044.29638671875
1011540537,-31.2296085357666,3.4158082008361816,-89.88053131103516,4044.9345703125
1011544142,-31.208934783935547,3.3943638801574707,-90.51187896728516,4045.5732421875
1011547835,-31.190080642700195,3.3721842765808105,-91.14397430419922,4046.2255859375
1011550722,-31.172866821289062,3.3492183685302734,-91.77686309814453,4046.879638671875
1011554829,-31.157039642333984,3.325249195098877,-92.41075897216797,4047.53515625
1011558313,-31.143199920654297,3.3014450073242188,-93.04566192626953,4048.1689453125
1011560248,-31.13086700439453,3.277285575866699,-93.68150329589844,4048.80029296875
1011562344,-31.120162963867188,3.252772331237793,-94.31831359863281,4049.432373046875
1011564182,-31.111215591430664,3.2280964851379395,-94.95603942871094,4050.064453125
1011565922,-31.10398292541504,3.203193426132202,-95.59464263916016,4050.6962890625
1011568158,-31.098413467407227,3.1778857707977295,-96.23417663574219,4051.32958984375
1011569944,-31.09479522705078,3.1526591777801514,-96.87445068359375,4051.96484375
1011572170,-31.093116760253906,3.127448558807373,-97.51541900634766,4052.6015625
1011574448,-31.093551635742188,3.1023805141448975,-98.15705108642578,4053.239013671875
1011576297,-31.09587860107422,3.0774388313293457,-98.79933166503906,4053.88916015625
1011578536,-31.100027084350586,3.052349805831909,-99.44230651855469,4054.560302734375
1011580792,-31.10613441467285,3.027189016342163,-100.0859375,4055.23193359375
1011582442,-31.113603591918945,3.0014536380767822,-100.7304458618164,4055.880859375
1011585057,-31.122644424438477,2.9756581783294678,-101.37582397460938,4056.494384765625
1011588036,-31.13377571105957,2.9502758979797363,-102.02202606201172,4057.108642578125
1011590108,-31.146671295166016,2.925042152404785,-102.66909790039062,4057.730712890625
1011592800,-31.161415100097656,2.8996455669403076,-103.31684875488281,4058.39794921875
1011594908,-31.1778564453125,2.8737826347351074,-103.9652328491211,4059.066162109375
1011596802,-31.1959285736084,2.8473312854766846,-104.61416625976562,4059.73291015625
1011600235,-31.215883255004883,2.8202261924743652,-105.26361083984375,4060.38818359375
1011603734,-31.23798942565918,2.792773723602295,-105.91357421875,4061.0439453125
1011606563,-31.261999130249023,2.7649037837982178,-106.56404113769531,4061.701171875
1011610834,-31.28780746459961,2.7364180088043213,-107.21520233154297,4062.3720703125
1011615990,-31.316389083862305,2.7084641456604004,-107.86691284179688,4063.04345703125
1011619458,-31.347219467163086,2.680422306060791,-108.5192642211914,4063.71337890625
1011623384,-31.380290985107422,2.65212082862854,-109.17230224609375,4064.35595703125
1011627057,-31.415515899658203,2.623601198196411,-109.82613372802734,4064.999267578125
1011630266,-31.453346252441406,2.5956411361694336,-110.48054504394531,4065.64404296875
1011633917,-31.49361228942871,2.567553758621216,-111.13548278808594,4066.28515625
1011637522,-31.536462783813477,2.5393640995025635,-111.79093933105469,4066.9267578125
1011640863,-31.58157730102539,2.510894775390625,-112.44696044921875,4067.5693359375
1011644559,-31.629438400268555,2.482679843902588,-113.10356140136719,4068.23583984375
1011647891,-31.679576873779297,2.4543771743774414,-113.76079559326172,4068.907470703125
1011650299,-31.732032775878906,2.4263429641723633,-114.41866302490234,4069.5791015625
1011651798,-31.786252975463867,2.398085594177246,-115.07725524902344,4070.246337890625
1011653181,-31.842302322387695,2.369628667831421,-115.7365951538086,4070.9130859375
1011654670,-31.900310516357422,2.3410003185272217,-116.39661407470703,4071.580322265625
1011656353,-31.960399627685547,2.3121049404144287,-117.05729675292969,4072.2470703125
1011658223,-32.02272415161133,2.283031463623047,-117.71861267089844,4072.91357421875
1011660233,-32.08734130859375,2.2537825107574463,-118.3804931640625,4073.581298828125
1011662249,-32.1541862487793,2.2243034839630127,-119.04290771484375,4074.24658203125
1011664182,-32.22321701049805,2.1946191787719727,-119.70581817626953,4074.912109375
1011666049,-32.29450225830078,2.164893388748169,-120.36925506591797,4075.578369140625
1011667892,-32.36812210083008,2.13523006439209,-121.03324127197266,4076.239501953125
1011669753,-32.444034576416016,2.1056158542633057,-121.6977767944336,4076.899658203125
1011671632,-32.522117614746094,2.0759713649749756,-122.3628921508789,4077.56103515625
1011673425,-32.60218048095703,2.0462241172790527,-123.0286636352539,4078.231201171875
1011675091,-32.68397521972656,2.0162875652313232,-123.69513702392578,4078.904296875
1011676622,-32.767269134521484,1.9860906600952148,-124.36235809326172,4079.577880859375
1011678044,-32.851844787597656,1.9555999040603638,-125.03035736083984,4080.24755859375
1011679378,-32.9375,1.924838900566101,-125.69915008544922,4080.917236328125
1011680660,-33.0240478515625,1.8938661813735962,-126.36874389648438,4081.587646484375
1011681876,-33.11125946044922,1.8626763820648193,-127.03911590576172,4082.258056640625
1011683012,-33.19891357421875,1.8312793970108032,-127.71031188964844,4082.928955078125
1011684083,-33.28683090209961,1.7997725009918213,-128.38233947753906,4083.601318359375
1011685114,-33.374847412109375,1.7683162689208984,-129.05523681640625,4084.267578125
1011686117,-33.46282196044922,1.7369531393051147,-129.72898864746094,4084.93408203125
1011687099,-33.5506591796875,1.705656886100769,-130.40359497070312,4085.601806640625
1011688074,-33.63827896118164,1.6744903326034546,-131.07911682128906,4086.274169921875
1011689043,-33.72562789916992,1.6434991359710693,-131.75555419921875,4086.94873046875
1011689994,-33.81266403198242,1.6126426458358765,-132.43289184570312,4087.624267578125
1011690956,-33.89937210083008,1.5819858312606812,-133.1111602783203,4088.29541015625
1011691922,-33.98574447631836,1.5515927076339722,-133.79034423828125,4088.966796875
1011692889,-34.071807861328125,1.521454930305481,-134.47044372558594,4089.6396484375
1011693859,-34.1575927734375,1.4916068315505981,-135.15145874023438,4090.327392578125
1011694851,-34.24311828613281,1.462157130241394,-135.83335876464844,4091.017822265625
1011695849,-34.32844543457031,1.433165192604065,-136.5161590576172,4091.708984375
1011696868,-34.41362380981445,1.4047002792358398,-137.1998291015625,4092.40185546875
1011697902,-34.49869155883789,1.3768162727355957,-137.88436889648438,4093.095458984375
1011698939,-34.58372116088867,1.3495420217514038,-138.5697784423828,4093.7890625
1011699986,-34.66875457763672,1.3228822946548462,-139.25604248046875,4094.477294921875
1011701030,-34.75383377075195,1.2967731952667236,-139.94314575195312,4095.166748046875
1011702072,-34.83901596069336,1.2711515426635742,-140.631103515625,4095.85693359375
1011703113,-34.924320220947266,1.2459577322006226,-141.3199005126953,4096.548828125
1011704145,-35.00977325439453,1.221070408821106,-142.009521484375,4097.24169921875
1011705174,-35.09538269042969,1.1963878870010376,-142.69996643066406,4097.9365234375
1011706204,-35.181156158447266,1.1718525886535645,-143.3912353515625,4098.6357421875
1011707211,-35.267005920410156,1.1473838090896606,-144.0833282470703,4099.33544921875
1011708181,-35.352806091308594,1.1229350566864014,-144.77622985839844,4100.0341796875
1011709146,-35.438453674316406,1.0985021591186523,-145.469970703125,4100.732421875
1011710129,-35.523834228515625,1.074100136756897,-146.16456604003906,4101.4306640625
1011711148,-35.608821868896484,1.0497468709945679,-146.8600311279297,4102.13037109375
1011712198,-35.69328308105469,1.025444746017456,-147.55638122558594,4102.8310546875
1011713283,-35.777099609375,1.0012192726135254,-148.25363159179688,4103.53271484375
1011714412,-35.860130310058594,0.9770833849906921,-148.95179748535156,4104.23486328125
1011715567,-35.9422607421875,0.952996551990509,-149.65087890625,4104.93896484375
1011716762,-36.02334213256836,0.9289292097091675,-150.35086059570312,4105.6435546875
1011717958,-36.103336334228516,0.9048648476600647,-151.05177307128906,4106.35009765625
1011719075,-36.18224334716797,0.8807591199874878,-151.75360107421875,4107.05712890625
1011720161,-36.26005554199219,0.8565690517425537,-152.45632934570312,4107.76513671875
1011721215,-36.33677291870117,0.8322756886482239,-153.1599884033203,4108.47412109375
1011722241,-36.412384033203125,0.8078956604003906,-153.86456298828125,4109.185546875
1011723255,-36.48697280883789,0.783446729183197,-154.57005310058594,4109.8994140625
1011724235,-36.560977935791016,0.7589623928070068,-155.27639770507812,4110.6103515625
1011725230,-36.63438034057617,0.7345691323280334,-155.98365783691406,4111.32177734375
1011726235,-36.7071418762207,0.7103502154350281,-156.69180297851562,4112.0341796875
1011727245,-36.77922439575195,0.6863491535186768,-157.40084838867188,4112.75
1011728415,-36.862342834472656,0.6587880253791809,-158.2292022705078,4113.5869140625
1011729390,-36.9326286315918,0.6356130838394165,-158.94021606445312,4114.3046875
1011730361,-37.00202178955078,0.6128458976745605,-159.65211486816406,4115.0244140625
1011731327,-37.07057571411133,0.5905058979988098,-160.36489868164062,4115.74365234375
1011732286,-37.13835906982422,0.5685577988624573,-161.0785675048828,4116.45849609375
1011733240,-37.20549392700195,0.5469396710395813,-161.7930908203125,4117.17236328125
1011734195,-37.2720947265625,0.5256058573722839,-162.5084686279297,4117.88671875
1011735152,-37.33829116821289,0.504505455493927,-163.2246856689453,4118.60888671875
1011736125,-37.40419006347656,0.4836184084415436,-163.9417266845703,4119.33251953125
1011737115,-37.46990966796875,0.46293720602989197,-164.65956115722656,4120.056640625
1011738117,-37.535518646240234,0.4424586594104767,-165.37820434570312,4120.78125
1011739135,-37.60108947753906,0.4222014248371124,-166.09765625,4121.50732421875
1011740164,-37.66669845581055,0.4021778404712677,-166.81790161132812,4122.2333984375
1011741196,-37.732383728027344,0.382366806268692,-167.53892517089844,4122.95947265625
1011742229,-37.79819869995117,0.36274057626724243,-168.2607421875,4123.6865234375
1011743266,-37.86415100097656,0.3432774543762207,-168.9833221435547,4124.41259765625
1011744301,-37.930274963378906,0.32395264506340027,-169.7066650390625,4125.1396484375
1011745336,-37.9965705871582,0.30471372604370117,-170.4307861328125,4125.86669921875
1011746372,-38.063053131103516,0.28553593158721924,-171.15567016601562,4126.59130859375
1011747415,-38.12971115112305,0.26643314957618713,-171.8813018798828,4127.31689453125
1011748458,-38.196537017822266,0.24739599227905273,-172.6077117919922,4128.04443359375
1011749498,-38.263519287109375,0.22840434312820435,-173.3348846435547,4128.78076171875
1011750535,-38.33063888549805,0.2094723880290985,-174.06283569335938,4129.517578125
1011751566,-38.397891998291016,0.19060702621936798,-174.7915496826172,4130.25244140625
1011752586,-38.465248107910156,0.17173492908477783,-175.52102661132812,4130.986328125
1011753587,-38.532691955566406,0.15276476740837097,-176.25128173828125,4131.72119140625
1011754582,-38.600215911865234,0.13364893198013306,-176.9822998046875,4132.45654296875
1011755566,-38.66780471801758,0.11430295556783676,-177.7140655517578,4133.19287109375
1011756549,-38.73544692993164,0.09463252127170563,-178.4466094970703,4133.9296875
1011757538,-38.80314254760742,0.07464279979467392,-179.17990112304688,4134.66064453125
1011758538,-38.87088394165039,0.05438529700040817,-179.91395568847656,4135.392578125
1011759548,-38.93866729736328,0.033906079828739166,-180.64878845214844,4136.1259765625
1011760566,-39.006492614746094,0.013278348371386528,-181.38438415527344,4136.86083984375
1011761591,-39.07435989379883,-0.007391276303678751,-182.1207733154297,4137.5966796875
1011762623,-39.14226531982422,-0.02800470031797886,-182.85792541503906,4138.33544921875
1011763661,-39.2102165222168,-0.048487402498722076,-183.5958709716797,4139.07666015625
1011764699,-39.2782096862793,-0.06877852231264114,-184.33457946777344,4139.818359375
1011765739,-39.34624099731445,-0.08883799612522125,-185.07408142089844,4140.5615234375
1011766778,-39.41431427001953,-0.10865699499845505,-185.81434631347656,4141.30517578125
1011767812,-39.482425689697266,-0.1282282918691635,-186.55538940429688,4142.04931640625
1011768849,-39.55058288574219,-0.14753873646259308,-187.2971954345703,4142.794921875
1011769896,-39.618778228759766,-0.1665622889995575,-188.0397491455078,4143.54052734375
1011770941,-39.68701934814453,-0.18530310690402985,-188.78306579589844,4144.287109375
1011771994,-39.755287170410156,-0.20368312299251556,-189.5271453857422,4145.03369140625
1011773039,-39.823482513427734,-0.22164501249790192,-190.27198791503906,4145.78125
1011774043,-39.89146423339844,-0.23919185996055603,-191.0176239013672,4146.53271484375
1011775056,-39.959110260009766,-0.25625815987586975,-191.76405334472656,4147.28662109375
1011776092,-40.02628707885742,-0.27277958393096924,-192.51124572753906,4148.04150390625
1011777154,-40.09288787841797,-0.28876107931137085,-193.25927734375,4148.8017578125
1011778262,-40.15874099731445,-0.30413001775741577,-194.0081329345703,4149.56298828125
1011779398,-40.22372055053711,-0.3189117908477783,-194.7577667236328,4150.32470703125
1011780575,-40.28768539428711,-0.33311694860458374,-195.5082244873047,4151.0869140625
1011781798,-40.35042190551758,-0.34664130210876465,-196.2593231201172,4151.8505859375
1011783040,-40.41166305541992,-0.3594428300857544,-197.0099639892578,4152.60595703125
1011784700,-40.471134185791016,-0.3715229630470276,-197.75881958007812,4153.35791015625
1011786393,-40.528663635253906,-0.3829176723957062,-198.50576782226562,4154.10546875
1011788346,-40.58424377441406,-0.39365825057029724,-199.25035095214844,4154.84375
1011790399,-40.63788604736328,-0.4036869704723358,-199.9922332763672,4155.5791015625
1011793082,-40.68974685668945,-0.41308915615081787,-200.73086547851562,4156.3154296875
1011796379,-40.7399787902832,-0.4219779670238495,-201.4661865234375,4157.05322265625
1011799765,-40.78868865966797,-0.43041542172431946,-202.19796752929688,4157.78759765625
1011803175,-40.83607864379883,-0.4386321008205414,-202.9261932373047,4158.5263671875
1011806284,-40.882442474365234,-0.44684651494026184,-203.65090942382812,4159.26416015625
1011808553,-40.928253173828125,-0.45512351393699646,-204.37213134765625,4159.99951171875
1011810300,-40.97367477416992,-0.46343958377838135,-205.08981323242188,4160.7421875
1011813402,-41.018714904785156,-0.47177186608314514,-205.8037872314453,4161.4814453125
1011817125,-41.06338882446289,-0.4802052080631256,-206.51416015625,4162.2099609375
1011820789,-41.10771942138672,-0.48890841007232666,-207.22116088867188,4162.92138671875
1011823176,-41.15166091918945,-0.4978838860988617,-207.9253387451172,4163.6298828125
1011824610,-41.195098876953125,-0.5071361064910889,-208.62705993652344,4164.33740234375
1011826141,-41.238033294677734,-0.5166696906089783,-209.32583618164062,4165.04296875
1011829766,-41.28056335449219,-0.5265614986419678,-210.02139282226562,4165.74560546875
1011833369,-41.32268524169922,-0.5368226766586304,-210.7136993408203,4166.43505859375
1011836953,-41.3642578125,-0.5473787784576416,-211.40293884277344,4167.1181640625
1011839006,-41.405086517333984,-0.5581915974617004,-212.08924865722656,4167.7978515625
1011841042,-41.44505310058594,-0.5691699385643005,-212.77249145507812,4168.4599609375
1011843517,-41.483890533447266,-0.5802163481712341,-213.45236206054688,4169.11376953125
1011847034,-41.521270751953125,-0.5912407636642456,-214.12892150878906,4169.7646484375
1011850284,-41.556495666503906,-0.6021465063095093,-214.8028106689453,4170.42431640625
1011852966,-41.589088439941406,-0.6128280162811279,-215.47438049316406,4171.08740234375
1011855588,-41.61912155151367,-0.6232167482376099,-216.14329528808594,4171.74755859375
1011858478,-41.64680862426758,-0.633313775062561,-216.80938720703125,4172.41259765625
1011861450,-41.671875,-0.64308100938797,-217.4730682373047,4173.07958984375
1011864370,-41.694190979003906,-0.6524945497512817,-218.13441467285156,4173.74365234375
1011867240,-41.713985443115234,-0.6615936756134033,-218.79302978515625,4174.412109375
1011870096,-41.731449127197266,-0.6705584526062012,-219.44894409179688,4175.0810546875
1011872982,-41.746402740478516,-0.679440438747406,-220.1025848388672,4175.74755859375
1011875922,-41.75904083251953,-0.6882123351097107,-220.75390625,4176.41162109375
1011878952,-41.76998519897461,-0.6967731714248657,-221.40228271484375,4177.072265625
1011882083,-41.77964401245117,-0.7051296234130859,-222.0473175048828,4177.7294921875
1011885163,-41.78815841674805,-0.7133071422576904,-222.6888885498047,4178.376953125
1011888492,-41.79560089111328,-0.7212152481079102,-223.32684326171875,4179.01611328125
1011891963,-41.801918029785156,-0.7287845015525818,-223.96107482910156,4179.6513671875
1011893942,-41.80712890625,-0.7360700368881226,-224.5917510986328,4180.28759765625
1011895452,-41.811370849609375,-0.7430747151374817,-225.2187042236328,4180.923828125
1011898762,-41.81477737426758,-0.7496901154518127,-225.84158325195312,4181.556640625
1011902406,-41.81736373901367,-0.7559441328048706,-226.46038818359375,4182.1806640625
1011905741,-41.81907653808594,-0.7618879079818726,-227.0753936767578,4182.7919921875
1011907258,-41.819828033447266,-0.7676051259040833,-227.68695068359375,4183.400390625
1011908793,-41.819644927978516,-0.7731091976165771,-228.29489135742188,4184.00439453125
1011911905,-41.81844711303711,-0.7784630656242371,-228.8992156982422,4184.6103515625
1011915335,-41.815948486328125,-0.783771812915802,-229.5004425048828,4185.21240234375
1011918439,-41.81221008300781,-0.7890698909759521,-230.09864807128906,4185.8115234375
1011920183,-41.80755615234375,-0.794365406036377,-230.69351196289062,4186.40478515625
1011921781,-41.80215835571289,-0.7996411919593811,-231.28472900390625,4186.9921875
1011925091,-41.79611587524414,-0.8049106001853943,-231.87220764160156,4187.57666015625
1011928453,-41.78937911987305,-0.8102127909660339,-232.45599365234375,4188.15771484375
1011931030,-41.78179931640625,-0.8155757188796997,-233.0362548828125,4188.73779296875
1011933018,-41.77310562133789,-0.8210127353668213,-233.6132354736328,4189.314453125
1011935862,-41.76304626464844,-0.8264610767364502,-234.18727111816406,4189.888671875
1011939167,-41.75162887573242,-0.8319042921066284,-234.75827026367188,4190.4599609375
1011942381,-41.73902893066406,-0.8372793197631836,-235.3258514404297,4191.0283203125
1011944504,-41.72523880004883,-0.8425161242485046,-235.88999938964844,4191.59326171875
1011946414,-41.709957122802734,-0.8475847840309143,-236.45083618164062,4192.1552734375
1011949610,-41.69310760498047,-0.8524768352508545,-237.00827026367188,4192.71240234375
1011952824,-41.67448806762695,-0.8571613430976868,-237.5625,4193.26611328125
1011955432,-41.65373992919922,-0.8616084456443787,-238.11407470703125,4193.8173828125
1011957833,-41.630767822265625,-0.8658132553100586,-238.6630401611328,4194.3671875
1011960323,-41.60574722290039,-0.8698080778121948,-239.20919799804688,4194.9140625
1011962888,-41.57884216308594,-0.8736198544502258,-239.75247192382812,4195.4580078125
1011965540,-41.549903869628906,-0.877232551574707,-240.2931365966797,4195.99951171875
1011968311,-41.5189323425293,-0.8806070685386658,-240.8311767578125,4196.537109375
1011971320,-41.48609161376953,-0.8837072849273682,-241.36622619628906,4197.0732421875
1011974170,-41.45143127441406,-0.8866340517997742,-241.8984832763672,4197.60546875
1011977110,-41.41484069824219,-0.889419674873352,-242.42816162109375,4198.134765625
1011980083,-41.37641906738281,-0.8921267986297607,-242.9552459716797,4198.65673828125
1011983083,-41.336647033691406,-0.8948919177055359,-243.47938537597656,4199.17578125
1011986091,-41.29538345336914,-0.8976539373397827,-244.000732421875,4199.6923828125
1011989118,-41.25239944458008,-0.9003931879997253,-244.51942443847656,4200.208984375
1011992019,-41.20771026611328,-0.9030762314796448,-245.03529357910156,4200.7275390625
1011994966,-41.1614875793457,-0.9057329297065735,-245.54820251464844,4201.24365234375
1011997742,-41.11363983154297,-0.9085209369659424,-246.0584716796875,4201.7568359375
1012000563,-41.06414794921875,-0.9114007353782654,-246.56600952148438,4202.2685546875
1012003501,-41.01314163208008,-0.9142625331878662,-247.070556640625,4202.77685546875
1012006352,-40.9604606628418,-0.9170277118682861,-247.5722198486328,4203.28271484375
1012009186,-40.90593338012695,-0.9196836948394775,-248.07113647460938,4203.78564453125
1012011992,-40.84961700439453,-0.9222413897514343,-248.56723022460938,4204.28515625
1012014839,-40.791648864746094,-0.9246646165847778,-249.06028747558594,4204.78076171875
1012017810,-40.7318115234375,-0.9269084334373474,-249.550537109375,4205.2734375
1012020837,-40.67005920410156,-0.9289658665657043,-250.0380096435547,4205.76318359375
1012023806,-40.60658645629883,-0.9308538436889648,-250.52247619628906,4206.2490234375
1012026759,-40.54130172729492,-0.9325775504112244,-251.00408935546875,4206.72998046875
1012029748,-40.47399139404297,-0.9341184496879578,-251.48300170898438,4207.2080078125
1012032620,-40.40456771850586,-0.9354637861251831,-251.9593505859375,4207.68359375
1012035294,-40.33311080932617,-0.9366482496261597,-252.4330596923828,4208.1572265625
1012037953,-40.259403228759766,-0.9377042055130005,-252.90455627441406,4208.62890625
1012040712,-40.183433532714844,-0.9386249780654907,-253.37376403808594,4209.09814453125
1012043522,-40.10540008544922,-0.9393962621688843,-253.8403778076172,4209.56494140625
1012046319,-40.025386810302734,-0.9400544166564941,-254.30433654785156,4210.02880859375
1012049096,-39.943321228027344,-0.9406313896179199,-254.76576232910156,4210.4873046875
1012051865,-39.85926818847656,-0.9411274790763855,-255.22454833984375,4210.9423828125
1012054649,-39.77354049682617,-0.9415532946586609,-255.68045043945312,4211.3955078125
1012057461,-39.686004638671875,-0.9419549107551575,-256.13360595703125,4211.845703125
1012060286,-39.59669876098633,-0.9423621296882629,-256.583984375,4212.29150390625
1012063123,-39.50580596923828,-0.9427413940429688,-257.0314636230469,4212.73388671875
1012065999,-39.413177490234375,-0.9430428743362427,-257.4761047363281,4213.173828125
1012068891,-39.31858444213867,-0.943250834941864,-257.9180603027344,4213.6123046875
1012071780,-39.22210693359375,-0.943406343460083,-258.3572082519531,4214.04833984375
1012074678,-39.123992919921875,-0.9435591101646423,-258.7935485839844,4214.48291015625
1012077578,-39.024017333984375,-0.9436877965927124,-259.2271423339844,4214.91552734375
1012080474,-38.92216110229492,-0.9437637329101562,-259.6579895019531,4215.3447265625
1012083356,-38.81855773925781,-0.9437531232833862,-260.0859375,4215.77197265625
1012086221,-38.71291732788086,-0.9436192512512207,-260.51129150390625,4216.19580078125
1012089058,-38.605133056640625,-0.9433332085609436,-260.93402099609375,4216.61767578125
1012091891,-38.49538040161133,-0.9428935050964355,-261.3539733886719,4217.03564453125
1012094716,-38.383731842041016,-0.9423677921295166,-261.7712097167969,4217.451171875
1012097521,-38.270103454589844,-0.9417774677276611,-262.1856994628906,4217.86474609375
1012100769,-38.13520812988281,-0.9410275220870972,-262.6657409667969,4218.3427734375
1012103553,-38.0176887512207,-0.9403430223464966,-263.0741882324219,4218.74853515625
1012106338,-37.89822769165039,-0.9396044015884399,-263.47998046875,4219.15185546875
1012109114,-37.776859283447266,-0.9388155937194824,-263.88299560546875,4219.55224609375
1012111885,-37.653831481933594,-0.9379935264587402,-264.28314208984375,4219.94873046875
1012114660,-37.5289192199707,-0.9371368885040283,-264.6806640625,4220.34326171875
1012117436,-37.402103424072266,-0.9362459182739258,-265.0754699707031,4220.73486328125
1012120207,-37.27364730834961,-0.9353266358375549,-265.4673767089844,4221.12255859375
1012122992,-37.14341735839844,-0.9343978762626648,-265.8565673828125,4221.5078125
1012125768,-37.0113410949707,-0.933468222618103,-266.2430725097656,4221.890625
1012128536,-36.877525329589844,-0.9324941039085388,-266.62677001953125,4222.27001953125
1012131318,-36.74192810058594,-0.9314656853675842,-267.0077209472656,4222.64697265625
1012134103,-36.6043586730957,-0.9303795099258423,-267.38604736328125,4223.021484375
1012136876,-36.46494674682617,-0.9293100237846375,-267.7615966796875,4223.392578125
1012139645,-36.32400894165039,-0.9282620549201965,-268.13427734375,4223.76123046875
1012142420,-36.18122482299805,-0.9272081851959229,-268.50439453125,4224.126953125
1012145248,-36.03654861450195,-0.9260975122451782,-268.8717346191406,4224.49365234375
1012148069,-35.890254974365234,-0.9249730706214905,-269.2362060546875,4224.85791015625
1012150881,-35.742244720458984,-0.9238367080688477,-269.5978698730469,4225.21923828125
1012153686,-35.59238815307617,-0.9226912260055542,-269.9568176269531,4225.578125
1012156477,-35.44084930419922,-0.9215371012687683,-270.31292724609375,4225.9345703125
1012159271,-35.28778839111328,-0.9204254746437073,-270.6662292480469,4226.287109375
1012162018,-35.13298416137695,-0.9193421006202698,-271.0168151855469,4226.63525390625
1012164722,-34.976409912109375,-0.9182610511779785,-271.36468505859375,4226.98046875
1012167379,-34.818321228027344,-0.9171854853630066,-271.7096862792969,4227.322265625
1012170093,-34.65852737426758,-0.9160810708999634,-272.0519714355469,4227.66162109375
1012172888,-34.49700164794922,-0.9148940443992615,-272.3914489746094,4227.99755859375
1012175724,-34.333885192871094,-0.9135875701904297,-272.7279357910156,4228.3310546875
1012178581,-34.16926193237305,-0.9121642112731934,-273.0614013671875,4228.66015625
1012181431,-34.002967834472656,-0.9106292724609375,-273.3919677734375,4228.98583984375
1012184259,-33.83498764038086,-0.9089476466178894,-273.7196044921875,4229.30908203125
1012187043,-33.66532897949219,-0.9069802761077881,-274.0440979003906,4229.62890625
1012189803,-33.49378204345703,-0.9046586751937866,-274.36566162109375,4229.9453125
1012192657,-33.32033920288086,-0.9019500613212585,-274.68414306640625,4230.26171875
1012195570,-33.14503860473633,-0.8988454341888428,-274.9994812011719,4230.57958984375
1012198477,-32.96793746948242,-0.8953814506530762,-275.3116760253906,4230.8955078125
1012201360,-32.7890625,-0.8916044235229492,-275.6207580566406,4231.20703125
1012204178,-32.60845947265625,-0.8875381350517273,-275.92669677734375,4231.51611328125
1012207087,-32.4262809753418,-0.8830316066741943,-276.22930908203125,4231.82177734375
1012210033,-32.24248123168945,-0.8779354095458984,-276.52838134765625,4232.12353515625
1012213072,-32.056983947753906,-0.8722888827323914,-276.823974609375,4232.4462890625
1012216003,-31.869976043701172,-0.8662393689155579,-277.11614990234375,4232.767578125
1012219071,-31.68181610107422,-0.8597723841667175,-277.40472412109375,4233.08642578125
1012222152,-31.492307662963867,-0.8529316782951355,-277.6898498535156,4233.4013671875
1012225184,-31.301515579223633,-0.8458079695701599,-277.9715881347656,4233.71337890625
1012228074,-31.10968017578125,-0.8384993672370911,-278.2498779296875,4234.0224609375
1012231086,-30.91690444946289,-0.8308511972427368,-278.524658203125,4234.36376953125
1012234278,-30.722929000854492,-0.8226784467697144,-278.7958984375,4234.72900390625
1012237411,-30.527740478515625,-0.8140326738357544,-279.0635986328125,4235.091796875
1012240436,-30.33155632019043,-0.8050938248634338,-279.3277893066406,4235.45166015625
1012243322,-30.13447380065918,-0.7960557341575623,-279.58880615234375,4235.8095703125
1012246032,-29.936586380004883,-0.7871137261390686,-279.84686279296875,4236.166015625
1012248676,-29.73802375793457,-0.7784030437469482,-280.1020202636719,4236.525390625
1012251231,-29.53887367248535,-0.7700701951980591,-280.35443115234375,4236.8818359375
1012253749,-29.33915901184082,-0.7622045278549194,-280.6042175292969,4237.23681640625
1012256320,-29.13895034790039,-0.7548739910125732,-280.8514709472656,4237.58935546875
1012258816,-28.938339233398438,-0.7481949925422668,-281.0962219238281,4237.93994140625
1012261272,-28.73740005493164,-0.7422409653663635,-281.3386535644531,4238.2744140625
1012263748,-28.53614616394043,-0.7370240688323975,-281.5787658691406,4238.57958984375
1012266263,-28.334646224975586,-0.7325153946876526,-281.81646728515625,4238.88232421875
1012268852,-28.132999420166016,-0.7286484837532043,-282.0517578125,4239.18212890625
1012271524,-27.931182861328125,-0.7253303527832031,-282.2845764160156,4239.4794921875
1012274262,-27.72921371459961,-0.7224242091178894,-282.51470947265625,4239.77392578125
1012277136,-27.52710723876953,-0.7196834683418274,-282.7420349121094,4240.0654296875
1012280114,-27.32489585876465,-0.7169251441955566,-282.9662780761719,4240.404296875
1012283163,-27.122541427612305,-0.7140486240386963,-283.187255859375,4240.76708984375
1012286237,-26.91971778869629,-0.7109885215759277,-283.40521240234375,4241.12548828125
1012289192,-26.715818405151367,-0.707694947719574,-283.62030029296875,4241.48046875
1012291885,-26.51062774658203,-0.7041388750076294,-283.83258056640625,4241.83203125
1012294380,-26.303974151611328,-0.7002959847450256,-284.0422058105469,4242.1826171875
1012296820,-26.095857620239258,-0.6960891485214233,-284.2490234375,4242.71044921875
1012299270,-25.886241912841797,-0.6912740468978882,-284.4530029296875,4243.2333984375
1012301681,-25.67507553100586,-0.6856958866119385,-284.654052734375,4243.75146484375
1012304037,-25.462312698364258,-0.6793390512466431,-284.85211181640625,4244.3642578125
1012306348,-25.24791717529297,-0.6722354292869568,-285.0472717285156,4245.47216796875
1012308627,-25.031896591186523,-0.6645095944404602,-285.2396240234375,4246.56494140625
1012310824,-24.81432342529297,-0.6563594937324524,-285.42938232421875,4247.646484375
1012313017,-24.59522819519043,-0.6478701829910278,-285.6166076660156,4248.65771484375
1012315231,-24.37466049194336,-0.6391449570655823,-285.80133056640625,4249.59814453125
1012317486,-24.152690887451172,-0.6302675008773804,-285.9837341308594,4250.38916015625
1012319791,-23.929367065429688,-0.6212194561958313,-286.163818359375,4250.91748046875
1012322162,-23.70473861694336,-0.6120386123657227,-286.341552734375,4251.44384765625
1012324620,-23.478832244873047,-0.6027151942253113,-286.5169982910156,4251.9677734375
1012327080,-23.251697540283203,-0.5932852029800415,-286.69012451171875,4252.44140625
1012329502,-23.023399353027344,-0.5838466882705688,-286.8609313964844,4252.87255859375
1012331908,-22.794017791748047,-0.5745107531547546,-287.02947998046875,4253.30224609375
1012334298,-22.563621520996094,-0.5654355883598328,-287.1960144042969,4253.7314453125
1012336651,-22.332286834716797,-0.5567532777786255,-287.36053466796875,4254.15869140625
1012339051,-22.10000228881836,-0.54845130443573,-287.5230407714844,4254.58837890625
1012341480,-21.86676597595215,-0.5405081510543823,-287.6835021972656,4255.01708984375
1012343898,-21.632585525512695,-0.5329309105873108,-287.84185791015625,4255.4443359375
1012346323,-21.397459030151367,-0.5256708860397339,-287.9981689453125,4255.8701171875
1012348744,-21.1613712310791,-0.5186475515365601,-288.1522521972656,4256.32421875
1012351157,-20.924306869506836,-0.5117759704589844,-288.3041076660156,4256.90576171875
1012353560,-20.686246871948242,-0.5049967169761658,-288.45361328125,4257.48193359375
1012355955,-20.44719886779785,-0.49831846356391907,-288.6006774902344,4258.0546875
1012358337,-20.20720672607422,-0.49182194471359253,-288.74542236328125,4258.5947265625
1012360711,-19.966285705566406,-0.4855383038520813,-288.8877868652344,4259.1181640625
1012363099,-19.72437858581543,-0.47942548990249634,-289.02777099609375,4259.63916015625
1012365506,-19.481338500976562,-0.4733686149120331,-289.16534423828125,4260.15673828125
1012367937,-19.236967086791992,-0.46722227334976196,-289.30047607421875,4260.64501953125
1012370414,-18.99105453491211,-0.4609101414680481,-289.4332275390625,4261.12646484375
1012372900,-18.743431091308594,-0.45439475774765015,-289.56365966796875,4261.607421875
1012375383,-18.49396514892578,-0.44765350222587585,-289.6918029785156,4262.08837890625
1012377853,-18.242582321166992,-0.44072768092155457,-289.8177185058594,4262.4970703125
1012380315,-17.9892520904541,-0.43362608551979065,-289.94146728515625,4262.87451171875
1012382760,-17.733985900878906,-0.4263129234313965,-290.0630187988281,4263.25341796875
1012385191,-17.4768009185791,-0.418780654668808,-290.182373046875,4263.63232421875
1012387606,-17.217735290527344,-0.41100770235061646,-290.2994689941406,4264.01220703125
1012390013,-16.956817626953125,-0.4029519259929657,-290.4141540527344,4264.44775390625
1012392411,-16.694082260131836,-0.3946465253829956,-290.5264587402344,4264.96337890625
1012394793,-16.4295654296875,-0.38609111309051514,-290.6363220214844,4265.47802734375
1012397232,-16.1632137298584,-0.37715622782707214,-290.7435607910156,4265.99072265625
1012399728,-15.895001411437988,-0.367809921503067,-290.8481140136719,4266.5419921875
1012402260,-15.6249361038208,-0.35808083415031433,-290.9499816894531,4267.13037109375
1012404775,-15.353043556213379,-0.3480997383594513,-291.04931640625,4267.7158203125
1012407305,-15.079330444335938,-0.3380369246006012,-291.14630126953125,4268.28271484375
1012409859,-14.803784370422363,-0.3279547691345215,-291.2410583496094,4268.66650390625
1012412440,-14.526382446289062,-0.31781286001205444,-291.33349609375,4269.05126953125
1012415042,-14.247092247009277,-0.3075883686542511,-291.4237060546875,4269.4365234375
1012417625,-13.965962409973145,-0.29727983474731445,-291.51171875,4269.8232421875
1012420104,-13.683053970336914,-0.2869611382484436,-291.5975341796875,4270.21142578125
1012422564,-13.39836597442627,-0.27671369910240173,-291.6813049316406,4270.57568359375
1012425044,-13.111878395080566,-0.2665666937828064,-291.7630615234375,4270.9375
1012427550,-12.823637962341309,-0.25666218996047974,-291.8429260253906,4271.30029296875
1012430068,-12.533660888671875,-0.24709384143352509,-291.9209899902344,4271.6640625
1012432645,-12.241890907287598,-0.23776808381080627,-291.9972229003906,4272.029296875
1012435260,-11.94827938079834,-0.22846545279026031,-292.0715026855469,4272.40185546875
1012437882,-11.652826309204102,-0.21906717121601105,-292.1435546875,4272.7861328125
1012440501,-11.35560131072998,-0.20960639417171478,-292.21343994140625,4273.17041015625
1012443126,-11.056713104248047,-0.20026978850364685,-292.2811279296875,4273.55517578125
1012445737,-10.756233215332031,-0.19115842878818512,-292.3467102050781,4273.94091796875
1012448360,-10.45423412322998,-0.18228216469287872,-292.4101867675781,4274.32666015625
1012451004,-10.150836944580078,-0.1736043393611908,-292.4714660644531,4274.71044921875
1012453664,-9.846212387084961,-0.16505856812000275,-292.5304870605469,4275.09375
1012456311,-9.540596961975098,-0.15653420984745026,-292.5870056152344,4275.47705078125
1012458941,-9.234295845031738,-0.14794319868087769,-292.64080810546875,4275.8583984375
1012461570,-8.927557945251465,-0.13923513889312744,-292.6917724609375,4276.2392578125
1012464201,-8.620560646057129,-0.13041041791439056,-292.7397766113281,4276.6875
1012466841,-8.313436508178711,-0.12150133401155472,-292.7848815917969,4277.1357421875
1012469505,-8.006274223327637,-0.11251871287822723,-292.8270568847656,4277.578125
1012472238,-7.699092864990234,-0.103432796895504,-292.8663024902344,4278.0146484375
1012475004,-7.391834735870361,-0.09421898424625397,-292.90252685546875,4278.42919921875
1012477784,-7.0843939781188965,-0.08486088365316391,-292.935791015625,4278.814453125
1012480536,-6.776587963104248,-0.07532617449760437,-292.9660949707031,4279.197265625
1012483275,-6.4681854248046875,-0.06560102850198746,-292.99346923828125,4279.57763671875
1012486007,-6.158914089202881,-0.05566238611936569,-293.0179138183594,4279.9560546875
1012488820,-5.848476886749268,-0.045421890914440155,-293.03948974609375,4280.32861328125
1012491704,-5.536660671234131,-0.034820590168237686,-293.0581359863281,4280.66552734375
1012494591,-5.2233147621154785,-0.023846924304962158,-293.07391357421875,4281.00341796875
1012497447,-4.9083685874938965,-0.012502050958573818,-293.0868225097656,4281.341796875
1012500190,-4.591927528381348,-0.0008681167382746935,-293.0969543457031,4281.6806640625
1012502793,-4.274136543273926,0.010872128419578075,-293.1044921875,4282.0205078125
1012505379,-3.95509934425354,0.022614523768424988,-293.10943603515625,4282.3681640625
1012507957,-3.6349399089813232,0.034280478954315186,-293.11181640625,4282.74658203125
1012510553,-3.3137199878692627,0.045885879546403885,-293.11163330078125,4283.1220703125
1012513253,-2.9914283752441406,0.0575387179851532,-293.1087646484375,4283.49365234375
1012515861,-2.668179750442505,0.06916909664869308,-293.1031799316406,4283.86279296875
1012518407,-2.344031572341919,0.08072623610496521,-293.0949401855469,4284.228515625
1012520941,-2.0189898014068604,0.09224680066108704,-293.0840148925781,4284.55224609375
1012523492,-1.6930781602859497,0.10362514108419418,-293.0704345703125,4284.86669921875
1012526081,-1.3662679195404053,0.11480540782213211,-293.0543518066406,4285.1806640625
1012528757,-1.038515329360962,0.12580563127994537,-293.03570556640625,4285.49462890625
1012531481,-0.7098121643066406,0.1366361677646637,-293.01446533203125,4285.81005859375
1012534233,-0.3801284432411194,0.14730046689510345,-292.9906921386719,4286.12451171875
1012536989,-0.04953969642519951,0.15777134895324707,-292.96435546875,4286.4326171875
1012539748,0.28186750411987305,0.168103888630867,-292.93536376953125,4286.732421875
1012542965,0.6694687604904175,0.18004895746707916,-292.898193359375,4287.08251953125
1012545712,1.0024749040603638,0.19020704925060272,-292.86334228515625,4287.3837890625
1012548467,1.336188793182373,0.2003331333398819,-292.82574462890625,4287.68505859375
1012551270,1.6706253290176392,0.21051576733589172,-292.7853088378906,4287.98779296875
1012554088,2.0057661533355713,0.22074276208877563,-292.74200439453125,4288.29150390625
1012556904,2.3415944576263428,0.23095914721488953,-292.6958923339844,4288.57958984375
1012559661,2.6780645847320557,0.2411983758211136,-292.6469421386719,4288.86962890625
1012562389,3.015127420425415,0.25148510932922363,-292.59521484375,4289.162109375
1012565119,3.352754592895508,0.26180142164230347,-292.5406799316406,4289.45654296875
1012567862,3.690925359725952,0.27209100127220154,-292.4833679199219,4289.7529296875
1012570641,4.029639720916748,0.282317191362381,-292.4233093261719,4290.05078125
1012573405,4.3688883781433105,0.292481005191803,-292.3605041503906,4290.35107421875
1012576181,4.708657264709473,0.3026075065135956,-292.2949523925781,4290.65185546875
1012578974,5.048919200897217,0.3127371072769165,-292.2265930175781,4290.95458984375
1012581780,5.3896403312683105,0.32282865047454834,-292.15545654296875,4291.259765625
1012584554,5.730795383453369,0.3328213393688202,-292.08160400390625,4291.5673828125
1012587335,6.07239294052124,0.3426790237426758,-292.0050048828125,4291.87646484375
1012590149,6.414458274841309,0.35236960649490356,-291.9257507324219,4292.1884765625
1012592991,6.756992340087891,0.3618912398815155,-291.84381103515625,4292.50146484375
1012595841,7.09998083114624,0.3712330758571625,-291.75927734375,4292.81591796875
1012598671,7.443398952484131,0.3804287612438202,-291.6720275878906,4293.1328125
1012601502,7.787222862243652,0.38949206471443176,-291.5821228027344,4293.4521484375
1012604343,8.13142204284668,0.39842963218688965,-291.489501953125,4293.77392578125
1012607196,8.475953102111816,0.40723657608032227,-291.3941955566406,4294.09814453125
1012610029,8.820801734924316,0.41591063141822815,-291.296142578125,4294.42431640625
1012612856,9.165961265563965,0.4244251549243927,-291.1954650878906,4294.751953125
1012615694,9.511430740356445,0.4327618181705475,-291.09210205078125,4295.0810546875
1012618549,9.857185363769531,0.4409210681915283,-290.986083984375,4295.412109375
1012621423,10.203201293945312,0.4489302933216095,-290.8774108886719,4295.7451171875
1012624294,10.549446105957031,0.45681247115135193,-290.76605224609375,4296.07958984375
1012627155,10.895885467529297,0.46457669138908386,-290.6519775390625,4296.41552734375
1012630023,11.24249267578125,0.4722026586532593,-290.5351867675781,4296.75341796875
1012632919,11.589253425598145,0.4796768128871918,-290.41571044921875,4297.09326171875
1012635841,11.936163902282715,0.4870185852050781,-290.2934875488281,4297.4345703125
1012638782,12.283202171325684,0.49426597356796265,-290.16851806640625,4297.77734375
1012641713,12.630335807800293,0.5014393925666809,-290.040771484375,4298.1220703125
1012644635,12.97753620147705,0.508527398109436,-289.91021728515625,4298.46826171875
1012647560,13.324782371520996,0.5155009627342224,-289.77691650390625,4298.81494140625
1012650501,13.67207145690918,0.5223490595817566,-289.640869140625,4299.1630859375
1012653455,14.019386291503906,0.5290966033935547,-289.5020751953125,4299.5126953125
1012656416,14.36670207977295,0.5357811450958252,-289.36053466796875,4299.86376953125
1012659366,14.713988304138184,0.5424370765686035,-289.2161865234375,4300.21630859375
1012662326,15.061210632324219,0.5490794777870178,-289.0690002441406,4300.5751953125
1012665298,15.408341407775879,0.5556994080543518,-288.91900634765625,4300.93896484375
1012668273,15.755363464355469,0.5622878670692444,-288.76617431640625,4301.30517578125
1012671261,16.102262496948242,0.5688538551330566,-288.61053466796875,4301.6728515625
1012674241,16.449012756347656,0.575395941734314,-288.45208740234375,4302.04248046875
1012677204,16.795591354370117,0.581889808177948,-288.2908630371094,4302.4130859375
1012680166,17.1419734954834,0.588345468044281,-288.12689208984375,4302.7802734375
1012683147,17.48814582824707,0.5947847366333008,-287.9600830078125,4303.14892578125
1012686149,17.83409881591797,0.6012144684791565,-287.79052734375,4303.5185546875
1012689166,18.17981719970703,0.6076455116271973,-287.61810302734375,4303.890625
1012692160,18.52528953552246,0.6140319108963013,-287.4429626464844,4304.263671875
1012695145,18.870513916015625,0.6203426718711853,-287.26507568359375,4304.6416015625
1012698143,19.215463638305664,0.6265975832939148,-287.0844421386719,4305.02197265625
1012701154,19.560115814208984,0.6328294277191162,-286.9010314941406,4305.40478515625
1012704178,19.904447555541992,0.6390541791915894,-286.71490478515625,4305.78857421875
1012707214,20.248462677001953,0.645235538482666,-286.5260314941406,4306.173828125
1012710257,20.5921573638916,0.6513539552688599,-286.3343811035156,4306.5615234375
1012713311,20.935487747192383,0.6574122309684753,-286.1400146484375,4306.95166015625
1012716366,21.27842140197754,0.6634610295295715,-285.94287109375,4307.34228515625
1012719431,21.620912551879883,0.6695355176925659,-285.7429504394531,4307.7353515625
1012722485,21.96294403076172,0.6756137609481812,-285.5402526855469,4308.1298828125
1012725551,22.30449676513672,0.681702196598053,-285.33477783203125,4308.52490234375
1012728622,22.645551681518555,0.6877804398536682,-285.1265869140625,4308.9208984375
1012731695,22.986103057861328,0.6938784122467041,-284.9156188964844,4309.318359375
1012734764,23.326122283935547,0.700031042098999,-284.7019348144531,4309.71728515625
1012737834,23.665584564208984,0.7062305808067322,-284.4854736328125,4310.11767578125
1012740899,24.004480361938477,0.712417483329773,-284.266357421875,4310.52001953125
1012743919,24.34282684326172,0.718522846698761,-284.0445556640625,4310.923828125
1012746932,24.680627822875977,0.7245593070983887,-283.8201599121094,4311.32958984375
1012749990,25.01786231994629,0.7305753827095032,-283.59307861328125,4311.7373046875
1012753082,25.354482650756836,0.7366251349449158,-283.36328125,4312.1455078125
1012756189,25.690448760986328,0.7427226305007935,-283.1307067871094,4312.5546875
1012759296,26.02574348449707,0.7488714456558228,-282.8954162597656,4312.96240234375
1012762401,26.360334396362305,0.7550474405288696,-282.657470703125,4313.37158203125
1012765505,26.694223403930664,0.7612107396125793,-282.41680908203125,4313.7822265625
1012768589,27.02743148803711,0.7673375010490417,-282.1735534667969,4314.19384765625
1012771639,27.359975814819336,0.7734050750732422,-281.92767333984375,4314.603515625
1012774663,27.69185447692871,0.7794266939163208,-281.67919921875,4315.01025390625
1012777733,28.02305030822754,0.7854549884796143,-281.4280700683594,4315.41796875
1012780827,28.35352897644043,0.7915133237838745,-281.17425537109375,4315.82763671875
1012783932,28.683269500732422,0.797616720199585,-280.9176940917969,4316.23779296875
1012787041,29.012208938598633,0.8038123846054077,-280.65850830078125,4316.654296875
1012790152,29.340299606323242,0.8101022243499756,-280.39654541015625,4317.07568359375
1012793266,29.66754150390625,0.8164358139038086,-280.1318359375,4317.498046875
1012796360,29.99399185180664,0.8227146863937378,-279.86456298828125,4317.9208984375
1012799435,30.319658279418945,0.8289631009101868,-279.5946044921875,4318.345703125
1012802539,30.644495010375977,0.8352610468864441,-279.322021484375,4318.779296875
1012805651,30.968435287475586,0.8417109847068787,-279.04669189453125,4319.21533203125
1012808774,31.291399002075195,0.848392903804779,-278.7686462402344,4319.65283203125
1012811890,31.61334228515625,0.8553135991096497,-278.4878234863281,4320.09033203125
1012814992,31.934255599975586,0.8624112010002136,-278.2042541503906,4320.5244140625
1012818085,32.254150390625,0.8696986436843872,-277.9179382324219,4320.94873046875
1012821163,32.57301712036133,0.8772207498550415,-277.6288757324219,4321.373046875
1012824231,32.89084243774414,0.8849769830703735,-277.337158203125,4321.798828125
1012827271,33.207603454589844,0.8929701447486877,-277.0426940917969,4322.22509765625
1012830321,33.52326965332031,0.9012245535850525,-276.7454833984375,4322.6552734375
1012833341,33.83782958984375,0.9097262620925903,-276.44561767578125,4323.087890625
1012836344,34.151275634765625,0.9184434413909912,-276.14306640625,4323.5205078125
1012839344,34.4636344909668,0.927303671836853,-275.8379211425781,4323.95458984375
1012842347,34.77493667602539,0.9362643361091614,-275.53021240234375,4324.3896484375
1012845348,35.085182189941406,0.9453250169754028,-275.2199401855469,4324.8310546875
1012848353,35.394378662109375,0.9545015096664429,-274.9071044921875,4325.2734375
1012851254,35.70269012451172,0.9637410640716553,-274.591796875,4325.716796875
1012853781,36.01051712036133,0.9729505777359009,-274.27423095703125,4326.16064453125
1012856051,36.31837844848633,0.9820200204849243,-273.9549560546875,4326.6064453125
1012858047,36.62639236450195,0.9909124374389648,-273.63385009765625,4327.05322265625
1012859662,36.9345588684082,0.9996457099914551,-273.3109436035156,4327.5009765625
1012860925,37.24286651611328,1.0082480907440186,-272.98614501953125,4327.94970703125
1012862030,37.551368713378906,1.0167533159255981,-272.6595458984375,4328.400390625
1012863048,37.860111236572266,1.025180459022522,-272.3312072753906,4328.8359375
1012864009,38.1690788269043,1.033549427986145,-272.0010681152344,4329.2724609375
1012864931,38.478397369384766,1.0418875217437744,-271.6694030761719,4329.7099609375
1012865988,38.788326263427734,1.0502206087112427,-271.33642578125,4330.1494140625
1012867082,39.09900665283203,1.058595895767212,-271.0024719238281,4330.5986328125
1012868238,39.410579681396484,1.0670746564865112,-270.66778564453125,4331.06396484375
1012869462,39.72317123413086,1.075691819190979,-270.3325500488281,4331.53076171875
1012870771,40.03692626953125,1.0844485759735107,-269.99700927734375,4331.99853515625
1012872174,40.35200500488281,1.0933045148849487,-269.6613464355469,4332.46728515625
1012873671,40.668548583984375,1.1022292375564575,-269.3257141113281,4332.939453125
1012875200,40.98667907714844,1.1112334728240967,-268.99029541015625,4333.41162109375
1012876731,41.30646896362305,1.1203361749649048,-268.65509033203125,4333.8857421875
1012878253,41.62799835205078,1.129563331604004,-268.3201599121094,4334.3603515625
1012879724,41.95126724243164,1.1389074325561523,-267.9853820800781,4334.82177734375
1012880866,42.275882720947266,1.148329734802246,-267.6503601074219,4335.28076171875
1012881795,42.60167694091797,1.1577963829040527,-267.3148193359375,4335.74169921875
1012882656,42.928794860839844,1.1672770977020264,-266.9788818359375,4336.20361328125
1012883529,43.25737762451172,1.176755428314209,-266.642578125,4336.67138671875
1012884412,43.58744812011719,1.1862297058105469,-266.30596923828125,4337.1455078125
1012885292,43.91897201538086,1.1956791877746582,-265.9690246582031,4337.62109375
1012886176,44.25190734863281,1.2050809860229492,-265.6316833496094,4338.09765625
1012887077,44.58619689941406,1.2144056558609009,-265.2939147949219,4338.57568359375
1012887992,44.92180252075195,1.2236276865005493,-264.95574951171875,4339.05322265625
1012888908,45.258644104003906,1.232717514038086,-264.6171569824219,4339.53173828125
1012889819,45.596649169921875,1.241674780845642,-264.2781066894531,4340.01171875
1012890721,45.935760498046875,1.2505091428756714,-263.9385986328125,4340.49267578125
1012891659,46.27595520019531,1.2592322826385498,-263.5986022949219,4340.97314453125
1012892642,46.61722183227539,1.2678468227386475,-263.2581787109375,4341.4541015625
1012893669,46.95955276489258,1.2763257026672363,-262.91729736328125,4341.9365234375
1012894739,47.30297088623047,1.284625768661499,-262.57598876953125,4342.42041015625
1012895848,47.64751052856445,1.2927089929580688,-262.2342529296875,4342.90478515625
1012897002,47.993221282958984,1.3006123304367065,-261.8921203613281,4343.390625
1012898207,48.34016799926758,1.3084028959274292,-261.54962158203125,4343.87744140625
1012899460,48.68840408325195,1.3161215782165527,-261.2067565917969,4344.36572265625
1012900764,49.03801345825195,1.3237649202346802,-260.8636779785156,4344.85595703125
1012902126,49.389068603515625,1.3313040733337402,-260.5203857421875,4345.34912109375
1012903551,49.741661071777344,1.3387460708618164,-260.1770324707031,4345.84326171875
1012905041,50.095848083496094,1.3461557626724243,-259.8336486816406,4346.33837890625
1012906296,50.45125198364258,1.3536145687103271,-259.4898376464844,4346.83642578125
1012907196,50.80755615234375,1.3611708879470825,-259.145263671875,4347.3359375
1012908051,51.16484069824219,1.3688541650772095,-258.8000793457031,4347.8369140625
1012908894,51.523216247558594,1.3766738176345825,-258.4543762207031,4348.3388671875
1012909757,51.882755279541016,1.384637475013733,-258.1082458496094,4348.8388671875
1012910631,52.24345779418945,1.3927853107452393,-257.76171875,4349.3388671875
1012911510,52.60530090332031,1.401145339012146,-257.41473388671875,4349.84033203125
1012912395,52.96825408935547,1.409716248512268,-257.0673522949219,4350.3427734375
1012913285,53.33230972290039,1.4184783697128296,-256.7195129394531,4350.84423828125
1012914175,53.69742965698242,1.4274132251739502,-256.37115478515625,4351.34619140625
1012915062,54.063568115234375,1.4365028142929077,-256.0222473144531,4351.849609375
1012915944,54.43068313598633,1.445727825164795,-255.6727752685547,4352.35302734375
1012916820,54.79875183105469,1.4550460577011108,-255.32269287109375,4352.85791015625
1012917691,55.167747497558594,1.4644694328308105,-254.97195434570312,4353.3623046875
1012918565,55.53763198852539,1.474051594734192,-254.62051391601562,4353.869140625
1012919436,55.908382415771484,1.4837883710861206,-254.26837158203125,4354.3759765625
1012920301,56.27997589111328,1.493650197982788,-253.91549682617188,4354.89208984375
1012921303,56.71454620361328,1.5052597522735596,-253.5028839111328,4355.49951171875
1012922179,57.087974548339844,1.5153077840805054,-253.1484832763672,4356.0205078125
1012923099,57.46232223510742,1.5254892110824585,-252.79348754882812,4356.5439453125
1012924065,57.8376350402832,1.535778522491455,-252.4379425048828,4357.0791015625
1012925071,58.213680267333984,1.5460615158081055,-252.08209228515625,4357.615234375
1012926068,58.58967590332031,1.5561960935592651,-251.72682189941406,4358.14990234375
1012927118,58.9659423828125,1.566098928451538,-251.37188720703125,4358.6708984375
1012928235,59.34249496459961,1.5757466554641724,-251.0174560546875,4359.16357421875
1012929364,59.71931838989258,1.585137128829956,-250.66355895996094,4359.65625
1012930257,60.096126556396484,1.5942175388336182,-250.30978393554688,4360.1484375
1012930992,60.473175048828125,1.6029592752456665,-249.95567321777344,4360.65234375
1012931878,60.851173400878906,1.6113992929458618,-249.6007537841797,4361.18994140625
1012932921,61.230648040771484,1.6194666624069214,-249.24464416503906,4361.72900390625
1012934208,61.6119384765625,1.627134919166565,-248.88710021972656,4362.2705078125
1012935616,61.99513244628906,1.6344434022903442,-248.52806091308594,4362.8046875
1012936921,62.380096435546875,1.6414647102355957,-248.16770935058594,4363.33251953125
1012937979,62.7664680480957,1.648259162902832,-247.80645751953125,4363.8623046875
1012938856,63.153778076171875,1.6547704935073853,-247.44473266601562,4364.39306640625
1012939669,63.541629791259766,1.6609727144241333,-247.0828857421875,4364.92724609375
1012940458,63.92970275878906,1.6669014692306519,-246.7211456298828,4365.462890625
1012941251,64.31784057617188,1.6726492643356323,-246.359619140625,4365.99755859375
1012942053,64.70602416992188,1.6782783269882202,-245.99832153320312,4366.53271484375
1012942867,65.09442138671875,1.683843970298767,-245.6370391845703,4367.0556640625
1012943703,65.48326110839844,1.6893895864486694,-245.2755126953125,4367.5791015625
1012944573,65.87285614013672,1.694969892501831,-244.9134521484375,4368.10400390625
1012945483,66.26346588134766,1.7006785869598389,-244.55059814453125,4368.63134765625
1012946430,66.6552734375,1.7065646648406982,-244.18670654296875,4369.16748046875
1012947391,67.0483627319336,1.7126492261886597,-243.82168579101562,4369.705078125
1012948343,67.4427261352539,1.7189445495605469,-243.45556640625,4370.244140625
1012949278,67.83821868896484,1.7255170345306396,-243.08839416503906,4370.7841796875
1012950178,68.234619140625,1.7324016094207764,-242.7203826904297,4371.3251953125
1012951041,68.63170623779297,1.7395700216293335,-242.35174560546875,4371.86669921875
1012951868,69.02926635742188,1.7469712495803833,-241.98263549804688,4372.4091796875
1012952671,69.42713165283203,1.7545679807662964,-241.61317443847656,4372.95556640625
1012953458,69.82527160644531,1.7623603343963623,-241.24346923828125,4373.50244140625
1012954234,70.22368621826172,1.770266056060791,-240.87347412109375,4374.05029296875
1012955017,70.62247467041016,1.7781941890716553,-240.5031280517578,4374.59814453125
1012955837,71.02183532714844,1.7860811948776245,-240.13230895996094,4375.14599609375
1012956725,71.42200469970703,1.7938899993896484,-239.76092529296875,4375.69482421875
1012957650,71.82315063476562,1.8015713691711426,-239.38893127441406,4376.244140625
1012958643,72.22542572021484,1.8090720176696777,-239.01629638671875,4376.7998046875
1012959695,72.62895965576172,1.8163743019104004,-238.64300537109375,4377.36328125
1012960788,73.03378295898438,1.8234574794769287,-238.26913452148438,4377.927734375
1012961920,73.43988037109375,1.830326795578003,-237.89486694335938,4378.4931640625
1012963092,73.84712982177734,1.8370085954666138,-237.52023315429688,4379.03564453125
1012964050,74.2551498413086,1.8435367345809937,-237.14508056640625,4379.576171875
1012964849,74.66376495361328,1.8499237298965454,-236.76943969726562,4380.1171875
1012965642,75.07296752929688,1.8561567068099976,-236.39341735839844,4380.66162109375
1012966449,75.4827880859375,1.8622486591339111,-236.0171356201172,4381.22216796875
1012967271,75.89326477050781,1.8682063817977905,-235.64053344726562,4381.78369140625
1012968107,76.30445861816406,1.8740348815917969,-235.26361083984375,4382.34619140625
1012968959,76.71642303466797,1.8797597885131836,-234.88629150390625,4382.908203125
1012969827,77.12926483154297,1.8854174613952637,-234.5084991455078,4383.47119140625
1012970706,77.54302215576172,1.8910317420959473,-234.130126953125,4384.03515625
1012971596,77.95773315429688,1.8966047763824463,-233.75112915039062,4384.6005859375
1012972490,78.37340545654297,1.9021536111831665,-233.37147521972656,4385.177734375
1012973378,78.7900161743164,1.9076818227767944,-232.9911651611328,4385.75634765625
1012974252,79.20747375488281,1.9131778478622437,-232.6102294921875,4386.33544921875
1012975117,79.625732421875,1.9186511039733887,-232.2286834716797,4386.91259765625
1012975971,80.04472351074219,1.9241163730621338,-231.84658813476562,4387.48828125
1012976817,80.46438598632812,1.9295827150344849,-231.46400451660156,4388.06494140625
1012977657,80.8846664428711,1.9350297451019287,-231.08091735839844,4388.6396484375
1012978497,81.30553436279297,1.940453290939331,-230.69735717773438,4389.18701171875
1012979337,81.72701263427734,1.9458636045455933,-230.31324768066406,4389.73486328125
1012980182,82.14910888671875,1.9512803554534912,-229.9285888671875,4390.2841796875
1012981034,82.5718765258789,1.9567300081253052,-229.5433807373047,4390.83837890625
1012981893,82.99534606933594,1.9622368812561035,-229.15753173828125,4391.39892578125
1012982757,83.4195556640625,1.967816710472107,-228.77101135253906,4391.9609375
1012983624,83.84452819824219,1.9734758138656616,-228.38380432128906,4392.5234375
1012984492,84.270263671875,1.9792323112487793,-227.9958953857422,4393.1005859375
1012985360,84.6967544555664,1.9851288795471191,-227.6072998046875,4393.68115234375
1012986229,85.12396240234375,1.9912095069885254,-227.21803283691406,4394.26318359375
1012987094,85.55186462402344,1.9974788427352905,-226.828125,4394.8544921875
1012987953,85.98041534423828,2.003925323486328,-226.43760681152344,4395.4599609375
1012988807,86.40959167480469,2.0105340480804443,-226.04653930664062,4396.06591796875
1012989658,86.83938598632812,2.017317771911621,-225.65492248535156,4396.669921875
1012990504,87.26979064941406,2.0242507457733154,-225.26275634765625,4397.24755859375
1012991347,87.70081329345703,2.031289577484131,-224.86997985839844,4397.8251953125
1012992192,88.13247680664062,2.0383968353271484,-224.47662353515625,4398.40380859375
1012993040,88.56481170654297,2.045531749725342,-224.0826873779297,4398.99267578125
1012993893,88.99783325195312,2.0526540279388428,-223.68814086914062,4399.58642578125
1012994750,89.43157196044922,2.0597219467163086,-223.29295349121094,4400.18212890625
1012995607,89.86603546142578,2.0666663646698,-222.89712524414062,4400.77734375
1012996456,90.30123138427734,2.0734102725982666,-222.5006561279297,4401.37109375
1012997301,90.7371597290039,2.0799217224121094,-222.10354614257812,4401.96484375
1012998145,91.17379760742188,2.0862011909484863,-221.705810546875,4402.560546875
1012998988,91.61114501953125,2.09224534034729,-221.30751037597656,4403.14404296875
1012999833,92.04915618896484,2.0980122089385986,-220.9085693359375,4403.72705078125
1013000681,92.48783874511719,2.1034998893737793,-220.5090789794922,4404.3115234375
1013001531,92.92718505859375,2.108743906021118,-220.10903930664062,4404.8994140625
1013002382,93.36717987060547,2.113757610321045,-219.70843505859375,4405.49365234375
1013003216,93.8078384399414,2.1184303760528564,-219.3072052001953,4406.08837890625
1013004048,94.2491683959961,2.122715711593628,-218.90542602539062,4406.68408203125
1013004884,94.69120025634766,2.126631736755371,-218.50302124023438,4407.2783203125
1013005724,95.1339340209961,2.1302170753479004,-218.10000610351562,4407.87255859375
1013006571,95.57737731933594,2.133394956588745,-217.69639587402344,4408.46826171875
1013007412,96.02153015136719,2.135990619659424,-217.29214477539062,4409.08984375
1013008258,96.4664077758789,2.1379659175872803,-216.88726806640625,4409.72314453125
1013009106,96.9120101928711,2.1393918991088867,-216.4817657470703,4410.357421875
1013009954,97.35831451416016,2.1403746604919434,-216.07566833496094,4410.96142578125
1013010804,97.8053207397461,2.1409316062927246,-215.6689453125,4411.5380859375
1013011664,98.25301361083984,2.141075611114502,-215.26165771484375,4412.11669921875
1013012528,98.70140075683594,2.1409242153167725,-214.85374450683594,4412.69873046875
1013013424,99.1505355834961,2.1406571865081787,-214.4453125,4413.3232421875
1013014382,99.60049438476562,2.140414237976074,-214.03646850585938,4413.94921875
1013015401,100.05135345458984,2.140291929244995,-213.6272735595703,4414.57568359375
1013016479,100.503173828125,2.1403732299804688,-213.21778869628906,4415.18701171875
1013017611,100.9560317993164,2.1407809257507324,-212.80809020996094,4415.796875
1013018795,101.41000366210938,2.141584873199463,-212.39828491210938,4416.4072265625
1013020031,101.86515808105469,2.142794609069824,-211.98838806152344,4417.02001953125
1013021321,102.32157135009766,2.1443839073181152,-211.57858276367188,4417.63525390625
1013022669,102.77928924560547,2.146317720413208,-211.1688995361328,4418.2509765625
1013024053,103.23837280273438,2.148587465286255,-210.75941467285156,4418.86865234375
1013025201,103.69841003417969,2.151195764541626,-210.34963989257812,4419.48828125
1013026099,104.15924072265625,2.1541202068328857,-209.93942260742188,4420.10888671875
1013026985,104.6209487915039,2.157299041748047,-209.52886962890625,4420.73095703125
1013027888,105.08364868164062,2.1606686115264893,-209.11810302734375,4421.3525390625
1013028787,105.54735565185547,2.164213180541992,-208.70716857910156,4421.97509765625
1013029690,106.01209259033203,2.167893171310425,-208.29603576660156,4422.59912109375
1013030600,106.47784423828125,2.17165470123291,-207.88473510742188,4423.216796875
1013031518,106.94458770751953,2.175426959991455,-207.4731903076172,4423.83544921875
1013032441,107.41230773925781,2.179145336151123,-207.06141662597656,4424.4541015625
1013033356,107.88097381591797,2.182706594467163,-206.64935302734375,4425.07568359375
1013034262,108.35054779052734,2.186035394668579,-206.23696899414062,4425.69873046875
1013035162,108.82099914550781,2.1891109943389893,-205.82420349121094,4426.32275390625
1013036057,109.29228973388672,2.1919350624084473,-205.41102600097656,4426.94873046875
1013036948,109.76438903808594,2.1944737434387207,-204.99740600585938,4427.57763671875
1013037839,110.23725128173828,2.1967177391052246,-204.58331298828125,4428.20751953125
1013038725,110.71085357666016,2.1986632347106934,-204.16871643066406,4428.8369140625
1013039599,111.1851806640625,2.2002899646759033,-203.75357055664062,4429.46484375
1013040469,111.66022491455078,2.201625347137451,-203.33787536621094,4430.0927734375
1013041337,112.13595581054688,2.2027244567871094,-202.921630859375,4430.72216796875
1013042206,112.61236572265625,2.20361065864563,-202.5048370361328,4431.3759765625
1013043078,113.08944702148438,2.204272508621216,-202.08741760253906,4432.03076171875
1013043954,113.56719970703125,2.2047312259674072,-201.66941833496094,4432.6865234375
1013044823,114.04560852050781,2.204979658126831,-201.25079345703125,4433.318359375
1013045692,114.52467346191406,2.20503568649292,-200.83155822753906,4433.9501953125
1013046561,115.00440216064453,2.204944133758545,-200.41171264648438,4434.58251953125
1013047431,115.48478698730469,2.204744815826416,-199.9912567138672,4435.2197265625
1013048304,115.9658203125,2.2044200897216797,-199.57017517089844,4435.8583984375
1013049182,116.447509765625,2.203988552093506,-199.14849853515625,4436.498046875
1013050063,116.92984771728516,2.203489065170288,-198.72621154785156,4437.14111328125
1013050947,117.412841796875,2.2029600143432617,-198.30332946777344,4437.787109375
1013051833,117.89649963378906,2.2024388313293457,-197.87985229492188,4438.43310546875
1013052720,118.38081359863281,2.201953649520874,-197.455810546875,4439.080078125
1013053609,118.86579132080078,2.201521635055542,-197.03114318847656,4439.72607421875
1013054498,119.35143280029297,2.2011542320251465,-196.60592651367188,4440.373046875
1013055389,119.8377456665039,2.2008683681488037,-196.18014526367188,4441.0166015625
1013056283,120.3247299194336,2.2006797790527344,-195.7537384033203,4441.654296875
1013057178,120.81238555908203,2.2005858421325684,-195.3267822265625,4442.29248046875
1013058073,121.30071258544922,2.2005772590637207,-194.89927673339844,4442.9365234375
1013058967,121.78971099853516,2.2006537914276123,-194.47122192382812,4443.59375
1013059860,122.27938079833984,2.200806140899658,-194.04258728027344,4444.25146484375
1013060748,122.76972198486328,2.2009589672088623,-193.61334228515625,4444.91064453125
1013061621,123.26072692871094,2.2009966373443604,-193.1835479736328,4445.5703125
1013062492,123.75241088867188,2.2008628845214844,-192.75320434570312,4446.23193359375
1013063362,124.24475860595703,2.2005279064178467,-192.3223114013672,4446.89306640625
1013064235,124.7377700805664,2.199934244155884,-191.890869140625,4447.552734375
1013065115,125.23146057128906,2.199019193649292,-191.4588623046875,4448.21337890625
1013065999,125.72581481933594,2.1977696418762207,-191.02639770507812,4448.87353515625
1013066876,126.22084045410156,2.1961705684661865,-190.59339904785156,4449.52685546875
1013067753,126.71654510498047,2.194254159927368,-190.15985107421875,4450.18115234375
1013068634,127.21292114257812,2.1920723915100098,-189.7257537841797,4450.8369140625
1013069518,127.7099609375,2.189654588699341,-189.29110717773438,4451.50390625
1013070407,128.20767211914062,2.186997175216675,-188.8559112548828,4452.1728515625
1013071299,128.70606994628906,2.184114456176758,-188.420166015625,4452.841796875
1013072185,129.2051239013672,2.180997133255005,-187.98387145996094,4453.509765625
1013073219,129.7882080078125,2.177098035812378,-187.4741668701172,4454.29052734375
1013074107,130.28871154785156,2.173579454421997,-187.03668212890625,4454.958984375
1013074998,130.7898712158203,2.169915199279785,-186.59864807128906,4455.62353515625
1013075894,131.29150390625,2.1661033630371094,-186.16018676757812,4456.28759765625
1013076736,131.79290771484375,2.162137031555176,-185.72195434570312,4456.953125
1013077566,132.29428100585938,2.1579430103302,-185.28378295898438,4457.61767578125
1013078398,132.7955780029297,2.1535232067108154,-184.845703125,4458.283203125
1013079236,133.2968292236328,2.1489176750183105,-184.40773010253906,4458.95068359375
1013080083,133.79798889160156,2.1441168785095215,-183.96983337402344,4459.626953125
1013080947,134.29945373535156,2.1390864849090576,-183.53170776367188,4460.30322265625
1013081912,134.8018341064453,2.133894920349121,-183.0928497314453,4460.97314453125
1013082979,135.30555725097656,2.1286659240722656,-182.65281677246094,4461.62255859375
1013084112,135.810791015625,2.1234824657440186,-182.21151733398438,4462.2734375
1013085195,136.31735229492188,2.1184072494506836,-181.7690887451172,4462.931640625
1013086174,136.82484436035156,2.113499164581299,-181.32591247558594,4463.61669921875
1013087082,137.33277893066406,2.108811616897583,-180.8823699951172,4464.30322265625
1013087945,137.84080505371094,2.1043477058410645,-180.4387664794922,4464.98828125
1013088796,138.34869384765625,2.100085496902466,-179.99530029296875,4465.669921875
1013089649,138.85646057128906,2.0959856510162354,-179.55198669433594,4466.35107421875
1013090507,139.36428833007812,2.091994524002075,-179.108642578125,4467.03271484375
1013091387,139.8725128173828,2.0880625247955322,-178.6649932861328,4467.71533203125
1013092305,140.38145446777344,2.0841472148895264,-178.22073364257812,4468.3984375
1013093265,140.8914031982422,2.080291271209717,-177.77565002441406,4469.080078125
1013094264,141.40245056152344,2.0765929222106934,-177.32965087890625,4469.75732421875
1013095258,141.91453552246094,2.0730772018432617,-176.88275146484375,4470.4365234375
1013096224,142.42750549316406,2.069730758666992,-176.4351043701172,4471.11083984375
1013097154,142.94114685058594,2.066606283187866,-175.98692321777344,4471.77783203125
1013098050,143.4552001953125,2.0637447834014893,-175.5384063720703,4472.44482421875
1013098928,143.96949768066406,2.0611541271209717,-175.0896759033203,4473.1240234375
1013099804,144.48399353027344,2.058835506439209,-174.6407928466797,4473.81982421875
1013100684,144.99874877929688,2.056739568710327,-174.19171142578125,4474.515625
1013101577,145.51388549804688,2.0548019409179688,-173.74229431152344,4475.21044921875
1013102488,146.02960205078125,2.053025960922241,-173.2923583984375,4475.90478515625
1013103416,146.54605102539062,2.0513851642608643,-172.8418426513672,4476.60009765625
1013104353,147.06332397460938,2.0498178005218506,-172.39060974121094,4477.28076171875
1013105288,147.5814666748047,2.0482637882232666,-171.9386749267578,4477.9541015625
1013106214,148.1003875732422,2.046682834625244,-171.486083984375,4478.6279296875
1013107123,148.61997985839844,2.0450375080108643,-171.03294372558594,4479.30908203125
1013108016,149.14012145996094,2.0432872772216797,-170.57933044433594,4479.9931640625
1013108895,149.6606903076172,2.041379451751709,-170.1253662109375,4480.67822265625
1013109747,150.18162536621094,2.039170742034912,-169.6710968017578,4481.38427734375
1013110588,150.70294189453125,2.036569356918335,-169.21652221679688,4482.09912109375
1013111437,151.22471618652344,2.0335633754730225,-168.7615966796875,4482.81396484375
1013112304,151.74700927734375,2.030139684677124,-168.3062286376953,4483.51220703125
1013113194,152.2699432373047,2.0262341499328613,-167.850341796875,4484.21044921875
1013114103,152.79356384277344,2.0218496322631836,-167.39389038085938,4484.9091796875
1013115018,153.3179168701172,2.01701283454895,-166.9368133544922,4485.60498046875
1013115933,153.8429718017578,2.011798858642578,-166.4791259765625,4486.30126953125
1013116843,154.3686981201172,2.006293773651123,-166.0208740234375,4486.998046875
1013117746,154.89501953125,2.000551462173462,-165.56214904785156,4487.69140625
1013118646,155.42185974121094,1.9946093559265137,-165.10296630859375,4488.38525390625
1013119545,155.94923400878906,1.9885214567184448,-164.64337158203125,4489.083984375
1013120444,156.47708129882812,1.9823329448699951,-164.1833953857422,4489.79296875
1013121348,157.00540161132812,1.9760934114456177,-163.72299194335938,4490.50244140625
1013122260,157.5342559814453,1.9698528051376343,-163.26214599609375,4491.2099609375
1013123179,158.06369018554688,1.963645577430725,-162.8008270263672,4491.916015625
1013124109,158.59375,1.957497239112854,-162.3389892578125,4492.623046875
1013125040,159.12445068359375,1.9514014720916748,-161.87660217285156,4493.328125
1013125970,159.65579223632812,1.945342779159546,-161.41366577148438,4494.03271484375
1013126896,160.18775939941406,1.9393203258514404,-160.95018005371094,4494.73779296875
1013127818,160.72035217285156,1.9333364963531494,-160.48622131347656,4495.44189453125
1013128737,161.25350952148438,1.9273594617843628,-160.0217742919922,4496.14599609375
1013129654,161.78721618652344,1.9213446378707886,-159.55686950683594,4496.85009765625
1013130549,162.32139587402344,1.9151676893234253,-159.09156799316406,4497.5712890625
1013131434,162.85610961914062,1.908758282661438,-158.62582397460938,4498.294921875
1013132323,163.39137268066406,1.9021118879318237,-158.15963745117188,4499.01708984375
1013133218,163.92718505859375,1.8951902389526367,-157.6929473876953,4499.72509765625
1013134105,164.4635467529297,1.8879413604736328,-157.2257080078125,4500.43408203125
1013135003,165.00045776367188,1.8803790807724,-156.75791931152344,4501.14013671875
1013135895,165.5379180908203,1.8725214004516602,-156.28955078125,4501.837890625
1013136782,166.0758056640625,1.864424228668213,-155.8204803466797,4502.53662109375
1013137685,166.6140899658203,1.8561532497406006,-155.3506622314453,4503.2451171875
1013138615,167.15264892578125,1.8477405309677124,-154.88003540039062,4503.96435546875
1013139579,167.69140625,1.8392088413238525,-154.40853881835938,4504.68505859375
1013140573,168.2303009033203,1.8305689096450806,-153.9360809326172,4505.41015625
1013141603,168.76925659179688,1.8218421936035156,-153.46263122558594,4506.13818359375
1013142634,169.30824279785156,1.8130630254745483,-152.98814392089844,4506.86669921875
1013143606,169.8473663330078,1.804245114326477,-152.51272583007812,4507.59130859375
1013144530,170.38694763183594,1.7953705787658691,-152.0366973876953,4508.31640625
1013145471,170.9269561767578,1.7864326238632202,-151.5600128173828,4509.04248046875
1013146379,171.46737670898438,1.7773717641830444,-151.08261108398438,4509.76806640625
1013147288,172.00814819335938,1.7681796550750732,-150.60443115234375,4510.494140625
1013148190,172.54922485351562,1.7588651180267334,-150.12545776367188,4511.220703125
1013149085,173.0906219482422,1.7493880987167358,-149.6456756591797,4511.94775390625
1013149979,173.63232421875,1.7397119998931885,-149.16513061523438,4512.6748046875
1013150866,174.17431640625,1.7298223972320557,-148.68380737304688,4513.40283203125
1013151749,174.71661376953125,1.719719409942627,-148.20172119140625,4514.1318359375
1013152631,175.25921630859375,1.709430456161499,-147.71890258789062,4514.861328125
1013153517,175.80215454101562,1.6989812850952148,-147.2353515625,4515.58984375
1013154407,176.345458984375,1.6883563995361328,-146.75111389160156,4516.318359375
1013155300,176.88917541503906,1.677599310874939,-146.26617431640625,4517.04833984375
1013156234,177.43341064453125,1.6668950319290161,-145.78062438964844,4517.7744140625
1013157227,177.9782257080078,1.6563515663146973,-145.2946319580078,4518.50146484375
1013158285,178.5237579345703,1.6460081338882446,-144.808349609375,4519.2314453125
1013159406,179.07009887695312,1.6359680891036987,-144.3218231201172,4519.9658203125
1013160584,179.6172637939453,1.626361608505249,-143.83511352539062,4520.7001953125
1013161637,180.16493225097656,1.6173897981643677,-143.34786987304688,4521.43212890625
1013162624,180.71310424804688,1.6091914176940918,-142.8600311279297,4522.162109375
1013163623,181.26181030273438,1.6017323732376099,-142.37176513671875,4522.892578125
1013164631,181.81112670898438,1.5949846506118774,-141.88311767578125,4523.64111328125
1013165641,182.36111450195312,1.5890389680862427,-141.3941192626953,4524.3935546875
1013166641,182.91180419921875,1.583829402923584,-140.90484619140625,4525.142578125
1013167629,183.46319580078125,1.5792080163955688,-140.41526794433594,4525.87890625
1013168623,184.0152587890625,1.5750974416732788,-139.92535400390625,4526.61669921875
1013169617,184.5679931640625,1.57139253616333,-139.43511962890625,4527.3544921875
1013170606,185.1213836669922,1.5679502487182617,-138.94454956054688,4528.09375
1013171583,185.6754150390625,1.5646311044692993,-138.45361328125,4528.83349609375
1013172505,186.23007202148438,1.5611321926116943,-137.96231079101562,4529.56494140625
1013173396,186.78530883789062,1.557201862335205,-137.47064208984375,4530.2939453125
1013174274,187.34117126464844,1.5527182817459106,-136.9785614013672,4531.02587890625
1013175155,187.8975830078125,1.5475237369537354,-136.48609924316406,4531.7978515625
1013176053,188.4545440673828,1.5414173603057861,-135.99319458007812,4532.5712890625
1013176968,189.01205444335938,1.5344496965408325,-135.49984741210938,4533.33203125
1013177898,189.5701141357422,1.5267843008041382,-135.0060577392578,4534.07666015625
1013178837,190.12876892089844,1.5185896158218384,-134.5117950439453,4534.822265625
1013179783,190.68801879882812,1.510022521018982,-134.01705932617188,4535.564453125
1013180736,191.24781799316406,1.5012409687042236,-133.52182006835938,4536.306640625
1013181691,191.80816650390625,1.4923605918884277,-133.02610778808594,4537.048828125
1013182643,192.369140625,1.4834381341934204,-132.5299072265625,4537.798828125
1013183596,192.93067932128906,1.4745169878005981,-132.033203125,4538.54931640625
1013184549,193.49276733398438,1.4656381607055664,-131.53602600097656,4539.30029296875
1013185502,194.05540466308594,1.456810474395752,-131.03839111328125,4540.0517578125
1013186458,194.6185302734375,1.4480277299880981,-130.540283203125,4540.8037109375
1013187413,195.1821746826172,1.439294457435608,-130.04171752929688,4541.55810546875
1013188367,195.74636840820312,1.4306086301803589,-129.54269409179688,4542.3134765625
1013189323,196.3111114501953,1.4219639301300049,-129.04319763183594,4543.06982421875
1013190279,196.87640380859375,1.4133579730987549,-128.54324340820312,4543.82666015625
1013191236,197.44224548339844,1.4047809839248657,-128.04281616210938,4544.583984375
1013192194,198.00863647460938,1.3962254524230957,-127.54190826416016,4545.34228515625
1013193155,198.57557678222656,1.3876975774765015,-127.04052734375,4546.10107421875
1013194116,199.14305114746094,1.3791966438293457,-126.53866577148438,4546.86083984375
1013195078,199.71109008789062,1.3707197904586792,-126.03634643554688,4547.62109375
1013196039,200.27967834472656,1.3622804880142212,-125.53356170654297,4548.3818359375
1013197001,200.84881591796875,1.3538788557052612,-125.03031921386719,4549.1435546875
1013197959,201.4185028076172,1.3454933166503906,-124.52662658691406,4549.9072265625
1013198932,201.98878479003906,1.3371106386184692,-124.02254486083984,4550.67138671875
1013199957,202.5597381591797,1.328728437423706,-123.51815795898438,4551.43896484375
1013201025,203.13143920898438,1.320332646369934,-123.01355743408203,4552.20947265625
1013202152,203.70396423339844,1.3119159936904907,-122.50878143310547,4552.98046875
1013203333,204.27732849121094,1.3034876585006714,-122.00393676757812,4553.74560546875
1013204576,204.85166931152344,1.2950621843338013,-121.49909973144531,4554.5107421875
1013205871,205.427001953125,1.2866506576538086,-120.99435424804688,4555.2763671875
1013207211,206.00335693359375,1.2782597541809082,-120.48970031738281,4556.0419921875
1013208336,206.5803985595703,1.2698862552642822,-119.98472595214844,4556.80810546875
1013209290,207.15806579589844,1.261467456817627,-119.47941589355469,4557.580078125
1013210248,207.73643493652344,1.2529217004776,-118.97383117675781,4558.35546875
1013211212,208.31556701660156,1.2442169189453125,-118.4680404663086,4559.1318359375
1013212181,208.89547729492188,1.2353020906448364,-117.96205139160156,4559.90576171875
1013213159,209.47613525390625,1.226090431213379,-117.45586395263672,4560.68115234375
1013214147,210.0575408935547,1.2165864706039429,-116.94947814941406,4561.453125
1013215154,210.63973999023438,1.2068674564361572,-116.44290924072266,4562.220703125
1013216172,211.2227020263672,1.1969830989837646,-115.93614196777344,4562.9892578125
1013217194,211.80642700195312,1.1869730949401855,-115.4291763305664,4563.76171875
1013218219,212.39093017578125,1.1769179105758667,-114.92198944091797,4564.5361328125
1013219247,212.97616577148438,1.1669139862060547,-114.4145736694336,4565.31103515625
1013220294,213.56211853027344,1.1570727825164795,-113.90689086914062,4566.083984375
1013221336,214.14877319335938,1.1474255323410034,-113.39893341064453,4566.85791015625
1013222369,214.73609924316406,1.1379914283752441,-112.89067077636719,4567.63525390625
1013223396,215.32408142089844,1.1288424730300903,-112.382080078125,4568.41455078125
1013224413,215.9126739501953,1.1199854612350464,-111.87313842773438,4569.1953125
1013225423,216.50186157226562,1.1113775968551636,-111.36381530761719,4569.9765625
1013226425,217.0915985107422,1.1029669046401978,-110.85409545898438,4570.75830078125
1013227418,217.681884765625,1.0947016477584839,-110.34395599365234,4571.5400390625
1013228406,218.27272033691406,1.086534857749939,-109.83338165283203,4572.3212890625
1013229392,218.86410522460938,1.078414797782898,-109.32237243652344,4573.10302734375
1013230368,219.45603942871094,1.0702546834945679,-108.8109130859375,4573.88525390625
1013231339,220.04849243164062,1.062008261680603,-108.29900360107422,4574.66748046875
1013232473,220.7403106689453,1.0522693395614624,-107.7011947631836,4575.59033203125
1013233445,221.33389282226562,1.0437828302383423,-107.18829345703125,4576.39013671875
1013234421,221.92800903320312,1.0351531505584717,-106.67493438720703,4577.19091796875
1013235395,222.52259826660156,1.0263798236846924,-106.16111755371094,4577.986328125
1013236369,223.11773681640625,1.0174775123596191,-105.64684295654297,4578.7822265625
1013237344,223.7134246826172,1.0084656476974487,-105.13211059570312,4579.56640625
1013238318,224.30960083007812,0.9993360042572021,-104.6169204711914,4580.3408203125
1013239293,224.9062957763672,0.990093469619751,-104.10127258300781,4581.115234375
1013240282,225.5035400390625,0.9808110594749451,-103.58516693115234,4581.9052734375
1013241277,226.10133361816406,0.971542239189148,-103.068603515625,4582.69580078125
1013242274,226.69960021972656,0.9623041749000549,-102.55158996582031,4583.4873046875
1013243272,227.29840087890625,0.9531478881835938,-102.03412628173828,4584.279296875
1013244268,227.89772033691406,0.9441224932670593,-101.51618194580078,4585.07177734375
1013245239,228.4974822998047,0.9352458715438843,-100.9976806640625,4585.857421875
1013246202,229.09764099121094,0.9264959096908569,-100.47858428955078,4586.64306640625
1013247166,229.69810485839844,0.9178480505943298,-99.95881652832031,4587.4326171875
1013248131,230.2988739013672,0.9092937111854553,-99.43836212158203,4588.22998046875
1013249121,230.8998565673828,0.9008049368858337,-98.91712951660156,4589.0283203125
1013250141,231.5009765625,0.8923220634460449,-98.39505004882812,4589.82763671875
1013251198,232.10220336914062,0.8838154673576355,-97.87203979492188,4590.6279296875
1013252295,232.70339965820312,0.8752814531326294,-97.3479995727539,4591.43017578125
1013253436,233.3044891357422,0.8667086958885193,-96.8228530883789,4592.23779296875
1013254622,233.9054412841797,0.8580936789512634,-96.29655456542969,4593.0458984375
1013255671,234.50662231445312,0.8494195938110352,-95.7695083618164,4593.8525390625
1013256683,235.10818481445312,0.8407029509544373,-95.24185943603516,4594.65966796875
1013257667,235.71005249023438,0.8319705128669739,-94.7135238647461,4595.47509765625
1013258653,236.3121795654297,0.8232302069664001,-94.18445587158203,4596.3046875
1013259633,236.91452026367188,0.8144901394844055,-93.65462493896484,4597.13525390625
1013260602,237.51705932617188,0.8057438135147095,-93.12397003173828,4597.9423828125
1013261562,238.1197509765625,0.7969878315925598,-92.59249114990234,4598.74853515625
1013262517,238.72259521484375,0.7882198095321655,-92.0601806640625,4599.546875
1013263468,239.3256072998047,0.779431164264679,-91.52705383300781,4600.33642578125
1013264418,239.92877197265625,0.7706006169319153,-90.99309539794922,4601.1259765625
1013265361,240.53196716308594,0.7616750001907349,-90.45848083496094,4601.9326171875
1013266222,241.13465881347656,0.7526266574859619,-89.92375183105469,4602.740234375
1013267082,241.7370147705078,0.7434410452842712,-89.38883972167969,4603.548828125
1013267961,242.33905029296875,0.734085202217102,-88.85377502441406,4604.3564453125
1013268851,242.9407958984375,0.7245280146598816,-88.31864166259766,4605.1640625
1013269752,243.5423126220703,0.7147538065910339,-87.78343963623047,4605.9697265625
1013270675,244.1439666748047,0.704781174659729,-87.24790954589844,4606.77587890625
1013271723,244.74639892578125,0.6946572065353394,-86.71150970458984,4607.58251953125
1013272859,245.34996032714844,0.6844080090522766,-86.17399597167969,4608.39111328125
1013274028,245.95465087890625,0.6740587949752808,-85.63543701171875,4609.20068359375
1013275105,246.56011962890625,0.6636552214622498,-85.0961685180664,4610.00439453125
1013276106,247.16583251953125,0.6532455086708069,-84.55664825439453,4610.8076171875
1013277074,247.77149963378906,0.6428657174110413,-84.0172119140625,4611.61376953125
1013278048,248.376953125,0.6325316429138184,-83.47801971435547,4612.421875
1013279031,248.9822235107422,0.622249186038971,-82.93904113769531,4613.22998046875
1013280029,249.58750915527344,0.6120536923408508,-82.40016174316406,4614.07421875
