FALSE,Year Makes: 96 Models: 681,Nickname,Ordinal,Year,Makes: 96,Models: 681,Access Type,DLC Pack,Special Reward/Gift,Direct Access,Rarity,FE Boost,Featured Sale Deadline,Car Value,Spec,Car Division,PI,Class,S,B,H,A,L,O,HP,T,Wt,Wt / HP,%,Displ cc,Aspiration,Engine,Cylinders,Eng,Drive,F Tire/RRim,R Tire/RRim,Track Width,Aero or kit Options,Engine Conversions (hp),Aspiration Options,Naturally Aspirated,Region,Country,Model Family,Open Top,Doors,Steering,Wheels,No lights,Car Themes,0-60 Sec,0-100 Sec,1/4 Mile,Top Speed,60-0 Feet,100-0 Ft,60 mph g's,100mph g's,60-100 sec,MM VIN,FM Debut,FH5 Debut,Forza Debut,Latest game,New to Forza,FM,FH5,FH4,FM7,FH3,FM6,FH2,FM5,FH1,FM4,FM3,FM2,FM1,# Titles,Xbox gen,
FALSE,2017 Abarth 124 Spider,Abarth 124 '17,2740,2017,Abarth,124 Spider,Buy Cars Base,FM Update 4,,,Common,,24-Jan-2024,"43,000",Factory,Modern Sport Compact,360,D,2.1,2.3,2.4,2.2,2.6,5.1,186,184,2477,13.32,54,1368,T,Inline,4,F,RWD,205/R17,205/R17,Both,Forza,"194, 212, 232, 250, 276, 350, 415, 630, 690",none,eng,Europe,Italy,,Yes,2,L,4,,SS,6.500,17.600,14.917,144.4,111.2,284.3,1.10,1.07,11.100,12843,25-Jan-24,07-Sep-23,07-Nov-17,FM,FM7,S,cu,FH4,DLC,,,,,,,,,,4,XBO,1
FALSE,2016 Abarth 695 Biposto,Abarth 695 '16,2489,2016,Abarth,695 Biposto,Seasonal,Series 24 cu,,,Common,,,"250,000",Factory,Hot Hatch,657,C,4.9,4.8,5.3,4.7,4.4,5.1,186,183,2198,11.82,64,1368,T,Inline,4,F,FWD,,215,Both,Forza,300,none,no,Europe,Italy,,,3,L,4,,,5.655,16.939,,138.6,117.8,292.6,1.05,1.10,11.284,12489,,24-Aug-23,02-Aug-16,FH5,FM6,,cu,FH4,FM7,FH3,DLC,,,,,,,,5,XBO,0
FALSE,2013 Abarth Punto Supersport,Abarth Punto,,2013,Abarth,Punto Supersport,,,,,,,,,Factory,Modern Hot Hatch,363,D,5.0,4.5,4.6,6.5,,,177,199,2612,14.76,60,,T,Inline,4,F,FWD,,,,,,,eng,Europe,Italy,,,3,L,4,,,7.519,18.637,14.950,135.8,146.2,327.4,1.09,1.05,11.118,12086,,,04-Feb-14,FM7,FM5,,,,FM7,,FM6,FH2,DLC,,,,,,4,XBO,0
FALSE,2010 Abarth 500 esseesse,Fiat Abarth 500,,2010,Abarth,500 esseesse,,,,,,,,,Factory,Hot Hatch,563,C,5.0,5.9,5.8,6.4,6.7,,158,169,2050,12.97,65,1368,T,Inline,4,F,FWD,,,,,,,eng,Europe,Italy,,,3,L,4,,,7.417,20.719,,136.4,153.5,393.5,0.80,0.79,13.302,11451,,,27-Oct-09,FH3,FM3,,,,,FH3,FM6,FH2,FM5,FH1,FM4,FM3,,,7,XBO,0
FALSE,1980 Abarth Fiat 131,Abarth 131,1124,1980,Abarth,Fiat 131,Seasonal,Series 24 cu,,,Common,,,"250,000",Factory,Classic Rally,510,C,4.3,3.2,4.1,4.1,3.9,5.9,140,130,2161,15.44,54,1995,NA,Inline,4,F,RWD,,185,Both,Rally lights / roof,"321, 300, 805","T, CS",stock,Europe,Italy,,,2,L,4,,,8.182,23.982,,120.0,155.5,381.3,0.89,0.90,15.800,11452,,31-Aug-23,27-Oct-09,FH5,FM3,,cu,FH4,FM7,FH3,FM6,FH2,DLC,,FM4,DLC,,,9,XBO,0
FALSE,1968 Abarth 595 esseesse,Abarth 595 '68,2017,1968,Abarth,595 esseesse,Autoshow,Series 24 cu,,,Common,,,"35,000",Factory,Cult Cars,100,D,2.6,2.0,3.7,1.7,2.6,5.1,28,34,1257,44.89,42,594,NA,Inline,2,R,RWD,,125,Both,Forza,"158, 196, 300",CS,stock,Europe,Italy,,,2,R,4,,"DvG, mm",28.227,999.999,,73.9,182.3,F,0.73,0.73,971.772,11951,,15-Aug-23,23-Oct-12,FH5,FH1,,cu,FH4,FM7,FH3,FM6,DLC,,FH1,,,,,7,XBO,0
FALSE,2022 Acura NSX Type S,Acura NSX '22,3767,2022,Acura,NSX Type S,Reward,FM Update 18,20th Anniversary Tour,,,,,"256,000",Factory,Modern Sport GT,737,S,6.1,3.7,3.3,6.3,,,600,492,3903,6.51,42,3500,TT,V,6,M,AWD,245/R19,305/R20,,WB,"375, 562, 603, 630, 788",none,,N. America,U.S.,,,2,L,4,,,2.900,6.700,11.000,202.3,105.1,262.3,1.17,1.19,3.800,,18-Jun-25,,18-Jun-25,FM,FM,R,,,,,,,,,,,,,1,XBO,1
FALSE,2020 Acura #6 ARX-05 DPi,Acura #6 ARX-05,3420,2020,Acura,#6 ARX-05 DPi,Reward,FM Update 1,Track Tour. gift Feb2024,,,,,"358,000",Race,Forza Proto-H,943,P,6.0,9.5,9.6,7.7,,,600,500,2174,3.62,45,3500,TT,V,6,M,RWD,310/R18,310/R18,,Adjustable,none,none,,N. America,U.S.,Acura ARX,,2,L,4,,,2.470,4.663,10.067,201.0,76.9,186.8,1.61,2.21,2.193,13429,25-Oct-23,,25-Oct-23,FM,FM,R,,,,,,,,,,,,,1,XBO,1
FALSE,2018 Acura #36 NSX GT3,Acura #36 NSX,3240,2018,Acura,#36 NSX GT3,Buy Cars DLC,FM Race Day,Gift w/DLC,,,,,"307,000",Race,Forza GT3,819,R,4.7,6.7,6.9,6.3,,,522,405,2910,5.57,45,3500,TT,V,6,M,RWD,300/R18,325/R18,,Adjustable,none,none,,N. America,U.S.,Acura NSX,,2,L,4,,,3.300,6.783,11.000,181.8,82.5,206.6,1.47,1.70,3.483,13393,05-Oct-23,,05-Oct-23,FM,FM,DLC,,,,,,,,,,,,,1,XBO,1
FALSE,2017 Acura NSX,Acura NSX '17,2352,2017,Acura,NSX,Buy Cars Base,,,,Rare,,,"243,000",Factory,Modern Sport GT,731,S,5.2,3.8,3.3,6.1,,,573,623,3803,6.64,42,3493,TT,V,6,M,AWD,245/R19,305/R20,Both,"WB, Forza","375, 562, 603, 630, 788",none,no,N. America,U.S.,Acura NSX,,2,L,4,,,2.700,6.400,10.550,190.7,101.1,252.0,1.17,1.20,3.700,12631,05-Oct-23,05-Nov-21,01-Nov-16,FM,FH3,FM,FH5,FH4,FM7,DLC,,,,,,,,,5,XBO,1
FALSE,2017 Acura NSX Forza Edition,,,2017,Acura,NSX Forza Edition,,,,,,,,,Upgraded,Sport GT,773,S,6.8,6.0,5.9,8.8,,,577,623,3801,6.59,42,,TT,V,6,M,AWD,,,,,,,eng,N. America,U.S.,NSX,,2,L,4,,,2.700,6.400,,184.1,128.4,298.6,1.27,1.32,3.700,12751,,,29-Sep-17,FM7,FM7,,,,FE,,,,,,,,,,1,XBO,0
FALSE,2010 Acura TSX V6,,,2010,Acura,TSX V6,,,,,,,,,Factory,Sedan,375,C,,,,,,,280,354,3664,13.09,,3500,,V,6,F,FWD,,,,,,,,N. America,U.S.,,,4,L,4,,,6.100,,,170.2,,,,,,11649,,,03-Jul-10,FM4,FM3,,,,,,,,,,FM4,DLC,,,2,360,0
FALSE,2009 Acura #66 de Ferran Motorsports ARX-02a,,,2009,Acura,#66 de Ferran Motorsports ARX-02a,,,,,,,,,Race,P1 Racing,990,R1,,,,,,,625,375,1984,3.17,,,,,8,M,RWD,,,,,,,,N. America,U.S.,,Yes,2,R,4,,,2.800,,,211.1,,,,,,11456,,,27-Oct-09,FM4,FM3,,,,,,,,,,FM4,FM3,,,2,360,0
FALSE,2009 Acura #66 de Ferran Motorsports Jim Hall Tribute ARX-02a,,,2009,Acura,#66 de Ferran Motorsports Jim Hall Tribute ARX-02a,,,,,,,,,Livery,P1 Racing,989,R1,,,,,,,625,375,1984,3.17,,4000,NA,V,8,M,RWD,,,,,,,stock,N. America,U.S.,,Yes,2,R,4,,,2.800,,,211.1,,,,,,11730,,,14-Oct-11,FM4,FM4,,,,,,,,,,FM4,,,,1,360,0
FALSE,2008 Acura #15 Lowe's Fernandez ARX-01b,,,2008,Acura,#15 Lowe's Fernandez ARX-01b,,,,,,,,,Race,P2,954,R1,,,,,,,510,284,1764,3.46,,,,,8,M,RWD,,,,,,,,N. America,U.S.,,Yes,2,R,4,,,3.100,,,195.9,,,,,,11453,,,27-Oct-09,FM4,FM3,,,,,,,,,,FM4,FM3,,,2,360,0
FALSE,2008 Acura #26 Andretti-Green Racing ARX-01b,,,2008,Acura,#26 Andretti-Green Racing ARX-01b,,,,,,,,,Livery,P2,954,R1,8.1,,9.8,,,,510,284,1764,3.46,,,,,8,M,RWD,,,,,,,,N. America,U.S.,,Yes,2,R,4,,,3.100,,,195.9,,,,,,11454,,,27-Oct-09,FM4,FM3,,,,,,,,,,FM4,FM3,,,2,360,0
FALSE,2008 Acura #66 de Ferran Motorsports ARX-01b,,,2008,Acura,#66 de Ferran Motorsports ARX-01b,,,,,,,,,Livery,P2,954,R1,,,,,,,510,284,1764,3.46,,,,,8,M,RWD,,,,,,,,N. America,U.S.,,Yes,2,R,4,,,3.100,,,195.9,,,,,,11455,,,27-Oct-09,FM4,FM3,,,,,,,,,,FM4,FM3,,,2,360,0
FALSE,2006 Acura RL A-Spec,,,2006,Acura,RL A-Spec,,,,,,,,,Factory,,399,D,,,,,,,,,,#DIV/0!,,,,,,F,AWD,,,,,,,,N. America,U.S.,,,4,L,4,,,,,,,,,,,,11251,,,29-May-07,FM2,FM2,,,,,,,,,,,,FM2,,1,360,0
FALSE,2005 Acura Forza Motorsport NSX,,,2005,Acura,Forza Motorsport NSX,DLC promo,,,,,,,,Upgraded,Coupe,711,R3,8.2,6.4,6.4,8.1,7.7,,561,387,2575,4.59,,,,,6,M,RWD,,,,,,,,N. America,U.S.,,,2,L,4,,,,,,,,,,,,11457,,,27-Oct-09,FM3,FM3,,,,,,,,,,,DLC,,,1,360,0
FALSE,2005 Acura NSX,,,2005,Acura,NSX,,,,,,,,,Factory,Sports,476,B,,,,,,,290,225,3100,10.69,,3179,NA,V,6,M,RWD,,,,,,,stock,N. America,U.S.,,,2,L,4,,,5.000,,,179.8,,,,,,11004,,,03-May-05,FM4,FM1,,,,,,,,,,FM4,FM3,FM2,FM1,4,360,0
FALSE,2003 Acura 3.2 CL Type-S,,,2003,Acura,3.2 CL Type-S,,,,,,,,,Factory,,,D2,5.3,4.1,4.2,4.8,,,260,232,3446,13.25,62,3200,PDS,V,6,F,FWD,,,,,,,,Asia,Japan,,,2,L,4,,,,,,,,,,,,11002,,,03-May-05,FM1,FM1,,,,,,,,,,,,,FM1,1,360,0
FALSE,2002 Acura #42 Realtime Racing NSX,#42 Acura NSX,,2002,Acura,#42 Realtime Racing NSX,,,,,,,,,Race,GT3,657,S,6.3,6.6,6.6,7.3,7.4,,362,269,2524,6.97,,,,,6,M,RWD,,275,,,,,,N. America,U.S.,,,2,L,4,,,,,,,,,,,,11001,,,03-May-05,FM3,FM1,,,,,,,,,,,FM3,FM2,FM1,3,360,0
FALSE,2002 Acura RSX Type-S,Acura RSX,422,2002,Acura,RSX Type-S,Autoshow,,,,Common,,,"25,000",Factory,Retro Hot Hatch,585,C,5.6,3.5,5.1,3.9,3.0,5.3,200,142,2820,14.10,61,1998,NA,Inline,4,F,FWD,,205,Both,Sport,300,"T, CS",stock,N. America,U.S.,Integra,,2,L,4,,"RPC, DD",6.717,18.019,15.200,148.4,143.8,362.1,0.90,0.92,11.302,11006,,05-Nov-21,03-May-05,FH5,FM1,,FH5,FH4,FM7,FH3,FM6,FH2,DLC,,FM4,FM3,FM2,FM1,11,XBO,0
FALSE,2001 Acura Integra Type R,Acura ITR '01,368,2001,Acura,Integra Type R,Buy Cars Base,,,,Common,,,"53,000",Factory,Early Sport Compact,338,D,3.3,1.5,1.9,2.0,,,195,130,2639,13.53,62,1797,NA,Inline,4,F,FWD,195/R15,195/R15,Both,Forza,"212, 350, 375, 394I, 475, 630","T, PDS, CS",stock,N. America,U.S.,Acura Integra,,2,L,4,,"RPC, DD",6.600,17.900,15.200,160.3,113.0,299.1,1.05,1.00,11.300,11003,05-Oct-23,05-Nov-21,03-May-05,FM,FM1,FM,FH5,FH4,FM7,FH3,FM6,DLC,FM5,,FM4,FM3,FM2,FM1,12,XBO,1
FALSE,2000 Acura VIS Racing Integra Type-R,VIS Integra,,2000,Acura,VIS Racing Integra Type-R,,,,,,,,,Race,,507,C,,,,,,,225,145,2425,10.78,62,,NA,,,F,FWD,,,,,,,stock,N. America,U.S.,,,2,L,4,,,,,,,,,,,,11007,,,03-May-05,FM2,FM1,,,,,,,,,,,,FM2,FM1,2,360,0
FALSE,1997 Acura NSX,,,1997,Acura,NSX,,,,,,,,,Factory,Sports,471,B,,,,,,,276,224,2998,10.86,,3200,NA,V,6,M,RWD,,,,,,,stock,N. America,U.S.,,,2,L,4,,,4.900,,,173.4,,,,,,11005,,,03-May-05,FM4,FM1,,,,,,,,,,FM4,FM3,FM2,FM1,4,360,0
FALSE,2020 Alejandra's Flatbed Truck,,,2020,Alejandra's,Flatbed Truck,Horizon Promo,,,,,,,,Traffic,,,,,,,,,,,,,,,,,,,,,,,,,,,,,,,,,,,,,,,,,,,,,,13201,,,04-Nov-21,FH5,FH5,,HP,,,,,,,,,,,,1,XBO,0
FALSE,2018 Alfa Romeo Stelvio Quadrifoglio,Alfa Romeo Stelvio,,2018,Alfa Romeo,Stelvio Quadrifoglio,DLC store,,,,Common,,,"80,000",Factory,Sports Utility Heroes,752,A,7.2,6.3,5.9,9.0,10.0,,506,442,4361,8.62,50,2891,TT,V,6,F,AWD,,285,Both,Forza,"506, 602, 562v8, 660",none,eng,Europe,Italy,,,5,L,4,,,3.900,9.500,,180.2,222.9,437.2,0.88,0.88,5.600,13034,,,09-Nov-18,FH4,FH4,,,DLC,,,,,,,,,,,1,XBO,0
FALSE,2017 Alfa Romeo Giulia Quadrifoglio,Alfa Giulia '17,2542,2017,Alfa Romeo,Giulia Quadrifoglio,Buy Cars Base,FM Update 4,,,Rare,,24-Jan-2024,"120,000",Factory,Modern Sport Touring,632,A,5.8,3.5,3.1,4.5,4.9,5.0,506,442,3822,7.55,50,2891,TT,V,6,F,RWD,245/R19,285/R19,Both,Forza,"375, 394I, 562, 603, 630, 788",none,eng,Europe,Italy,Alfa Romeo Giulia,,4,L,4,,,3.600,8.100,11.883,197.5,105.5,261.2,1.15,1.16,4.500,12844,01-Feb-24,15-Aug-23,07-Nov-17,FM,FM7,S,cu,FH4,DLC,,,,,,,,,,4,XBO,1
FALSE,2016 Alfa Romeo Giulia Quadrifoglio Forza Edition,Alfa Giulia FE,,2016,Alfa Romeo,Giulia Quadrifoglio Forza Edition,Exclusive,,,,FE,Event Influence,,"370,000",Upgraded,Super Saloons,812,S1,7.7,8.1,7.5,7.3,8.9,,506,442,3822,7.55,50,2891,TT,V,6,F,RWD,,285,Both,Forza,"506, 602, 660",none,eng,Europe,Italy,,,4,L,4,,,4.400,10.600,,161.3,143.8,353.6,0.96,1.03,6.200,12952,,,28-Sep-18,FH4,FH4,,,FE,,,,,,,,,,,1,XBO,0
FALSE,2014 Alfa Romeo 4C,Alfa Romeo 4C,2038,2014,Alfa Romeo,4C,Buy Cars Base,FM Update 6,,,Rare,,20-Mar-2024,"89,000",Factory,Modern Sport Coupe,522,B,3.1,2.9,3.1,3.5,7.0,5.0,240,238,2077,8.65,41,1742,T,Inline,4,M,RWD,205/R18,235/R19,Both,"Street, Safety Light","350, 394I, 475, 630, 690",none,eng,Europe,Italy,,,2,L,4,,,4.400,11.450,13.100,158.5,108.5,270.1,1.17,1.16,7.050,12186,13-Mar-24,24-Aug-23,04-Nov-14,FM,FH2,S,cu,FH4,FM7,FH3,FM6,DLC,,,,,,,7,XBO,1
FALSE,2011 Alfa Romeo Giulietta Quadrifoglio Verde,AR Giulietta 11,1325,2011,Alfa Romeo,Giulietta Quadrifoglio Verde,Buy Cars Base,,,,,,,"59,000",Factory,Modern Hot Hatch,387,D,2.8,1.8,2.1,2.4,,,231,251,2910,12.60,63,1742,T,Inline,4,F,FWD,225/R18,225/R18,,Forza,"350, 375, 394I, 475, 630",none,eng,Europe,Italy,Alfa Romeo Giulietta,,5,L,4,,,6.600,17.500,14.267,154.4,111.1,288.5,1.08,1.02,10.900,11701,05-Oct-23,,13-Oct-11,FM,FM4,FM,,,FM7,,FM6,FH2,DLC,,DLC,,,,6,XBO,1
FALSE,2011 Alfa Romeo TZ3 Stradale Zagato,,,2011,Alfa Romeo,TZ3 Stradale Zagato,,,,,,,,,Factory,Sports,664,S,,,,,,,640,584,3190,4.98,,8400,NA,V,10,F,RWD,,,,,,,stock,Europe,Italy,,,2,L,4,,,,,,,,,,,,12008,,,02-Apr-13,FH1,FH1,,,,,,,,,DLC,,,,,1,360,0
FALSE,2010 Alfa Romeo 8C Spider,,,2010,Alfa Romeo,8C Spider,,,,,,,,,Factory,Open Top,556,A,,,,,,,450,354,3695,8.21,,,NA,Inline,8,F,RWD,,,,,,,,Europe,Italy,,Yes,2,L,4,,,,,,,,,,,,11952,,,23-Oct-12,FH1,FH1,,,,,,,,,DLC,,,,,1,360,0
FALSE,2009 Alfa Romeo Brera Italia Independent,,,2009,Alfa Romeo,Brera Italia Independent,,,,,,,,,Factory,Hatch,347,D,,,,,,,256,237,3594,14.04,,,,V,6,F,AWD,,,,,,,,Europe,Italy,,,2,L,4,,,7.000,,,147.4,,,,,,11459,,,27-Oct-09,FM4,FM3,,,,,,,,,,FM4,FM3,,,2,360,0
FALSE,2008 Alfa Romeo MiTo,,,2008,Alfa Romeo,MiTo,,,,,,,,,Factory,Hatch,292,D,,,,,,,153,169,2524,16.50,,,,Inline,4,F,FWD,,,,,,,,Europe,Italy,,,2,L,4,,,7.700,,,137.1,,,,,,11461,,,27-Oct-09,FM4,FM3,,,,,,,,,,FM4,FM3,,,2,360,0
FALSE,2007 Alfa Romeo 8C Competizione,Alfa Romeo 8C,1032,2007,Alfa Romeo,8C Competizione,Seasonal,Series 24 cu,,,Epic,,,"300,000",Factory,GT Cars,755,A,7.0,4.9,5.3,5.4,5.5,5.2,450,354,3495,7.77,49,4691,NA,V,8,F,RWD,,285,Both,Forza,"510, 602, 805, 562V8",CS,stock,Europe,Italy,,,2,L,4,,CS,4.200,9.300,,193.4,124.6,305.0,0.97,1.03,5.100,11458,,31-Aug-23,27-Oct-09,FH5,FM3,,cu,FH4,FM7,FH3,FM6,FH2,FM5,FH1,FM4,FM3,,,10,XBO,0
FALSE,2007 Alfa Romeo 8C Competizione Forza Edition,Alfa Romeo 8C FE,,2007,Alfa Romeo,8C Competizione Forza Edition,Exclusive,,,,FE,Credits,,"550,000",Upgraded,GT Cars,855,S1,7.5,8.6,8.4,8.0,9.4,,450,354,3086,6.86,49,4691,NA,V,8,F,RWD,,285,Both,Forza,"510, 602",CS,stock,Europe,Italy,,,2,L,4,,CS,4.200,9.300,,194.6,134.7,302.6,1.34,1.46,5.100,12951,,,28-Sep-18,FH4,FH4,,,FE,,,,,,,,,,,1,XBO,0
FALSE,1992 Alfa Romeo 155 Q4 ,Alfa Romeo 155,1393,1992,Alfa Romeo,155 Q4 ,Seasonal,Series 24 cu,,,Common,,,"250,000",Factory,Retro Saloons,561,C,5.4,2.9,4.4,4.0,4.3,5.7,187,219,3064,16.39,61,1995,T,Inline,4,F,AWD,,205,Both,Aftermarket,"300, 375, 450, 805, 360, 506",none,no,Europe,Italy,,,4,L,4,,RPC,6.700,18.619,,147.2,149.6,381.3,0.87,0.86,11.919,11857,,17-Aug-23,07-Feb-12,FH5,FM4,,cu,cu,FM7,FH3,FM6,,,,DLC,,,,6,XBO,0
FALSE,1992 Alfa Romeo Milano Quadrifoglio Verde,Alfa Milano,,1992,Alfa Romeo,Milano Quadrifoglio Verde,,,,,,,,,Factory,Early Sport Touring,291,E,5.1,3.9,4.0,6.0,,,185,181,2866,15.49,51,2959,NA,V,6,F,RWD,,,,,,,stock,Europe,Italy,,,4,L,4,,RPC,8.122,21.596,15.988,134.3,148.0,367.1,1.00,0.95,13.474,12429,,,28-Jan-16,FM7,FM6,,,,FM7,FH3,DLC,,,,,,,,3,XBO,0
FALSE,1990 Alfa Romeo SZ Sprint Zagato,Alfa Romeo SZ,,1990,Alfa Romeo,SZ Sprint Zagato,,,,,,,,,Factory,Early Sport Touring,369,D,5.7,4.4,4.7,6.4,,,207,181,2778,13.42,56,,NA,V,6,F,RWD,,,,,,,stock,Europe,Italy,,,2,L,4,,,7.000,18.700,14.817,152.6,138.6,344.1,1.09,1.07,11.700,12097,,,30-May-14,FM7,FM5,,,,FM7,,FM6,,DLC,,,,,,3,XBO,0
FALSE,1986 Alfa Romeo GTV-6,Alfa Romeo GTV-6,,1986,Alfa Romeo,GTV-6,,,,,,,,,Factory,Early Sport Touring,276,E,4.9,3.9,4.0,5.7,,,155,157,2840,18.32,51,2500,NA,V,6,F,RWD,,,,,,,stock,Europe,Italy,,,2LB,L,4,,,9.100,25.200,16.800,131.4,143.5,364.7,1.00,0.96,16.100,11867,,,06-Mar-12,FM7,FM4,,,,FM7,,FM6,,DLC,,DLC,,,,4,XBO,0
FALSE,1986 Alfa Romeo Spider Quadrifoglio Verde,Alfa Spider,,1986,Alfa Romeo,Spider Quadrifoglio Verde,,,,,,,,,Factory,Sport Compact Icons,259,E,4.6,3.9,4.2,5.3,,,115,119,2549,22.17,56,1962,NA,Inline,4,F,RWD,,,,,,,stock,Europe,Italy,,Yes,2,L,4,,,9.800,36.700,17.017,121.6,143.0,357.8,1.02,0.97,26.900,11835,,,06-Dec-11,FM7,FM4,,,,FM7,,FM6,FH2,DLC,,DLC,,,,5,XBO,0
FALSE,1970 Alfa Romeo Montreal,Alfa Montreal,,1970,Alfa Romeo,Montreal,,,,,,,,,Factory,Vintage Sport GT,288,E,5.5,3.7,4.0,5.9,,,200,174,2810,14.05,55,2600,NA,V,8,F,RWD,,,,,,,stock,Europe,Italy,,,2,L,4,,,8.000,21.200,15.550,146.8,135.5,347.8,0.99,0.96,13.200,11845,,,03-Jan-12,FM7,FM4,,,,FM7,,,,,,DLC,,,,2,XBO,0
FALSE,1968 Alfa Romeo 33 Stradale,Alfa Romeo 33S,1549,1968,Alfa Romeo,33 Stradale,Autoshow,Series 24 cu,,,Legendary,,,"15,000,000",Factory,Classic Racers,707,A,6.2,3.6,4.4,5.7,5.7,5.0,245,148,1543,6.30,40,1995,NA,V,8,M,RWD,,315,Both,Forza,"300, 375, 475",TT,stock,Europe,Italy,,,2,L,4,,"OR, CS, HR",5.500,11.800,,170.9,145.0,359.1,0.95,0.94,6.300,11935,,15-Aug-23,04-Sep-12,FH5,FM4,,cu,FH4,FM7,FH3,FM6,FH2,DLC,,DLC,,,,8,XBO,0
FALSE,1965 Alfa Romeo Giulia Sprint GTA Stradale,AR GTA '65,1150,1965,Alfa Romeo,Giulia Sprint GTA Stradale,Reward,FM Update 4,Open Tour,,Rare,,,"300,000",Factory,Vintage Sport Compact,263,E,1.0,1.0,1.0,1.8,3.2,5.3,115,105,1751,15.23,54,1570,NA,Inline,4,F,RWD,165/R14,165/R14,Both,Street,"212, 245, 350, 562, 630","T, CS",stock,Europe,Italy,Alfa Romeo Giulia,,2,L,4,,,7.900,23.981,15.633,123.3,130.2,336.7,0.95,0.87,16.081,11460,18-Jan-24,15-Aug-23,27-Oct-09,FM,FM3,R,cu,FH4,FM7,FH3,FM6,,FM5,,FM4,DLC,,,9,XBO,1
FALSE,1965 Alfa Romeo Giulia TZ2,Alfa Romeo TZ2,2161,1965,Alfa Romeo,Giulia TZ2,Autoshow,Series 24 cu,,,Legendary,,,"4,000,000",Race,Classic Racers,641,B,5.5,3.4,3.9,4.1,3.4,5.3,170,130,1367,8.04,54,1570,NA,Inline,4,F,RWD,,245,Both,Forza,"321, 300, 375, 475",T,stock,Europe,Italy,,,2,L,4,,"CS, HR",5.803,13.312,,152.5,157.0,378.9,0.92,0.93,7.509,12151,,15-Aug-23,30-Sep-14,FH5,FH2,,cu,FH4,FM7,FH3,FM6,FH2,,,,,,,6,XBO,0
FALSE,1958 Alfa Romeo Giulietta Sprint Veloce,Giulietta '58,,1958,Alfa Romeo,Giulietta Sprint Veloce,,,,,,,,,Factory,Vintage Sport Compact,228,E,4.1,3.3,3.6,5.2,,,90,97,1874,20.82,54,,NA,Inline,4,F,RWD,,155,,,,,stock,Europe,Italy,,,2,L,4,,,10.518,36.500,17.333,110.7,137.8,349.2,0.95,0.87,25.982,12893,,,02-Jul-18,FM7,FM7,,,,DLC,,,,,,,,,,1,XBO,0
FALSE,1950 Alfa Romeo 158,Alfa Romeo 158,,1950,Alfa Romeo,158,,,,,,,,,Race,The Birth of Grand Prix,574,B,6.1,4.5,4.9,8.2,,,384,286,1568,4.08,52,,PDS,Inline,8,F,RWD,,,,,,,no,Europe,Italy,,Yes,1,C,4,,,4.117,8.900,12.083,165.4,106.5,277.8,1.13,1.12,4.783,12752,,,29-Sep-17,FM7,FM7,,,,FM7,,,,,,,,,,1,XBO,0
FALSE,1934 Alfa Romeo P3,Alfa Romeo P3,,1934,Alfa Romeo,P3,Exclusive,,,,Legendary,,,"10,000,000",Race,Vintage Racers,626,B,6.6,4.9,5.0,5.6,7.1,,285,300,1653,5.80,50,3165,PDS,Inline,8,F,RWD,,145,no,none,510,none,no,Europe,Italy,,Yes,1,C,4,x,HR,4.489,9.200,12.067,157.9,187.7,461.7,0.74,0.73,4.711,12437,,,15-Mar-16,FH4,FM6,,,Castle,FM7,,DLC,,,,,,,,3,XBO,0
FALSE,1932 Alfa Romeo 8C 2300 Spider,Alfa 8C '32,,1932,Alfa Romeo,8C 2300 Spider,,,,,,,,,Race,The Birth of Grand Prix,290,E,4.4,4.2,4.2,6.5,,,155,173,2185,14.10,52,,PDS,Inline,8,F,RWD,,,,,,,no,Europe,Italy,,Yes,1,R,4,,,9.000,23.000,14.700,120.5,116.5,295.6,1.02,0.98,14.000,12877,,,05-Mar-18,FM7,FM7,,,,DLC,,,,,,,,,,1,XBO,0
FALSE,2017 Alpine A110,Alpine A110 '17,2973,2017,Alpine,A110,Buy Cars Base,,,,Epic,,,"100,000",Factory,Modern Sport Coupe,570,B,3.7,2.9,3.1,4.2,,,248,236,2432,9.81,44,1798,T,Inline,4,M,RWD,205/R18,205/R18,Both,Forza,"350, 375, 475, 630",none,no,Europe,France,,,2,L,4,,,4.620,10.320,13.020,168.0,112.3,283.1,1.15,1.16,5.700,13122,05-Oct-23,05-Nov-21,12-Dec-19,FM,FH4,FM,FH5,cu,,,,,,,,,,,3,XBO,1
FALSE,1990 Alpine GTA Le Mans,Alpine GTA '90,2426,1990,Alpine,GTA Le Mans,Buy Cars Base,,,,,,,"74,000",Factory,Sport Touring Classics,374,D,2.7,2.0,2.3,2.4,,,197,214,2624,13.32,39,2458,T,V,6,R,RWD,205/R16,255/R17,,Forza,"375, 394F, 475, 630, 788",none,eng,Europe,France,,,2,L,4,,,6.900,18.000,14.583,153.1,114.4,301.9,1.10,1.04,11.100,12664,05-Oct-23,,07-Feb-17,FM,FH3,FM,,,FM7,DLC,,,,,,,,,3,XBO,1
FALSE,1973 Alpine A110 1600s,Renault A110,1536,1973,Alpine,A110 1600s,Autoshow,,,,Rare,,,"98,000",Factory,Classic Rally,550,C,5.0,3.0,4.4,4.1,3.1,5.3,123,106,1576,12.81,40,1605,NA,Inline,4,R,RWD,,165,no,Sport,"212, 305, 300","T, PDS",stock,Europe,France,,,2,L,4,,,6.975,20.663,15.033,138.0,160.4,397.8,0.84,0.83,13.688,12152,,05-Nov-21,30-Sep-14,FH5,FH2,,FH5,FH4,FM7,FH3,FM6,FH2,,,,,,,6,XBO,0
FALSE,2022 Alumi Craft #6165 Trick Truck,#6165 Truck,3693,2022,Alumi Craft,#6165 Trick Truck,DLC,FH5 Rally Adv,,,Epic,,,"500,000",Race,Unlimited Offroad,596,C,4.4,5.0,3.0,3.6,2.6,9.3,430,430,5750,13.37,47,6162,NA,V,8,F,RWD,,315,no,noe,"800, 850",none,stock,N. America,U.S.,,,2,L,4,,,4.882,13.679,,120.2,129.3,317.8,0.85,0.84,8.797,13339,,29-Mar-23,29-Mar-23,FH5,FH5,,DLC,,,,,,,,,,,,1,XBO,0
FALSE,2021 Alumi Craft #122 Class 1 Buggy,#122 AC Class 1,3549,2021,Alumi Craft,#122 Class 1 Buggy,DLC,FH5 Rally Adv,,,Epic,,,"300,000",Race,Unlimited Buggies,689,B,4.9,5.3,2.8,6.4,5.3,9.2,495,450,3750,7.58,38,6162,NA,V,8,R,RWD,,315,no,none,"800, 850",none,stock,N. America,U.S.,,,2,L,4,,,2.792,7.397,,134.6,130.1,322.8,0.89,0.89,4.605,13340,,29-Mar-23,29-Mar-23,FH5,FH5,,DLC,,,,,,,,,,,,1,XBO,0
FALSE,2015 Alumi Craft Class 10 Race Car,Alumi Craft C.10,2552,2015,Alumi Craft,Class 10 Race Car,"Autoshow, WS",,,,Epic,,,"300,000",Race,Unlimited Buggies,642,B,4.4,4.8,3.8,5.0,4.1,10.0,196,190,2200,11.22,45,2384,NA,Inline,4,R,RWD,,265,no,none,300,none,stock,N. America,U.S.,,side,2,L,4,,,5.079,16.433,14.367,121.9,132.6,326.9,0.91,0.91,11.354,12551,,05-Nov-21,23-Sep-16,FH5,FH3,,FH5,FH4,FM7,FH3,,,,,,,,,4,XBO,0
FALSE,2015 Alumi Craft Class 10 Race Car Forza Edition,Alumi Craft FE,,2015,Alumi Craft,Class 10 Race Car Forza Edition,Exclusive,,,,FE,Destruction,,"350,000",Upgraded,Offroad Buggies,679,B,5.3,6.3,6.5,6.8,8.1,,196,190,2200,11.22,45,2384,NA,Inline,4,R,RWD,,265,no,Preset,300,none,stock,N. America,U.S.,,side,2,L,4,,,5.581,17.079,,122.9,158.4,389.3,0.86,0.85,11.498,12953,,,28-Sep-18,FH4,FH4,,,FE,,,,,,,,,,,1,XBO,0
FALSE,1977 AMC Pacer X,AMC Pacer,,1977,AMC,Pacer X,,,,,,,,,Factory,Hot Hatch Genesis,209,E,4.3,3.3,3.5,4.5,5.1,,120,212,3425,28.54,55,4229,NA,Inline,6,F,RWD,,,,,,,stock,N. America,U.S.,,,3,L,4,,IMC?,13.381,43.880,18.583,113.6,150.6,381.5,0.93,0.88,30.499,11886,,,01-May-12,FM7,FM4,,,,FM7,cu,,,,,DLC,,,,3,XBO,0
FALSE,1973 AMC Gremlin X,AMC Gremlin,1482,1973,AMC,Gremlin X,"Autoshow, WS",,,,Common,,,"35,000",Factory,Cult Cars,403,D,4.0,2.3,3.9,3.4,3.4,5.2,150,245,2840,18.93,54,4971,NA,V,8,F,RWD,,205,Both,Hood,"415, 475d, 640, 425, 700","TT, PDS",stock,N. America,U.S.,,,2,L,4,,,9.600,25.083,,112.1,173.4,424.6,0.78,0.78,15.483,11914,,05-Nov-21,03-Jul-12,FH5,FM4,,FH5,FH4,,DLC,,,,,DLC,,,,4,XBO,0
FALSE,1971 AMC Javelin AMX,AMC Javelin '71,1267,1971,AMC,Javelin AMX,Buy Cars Base,,,,Rare,,,"75,000",Factory,Vintage Muscle,357,D,1.0,1.2,1.3,2.4,,,330,430,3445,10.44,53,3445,NA,V,8,F,RWD,215/R14,215/R14,Rear,Hood,"302, 415, 425, 565, 640, 788, 825","TT, PDS",stock,N. America,U.S.,,,2,L,4,,,6.480,14.481,14.283,128.0,117.3,314.7,1.00,0.94,8.001,11669,05-Oct-23,08-Dec-22,14-Dec-10,FM,FM3,FM,cu,FH4,FM7,FH3,FM6,FH2,FM5,DLC,FM4,DLC,,,11,XBO,1
FALSE,"1970 AMC Rebel ""The Machine""",AMC Rebel '70,1572,1970,AMC,"Rebel ""The Machine""",Buy Cars Base,,,,Rare,,,"71,000",Factory,Street Drag Racers,339,D,1.9,1.1,1.0,2.6,,,340,427,3650,10.74,55,6392,NA,V,8,F,RWD,215/R15,215/R15,Both,Hood,"302, 415, 425, 565, 640, 788, 825","TT, PDS",stock,N. America,U.S.,,,2,L,4,,,6.400,14.500,13.900,143.9,127.1,331.5,0.96,0.90,8.100,12223,05-Oct-23,29-Dec-22,05-May-15,FM,FH2,FM,cu,cu,FM7,FH3,FM6,DLC,,,,,,,7,XBO,1
FALSE,2554 AMG Transport Dynamics M12S Warthog CST,M12S Warthog CST,2574,2554,AMG Transport Dynamics,M12S Warthog CST,"Autoshow, WS",,,,Legendary,,,"850,000",Fantasy,Unlimited Offroad,719,A,4.2,6.7,4.0,8.6,10.0,10.0,720,855,5071,7.04,54,8003,TT,V,8,F,AWD,,420,no,none,"800, 850",none,no,N. America,U.S.,,Yes,2,L,4,,Heavy,3.535,9.229,,116.9,118.9,268.8,0.96,0.96,5.694,12552,,05-Nov-21,23-Sep-16,FH5,FH3,,FH5,FH4,,cu,,,,,,,,,3,XBO,0
FALSE,2018 Apollo Intensa Emozione,Apollo IE '18,3141,2018,Apollo,Intensa Emozione,Buy Cars Base,,,,Legendary,,17-Jan-2024,"431,000",Factory,Modern Hypercars,906,P,6.6,7.2,7.1,7.7,,,780,560,2756,3.53,45,6300,NA,V,12,M,RWD,265/,325/,no,Adjustable,"565, 603, 640, 690, 825",TT,stock,Europe,Germany,,,2,R,4,,,2.600,5.200,9.950,207.3,83.9,211.3,1.44,1.82,2.600,13090,05-Oct-23,05-Nov-21,07-May-19,FM,FH4,FM,FH5,cu,,,,,,,,,,,3,XBO,1
FALSE,2018 Apollo Intensa Emozione 'Welcome Pack',Apollo IE WP,3682,2018,Apollo,Intensa Emozione 'Welcome Pack',DLC Autoshow,FH5 Welcome Pack,Gift w/DLC,,Common,,,"1,500,000",Upgraded,Extreme Track Toys,998,S2,7.6,10.0,10.0,7.9,8.6,3.8,930,634,2480,2.67,45,6300,NA,V,12,M,RWD,,,no,Adjustable,"750, 850",TT,stock,Europe,Germany,,,2,R,4,,,2.547,5.139,,211.0,66.5,146.7,1.78,2.33,2.592,13210,,05-Nov-21,05-Nov-21,FH5,FH5,,DLC,,,,,,,,,,,,1,XBO,0
FALSE,2016 Ariel Nomad,Ariel Nomad,2430,2016,Ariel,Nomad,"Autoshow, WS",,,,Rare,,,"93,000",Factory,Unlimited Buggies,711,A,5.2,4.2,4.7,6.5,7.2,8.1,236,221,1477,6.26,38,2354,NA,Inline,4,R,RWD,,235,no,Rally lights,"300, 475(3L)","T, PDS",stock,Europe,U.K.,,Yes,2,R,4,,OR,3.400,8.700,11.783,143.9,132.9,327.5,0.96,0.95,5.300,12553,,05-Nov-21,23-Sep-16,FH5,FH3,,FH5,FH4,FM7,FH3,,,,,,,,,4,XBO,0
FALSE,2013 Ariel Atom 500 V8,Ariel Atom '13,1651,2013,Ariel,Atom 500 V8,Buy Cars Base,,,,Epic,,,"327,000",Factory,Track Toys,794,S,3.7,5.4,5.2,7.8,,,475,268,1433,3.02,36,2970,NA,V,8,M,RWD,/R15,245/R16,no,Forza,"212, 350, 475, 630, 788",TT,stock,Europe,U.K.,,Yes,2,R,4,,"OT, SS?",3.000,5.700,10.050,170.3,95.1,239.1,1.31,1.49,2.700,12052,05-Oct-23,05-Nov-21,22-Nov-13,FM,FM5,FM,FH5,HTF,FM7,FH3,FM6,FH2,FM5,,,,,,8,XBO,1
FALSE,2012 Ascari KZ1R,Ascari KZ1R,1451,2012,Ascari,KZ1R,Seasonal,Series 6 cu,,,Epic,,,"250,000",Race,Modern Supercars,829,S1,7.9,5.9,7.3,5.9,5.2,4.9,520,398,2976,5.72,46,4948,NA,V,8,M,RWD,,335,Both,Forza,750,"TT, CS",stock,Europe,U.K.,,,2,L,4,,,3.700,8.182,,217.0,109.3,260.8,1.16,1.28,4.482,11915,,31-Mar-22,03-Jul-12,FH5,FM4,,cu,FH4,,,,,,FH1,DLC,,,,4,XBO,0
FALSE,2023 Aston Martin Valkyrie,AM Valkyrie '23,2968,2023,Aston Martin,Valkyrie,Buy Cars Base,FM Update 3,,,,,10-Jan-2024,"471,000",Factory,Modern Hypercars,999,X,7.4,10.0,9.8,9.0,,,1140,663,2271,1.99,40,6500,NA,V,12,M,RWD,265/R20,325/,,Adjustable,"603, 630, 1183",none,,Europe,U.K.,Aston Martin Valkyrie,,2,R,4,,,,,17.617,,,,1.59,2.31,.000,13454,04-Jan-24,25-Dec-23,25-Dec-23,FM,FH5,S,cu,,,,,,,,,,,,2,XBO,1
FALSE,2022 Aston Martin Valkyrie AMR Pro,AM AMR Pro '22,3631,2022,Aston Martin,Valkyrie AMR Pro,Buy Cars DLC,FM Car Pass,Gift w/DLC,,,,,"390,000",Race,Modern Factory Racecars,999,X,8.1,10.0,10.0,10.0,,,1000,545,2205,2.21,42,6500,NA,V,12,M,RWD,305/R18,355/R18,,Adjustable,none,none,,Europe,U.K.,Aston Martin Valkyrie,,2,R,4,,,2.750,4.250,14.267,223.6,87.6,183.0,2.09,3.77,1.500,,31-Jan-24,29-Feb-24,31-Jan-24,FM,FH5,DLC,cu,,,,,,,,,,,,2,XBO,1
FALSE,2021 Aston Martin DBX,AM DBX '21,3580,2021,Aston Martin,DBX,DLC Autoshow,FH5 Car Pass,Gift w/DLC,,Rare,,,"200,000",Factory,Sports Utility Heroes,732,A,6.5,5.2,5.3,5.9,6.1,6.3,543,516,4949,9.11,54,3982,TT,V,8,F,AWD,,325,Both,Forza,"602, 608, 750, 1042",none,eng,Europe,U.K.,,,5,L,4,,,4.600,10.583,,178.4,107.2,265.5,1.03,1.02,5.983,13301,,23-Jun-22,23-Jun-22,FH5,FH5,,DLC,,,,,,,,,,,,1,XBO,0
FALSE,2019 Aston Martin DBS Superleggera,AM DBS '19,3185,2019,Aston Martin,DBS Superleggera,Buy Cars Base,,,,Epic,,,"244,000",Factory,Modern Exotic GT,727,S,7.1,3.8,3.4,5.8,,,715,663,3966,5.55,51,5204,TT,V,12,F,RWD,265/R21,305/R21,Both,Street,"603, 630",none,eng,Europe,U.K.,,,2,L,4,,,3.400,6.400,11.283,214.5,101.1,260.2,1.18,1.21,3.000,13104,05-Oct-23,05-Nov-21,01-Aug-19,FM,FH4,FM,FH5,cu,,,,,,,,,,,3,XBO,1
FALSE,2019 Aston Martin Valhalla Concept Car,AM Valhalla '19,3364,2019,Aston Martin,Valhalla Concept Car,Buy Cars Base,,,,Legendary,,,"431,000",Factory,Modern Hypercars,927,P,8.5,6.2,6.1,10.0,,,1042,995,3097,2.97,41,2990,T,V,6,M,AWD,275/R19,345/R20,no,Forza,"603, 630, 788",none,eng,Europe,U.K.,,,2,L,4,,,1.850,3.750,9.200,239.4,95.5,223.2,1.36,1.64,1.900,13211,05-Oct-23,05-Nov-21,05-Nov-21,FM,FH5,FM,FH5,,,,,,,,,,,,2,XBO,1
FALSE,2019 Aston Martin Vantage,AM Vantage '19,3091,2019,Aston Martin,Vantage,Buy Cars Base,,,,Epic,,,"135,000",Factory,Modern Sport GT,665,A,5.6,3.6,3.6,4.5,,,503,505,3494,6.95,50,3982,TT,V,8,F,RWD,255/R20,295/R20,Both,"WB, Forza","562, 565, 630, 788",none,eng,Europe,U.K.,Aston Martin Vantage,,2,R,4,,,3.762,8.679,12.000,193.5,102.5,261.9,1.20,1.23,4.917,13036,05-Oct-23,05-Nov-21,22-Nov-18,FM,FH4,FM,FH5,DLC,,,,,,,,,,,3,XBO,1
FALSE,2018 Aston Martin #97 AMR Vantage GTE,#97 Vantage GTE,3762,2018,Aston Martin,#97 AMR Vantage GTE,Reward,FM Update 11,Featured Road to Race Tour,,,,,"311,000",Race,Forza GT2,822,R,4.5,6.7,6.8,6.4,,,536,516,2910,15.65,50,4000,TT,V,8,F,RWD,300/R18,310/R18,,Adjustable,none,none,,Europe,U.K.,Aston Martin Vantage,,2,L,4,,,3.100,6.600,10.900,179.1,86.3,213.0,1.46,1.71,3.500,,04-Sep-24,,04-Sep-24,FM,FM,R,,,,,,,,,,,,,1,XBO,1
FALSE,2017 Aston Martin #7 Aston Martin Racing V12 Vantage GT3,AM #7 Vantage,2860,2017,Aston Martin,#7 Aston Martin Racing V12 Vantage GT3,Buy Cars Base,,,,,,,"311,000",Race,Forza GT3,833,R,4.7,6.7,6.8,6.4,,,600,516,2943,4.91,52,5900,NA,V,12,F,RWD,300/R18,315/R18,,Adjustable,none,none,stock,Europe,U.K.,Aston Martin Vantage,,2,L,4,,,3.200,6.400,10.733,182.2,85.2,208.5,1.46,1.70,3.200,12870,05-Oct-23,,15-Feb-18,FM,FM7,FM,,,DLC,,,,,,,,,,2,XBO,1
FALSE,2017 Aston Martin DB11,AM DB11,2527,2017,Aston Martin,DB11,"Autoshow, WS",,,,Epic,,,"300,000",Factory,Super GT,787,A,7.3,6.1,6.5,5.7,6.1,4.7,608,516,4134,6.80,51,5204,TT,V,12,F,RWD,,295,Both,Forza,none,none,no,Europe,U.K.,,,2,L,4,,BRG,3.686,7.885,11.667,201.8,105.1,252.5,1.07,1.12,4.199,12658,,05-Nov-21,07-Feb-17,FH5,FH3,,FH5,FH4,FM7,DLC,,,,,,,,,4,XBO,0
FALSE,2017 Aston Martin DB11 PreOrder Car,AM DB11 PO,,2017,Aston Martin,DB11 PreOrder Car,DLC promo,,,,Epic,,,"300,000",Upgraded,Super GT,900,S1,8.9,8.7,8.2,6.7,8.3,,800,646,2866,3.58,51,5204,,V,12,F,RWD,,,no,,,,,Europe,U.K.,,,2,L,4,,,,,,,,,,,,12954,,,28-Sep-18,FH4,FH4,,,DLC,,,,,,,,,,,1,XBO,0
FALSE,2017 Aston Martin Vanquish Zagato Coupe,AM Vanquish '17,3125,2017,Aston Martin,Vanquish Zagato Coupe,Buy Cars Base,,,,Epic,,,"137,000",Factory,Modern Exotic GT,675,A,6.1,3.8,3.5,4.7,,,595,464,3891,6.54,51,5935,NA,V,12,F,RWD,255,305,Both,Forza,"394I, 562, 565, 603, 630","TT, PDS",stock,Europe,U.K.,Aston Martin Vanquish,,2,R,4,,,3.968,8.163,11.867,200.7,103.7,252.7,1.19,1.21,4.195,13105,05-Oct-23,,01-Aug-19,FM,FH4,FM,cu,cu,,,,,,,,,,,3,XBO,1
FALSE,2017 Aston Martin Vulcan AMR Pro,AM Vulcan AMR 17,3211,2017,Aston Martin,Vulcan AMR Pro,Buy Cars Base,,,,Legendary,,,"328,000",Race,Modern Factory Racecars,885,R,5.8,7.6,7.5,6.4,,,820,590,2998,3.66,54,6949,NA,V,12,F,RWD,305/R19,345/R19,Both,Adjustable,"603, 630",none,stock,Europe,U.K.,Aston Martin Vulcan,,2,L,4,,HR,3.000,5.816,10.583,197.1,89.6,212.0,1.48,1.86,2.816,13128,05-Oct-23,05-Nov-21,10-Feb-20,FM,FH4,FM,FH5,cu,,,,,,,,,,,3,XBO,1
FALSE,2016 Aston Martin Vulcan,AM Vulcan '16,2470,2016,Aston Martin,Vulcan,Buy Cars Base,,,,Legendary,,,"321,000",Race,Modern Factory Racecars,865,R,5.8,7.3,7.3,6.4,,,820,590,2998,3.66,54,6949,NA,V,12,F,RWD,305/R19,345/R19,Both,Adjustable,"603, 630",none,stock,Europe,U.K.,Aston Martin Vulcan,,2,L,4,,,3.000,5.700,10.667,195.8,92.6,219.0,1.46,1.81,2.700,12624,05-Oct-23,,04-Oct-16,FM,FH3,FM,,FH4,FM7,DLC,,,,,,,,,4,XBO,1
FALSE,2016 Aston Martin Vulcan Forza Edition,AM Vulcan FE,,2016,Aston Martin,Vulcan Forza Edition,Exclusive,,,,FE,Clean Skills,,"1,750,000",Upgraded,Extreme Track Toys,955,S2,8.1,10.0,10.0,7.5,9.0,,820,590,2998,3.66,54,6949,NA,V,12,F,RWD,,345,no,Preset,"750, 820",none,stock,Europe,U.K.,,,2,L,4,,,,,,,,,,,.000,12955,,,28-Sep-18,FH4,FH4,,,FE,,,,,,,,,,,1,XBO,0
FALSE,2015 Aston Martin Vantage GT12,AM GT12 '15,2493,2015,Aston Martin,Vantage GT12,Buy Cars Base,,,,Epic,,,"171,000",Factory,Modern Sport GT,707,S,4.9,4.6,4.3,5.0,,,593,461,3450,5.82,51,5935,NA,V,12,F,RWD,265/R19,325/R19,no,Forza,"562, 565, 603, 630",PDS,stock,Europe,U.K.,Aston Martin Vantage,,2,R,4,,,3.700,8.000,11.367,183.2,99.6,243.6,1.25,1.36,4.300,12554,05-Oct-23,05-Nov-21,23-Sep-16,FM,FH3,FM,FH5,FH4,FM7,FH3,,,,,,,,,5,XBO,1
FALSE,2013 Aston Martin V12 Vantage S,AM Vantage '13,2181,2013,Aston Martin,V12 Vantage S,Buy Cars Base,FM Update 2,,,Epic,,22-Nov-2023,"240,000",Factory,Modern Sport GT,640,A,6.7,3.3,3.1,4.6,5.7,4.4,565,457,3685,6.52,52,5935,NA,V,12,F,RWD,255/R19,295/R19,Both,Forza,"565, 562, 565, 603, 630",PDS,stock,Europe,U.K.,Aston Martin Vantage,,2,L,4,,,4.119,8.800,12.300,209.3,109.8,273.3,1.16,1.15,4.681,12247,16-Nov-23,05-Nov-21,07-Jul-15,FM,FH2,S,FH5,FH4,FM7,FH3,FM6,DLC,,,,,,,7,XBO,1
FALSE,2012 Aston Martin V12 Zagato,AM V12 Zagato,,2012,Aston Martin,V12 Zagato,,,,,,,,,Factory,Sport GT,622,A,7.4,5.3,5.4,7.9,,,510,420,3704,7.26,51,5935,NA,V,12,F,RWD,,,,,,,stock,Europe,U.K.,,,2,R,4,,,4.083,9.200,12.200,199.1,130.5,335.7,1.18,1.22,5.117,12308,,,15-Sep-15,FM7,FM6,,,,FM7,FH3,DLC,,,,,,,,3,XBO,0
FALSE,2012 Aston Martin Vanquish,AM Vanquish,,2012,Aston Martin,Vanquish,,,,,Epic,,,"348,000",Factory,Super GT,802,S1,7.9,7.5,7.0,6.7,8.3,,565,457,3834,6.79,51,5935,NA,V,12,F,RWD,,305,Front,Forza,none,TT,stock,Europe,U.K.,,,2,L,4,,,4.200,8.800,11.933,200.1,134.3,331.0,0.96,1.02,4.600,12009,,,02-Apr-13,FH4,FH1,,,FH4,FM7,FH3,FM6,FH2,FM5,DLC,,,,,7,XBO,0
FALSE,2012 Aston Martin Vanquish (Ltd. Ed.),,,2012,Aston Martin,Vanquish (Ltd. Ed.),DLC promo,,,,,,,,Upgraded,Modern GT,,,,,,,,,620,500,3417,5.51,,,,,12,F,RWD,,,,,,,,Europe,U.K.,,,2,L,4,,,4.181,,,195.4,,,,,,12053,,,22-Nov-13,FM5,FM5,,,,,,,,DLC,,,,,,1,XBO,0
FALSE,2012 Aston Martin Virage,,,2012,Aston Martin,Virage,DLC promo,,,,,,,,Factory,Sports,555,A,,,,,,,490,420,3935,8.03,,6000,NA,V,12,F,RWD,,,,,,,stock,Europe,U.K.,,,2,L,4,,,4.500,,,197.1,,,,,,11825,,,01-Nov-11,FH1,FM4,,,,,,,,,DLC,DLC,,,,2,360,0
FALSE,2011 Aston Martin #009 Aston Martin Racing AMR One,,,2011,Aston Martin,#009 Aston Martin Racing AMR One,,,,,,,,,Race,P1 Racing,976,R1,,,,,,,540,435,1984,3.67,,,,,6,M,RWD,,,,,,,,Europe,U.K.,,Yes,2,R,4,,,2.500,5.800,,204.6,,,,,,11877,,,03-Apr-12,FM4,FM4,,,,,,,,,,DLC,,,,1,360,0
FALSE,2011 Aston Martin #6 Muscle Milk Aston Martin Lola,,,2011,Aston Martin,#6 Muscle Milk Aston Martin Lola,,,,,,,,,Livery,P1 Racing,989,R1,,,,,,,653,516,1984,3.04,,5900,NA,V,12,F,RWD,,,,,,,stock,Europe,U.K.,,,2,R,4,,,3.100,,,209.7,,,,,,11731,,,14-Oct-11,FM4,FM4,,,,,,,,,,FM4,,,,1,360,0
FALSE,2011 Aston Martin Cygnet,,,2011,Aston Martin,Cygnet,,,,,,,,,Factory,City,157,F,,,,,,,97,82,2178,22.45,,,,,4,F,FWD,,,,,,,,Europe,U.K.,,,3,R,4,,,11.400,,,110.8,,,,,,11903,,,05-Jun-12,FM4,FM4,,,,,,,,,,DLC,,,,1,360,0
FALSE,2011 Aston Martin V12 Zagato (Villa d'Este),,,2011,Aston Martin,V12 Zagato (Villa d'Este),,,,,,,,,Factory,Super GT,842,S1,7.6,9.0,7.5,8.3,8.4,,510,420,3197,6.27,51,5935,NA,V,12,F,RWD,,,,,,,stock,Europe,U.K.,,,2,L,4,,,4.100,9.000,,201.5,105.6,266.0,1.21,1.28,4.900,11868,,,06-Mar-12,FH2,FM4,,,,,,,FH2,DLC,FH1,DLC,,,,4,XBO,0
FALSE,2010 Aston Martin One-77,AM One-77,1181,2010,Aston Martin,One-77,Seasonal,Series 13 cu,,,Legendary,,,"1,400,000",Factory,Super GT,843,S1,8.0,6.9,6.8,6.2,6.7,4.5,750,553,3307,4.41,49,7312,NA,V,12,F,RWD,,335,Both,Forza,none,TT,stock,Europe,U.K.,,,2,L,4,,CS,3.485,6.884,11.240,210.1,95.5,225.6,1.13,1.19,3.399,11599,,03-Nov-22,12-Jan-10,FH5,FM3,,cu,FH4,FM7,FH3,FM6,FH2,FM5,FH1,FM4,DLC,,,10,XBO,0
FALSE,2010 Aston Martin Rapide,,,2010,Aston Martin,Rapide,,,,,,,,,Factory,Sedan,517,A,8.6,5.1,5.2,7.0,7.2,,470,442,4299,9.15,51,5935,NA,V,12,F,RWD,,,,,,,stock,Europe,U.K.,,,4,L,4,,,5.084,11.300,,198.8,137.1,351.0,0.89,0.90,6.216,11609,,,08-Mar-10,FM4,FM3,,,,,,,,,,FM4,DLC,,,2,360,0
FALSE,2010 Aston Martin V12 Vantage,,,2010,Aston Martin,V12 Vantage,,,,,,,,,Factory,Sports,561,A,8.2,5.6,5.7,7.7,7.5,,511,420,3704,7.25,51,5900,NA,V,12,F,RWD,,,,,,,stock,Europe,U.K.,,,2,R,4,,,4.400,9.700,,200.5,123.8,320.2,0.96,0.97,5.300,11610,,,08-Mar-10,FM4,FM3,,,,,,,,,,FM4,DLC,,,2,360,0
FALSE,2009 Aston Martin #007 Aston Martin Lola,,,2009,Aston Martin,#007 Aston Martin Lola,,,,,,,,,Race,P1 Racing,989,R1,,,,,,,653,516,1984,3.04,45,5900,NA,V,12,F,RWD,,,,,,,stock,Europe,U.K.,,,2,L,4,,,3.100,,,209.7,,,,,,11589,,,08-Dec-09,FM4,FM3,,,,,,,,,,FM4,DLC,,,2,360,0
FALSE,2008 Aston Martin #008 Bell Motorsports DBR9,,,2008,Aston Martin,#008 Bell Motorsports DBR9,,,,,,,,,Livery,GT1,826,R2,6.7,7.6,7.5,8.3,7.1,,625,,2425,3.88,,,,,12,F,RWD,,,,,,,,Europe,England,,,2,L,4,,,,,,,,,,,,11463,,,27-Oct-09,FM3,FM3,,,,,,,,,,,FM3,,,1,360,0
FALSE,2008 Aston Martin #009 Aston Martin Racing DBR9,,,2008,Aston Martin,#009 Aston Martin Racing DBR9,,,,,,,,,Livery,GT1,825,R2,,,,,,,625,550,2425,3.88,,,,,12,F,RWD,,,,,,,,Europe,U.K.,,,2,L,4,,,3.600,,,185.4,,,,,,11464,,,27-Oct-09,FM4,FM3,,,,,,,,,,FM4,FM3,,,2,360,0
FALSE,2008 Aston Martin DBS,AM DBS '08,1081,2008,Aston Martin,DBS,Buy Cars Base,,,,Epic,,,"121,000",Factory,Modern Sport GT,603,A,6.1,3.3,3.1,3.9,,,510,420,3737,7.33,53,5935,NA,V,12,F,RWD,245/R20,295/R20,Both,Forza,"565, 603, 630, 788",PDS,stock,Europe,U.K.,,,2,L,4,,,4.200,9.082,12.400,199.5,103.9,264.4,1.16,1.17,4.882,11529,05-Oct-23,04-Jan-24,27-Oct-09,FM,FM3,FM,cu,DLC,FM7,,FM6,,FM5,DLC,FM4,DLC,,,9,XBO,1
FALSE,2008 Aston Martin Team Forza DBS,,,2008,Aston Martin,Team Forza DBS,DLC promo,,,,,,,,Upgraded,Exotic GT,,,8.0,6.2,6.2,9.0,,,760,570,2994,3.94,52,,NA,V,12,F,RWD,,,,,,,stock,Europe,U.K.,,,2,L,4,,,2.900,5.900,,215.2,114.4,280.8,1.31,1.44,3.000,12153,,,30-Sep-14,FM6,FH2,,,,,,DLC,DLC,,,,,,,2,XBO,0
FALSE,2006 Aston Martin #007 Aston Martin Racing DBR9,#07 AM DBR9,,2006,Aston Martin,#007 Aston Martin Racing DBR9,,,,,,,,,Race,Forza GT,881,R,6.9,7.4,7.4,9.1,,,625,550,2425,3.88,50,,NA,V,12,F,RWD,,,,,,,stock,Europe,U.K.,,,2,L,4,,,3.600,6.200,11.100,187.2,115.6,256.2,1.49,1.81,2.600,11462,,,27-Oct-09,FM7,FM3,,,,FM7,,FM6,,FM5,,FM4,FM3,,,5,XBO,0
FALSE,2005 Aston Martin DB9 Coupe,,,2005,Aston Martin,DB9 Coupe,,,,,,,,,Factory,Sports,526,A,,,,,,,450,420,3880,8.62,,,,V,12,F,RWD,,,,,,,,Europe,U.K.,,,2,L,4,,,4.800,,,185.4,,,,,,11008,,,03-May-05,FM4,FM1,,,,,,,,,,FM4,FM3,FM2,FM1,4,360,0
FALSE,2005 Aston Martin Forza Motorsport DB9 Coupe,,,2005,Aston Martin,Forza Motorsport DB9 Coupe,DLC promo,,,,,,,,Upgraded,Coupe,661,S,7.2,6.2,6.2,7.4,7.0,,623,522,3111,4.99,,,,,12,F,RWD,,,,,,,,Europe,England,,,2,L,4,,,,,,,,,,,,11466,,,27-Oct-09,FM3,FM3,,,,,,,,,,,DLC,,,1,360,0
FALSE,2003 Aston Martin DB7 Zagato,,,2003,Aston Martin,DB7 Zagato,,,,,,,,,Factory,Sports,509,A,,,,,,,435,410,3836,8.82,,5900,NA,V,12,F,RWD,,,,,,,stock,Europe,U.K.,,,2,L,4,,,4.900,,,194.3,,,,,,11925,,,07-Aug-12,FM4,FM4,,,,,,,,,,DLC,,,,1,360,0
FALSE,2001 Aston Martin V12 Vanquish,AM Vanquish '01,479,2001,Aston Martin,V12 Vanquish,Buy Cars Base,,,,,,,"114,000",Factory,Exotic GT Classics,542,B,5.3,2.8,2.7,3.5,,,460,400,4110,8.93,53,5900,NA,V,12,F,RWD,255/R19,285/R19,,Forza,"562, 565, 603, 630","TT, PDS",,Europe,U.K.,Aston Martin Vanquish,,2,L,4,,,4.700,10.800,13.200,187.7,106.3,274.1,1.12,1.12,6.100,11009,05-Oct-23,,03-May-05,FM,FM1,FM,,,,,,,,,FM4,FM3,FM2,FM1,5,XBO,1
FALSE,1998 Aston Martin V8 Vantage V600,AM Vantage '98,1519,1998,Aston Martin,V8 Vantage V600,Buy Cars Base,,,,,,,"121,000",Factory,Sport GT Icons,560,B,6.4,2.7,2.5,3.8,,,600,600,4414,7.36,55,5340,PDS,V,8,F,RWD,285/R18,285/R18,,Forza,"394I, 460, 565, 603, 640, 788",none,eng,Europe,U.K.,Aston Martin Vantage,,2,R,4,,Heavy,4.600,10.100,12.283,202.1,119.2,299.7,1.10,1.09,5.500,11916,05-Oct-23,,03-Jul-12,FM,FM4,FM,,,FM7,FH3,,,,,DLC,,,,4,XBO,1
FALSE,1990 Aston Martin Lagonda,AM Lagonda '90,3274,1990,Aston Martin,Lagonda,,,,,,,,,Factory,,,,,,,,,,,,,,,,,,,,,,,,,,,,Europe,U.K.,,,,,4,,,,,,,,,,,,,,,,FH5,FH5,,cu,,,,,,,,,,,,1,XBO,0
FALSE,1989 Aston Martin #18 Aston Martin AMR1,AM #18 AMR1,1551,1989,Aston Martin,#18 Aston Martin AMR1,Buy Cars Base,,,,,,,"369,000",Race,GTP/C,962,P,6.9,10.0,10.0,8.3,,,740,620,2196,2.97,40,6300,NA,V,8,M,RWD,305,365,,Adjustable,none,none,stock,Europe,U.K.,,,2,R,4,,,2.500,4.700,9.217,212.5,79.6,184.0,1.68,2.35,2.200,12902,05-Oct-23,,08-Aug-18,FM,FM7,FM,,,cu,,,,,,,,,,2,XBO,1
FALSE,1977 Aston Martin V8 Vantage,AM Vantage '77,,1977,Aston Martin,V8 Vantage,,,,,,,,,Factory,Vintage Sport GT,396,D,6.6,4.0,4.2,7.1,,,380,380,3803,10.01,51,5340,NA,V,8,F,RWD,,,,,,,stock,Europe,U.K.,,,2,L,4,,,5.400,13.218,13.750,175.0,131.3,333.3,1.01,0.98,7.818,11733,,,14-Oct-11,FM7,FM4,,,,FM7,FH3,Uni,,,,FM4,,,,4,XBO,0
FALSE,1967 Aston Martin DBS,AM DBS '67,3024,1967,Aston Martin,DBS,Buy Cars Base,,,,Legendary,,,"98,000",Factory,Vintage Exotic GT,343,D,3.5,1.4,1.4,2.6,,,325,290,3501,10.77,50,3995,NA,Inline,6,F,RWD,205/R15,205/R15,no,Street,"245, 276, 394I, 425, 562, 630, 788",T,stock,Europe,U.K.,Aston Martin Vantage,,2,R,4,,,6.000,14.700,14.083,164.9,120.5,312.8,0.99,0.95,8.700,12988,05-Oct-23,,28-Sep-18,FM,FH4,FM,,DLC,,,,,,,,,,,2,XBO,1
FALSE,1964 Aston Martin DB5,AM DB5 '64,1105,1964,Aston Martin,DB5,Buy Cars Base,,,,Epic,,,"74,000",Factory,Sport Coupe Icons,282,E,1.4,1.4,1.3,1.9,,,282,282,3450,12.23,50,3996,NA,Inline,6,F,RWD,215/R15,215/R15,Both,Forza,"245, 276, 394I, 425, 562, 630, 788",T,stock,Europe,U.K.,,,2,R,4,,"BRG, IMC",8.581,20.200,16.200,135.1,124.5,320.1,0.98,0.94,11.619,11465,05-Oct-23,05-Nov-21,27-Oct-09,FM,FM3,FM,FH5,FH4,FM7,FH3,FM6,FH2,FM5,FH1,FM4,DLC,,,11,XBO,1
FALSE,1960 Aston Martin DB4 GT Zagato,AM DB4 GT,1550,1960,Aston Martin,DB4 GT Zagato,Buy Cars Base,,,,Legendary,,,"107,000",Factory,Vintage Le Mans Sportscars,353,D,3.5,1.3,1.5,2.5,,,314,278,2701,8.60,52,3670,NA,Inline,6,F,RWD,195/R16,195/R16,Both,Street,"245, 276, 394I, 425, 562, 630, 788",T,stock,Europe,U.K.,,,2,R,4,,,6.000,15.000,15.100,163.8,119.4,321.0,1.00,0.97,9.000,11936,05-Oct-23,,04-Sep-12,FM,FM4,FM,,Barn,FM7,,,,,,DLC,,,,4,XBO,1
FALSE,1958 Aston Martin DBR1,AM DBR1,1386,1958,Aston Martin,DBR1,Buy Cars Base,,,,Legendary,,,"148,000",Factory,Vintage Le Mans Sportscars,518,B,4.6,2.3,2.7,3.5,,,254,247,1990,7.83,52,2992,NA,Inline,6,F,RWD,175/R16,185/R16,Both,Forza,"245, 276, 394I, 425, 562, 630, 788","T, PDS",stock,Europe,U.K.,,Yes,2,R,4,,"HR, WFRC",4.200,11.200,13.483,181.0,,,1.15,1.07,7.000,11732,05-Oct-23,05-Dec-23,14-Oct-11,FM,FM4,FM,cu,FH4,FM7,,FM6,FH2,DLC,FH1,FM4,,,,9,XBO,1
FALSE,2018 ATS GT,ATS GT '18,3195,2018,ATS,GT,Seasonal,Series 6 cu,,,Epic,,,"850,000",Factory,Modern Supercars,877,S1,8.0,7.4,6.8,7.0,7.6,4.7,720,575,2985,4.15,42,3799,TT,V,8,M,RWD,,325,Both,Forza,"602, 750",none,eng,Europe,Italy,,,2,L,4,,,2.900,5.600,,220.7,92.5,222.4,1.16,1.28,2.700,13119,,14-Apr-22,19-Nov-19,FH5,FH4,,cu,cu,,,,,,,,,,,2,XBO,0
FALSE,2021 Audi RS 6 Avant,Audi RS 6 '21,3583,2021,Audi,RS 6 Avant,Buy Cars Base,,,,Rare,,,"122,000",Factory,Sport Luxury,658,A,6.1,3.0,2.7,5.0,,,591,590,4575,7.74,55,3996,TT,V,8,F,AWD,285,285,Both,Sport,"565, 630, 788",none,eng,Europe,Germany,Audi RS 6,,5,L,4,,,3.100,7.800,11.500,201.2,104.6,266.0,1.12,1.10,4.700,13355,05-Oct-23,11-May-23,11-May-23,FM,FH5,FM,cu,,,,,,,,,,,,2,XBO,1
FALSE,2021 Audi RS 7 Sportback,Audi RS 7 '21,3584,2021,Audi,RS 7 Sportback,Buy Cars Base,,,,Rare,,,"121,000",Factory,Sport Luxury,656,A,6.7,2.8,2.6,5.2,,,591,590,4553,7.70,56,3996,TT,V,8,F,AWD,285,285,Both,Sport,"565, 630, 788",none,eng,Europe,Germany,,,4,L,4,,,3.000,7.600,11.300,208.7,104.4,270.3,1.11,1.09,4.600,13325,05-Oct-23,22-Sep-22,22-Sep-22,FM,FH5,FM,cu,,,,,,,,,,,,2,XBO,1
FALSE,2021 Audi RS e-tron GT,Audi RS e-tron,3359,2021,Audi,RS e-tron GT,Buy Cars Base,,,,Epic,,,"158,000",Factory,Sport Luxury,706,S,3.7,2.6,2.8,6.1,,,637,612,5174,8.12,50,0,E,E,E,M,AWD,245/R20,285/R20,Both,Forza,none,none,E,Europe,Germany,,,4,L,4,,,2.900,6.900,11.000,172.0,103.1,274.3,1.13,1.12,4.000,13326,05-Oct-23,22-Sep-22,22-Sep-22,FM,FH5,FM,cu,,,,,,,,,,,,2,XBO,1
FALSE,2020 Audi R8 V10 performance,Audi R8 '20,3745,2020,Audi,R8 V10 performance,Reward,FM Update 1,Gifted to all players,,,,,"281,000",Factory,Modern Sport GT,753,S,7.1,3.8,3.5,6.1,,,602,413,3638,6.04,41,5200,NA,V,10,M,AWD,245,305,,Forza,"562, 565, 603, 690, 788",TT,,Europe,Germany,Audi R8,,2,L,4,,,3.000,6.300,10.517,213.9,102.8,265.2,1.19,1.21,3.300,13395,05-Oct-23,,05-Oct-23,FM,FM,R,,,,,,,,,,,,,1,XBO,1
FALSE,2020 Audi RS 3 Sedan,Audi RS 3 '20,3454,2020,Audi,RS 3 Sedan,Buy Cars Base,,,,Rare,,,"112,000",Factory,Modern Sport Coupe,621,A,5.1,2.7,2.5,4.6,,,394,354,3593,9.12,58,2480,T,Inline,5,F,AWD,255/R19,235/R19,Both,Forza,"375, 394I, 565, 603, 630",none,eng,Europe,Germany,Audi RS 3,,4,L,4,,,3.500,8.700,11.900,184.9,103.2,265.9,1.10,1.09,5.200,13297,05-Oct-23,02-Jun-22,02-Jun-22,FM,FH5,FM,DLC,,,,,,,,,,,,2,XBO,1
FALSE,2020 Audi TT RS Coupe,Audi TT RS '20,3453,2020,Audi,TT RS Coupe,Buy Cars DLC,FM Car Pass,Gift w/DLC,,,,,"118,000",Factory,Modern Sport Coupe,643,A,5.5,2.8,2.8,4.8,,,394,354,3306,8.39,61,2480,T,Inline,5,F,AWD,255,255,,Forza,"375, 394I, 565, 603, 630",none,,Europe,Germany,Audi TT,,2,L,4,,,3.400,8.600,11.900,192.2,108.2,271.9,1.13,1.12,5.200,,06-Mar-24,,06-Mar-24,FM,FH5,DLC,cu,,,,,,,,,,,,2,XBO,1
FALSE,2018 Audi #1 Audi Sport RS 3 LMS,Audi #1 RS 3 LMS,2852,2018,Audi,#1 Audi Sport RS 3 LMS,Buy Cars Base,,,,,,,"265,000",Race,Forza Touring Cars,692,A,3.2,5.3,5.5,4.0,,,345,310,2767,8.02,59,2000,T,Inline,4,F,FWD,265,265,,Adjustable,none,none,,Europe,Germany,Audi RS 3,,4,L,4,,,5.238,10.835,12.983,163.6,119.5,272.1,1.39,1.56,5.597,12869,05-Oct-23,,19-Jan-18,FM,FM7,FM,,,cu,,,,,,,,,,2,XBO,1
FALSE,2018 Audi #44 R8 LMS GT3,Audi #44 R8 LMS,3229,2018,Audi,#44 R8 LMS GT3,Buy Cars DLC,FM Race Day,Gift w/DLC,,,,,"310,000",Race,Forza GT3,828,R,5.0,6.6,6.8,5.8,,,585,405,2921,4.99,42,5200,NA,V,10,M,RWD,300/R18,310/R18,,Adjustable,none,none,,Europe,Germany,Audi R8,,2,L,4,,,3.821,6.836,10.833,187.0,84.2,213.1,1.48,1.72,3.015,13394,05-Oct-23,,05-Oct-23,FM,FM,DLC,,,,,,,,,,,,,1,XBO,1
FALSE,2018 Audi RS 4 Avant,Audi RS 4 '18,3318,2018,Audi,RS 4 Avant,Buy Cars Base,,,,Rare,,,"116,000",Factory,Modern Sport Touring,637,A,6.0,2.8,2.6,5.0,,,444,442,3946,8.89,57,2894,TT,V,6,F,AWD,,275,Both,Street,"375, 394I, 603, 630, 788",none,eng,Europe,Germany,Audi RS 4,,5,L,4,,,3.900,9.100,,197.2,115.5,294.6,0.96,0.98,5.200,13300,05-Oct-23,16-Jun-22,16-Jun-22,FM,FH5,FM,cu,,,,,,,,,,,,2,XBO,1
FALSE,2018 Audi RS 5 Coupe,Audi RS 5 '18,3264,2018,Audi,RS 5 Coupe,Buy Cars Base,,,,Rare,,,"116,000",Factory,Modern Sport Touring,638,A,5.7,2.9,2.7,4.9,,,444,443,3990,8.99,57,2894,TT,V,6,F,AWD,,275,Both,Forza,"375, 394I, 603, 630, 788",none,eng,Europe,Germany,,,2,L,4,,,3.515,8.816,,194.3,119.2,300.1,0.96,0.99,5.301,13298,05-Oct-23,09-Jun-22,09-Jun-22,FM,FH5,FM,DLC,,,,,,,,,,,,2,XBO,1
FALSE,2018 Audi TT RS,Audi TT RS '18,3286,2018,Audi,TT RS,Buy Cars Base,,,,Rare,,,"118,000",Factory,Modern Sport Coupe,643,A,5.5,2.8,2.8,4.8,,,394,354,3306,8.39,61,2480,T,Inline,5,F,AWD,,255,Both,Sport,"375, 394I, 565, 603, 630",none,no,Europe,Germany,Audi TT,,2,L,4,,,3.400,8.600,,184.7,123.1,308.0,0.97,1.01,5.200,13270,05-Oct-23,27-Jan-22,27-Jan-22,FM,FH5,FM,DLC,,,,,,,,,,,,2,XBO,1
FALSE,2016 Audi #17 Rotek Racing TT RS,Audi #17 TT RS,2859,2016,Audi,#17 Rotek Racing TT RS,Buy Cars Base,,,,,,,"301,000",Race,Forza GT4,802,R,3.3,7.1,7.4,5.1,,,380,390,2381,6.27,57,2500,T,Inline,5,F,FWD,305/R18,305/R18,,Adjustable,none,none,no,Europe,Germany,Audi TT,,2,L,4,,,4.977,8.980,11.667,162.9,89.6,209.4,1.49,1.80,4.003,12871,05-Oct-23,,15-Feb-18,FM,FM7,FM,,,DLC,,,,,,,,,,2,XBO,1
FALSE,2016 Audi R8 V10 plus,Audi R8 '16,2473,2016,Audi,R8 V10 plus,Buy Cars Base,,,,Epic,,,"279,000",Factory,Modern Sport GT,752,S,7.1,3.8,3.5,6.1,,,602,413,3627,6.02,41,5204,NA,V,10,M,AWD,,305,Both,"WB, Forza","562, 565, 603, 690, 788",TT,stock,Europe,Germany,Audi R8,,2,L,4,,,2.700,6.100,10.400,215.9,94.8,225.2,1.11,1.19,3.400,12444,05-Oct-23,05-Nov-21,05-Apr-16,FM,FM6,FM,FH5,FH4,FM7,FH3,DLC,,,,,,,,6,XBO,1
FALSE,2016 Audi R8 V10 plus PreOrder Edition,,,2016,Audi,R8 V10 plus PreOrder Edition,DLC promo,,,,,,,,Upgraded,Modern Super Cars,900,S1,7.9,9.6,7.9,8.9,9.9,,610,413,3428,5.62,44,5204,NA,V,10,M,AWD,,S1,,,,,stock,Europe,Germany,,,2,L,4,,,2.700,6.100,,211.5,116.1,293.0,1.06,1.14,3.400,12555,,,23-Sep-16,FH3,FH3,,,,,DLC,,,,,,,,,1,XBO,0
FALSE,2015 Audi RS 6 Avant,Audi RS 6 '15,2180,2015,Audi,RS 6 Avant,Buy Cars Base,,,,Rare,,,"123,000",Factory,Sport Luxury,666,A,6.3,3.3,2.7,5.0,,,552,516,4266,7.73,53,4000,TT,V,8,F,AWD,,285,Both,"WB, Safety Lights","565, 630, 788",none,eng,Europe,Germany,Audi RS 6,,2,L,4,,,3.700,8.700,,202.7,107.3,272.7,0.94,0.96,5.000,12190,05-Oct-23,05-Nov-21,02-Dec-14,FM,FH2,FM,FH5,FH4,FM7,,FM6,DLC,,,,,,,6,XBO,1
FALSE,2015 Audi S1,Audi S1 '15,2179,2015,Audi,S1,Buy Cars Base,,,,Common,,,"64,000",Factory,Modern Hot Hatch,405,C,2.5,2.2,2.2,2.5,,,228,273,2899,12.71,60,1984,T,Inline,4,F,AWD,,225,Both,Forza,"350, 394I, 475",none,no,Europe,Germany,,,3,L,4,,DD,5.800,14.000,13.567,154.5,142.7,354.6,0.92,0.96,8.200,12248,05-Oct-23,05-Nov-21,07-Jul-15,FM,FH2,FM,FH5,FH4,FM7,FH3,FM6,DLC,,,,,,,7,XBO,1
FALSE,2015 Audi S3 Sedan,Audi S3,,2015,Audi,S3 Sedan,,,,,,,,,Factory,Sport Compact,497,C,6.5,4.4,4.6,7.1,,,300,280,3153,10.51,59,1984,T,Inline,4,F,AWD,,,,,,,eng,Europe,Germany,,,4,L,4,,,4.682,11.983,12.983,172.9,136.6,328.6,1.08,1.06,7.301,12108,,,01-Jul-14,FM7,FM5,,,,FM7,,FM6,,DLC,,,,,,3,XBO,0
FALSE,2015 Audi Team Forza TTS Coupe,,,2015,Audi,Team Forza TTS Coupe,DLC promo,,,,,,,,Livery,Ultimate SpoCom,,,6.8,4.9,5.2,7.5,,,333,301,2852,8.56,55,,T,Inline,4,F,AWD,,,,,,,eng,Europe,Germany,,,2,L,4,,,5.100,12.800,,181.5,108.9,279.2,1.17,1.14,7.700,12301,,,10-Sep-15,FM6,FM6,,,,,,DLC,,,,,,,,1,XBO,0
FALSE,2015 Audi TTS Coupe,Audi TTS,2182,2015,Audi,TTS Coupe,"Autoshow, WS",,,,Common,,,"52,000",Factory,Modern Sports Cars,724,A,6.7,4.0,6.3,5.8,6.4,5.2,310,280,3053,9.85,57,1984,T,Inline,4,F,AWD,,255,Both,Forza,300,none,eng,Europe,Germany,TT,,2,L,4,,,5.121,12.821,13.033,187.1,164.6,406.0,0.91,0.94,7.700,12224,,05-Nov-21,05-May-15,FH5,FH2,,FH5,FH4,FM7,FH3,FM6,DLC,,,,,,,6,XBO,0
FALSE,2014 Audi #2 Audi Team Joest R18 e-tron quattro,Audi #2 R18,2271,2014,Audi,#2 Audi Team Joest R18 e-tron quattro,Buy Cars Base,,,,,,,"379,000",Race,Forza P1,979,P,6.3,10.0,10.0,10.0,,,758,958,2008,2.65,45,4000,T,V,6,M,AWD,310,310,,Adjustable,none,none,no,Europe,Germany,,,2,C,4,,,2.800,5.000,9.083,204.1,75.2,176.6,1.64,2.28,2.200,12309,05-Oct-23,,15-Sep-15,FM,FM6,FM,,,FM7,,FM6,,,,,,,,3,XBO,1
FALSE,2014 Audi #45 Flying Lizard Motorsports R8 LMS Ultra,#45 Audi R8 LMS,,2014,Audi,#45 Flying Lizard Motorsports R8 LMS Ultra,,,,,,,,,Race,Forza GT,997,P,7.6,8.6,8.7,10.0,,,522,391,2888,5.53,42,5200,NA,V,10,M,RWD,,,,,,,stock,Europe,Germany,,,2,L,4,,,4.300,7.800,11.217,185.4,122.5,271.1,1.44,1.63,3.500,12310,,,15-Sep-15,FM7,FM6,,,,FM7,DLC,FM6,,,,,,,,3,XBO,0
FALSE,2014 Audi #67 Rotek Racing S3 Saloon,#67 Audi S3,,2014,Audi,#67 Rotek Racing S3 Saloon,,,,,,,,,Race,Forza Touring Cars,743,S,5.7,6.4,6.6,8.0,,,330,286,2425,7.35,55,,T,Inline,4,F,FWD,,,,,,,no,Europe,Germany,,,4,L,4,,,3.974,9.566,12.967,156.0,128.1,282.3,1.36,1.51,5.592,12311,,,15-Sep-15,FM7,FM6,,,,FM7,,FM6,,,,,,,,2,XBO,0
FALSE,2013 Audi R8 Coupé V10 plus 5.2 FSI quattro,Audi R8 '13,2010,2013,Audi,R8 Coupé V10 plus 5.2 FSI quattro,Buy Cars Base,,,,Epic,,,"245,000",Factory,Modern Sport GT,732,S,6.3,3.7,3.4,5.8,,,542,398,3682,6.79,44,5204,NA,V,10,M,AWD,,295,Both,"WB LBWorks, Forza","562, 565, 603, 690, 788",TT,stock,Europe,Germany,Audi R8,,2,L,4,,FF,3.200,7.100,11.050,202.3,101.7,243.4,1.01,1.09,3.900,12056,05-Oct-23,05-Nov-21,22-Nov-13,FM,FM5,FM,FH5,FH4,FM7,FH3,FM6,FH2,FM5,,,,,,8,XBO,1
FALSE,2013 Audi RS 4 Avant,Audi RS 4 '13,1607,2013,Audi,RS 4 Avant,Buy Cars Base,,,,Rare,,,"105,000",Factory,Modern Sport Touring,591,B,5.6,2.9,2.5,3.9,,,444,317,3957,8.91,53,4163,NA,V,8,F,AWD,,265,Both,Aftermarket,"375, 394I, 565, 603, 630, 788","TT, PDS, CS",stock,Europe,Germany,Audi RS 4,,5,L,4,,,4.700,10.400,12.117,187.0,115.0,282.4,0.94,0.96,5.700,12005,05-Oct-23,05-Nov-21,05-Mar-13,FM,FH1,FM,FH5,FH4,FM7,FH3,FM6,DLC,DLC,DLC,,,,,9,XBO,1
FALSE,2013 Audi RS 7 Sportback,Audi RS 7,2009,2013,Audi,RS 7 Sportback,Buy Cars Base,FM Update 5,,,Epic,,28-Feb-2024,"110,000",Factory,Sport Luxury,613,A,6.5,2.8,2.4,4.5,8.2,5.3,552,553,4475,8.11,60,3993,TT,V,8,F,AWD,275,275,no,"WB, Forza","565, 630, 788",none,eng,Europe,Germany,,,4LB,L,4,,,3.700,8.700,12.017,203.7,109.4,277.2,1.09,1.06,5.000,12058,21-Feb-24,05-Nov-21,22-Nov-13,FM,FM5,S,FH5,FH4,FM7,,FM6,,FM5,,,,,,6,XBO,1
FALSE,2013 Audi S4,,,2013,Audi,S4,,,,,,,,,Factory,Modern Sports Cars,738,A,6.9,7.8,6.5,7.7,,,329,324,3847,11.69,60,2995,PDS,V,6,F,AWD,,,,,,,,Europe,Germany,,,4,L,4,,,4.700,,,184.8,,,,,,12059,,,22-Nov-13,FH2,FM5,,,,,,,FH2,FM5,,,,,,2,XBO,0
FALSE,2013 Audi Team Forza R8 Coupe V10 plus 5.2 FSI quattro,Audi R8 5.2 TF,,2013,Audi,Team Forza R8 Coupe V10 plus 5.2 FSI quattro,DLC promo,,,,,,,,Upgraded,Exotic GT,,,8.0,5.6,5.7,9.3,,,626,460,3020,4.82,46,,NA,V,10,M,AWD,,,,,,,stock,Europe,Germany,,,2,L,4,,,3.200,7.100,,209.4,107.8,265.3,1.24,1.28,3.900,12154,,,30-Sep-14,FM6,FH2,,,,,,DLC,DLC,,,,,,,2,XBO,0
FALSE,2013 Audi Team Forza RS 7 Sportback,,,2013,Audi,Team Forza RS 7 Sportback,DLC promo,,,,,,,,Upgraded,Executive Heavyweights,,,8.0,4.7,4.6,8.2,,,609,609,4196,6.89,59,,TT,V,8,F,AWD,,,,,,,no,Europe,Germany,,,4LB,L,4,,,3.700,8.700,,213.0,123.6,315.4,1.09,1.06,5.000,12155,,,30-Sep-14,FM6,FH2,,,,,,DLC,DLC,,,,,,,2,XBO,0
FALSE,2012 Audi #1 Audi Sport Team Joest R18 e-tron quattro,#1 Audi R18 '12,,2012,Audi,#1 Audi Sport Team Joest R18 e-tron quattro,,,,,,,,,Race,Forza P1,992,P,7.6,8.8,8.9,9.9,,,639,789,1984,3.10,45,,T,V,6,M,AWD,,,,,,,no,Europe,Germany,,,2,C,4,,,2.877,6.068,9.550,203.8,84.3,188.0,1.74,2.43,3.191,12054,,,22-Nov-13,FM7,FM5,,,,FM7,,FM6,,FM5,,,,,,3,XBO,0
FALSE,2012 Audi R8 GT Spyder,,,2012,Audi,R8 GT Spyder,,,,,,,,,Factory,Open Top,626,S,,,,,,,560,398,3781,6.75,,5204,NA,V,10,M,AWD,,,,,,,,Europe,Germany,,Yes,2,L,4,,,,,,,,,,,,11954,,,23-Oct-12,FH1,FH1,,,,,,,,,DLC,,,,,1,360,0
FALSE,2011 Audi #02 Audi A4 Touring Car,,,2011,Audi,#02 Audi A4 Touring Car,,,,,,,,,Race,GTC,833,R2,,,,,,,476,391,2315,4.86,,,,,8,F,RWD,,,,,,,,Europe,Germany,,,4,L,4,,,2.900,,,179.5,,,,,,11734,,,14-Oct-11,FM4,FM4,,,,,,,,,,FM4,,,,1,360,0
FALSE,2011 Audi #03 Audi A4 Touring Car,,,2011,Audi,#03 Audi A4 Touring Car,,,,,,,,,Livery,GTC,833,R2,,,,,,,476,391,2315,4.86,,,,,8,F,RWD,,,,,,,,Europe,Germany,,,4,L,4,,,2.900,,,179.5,,,,,,11735,,,14-Oct-11,FM4,FM4,,,,,,,,,,FM4,,,,1,360,0
FALSE,2011 Audi #04 Audi A4 Touring Car,,,2011,Audi,#04 Audi A4 Touring Car,,,,,,,,,Livery,GTC,833,R2,,,,,,,476,391,2315,4.86,,,,,8,F,RWD,,,,,,,,Europe,Germany,,,4,L,4,,,2.900,,,179.5,,,,,,11736,,,14-Oct-11,FM4,FM4,,,,,,,,,,FM4,,,,1,360,0
FALSE,2011 Audi #05 Audi A4 Touring Car,,,2011,Audi,#05 Audi A4 Touring Car,,,,,,,,,Livery,GTC,833,R2,,,,,,,476,391,2315,4.86,,,,,8,F,RWD,,,,,,,,Europe,Germany,,,4,L,4,,,2.900,,,179.5,,,,,,11737,,,14-Oct-11,FM4,FM4,,,,,,,,,,FM4,,,,1,360,0
FALSE,2011 Audi #06 Audi A4 Touring Car,,,2011,Audi,#06 Audi A4 Touring Car,,,,,,,,,Livery,GTC,833,R2,,,,,,,476,391,2315,4.86,,,,,8,F,RWD,,,,,,,,Europe,Germany,,,4,L,4,,,2.900,,,179.5,,,,,,11738,,,14-Oct-11,FM4,FM4,,,,,,,,,,FM4,,,,1,360,0
FALSE,2011 Audi #2 Audi Sport Team Joest R15++ TDI,#2 Audi R15,,2011,Audi,#2 Audi Sport Team Joest R15++ TDI,,,,,,,,,Race,Forza P1,983,P,7.9,8.6,8.7,9.5,,,550,700,2050,3.73,44,,TT,V,10,M,RWD,,,,,,,no,Europe,Germany,,Yes,2,L,4,,,2.600,5.000,10.083,209.9,91.4,204.2,1.70,2.35,2.400,11826,,,01-Nov-11,FM7,FM4,,,,FM7,,FM6,,,,DLC,,,,3,XBO,0
FALSE,2011 Audi #2 Audi Sport Team Joest R18 TDI,,,2011,Audi,#2 Audi Sport Team Joest R18 TDI,,,,,,,,,Race,P1 Racing,986,R1,,,,,,,540,664,1984,3.67,,,,,6,M,RWD,,,,,,,,Europe,Germany,,,2,R,4,,,2.900,,,206.7,,,,,,11859,,,07-Feb-12,FM4,FM4,,,,,,,,,,DLC,,,,1,360,0
FALSE,2011 Audi #4 Forza Motorsport R10 TDI,,,2011,Audi,#4 Forza Motorsport R10 TDI,,,,,,,,,Livery,P1 Racing,991,R1,,,,,,,650,810,2039,3.14,,,,,12,M,RWD,,,,,,,,Europe,Germany,,Yes,2,L,4,,,2.800,,,210.0,,,,,,11739,,,14-Oct-11,FM4,FM4,,,,,,,,,,FM4,,,,1,360,0
FALSE,2011 Audi R8 GT,,,2011,Audi,R8 GT,,,,,,,,,Factory,Super,648,S,,,,,,,560,398,3484,6.22,,5204,NA,V,10,M,AWD,,,,,,,,Europe,Germany,,,2,L,4,,,,,,,,,,,,11953,,,23-Oct-12,FH1,FH1,,,,,,,,,FH1,,,,,1,360,0
FALSE,2011 Audi RS 3 Sportback,Audi RS 3 '11,1216,2011,Audi,RS 3 Sportback,Buy Cars Base,,,,Common,,,"78,000",Factory,Modern Hot Hatch,470,C,3.7,2.3,2.3,2.8,,,335,332,3472,10.36,60,2480,T,Inline,5,F,AWD,,225,Both,Aftermarket,"375, 565, 603, 630",none,eng,Europe,Germany,Audi RS 3,,5,L,4,,DD,4.500,11.700,13.033,166.0,131.4,329.9,0.92,0.94,7.200,11827,05-Oct-23,05-Nov-21,01-Nov-11,FM,FM4,FM,FH5,FH4,FM7,FH3,FM6,FH2,FM5,,DLC,,,,9,XBO,1
FALSE,2011 Audi RS 3 Sportback (Ltd. Ed.),,,2011,Audi,RS 3 Sportback (Ltd. Ed.),DLC promo,,,,,,,,Upgraded,Modern Sport Compact,,,,,,,,,335,332,3472,10.36,,,,,5,F,AWD,,,,,,,,Europe,Germany,,,5,L,4,,,4.535,,,157.0,,,,,,12057,,,22-Nov-13,FM5,FM5,,,,,,,,DLC,,,,,,1,XBO,0
FALSE,2011 Audi RS 5 Coupe,Audi RS 5,1417,2011,Audi,RS 5 Coupe,"Autoshow, WS",,,,Rare,,,"88,000",Factory,Super Saloons,733,A,6.8,5.9,6.1,5.8,5.7,5.4,442,317,3830,8.67,57,4163,NA,V,8,F,AWD,,265,Both,Street,"510, 602, 805","TT, PDS, CS",stock,Europe,Germany,,,2,L,4,,,4.500,10.100,12.333,185.1,106.3,259.8,0.96,0.98,5.600,11846,,05-Nov-21,03-Jan-12,FH5,FM4,,FH5,FH4,FM7,FH3,FM6,FH2,FM5,,DLC,,,,8,XBO,0
FALSE,2010 Audi Forza Motorsport R8 5.2 FSI quattro,,,2010,Audi,Forza Motorsport R8 5.2 FSI quattro,DLC promo,,,,,,,,Upgraded,Coupe,687,S,7.2,6.5,6.4,8.3,8.9,,,,,#DIV/0!,,,,,10,M,AWD,,,,,,,,Europe,Germany,,,2,L,4,,,,,,,,,,,,11659,,,29-Oct-10,FM3,FM3,,,,,,,,,,,DLC,,,1,360,0
FALSE,2010 Audi Forza Ultimate R8 5.2 FSI quattro,,,2010,Audi,Forza Ultimate R8 5.2 FSI quattro,,,,,,,,,Livery,,558,A,7.9,5.8,5.8,7.0,7.7,,,,,#DIV/0!,,,,,,M,AWD,,,,,,,,Europe,Germany,,,2,L,4,,,,,,,,,,,,11661,,,29-Oct-10,FM3,FM3,,,,,,,,,,,DLC,,,1,360,0
FALSE,2010 Audi Forza Ultimate TT RS Coupe,,,2010,Audi,Forza Ultimate TT RS Coupe,,,,,,,,,Livery,,442,B,6.6,5.2,5.4,5.5,6.9,,,,,#DIV/0!,,,,,,F,AWD,,,,,,,,Europe,Germany,,,2,L,4,,,,,,,,,,,,11662,,,29-Oct-10,FM3,FM3,,,,,,,,,,,DLC,,,1,360,0
FALSE,2010 Audi R8 5.2 Community Edition,,,2010,Audi,R8 5.2 Community Edition,DLC promo,,,,,,,,Livery,,,,,,,,,,,,,,,,,,,,,,,,,,,,Europe,Germany,,,2,L,4,,,,,,,,,,,,11470,,,27-Oct-09,FM3,FM3,,,,,,,,,,,DLC,,,1,360,0
FALSE,2010 Audi R8 5.2 FSI Quattro (painted/tuned),,,2010,Audi,R8 5.2 FSI Quattro (painted/tuned),DLC promo,,,,,,,,Upgraded,Modern GT,,,,,,,,,525,417,3571,6.80,,,,,10,M,AWD,,,,,,,,Europe,Germany,,,2,L,4,,,3.700,,,187.9,,,,,,12055,,,22-Nov-13,FM5,FM5,,,,,,,,DLC,,,,,,1,XBO,0
FALSE,2010 Audi R8 Coupé 5.2 FSI quattro,Audi R8 5.2,1117,2010,Audi,R8 Coupé 5.2 FSI quattro,Buy Cars Base,FM Update 20,,,,,,"127,000",Factory,Modern Sport GT,680,A,6.0,3.3,3.2,4.3,9.7,,525,417,3571,6.80,44,5200,NA,V,10,M,AWD,235/R19,295/R19,,Forza,"562, 565, 603, 690, 788",TT,stock,Europe,Germany,,,2,L,4,,,3.719,8.400,12.100,200.6,105.0,259.8,1.17,1.17,4.681,11471,21-May-25,,27-Oct-09,FM,FM3,S,,,,,,,FM5,,FM4,FM3,,,4,XBO,1
FALSE,2010 Audi S4,,,2010,Audi,S4,,,,,,,,,Factory,Sedan,509,A,,,,,,,333,324,3638,10.92,,,,,6,F,AWD,,,,,,,,Europe,Germany,,,4,L,4,,,5.100,,,179.8,,,,,,11591,,,08-Dec-09,FM4,FM3,,,,,,,,,,FM4,DLC,,,2,360,0
FALSE,2010 Audi TT RS Coupe,Audi TT RS,1220,2010,Audi,TT RS Coupe,"Autoshow, WS",,,,Rare,,,"66,000",Factory,Modern Sports Cars,707,A,6.6,4.4,6.0,5.8,7.0,5.4,335,332,3294,9.83,60,2480,T,Inline,5,F,AWD,,255,no,Aftermarket,"300, 805",none,eng,Europe,Germany,TT,,2,L,4,,DD,4.400,11.100,12.983,181.1,125.7,316.4,0.96,0.99,6.700,11611,,05-Nov-21,08-Mar-10,FH5,FM3,,FH5,HTF,FM7,,FM6,FH2,FM5,FH1,FM4,DLC,,,9,XBO,0
FALSE,2010 Audi TT RS Coupe (Day One),,,2010,Audi,TT RS Coupe (Day One),DLC promo,,,,,,,,Upgraded,Coupster,,,,,,,,,335,332,3042,9.08,,,,,5,F,AWD,,,,,,,,Europe,Germany,,,2,L,4,,,4.420,,,167.3,,,,,,12060,,,22-Nov-13,FM5,FM5,,,,,,,,DLC,,,,,,1,XBO,0
FALSE,2009 Audi #2 Audi Sport Team Joest R15 TDI,,,2009,Audi,#2 Audi Sport Team Joest R15 TDI,,,,,,,,,Race,P1 Racing,995,R1,,,,,,,629,820,2050,3.26,,,,,10,M,RWD,,,,,,,,Europe,Germany,,Yes,2,L,4,,,3.000,,,211.2,,,,,,11590,,,08-Dec-09,FM4,FM3,,,,,,,,,,FM4,DLC,,,2,360,0
FALSE,2009 Audi Forza Ultimate R15 TDI,,,2009,Audi,Forza Ultimate R15 TDI,,,,,,,,,Livery,,983,R1,8.2,8.8,8.9,9.1,7.9,,,,,#DIV/0!,,,,,,M,RWD,,,,,,,,Europe,Germany,,Yes,2,L,4,,,,,,,,,,,,11660,,,29-Oct-10,FM3,FM3,,,,,,,,,,,DLC,,,1,360,0
FALSE,2009 Audi Q7 V12 TDI,Audi Q7,,2009,Audi,Q7 V12 TDI,,,,,,,,,Factory,Modern SUV,425,C,6.6,3.9,3.8,7.1,,,494,737,5743,11.63,54,,TT,V,12,F,AWD,,,,,,,eng,Europe,Germany,,,5,L,4,,,5.400,12.900,13.600,176.3,143.1,365.5,0.96,0.92,7.500,11469,,,27-Oct-09,FM7,FM3,,,,FM7,,,,,,FM4,FM3,,,3,XBO,0
FALSE,2009 Audi R8 LMS,,,2009,Audi,R8 LMS,,,,,,,,,Race,GT3,744,R3,,,,,,,521,391,3064,5.88,,,,,10,M,RWD,,,,,,,,Europe,Germany,,,2,L,4,,,3.600,,,191.8,,,,,,11600,,,12-Jan-10,FM4,FM3,,,,,,,,,,FM4,DLC,,,2,360,0
FALSE,2009 Audi RS 6,Audi RS 6 '09,1184,2009,Audi,RS 6,"Autoshow, WS",,,,Epic,,,"155,000",Factory,Super Saloons,722,A,7.5,5.8,6.0,6.1,6.7,5.5,570,478,4376,7.68,59,5000,TT,V,10,F,AWD,,275,Both,Forza,805,none,no,Europe,Germany,,,4,L,4,,,4.400,9.900,12.700,198.4,104.3,260.1,0.93,0.96,5.500,11601,,05-Nov-21,12-Jan-10,FH5,FM3,,FH5,FH4,FM7,,FM6,,,,FM4,DLC,,,6,XBO,0
FALSE,2008 Audi #2 Audi Sport North America R10 TDI,,,2008,Audi,#2 Audi Sport North America R10 TDI,,,,,,,,,Race,P1 Racing,991,R1,,,,,,,650,810,2039,3.14,,,,,12,M,RWD,,,,,,,,Europe,Germany,,Yes,2,L,4,,,2.800,,,210.0,,,,,,11467,,,27-Oct-09,FM4,FM3,,,,,,,,,,FM4,FM3,,,2,360,0
FALSE,2008 Audi A4 Touring Car,,,2008,Audi,A4 Touring Car,,,,,,,,,Race,GT,814,R2,5.9,8.1,8.0,8.2,7.0,,476,391,2161,4.54,,,,,8,F,RWD,,,,,,,,Europe,Germany,,,4,L,4,,,,,,,,,,,,11468,,,27-Oct-09,FM3,FM3,,,,,,,,,,,FM3,,,1,360,0
FALSE,2008 Audi R8 4.2,,,2008,Audi,R8 4.2,,,,,,,,,Factory,Sports,590,A,,,,,,,420,317,3439,8.19,,,,,8,M,AWD,,,,,,,,Europe,Germany,,,2,L,4,,,4.300,,,199.7,,,,,,11392,,,07-Dec-07,FM4,FM2,,,,,,,,,,FM4,FM3,DLC,,3,360,0
FALSE,2007 Audi S5,,,2007,Audi,S5,,,,,,,,,Factory,Sports,502,A,,,,,,,349,324,3795,10.87,,,,,8,F,AWD,,,,,,,,Europe,Germany,,,4,L,4,,,4.800,,,184.3,,,,,,11403,,,18-Mar-08,FM4,FM2,,,,,,,,,,FM4,FM3,DLC,,3,360,0
FALSE,2007 Audi TT Coupe S-Line,,,2007,Audi,TT Coupe S-Line,,,,,,,,,Factory,Sports,467,B,,,,,,,247,236,3109,12.59,,,,,6,F,AWD,,,,,,,,Europe,Germany,,,2,L,4,,,5.116,,,162.8,,,,,,11404,,,18-Mar-08,FM4,FM2,,,,,,,,,,FM4,FM3,DLC,,3,360,0
FALSE,2006 Audi #2 Audi Sport North America R8,#2 Audi R8,,2006,Audi,#2 Audi Sport North America R8,,,,,,,,,Race,Endurance Prototypes,,,7.7,8.7,8.8,9.6,,,625,553,1984,3.17,45,,TT,V,8,M,RWD,,,,,,,no,Europe,Germany,,Yes,2,L,4,,,2.800,5.500,,208.6,79.9,185.8,1.71,2.38,2.700,11252,,,29-May-07,FM6,FM2,,,,,,FM6,,DLC,,FM4,FM3,FM2,,5,XBO,0
FALSE,2006 Audi #8 Audi Sport Team Joest Audi R10 TDI,,,2006,Audi,#8 Audi Sport Team Joest Audi R10 TDI,,,,,,,,,Livery,P1 Racing,978,R1,7.9,8.9,8.9,9.2,8.2,,650,810,2039,3.14,,,,,12,M,RWD,,,,,,,,Europe,Germany,,Yes,2,L,4,,,2.800,5.719,,,,,,,,11382,,,22-Sep-07,FM3,FM2,,,,,,,,,,,FM3,DLC,,2,360,0
FALSE,2006 Audi RS 4,Audi RS 4 '06,419,2006,Audi,RS 4,Buy Cars Base,,,,Rare,,,"103,000",Factory,Sport Touring Classics,564,B,5.4,2.3,2.4,3.6,,,420,317,3638,8.66,58,4163,NA,V,8,F,AWD,,255,Both,Forza,"394I, 565, 603, 630","T, TT, PDS, CS",stock,Europe,Germany,Audi RS 4,,4,L,4,,,4.700,11.200,13.000,190.6,126.2,319.0,0.93,0.96,6.500,11256,05-Oct-23,05-Nov-21,29-May-07,FM,FM2,FM,FH5,FH4,FM7,FH3,FM6,FH2,FM5,FH1,FM4,FM3,FM2,,12,XBO,1
FALSE,2004 Audi #5 Audi Sport Japan Team Goh R8,#5 Audi R8,,2004,Audi,#5 Audi Sport Japan Team Goh R8,,,,,,,,,Race,Endurance Prototypes,,,7.7,8.7,8.8,9.6,,,625,553,1984,3.17,45,,TT,V,8,M,RWD,,,,,,,no,Europe,Germany,,Yes,2,L,4,,,2.800,5.500,,208.6,79.6,185.4,1.70,2.37,2.700,11253,,,29-May-07,FM6,FM2,,,,,,FM6,,,,,FM3,FM2,,3,XBO,0
FALSE,2004 Audi #8 Audi ABT TT-R,,,2004,Audi,#8 Audi ABT TT-R,,,,,,,,,Race,GTC,827,R2,,,,,,,455,376,2293,5.04,,,,,8,F,RWD,,,,,,,,Europe,Germany,,,2,L,4,,,3.800,,,180.2,,,,,,11015,,,03-May-05,FM4,FM1,,,,,,,,,,FM4,FM3,FM2,FM1,4,360,0
FALSE,2004 Audi #88 Audi Sport UK Team Veloqx R8,,,2004,Audi,#88 Audi Sport UK Team Veloqx R8,,,,,,,,,Livery,,,R1,,,,,,,,,,#DIV/0!,,,,,,M,RWD,,,,,,,,Europe,Germany,,Yes,2,L,4,,,,,,,,,,,,11254,,,29-May-07,FM2,FM2,,,,,,,,,,,,FM2,,1,360,0
FALSE,2004 Audi S4,Audi S4 '04,428,2004,Audi,S4,Buy Cars Base,,,,,,,"83,000",Factory,Sport Touring Classics,467,C,4.6,1.9,1.9,3.0,,,340,302,3825,11.25,62,4200,NA,V,8,F,AWD,,,,Aftermarket,"394I, 565, 603, 630","TT, PDS",stock,Europe,Germany,,,4,L,4,,,5.100,13.180,13.700,180.1,150.9,358.0,1.04,1.01,8.080,11017,05-Oct-23,,03-May-05,FM,FM1,FM,,,FM7,HP,FM6,,,,FM4,FM3,FM2,FM1,8,XBO,1
FALSE,2004 Audi TT Coupe 3.2 quattro,,,2004,Audi,TT Coupe 3.2 quattro,,,,,,,,,Factory,Sports,421,C,,,,,,,249,236,3505,14.08,,,,,6,F,AWD,,,,,,,,Europe,Germany,,,2,L,4,,,6.518,,,157.4,,,,,,11019,,,03-May-05,FM4,FM1,,,,,,,,,,FM4,FM3,FM2,FM1,4,360,0
FALSE,2003 Audi #1 Champion RS6,,,2003,Audi,#1 Champion RS6,,,,,,,,,Race,GT3,655,S,6.6,6.5,6.6,7.2,8.7,,496,409,3148,6.35,,,,,8,F,AWD,,,,,,,,Europe,Germany,,,4,L,4,,,,,,,,,,,,11010,,,03-May-05,FM3,FM1,,,,,,,,,,,FM3,FM2,FM1,3,360,0
FALSE,2003 Audi RS 6,Audi RS 6 '03,420,2003,Audi,RS 6,Buy Cars Base,,,,Rare,,,"99,000",Factory,Sport Touring Classics,537,B,5.3,2.5,2.3,3.6,,,450,415,4057,9.02,59,4172,TT,V,8,F,AWD,,255,Both,Forza,"394I, 562, 565, 630, 788",none,eng,Europe,Germany,Audi RS 6,,4,L,4,,,4.400,10.700,12.800,187.6,123.1,318.0,0.90,0.92,6.300,11016,05-Oct-23,05-Nov-21,03-May-05,FM,FM1,FM,FH5,FH4,FM7,,FM6,,,,FM4,FM3,FM2,FM1,9,XBO,1
FALSE,2002 Audi #1 Champion S4 Competition,,,2002,Audi,#1 Champion S4 Competition,,,,,,,,,Race,GT3,644,S,6.4,6.5,6.5,7.0,8.9,,420,345,3053,7.27,,,,,6,F,AWD,,,,,,,,Europe,Germany,,,4,L,4,,,,,,,,,,,,11011,,,03-May-05,FM3,FM1,,,,,,,,,,,FM3,FM2,FM1,3,360,0
FALSE,2002 Audi #1 Infineon Audi R8,,,2002,Audi,#1 Infineon Audi R8,,,,,,,,,Race,,,R1,,,,,,,,,,#DIV/0!,,,,,,M,RWD,,,,,,,,Europe,Germany,,Yes,2,L,4,,,,,,,,,,,,11012,,,03-May-05,FM2,FM1,,,,,,,,,,,,FM2,FM1,2,360,0
FALSE,2001 Audi #38 Champion R8,,,2001,Audi,#38 Champion R8,,,,,,,,,Livery,,,P1,,,,,,,,,,#DIV/0!,,,,,,M,RWD,,,,,,,,Europe,Germany,,Yes,2,L,4,,,,,,,,,,,,11013,,,03-May-05,FM1,FM1,,,,,,,,,,,,,FM1,1,360,0
FALSE,2001 Audi #4 Johansson Motorsport R8,,,2001,Audi,#4 Johansson Motorsport R8,,,,,,,,,Livery,P1 Racing,937,R1,7.3,8.8,8.8,9.0,8.0,,625,,1984,3.17,,,,,,M,RWD,,,,,,,,Europe,Germany,,Yes,2,L,4,,,,,,,,,,,,11014,,,03-May-05,FM3,FM1,,,,,,,,,,,FM3,FM2,FM1,3,360,0
FALSE,2001 Audi RS 4 Avant,Audi RS 4 '01,2178,2001,Audi,RS 4 Avant,Buy Cars Base,,,,Common,,,"96,000",Factory,Sport Touring Classics,516,B,4.5,2.4,2.4,3.2,,,375,324,3571,9.52,58,2671,TT,V,6,F,AWD,,255,Both,Forza,"375, 394I, 562, 603, 630",none,eng,Europe,Germany,Audi RS 4,,5,L,4,,,4.548,11.600,12.733,175.5,136.7,351.2,0.92,0.93,7.052,12228,05-Oct-23,05-Nov-21,02-Jun-15,FM,FH2,FM,FH5,FH4,FM7,,FM6,DLC,,,,,,,6,XBO,1
FALSE,2000 Audi AWE Tuning SilverBullet S4,,,2000,Audi,AWE Tuning SilverBullet S4,,,,,,,,,Tuner,,832,A,,,,,,,,,,#DIV/0!,,,,,,F,AWD,,,,,,,,Europe,Germany,,,4,L,4,,,,,,,,,,,,11255,,,29-May-07,FM2,FM2,,,,,,,,,,,,FM2,,1,360,0
FALSE,2000 Audi S4,,,2000,Audi,S4,,,,,,,,,Factory,Sedan,415,C,,,,,,,250,258,3384,13.54,,,,,6,F,AWD,,,,,,,,Europe,Germany,,,4,L,4,,,5.617,,,159.4,,,,,,11018,,,03-May-05,FM4,FM1,,,,,,,,,,FM4,FM3,FM2,FM1,4,360,0
FALSE,1995 Audi Avant RS 2,Audi RS2 '95,1370,1995,Audi,Avant RS 2,Buy Cars Base,,,,Common,,,"89,000",Factory,Sport Touring Classics,458,C,3.6,2.2,2.2,2.9,,,311,302,3516,11.31,58,2226,T,Inline,5,F,AWD,,245,Both,Forza,"333, 375, 394I, 603, 630, 788",none,eng,Europe,Germany,,,5,L,4,,,4.800,13.100,13.217,165.2,136.0,353.9,0.87,0.88,8.300,11740,05-Oct-23,05-Nov-21,14-Oct-11,FM,FM4,FM,FH5,FH4,FM7,FH3,FM6,FH2,DLC,,FM4,,,,9,XBO,1
FALSE,1989 Audi #4 Audi 90 quattro IMSA GTO,Audi #4 90 GTO,1573,1989,Audi,#4 Audi 90 quattro IMSA GTO,Buy Cars Base,,,,,,,"319,000",Race,GTX Sportscars,857,R,5.2,6.1,6.2,7.4,,,711,531,2659,3.74,52,2200,T,Inline,5,F,AWD,355,355,,Adjustable,none,none,no,Europe,Germany,,,4,L,4,,,2.518,5.920,9.983,191.3,91.8,225.0,1.42,1.55,3.402,12104,05-Oct-23,,09-Jun-14,FM,FM5,FM,,,FM7,,FM6,,DLC,,,,,,4,XBO,1
FALSE,1986 Audi #2 Audi Sport quattro S1,#2 Audi S1,1478,1986,Audi,#2 Audi Sport quattro S1,Seasonal,,,,Epic,,,"375,000",Race,Rally Monsters,827,S1,6.3,5.5,6.4,8.9,2.4,7.8,469,354,2403,5.12,52,2110,T,Inline,5,F,AWD,,275,Rear,Preset / rally,"415, 300, 602, 805",none,no,Europe,Germany,,,2,L,4,,WW,3.100,7.218,10.850,175.4,105.4,256.9,1.12,1.26,4.118,11858,,02-Mar-23,07-Feb-12,FH5,FM4,,cu,FH4,FM7,FH3,,,,,DLC,,,,5,XBO,0
FALSE,1984 Audi Sport quattro,Audi quattro '84,633,1984,Audi,Sport quattro,Buy Cars Base,,,,Epic,,,"101,000",Factory,Sport Touring Classics,464,C,2.8,2.1,2.2,3.0,,,306,258,2866,9.37,55,2134,T,Inline,5,F,AWD,,235,Both,Rally Lights,"333, 375, 394I, 415, 603, 630, 788",none,eng,Europe,Germany,,,2,L,4,,,4.517,12.518,13.200,157.7,123.5,312.3,0.91,0.91,8.001,11393,05-Oct-23,05-Nov-21,07-Dec-07,FM,FM2,FM,FH5,Barn,FM7,FH3,FM6,FH2,FM5,FH1,FM4,FM3,DLC,,12,XBO,1
FALSE,1983 Audi Sport quattro LCE Livery,,,1983,Audi,Sport quattro LCE Livery,DLC promo,,,,,,,,Livery,Sports,434,B,,,,,,,306,258,2807,9.17,,,,,5,F,AWD,,,,,,,,Europe,Germany,,,2,L,4,,,,,,,,,,,,11955,,,23-Oct-12,FH1,FH1,,,,,,,,,DLC,,,,,1,360,0
FALSE,1964 Austin FX4 Taxi,Austin Taxi,,1964,Austin,FX4 Taxi,Exclusive,,,,Common,,,"20,000",Factory,Cult Cars,100,D,4.5,3.5,3.8,3.6,4.5,,68,116,3527,51.87,55,2199,NA,Inline,4,F,RWD,,165,no,Widebody,"321, 415, 300","T, CS",stock,Europe,U.K.,,,4,R,4,,"RPC, DD",32.000,na,,90.6,222.8,na,0.64,0.64,na,12956,,,28-Sep-18,FH4,FH4,,,HTF,,,,,,,,,,,1,XBO,0
FALSE,1924 Austin Seven,Austin Seven,,1924,Austin,Seven,Exclusive,,,,Legendary,,,"250,000",Factory,Rare Classics,100,D,3.1,4.4,4.1,3.0,3.0,,10,28,772,77.20,52,748,NA,Inline,4,F,RWD,,115,no,none,196,none,stock,Europe,U.K.,,,2,R,4,,,999.999,999.999,,49.5,na,na,0.70,0.70,na,13160,,,08-Dec-20,FH4,FH4,,,cu,,,,,,,,,,,1,XBO,0
FALSE,1965 Austin-Healey 3000 MkIII,Austin 3000 '65,1481,1965,Austin-Healey,3000 MkIII,Buy Cars Base,,,,Rare,,,"46,000",Factory,Sport Coupe Icons,262,E,1.3,1.0,1.1,1.5,,,147,173,2649,18.02,52,2912,NA,Inline,6,F,RWD,,185,Both,Street,"250, 276, 333, 350, 394I, 460, 630, 788","T, PDS",stock,Europe,U.K.,,Yes,2,L,4,,SS,9.800,25.000,,131.7,205.4,516.8,0.68,0.68,15.200,11887,05-Oct-23,,01-May-12,FM,FM4,FM,,FH4,,,,,,,DLC,,,,3,XBO,1
FALSE,1958 Austin-Healey Sprite MkI,Sprite MKI,1574,1958,Austin-Healey,Sprite MkI,"Autoshow, WS",,,,Common,,,"20,000",Factory,Classic Sports Cars,131,D,3.1,1.8,3.7,1.9,2.5,4.9,45,52,1463,32.51,54,948,NA,Inline,4,F,RWD,,145,Both,Forza,"196, 300","T, CS",stock,Europe,U.K.,,Yes,2,L,4,,"DVG, MM, OR, OT, RPC, SS",20.900,999.999,,89.1,196.9,na,0.74,0.74,979.099,11937,,05-Nov-21,04-Sep-12,FH5,FM4,,FH5,FH4,,,,,,,DLC,,,,3,XBO,0
FALSE,1939 Auto Union Type D,AutoUnion Type D,2096,1939,Auto Union,Type D,Buy Cars Base,,,,Legendary,,,"241,000",Race,The Birth of Grand Prix,598,B,6.2,2.4,2.9,4.9,,,485,413,2816,5.81,42,2990,PDS,V,12,M,RWD,155,200,no,nonadjustable,none,none,no,Europe,Germany,,Yes,1,C,4,,HR,3.787,8.470,12.117,228.1,162.4,414.2,0.84,0.83,4.683,12109,05-Oct-23,05-Nov-21,01-Jul-14,FM,FM5,FM,FH5,FH4,FM7,,FM6,,DLC,,,,,,6,XBO,1
FALSE,2020 Automobili Pininfarina Battista,Battista '20,3360,2020,Automobili Pininfarina,Battista,Buy Cars Base,,,,,,20-Dec-2023,"429,000",Factory,Modern Hypercars,924,P,7.3,4.3,4.2,6.4,,,1878,1695,4409,2.35,48,0,E,E,E,M,AWD,,,,Forza,none,,,Europe,Italy,,,2,L,4,,,2.000,3.400,8.283,220.9,99.9,253.4,1.25,1.31,1.400,13396,05-Oct-23,27-Feb-24,05-Oct-23,FM,FH5,FM,DLC,,,,,,,,,,,,2,XBO,1
FALSE,1993 Autozam AZ-1,Autozam AZ-1 '93,3854,1993,Autozam,AZ-1,,,,,,,,,Factory,Retro Hot Hatch,,,,,,,,,,,,,,,,,,,,,,,,,,,,,,,,,,,,,,,,,,,,,,,,,FH5,FH5,,DLC,,,,,,,,,,,,1,XBO,0
FALSE,2014 BAC Mono,BAC Mono '14,2040,2014,BAC,Mono,Buy Cars Base,,,,Epic,,12-Jun-2024,"187,000",Factory,Track Toys,712,S,2.7,4.4,4.5,5.4,,,280,206,1336,4.77,48,2300,NA,Inline,4,M,RWD,,245,no,Adjustable,"333, 350, 375, 475, 630, 690",none,stock,Europe,U.K.,,Yes,1,C,4,,"OT, SS?",2.788,6.684,11.517,171.9,90.5,206.5,1.29,1.52,3.896,12312,05-Oct-23,05-Nov-21,15-Sep-15,FM,FM6,FM,FH5,FH4,FM7,FH3,FM6,,,,,,,,6,XBO,1
FALSE,2014 BAC Mono Horizon Edition,,,2014,BAC,Mono Horizon Edition,,,,,,,,,Upgraded,Extreme Track Toys,900,S1,6.3,10.0,8.5,8.9,8.4,,280,206,1354,4.84,48,2300,NA,Inline,4,M,RWD,,S1,,,,,stock,Europe,U.K.,,Yes,1,C,4,,,,,,,,,,,.000,12556,,,23-Sep-16,FH3,FH3,,,,,HE,,,,,,,,,1,XBO,0
FALSE,2015 Baldwin #97 Monster Energy Trophy Truck,,,2015,Baldwin,#97 Monster Energy Trophy Truck,,,,,,,,,Race,Extreme Offroad,796,A,5.4,7.3,7.5,8.0,8.2,,800,690,6390,7.99,60,7505,,,,F,RWD,,,,,,,no,N. America,U.S.,,,2,L,4,,Heavy,4.591,10.161,,138.8,171.2,450.2,0.83,0.83,5.570,12557,,,23-Sep-16,FH3,FH3,,,,,FH3,,,,,,,,,1,XBO,0
FALSE,2021 Bentley Continental GT Convertible,Bentley Cont GTC,3728,2021,Bentley,Continental GT Convertible,,,,,,,,,Factory,GT Cars,,,,,,,,,,,,,,,,,,,,,,,,,,,Europe,U.K.,,,,,,,,,,,,,,,,,,,,,FH5,FH5,,DLC,,,,,,,,,,,,1,XBO,0
FALSE,2021 Bentley Flying Spur,Flying Spur '21,"3,588",2021,Bentley,Flying Spur,,,,,,,,,Factory,Super Saloons,,,,,,,,,,,,,,,,,,,,,,,,,,,Europe,U.K.,,,,,,,,,,,,,,,,,,,,,FH5,FH5,,cu,,,,,,,,,,,,1,XBO,0
FALSE,2017 Bentley #17A LIQUI MOLY M-Sport Continental GT3,#17 Bentley GT3,,2017,Bentley,#17A LIQUI MOLY M-Sport Continental GT3,,,,,,,,,Race,Forza GT,831,R,6.6,7.0,7.0,8.9,,,600,531,2871,4.79,52,,TT,V,8,F,RWD,,,,,,,no,Europe,U.K.,,,2,R,4,,,3.315,6.500,11.200,177.9,111.2,258.1,1.44,1.62,3.185,12753,,,29-Sep-17,FM7,FM7,,,,FM7,,,,,,,,,,1,XBO,0
FALSE,2017 Bentley Continental Supersports,Bentley C SS '17,2665,2017,Bentley,Continental Supersports,Buy Cars Base,,,,Epic,,,"132,000",Factory,Sport Luxury,656,A,6.8,2.7,2.4,4.7,,,700,749,5027,7.18,58,5998,TT,W,12,F,AWD,,275,Both,Forza,"603, 640, 788, 825",none,no,Europe,U.K.,Bentley Continental,,2,L,4,,"Heavy, BRG",3.548,7.890,11.133,210.2,105.6,261.1,0.92,0.94,4.342,12666,05-Oct-23,05-Nov-21,07-Mar-17,FM,FH3,FM,FH5,FH4,FM7,cu,,,,,,,,,5,XBO,1
FALSE,2016 Bentley Bentayga,Bentley Bentayga,2625,2016,Bentley,Bentayga,"Autoshow, WS",,,,Epic,,,"180,000",Factory,Sports Utility Heroes,727,A,7.0,4.0,5.0,6.2,7.4,6.5,599,663,5340,8.91,57,5950,TT,W,12,F,AWD,,285,no,Preset / Offroad,800,none,no,Europe,U.K.,,,5,R,4,,Heavy,4.400,10.100,11.817,192.6,129.8,332.5,0.92,0.91,5.700,12649,,05-Nov-21,03-Jan-17,FH5,FH3,,FH5,FH4,FM7,DLC,,,,,,,,,4,XBO,0
FALSE,2015 Bentley EXP 10 Speed 6 Concept,Bentley Speed 6,,2015,Bentley,EXP 10 Speed 6 Concept,,,,,,,,,Factory,Sport Luxury,670,A,8.2,4.7,4.8,8.3,9.8,,633,619,4497,7.10,58,5998,TT,W,12,F,AWD,,,,,,,no,Europe,U.K.,,,2,R,4,,Heavy,3.700,7.982,11.233,219.4,135.3,356.4,1.10,1.08,4.282,12636,,,06-Dec-16,FM7,FH3,,,,FM7,DLC,,,,,,,,,2,XBO,0
FALSE,2014 Bentley #17 M-Sport Bentley Continental GT3,Bentley #17 C,2403,2014,Bentley,#17 M-Sport Bentley Continental GT3,Buy Cars Base,,,,,,,"307,000",Race,Forza GT3,819,R,4.3,6.6,6.6,6.3,,,600,531,3064,5.11,52,3993,TT,V,8,F,RWD,310/R18,310/R18,,Adjustable,none,none,no,Europe,U.K.,Bentley Continental,,2,R,4,,,3.300,6.500,10.817,177.2,85.4,211.0,1.44,1.67,3.200,12313,05-Oct-23,,15-Sep-15,FM,FM6,FM,,,,cu,FM6,,,,,,,,3,XBO,1
FALSE,2013 Bentley Continental GT Speed,Bentley Cont '13,,2013,Bentley,Continental GT Speed,,,,,Rare,,,"242,000",Factory,GT Cars,774,A,8.0,6.7,6.3,7.8,9.5,,617,590,5115,8.29,58,5998,TT,W,12,F,AWD,,275,Both,Preset / Adjustable,none,none,no,Europe,U.K.,,,2,L,4,,HH,4.000,9.000,11.633,206.7,180.0,388.8,0.91,0.92,5.000,12098,,,30-May-14,FH4,FM5,,,FH4,FM7,FH3,FM6,FH2,DLC,,,,,,6,XBO,0
FALSE,2013 Bentley Continental GT Speed Forza Edition,Bentley Cont FE,,2013,Bentley,Continental GT Speed Forza Edition,Exclusive,,,,FE,Clean Skills,,"492,000",Upgraded,Track Toys,835,S1,8.0,8.1,7.9,7.9,9.5,,617,590,5115,8.29,58,5998,TT,W,12,F,AWD,,325,no,Preset / Adjustable,none,none,,Europe,U.K.,,,2,L,4,,HH,4.000,9.000,,206.1,180.0,390.0,1.33,1.38,5.000,12959,,,28-Sep-18,FH4,FH4,,,FE,,,,,,,,,,,1,XBO,0
FALSE,2012 Bentley Continental GT,,,2012,Bentley,Continental GT,,,,,,,,,Factory,Sports,522,A,,,,,,,567,516,5115,9.02,,5998,TT,W,12,F,AWD,,,,,,,,Europe,U.K.,,,2,R,4,,,,,,,,,,,,11956,,,23-Oct-12,FH1,FH1,,,,,,,,,FH1,,,,,1,360,0
FALSE,2011 Bentley Platinum Motorsports Continental GT,,,2011,Bentley,Platinum Motorsports Continental GT,,,,,,,,,Tuner,Sports,545,A,,,,,,,702,609,5470,7.79,,,,,12,F,AWD,,,,,,,,Europe,U.K.,,,2,L,4,,,3.629,,,209.9,,,,,,11860,,,07-Feb-12,FM4,FM4,,,,,,,,,,DLC,,,,1,360,0
FALSE,2010 Bentley Continental Supersports,,,2010,Bentley,Continental Supersports,,,,,,,,,Factory,Sports,567,A,,,,,,,621,590,4940,7.95,,,,,12,F,AWD,,,,,,,,Europe,U.K.,,,2,L,4,,,3.700,,,219.4,,,,,,11619,,,09-Apr-10,FM4,FM3,,,,,,,,,,FM4,DLC,,,2,360,0
FALSE,2004 Bentley Continental GT,,,2004,Bentley,Continental GT,,,,,,,,,Factory,Sports,501,A,,,,,,,552,479,5350,9.69,,,,,12,F,AWD,,,,,,,,Europe,U.K.,,,2,R,4,,,4.040,,,191.8,,,,,,11021,,,03-May-05,FM4,FM1,,,,,,,,,,FM4,FM3,FM2,FM1,4,360,0
FALSE,2003 Bentley #7 Team Bentley Speed 8,Bentley #7 Spd 8,498,2003,Bentley,#7 Team Bentley Speed 8,Buy Cars Base,,,,,,,"357,000",Race,Early LMP,941,P,6.1,9.4,9.6,7.9,,,615,589,2168,3.53,45,4000,TT,V,8,M,RWD,290,310,,Adjustable,none,none,no,Europe,U.K.,,,2,R,4,,,3.600,5.900,10.500,200.8,79.4,191.2,1.61,2.21,2.300,11020,05-Oct-23,,03-May-05,FM,FM1,FM,,,,,FM6,,,,FM4,FM3,FM2,FM1,6,XBO,1
FALSE,1991 Bentley Turbo R,Bentley Turbo R,3172,1991,Bentley,Turbo R,Seasonal,Series 12 cu,,,Rare,,,"250,000",Factory,Retro Saloons,543,C,5.4,3.1,4.6,3.1,1.4,5.8,328,487,5313,16.20,51,6750,T,V,8,F,RWD,,235,Both,Forza,"475d, 510, 602, 805, 700V, 800, 1750, 700W",TT,stock,Europe,U.K.,,,4,L,4,,HH,6.670,19.350,,148.2,154.9,382.9,0.82,0.81,12.680,13153,,15-Sep-22,26-Aug-20,FH5,FH4,,cu,cu,,,,,,,,,,,2,XBO,0
FALSE,1930 Bentley 8 Litre,Bentley 8 Litre,1372,1930,Bentley,8 Litre,"Autoshow, WS",,,,Legendary,,,"1,500,000",Factory,Rare Classics,181,D,3.7,1.8,3.5,2.4,1.8,5.7,220,383,5600,25.45,59,7983,NA,Inline,6,F,RWD,,175,Rear,Forza,"321, 510, 602, 805, 700V, 800",PDS,stock,Europe,U.K.,,,4,R,4,,Heavy,16.046,50.017,,103.1,196.4,478.3,0.63,0.62,33.971,12957,,05-Nov-21,28-Sep-18,FH5,FH4,,FH5,FH4,,,,,,,,,,,2,XBO,0
FALSE,1930 Bentley Blower 4-1/2 Litre Supercharged,4-1/2 Liter '31,2976,1930,Bentley,Blower 4-1/2 Litre Supercharged,"Autoshow, WS",,,,Legendary,,,"4,000,000",Factory,Vintage Racers,207,D,3.7,1.9,3.3,2.1,2.3,5.8,175,310,4395,25.11,56,4398,PDS,Inline,4,F,RWD,,?,no,hood straps,"321, 510, 602, 805, 700",TT,eng,Europe,U.K.,,Yes,2,R,4,,"BRG, ?HR",10.417,39.032,,103.7,188.0,461.7,0.64,0.64,28.615,12958,,05-Nov-21,28-Sep-18,FH5,FH4,,FH5,Castle,,,,,,,,,,,2,XBO,0
FALSE,2010 Bertone Mantide,,,2010,Bertone,Mantide,,,,,,,,,Factory,Super,645,S,,,,,,,638,604,3149,4.94,52,6200,,V,8,F,RWD,,335,,,,,,Europe,Italy,,,2,L,4,,,3.187,7.300,,231.4,,,,,4.113,11639,,,08-Jun-10,FM4,FM3,,,,,,,,,,FM4,DLC,,,2,360,0
FALSE,2023 BMW #25 BMW Team RLL M Hybrid V8,#25 M Hybrid '23,3913,2023,BMW,#25 BMW Team RLL M Hybrid V8,Buy Cars Base,FM Update 16,,,,,,"364,000",Race,Forza Proto-H,954,P,7.0,9.7,9.8,8.0,,,670,479,2436,3.64,41,4000,NA,V,8,M,RWD,/R18,/R18,,Adjustable,none,none,,Europe,Germany,,,2,L,4,,,2.600,5.200,9.833,212.2,76.3,180.9,1.62,2.25,2.600,,08-Jan-25,,08-Jan-25,FM,FM,S,,,,,,,,,,,,,1,XBO,1
FALSE,2023 BMW #96 Turner Motorsports M4 GT3,#96 BMW M4 GT3,3919,2023,BMW,#96 Turner Motorsports M4 GT3,Reward,FM Update 16,CC Invitational Early BMW,,,,,"313,000",Race,Forza GT3,838,R,5.3,6.6,6.8,6.6,,,590,516,2970,5.03,48,3000,TT,Inline,6,F,RWD,300/R18,310/R18,,Adjustable,none,none,,Europe,Germany,,,2,L,4,,,2.916,6.217,10.683,190.2,84.6,209.4,1.45,1.70,3.301,,29-Jan-25,,29-Jan-25,FM,FM,R,,,,,,,,,,,,,1,XBO,1
FALSE,2023 BMW M2,BMW M2 '23,3763,2023,BMW,M2,Buy Cars Base,FM Update 5,,,,,21-Feb-2024,"102,000",Factory,Modern Sport Coupe,599,B,5.0,3.3,3.0,4.1,,,453,405,3748,8.27,50,3000,TT,Inline,6,F,RWD,/R19,285/R20,,Forza,"375, 460, 603, 630, 690, 788",none,,Europe,Germany,,,2,L,4,,,4.200,10.300,11.900,186.2,104.0,263.7,1.15,1.14,6.100,13389,14-Feb-24,28-Sep-23,28-Sep-23,FM,FH5,S,cu,,,,,,,,,,,,2,XBO,1
FALSE,2022 BMW i4 eDrive40,BMW i4 '22,3734,2022,BMW,i4 eDrive40,Seasonal,Series 25 cu,,,,,,,Factory,Super Saloons,,,,,,,,,,,,,,,,,,,,,,,,,,,Europe,Germany,,,4,L,4,,,,,,,,,,,,13390,,05-Oct-23,05-Oct-23,FH5,FH5,,cu,,,,,,,,,,,,1,XBO,0
FALSE,2022 BMW iX xDrive50,BMW iX '22,3737,2022,BMW,iX xDrive50,Seasonal,Series 25 cu,,,,,,,Factory,Sports Utility Heroes,,,,,,,,,,,,,,,,,,,,,,,,,,,Europe,Germany,,,5,L,4,,,,,,,,,,,,13388,,21-Sep-23,21-Sep-23,FH5,FH5,,cu,,,,,,,,,,,,1,XBO,0
FALSE,2022 BMW M5 CS,BMW M5 '22,3764,2022,BMW,M5 CS,Seasonal,,,,,,,,Factory,Super Saloons,,,,,,,,,,,,,,,,,,,,,,,,,,,Europe,Germany,,,,,,,,,,,,,,,,,,,,,FH5,FH5,,cu,,,,,,,,,,,,1,XBO,0
FALSE,2021 BMW M3 Competition Sedan,BMW M3 '21,3644,2021,BMW,M3 Competition Sedan,Buy Cars Base,,,,,,,"117,000",Factory,Modern Sport Touring,642,A,5.7,3.1,2.9,4.7,,,503,479,3814,7.58,53,3000,TT,Inline,6,F,RWD,,,,Sport,"562, 565, 603, 630, 690, 788",none,,Europe,Germany,BMW M3,,4,L,4,,,3.500,7.600,11.600,197.0,110.3,272.0,1.14,1.13,4.100,13386,05-Oct-23,14-Sep-23,14-Sep-23,FM,FH5,FM,cu,,,,,,,,,,,,2,XBO,1
FALSE,2021 BMW M4 Competition Coupé,BMW M4 '21,3645,2021,BMW,M4 Competition Coupé,Buy Cars Base,,FM Welcome Pack,,Rare,,,"117,000",Factory,Modern Sport Touring,641,A,5.7,3.1,2.9,4.7,,,503,479,3803,7.56,53,2993,TT,Inline,6,F,RWD,275/R19,285/R20,Both,S/S/R,"562, 565, 603, 630, 690, 788",none,eng,Europe,Germany,BMW M4,,2,L,4,,,3.700,8.000,11.800,196.4,108.9,270.8,1.14,1.13,4.300,13295,05-Oct-23,25-Aug-22,25-Aug-22,FM,FH5,FM,cu,,,,,,,,,,,,2,XBO,1
FALSE,2020 BMW M2 Competition Coupé,BMW M2 '20,3434,2020,BMW,M2 Competition Coupé,Buy Cars DLC,FM Car Pass,Gift w/DLC,,,,,"104,000",Factory,Modern Sport Coupe,588,B,4.7,2.8,2.6,4.5,,,405,405,3655,9.02,52,3000,TT,Inline,6,F,RWD,245/R19,265/R19,,Forza,"375, 460, 603, 630, 690, 788",none,,Europe,Germany,,,2,L,4,,,4.000,9.100,12.400,181.9,112.8,293.8,1.11,1.09,5.100,13431,26-Oct-23,,26-Oct-23,FM,FM,DLC,,,,,,,,,,,,,1,XBO,1
FALSE,2020 BMW M8 Competition Coupé,BMW M8 '20,3518,2020,BMW,M8 Competition Coupé,Buy Cars Base,,,,Rare,,,"210,000",Factory,Sport Luxury,720,S,6.9,3.4,2.9,5.8,,,617,553,4156,6.74,53,4400,TT,V,8,F,AWD,275/R20,285/R20,Both,Sport,"565, 640, 788",none,eng,Europe,Germany,BMW M8,,2,L,4,,,2.515,6.300,10.700,211.9,107.0,264.5,1.15,1.13,3.785,13295,05-Oct-23,26-May-22,26-May-22,FM,FH5,FM,DLC,,,,,,,,,,,,2,XBO,1
FALSE,2019 BMW Z4 Roadster,BMW Z4 '19,3173,2019,BMW,Z4 Roadster,Buy Cars Base,,,,Common,,,"109,000",Factory,Modern Sport Coupe,608,A,4.9,3.0,3.1,4.3,,,382,369,3384,8.86,50,2998,T,Inline,6,F,RWD,,275,Both,Aftermarket,"375, 394I, 415, 603, 630, 690, 788",none,eng,Europe,Germany,BMW Z,Yes,2,L,4,,,4.385,9.884,,182.6,132.6,327.1,0.99,1.02,5.499,13082,05-Oct-23,05-Nov-21,04-Apr-19,FM,FH4,FM,FH5,cu,,,,,,,,,,,3,XBO,1
FALSE,2018 BMW #1 BMW M Motorsport M8 GTE,BMW #1 M8,3073,2018,BMW,#1 BMW M Motorsport M8 GTE,Buy Cars Base,,,,,,,"313,000",Race,Forza GT2,838,R,5.1,6.6,6.9,6.5,,,600,500,2838,4.73,50,4000,TT,V,8,F,RWD,300/R18,310/R18,,Adjustable,none,none,,Europe,Germany,BMW M8,,2,L,4,,,3.083,6.100,10.733,188.3,84.0,207.5,1.46,1.71,3.017,13044,05-Oct-23,,08-Dec-18,FM,FM7,FM,DLC,,cu,,,,,,,,,,3,XBO,1
FALSE,2018 BMW i8 Roadster,BMW I8 Roadster,,2018,BMW,i8 Roadster,,,,,Epic,,,"150,000",Factory,Modern Super Cars,776,A,7.6,6.4,6.4,8.5,10.0,,357,420,3671,10.28,49,1500,T,Inline,3,M,AWD,,245,Both,Forza,"414, 475, 500",none,eng,Europe,Germany,,Yes,2,L,4,,,4.400,10.400,,196.0,150.4,372.1,0.91,0.94,6.000,13024,,,18-Oct-18,FH4,FH4,,,DLC,,,,,,,,,,,1,XBO,0
FALSE,2018 BMW M5,BMW M5 '18,3071,2018,BMW,M5,Buy Cars Base,,,,Rare,,,"179,000",Factory,Sport Luxury,711,S,6.5,3.3,2.8,5.8,,,600,553,4370,7.28,55,4395,TT,V,8,F,AWD,,285,Both,"WB, Aftermarket","562, 565, 630, 788",none,eng,Europe,Germany,BMW M5,,5,L,4,,,2.800,6.600,,207.8,102.9,252.9,0.95,0.98,3.800,13045,05-Oct-23,05-Nov-21,13-Dec-18,FM,FH4,FM,FH5,DLC,,,,,,,,,,,3,XBO,1
FALSE,2017 BMW #24 BMW Team RLL M6 GTLM,BMW #24 M6,2824,2017,BMW,#24 BMW Team RLL M6 GTLM,Buy Cars Base,,,,,,,"305,000",Race,Forza GT2,813,R,4.5,6.6,6.8,6.1,,,500,454,2853,5.71,50,4400,TT,V,8,F,RWD,300/R18,310/R18,,Adjustable,none,none,no,Europe,Germany,BMW M6,,2,L,4,,,3.800,7.400,11.050,180.4,84.8,212.9,1.46,1.71,3.600,12859,05-Oct-23,,16-Jan-18,FM,FM7,FM,,,DLC,,,,,,,,,,2,XBO,1
FALSE,2016 BMW M2 Coupé,BMW M2,2477,2016,BMW,M2 Coupé,"Autoshow, WS",,,,Common,,,"69,000",Factory,Super Saloons,718,A,6.5,4.6,5.7,5.2,5.5,4.8,365,369,3450,9.45,51,2979,T,Inline,6,F,RWD,,265,Both,Street,"414, 510, 500, 805",none,eng,Europe,Germany,,,2,L,4,,AvM,4.186,9.984,12.700,178.1,132.8,321.6,0.95,0.99,5.798,12625,,05-Nov-21,04-Oct-16,FH5,FH3,,FH5,FH4,FM7,DLC,,,,,,,,,4,XBO,0
FALSE,2016 BMW M4 GTS,BMW M4 '16,2628,2016,BMW,M4 GTS,Buy Cars Base,,,,Epic,,,"134,000",Factory,Modern Sport Touring,701,S,5.6,4.2,3.9,5.0,,,493,442,3329,6.75,51,2979,TT,Inline,6,F,RWD,,285,Both,Safety Lights,"562, 565, 603, 630, 690, 788",none,eng,Europe,Germany,BMW M4,,2,L,4,,AvM,3.682,7.955,11.933,197.0,93.2,225.1,1.12,1.20,4.273,12632,05-Oct-23,05-Nov-21,01-Nov-16,FM,FH3,FM,FH5,FH4,FM7,DLC,,,,,,,,,5,XBO,1
FALSE,2015 BMW i8,BMW i8 '15,2133,2015,BMW,i8,Buy Cars Base,,,,Rare,,,"118,000",Factory,Sport Luxury,644,A,5.6,2.7,2.9,4.5,,,357,420,3380,9.47,49,1499,T,Inline,3,M,AWD,,245,Both,Aftermarket,none,none,eng,Europe,Germany,,,2,L,4,,,3.617,9.000,12.100,198.3,120.4,311.1,0.97,1.01,5.383,12650,05-Oct-23,05-Nov-21,03-Jan-17,FM,FH3,FM,FH5,FH4,FM7,DLC,,,,,,,,,5,XBO,1
FALSE,2015 BMW X6 M,BMW X6 M,2431,2015,BMW,X6 M,"WS, Seasonal",,,,Epic,,,"130,000",Factory,Sports Utility Heroes,687,B,6.5,4.1,4.9,6.0,6.6,5.8,567,553,5185,9.14,52,4395,TT,V,8,F,AWD,,325,Both,Forza,"475d, 602, 805, 700",none,eng,Europe,Germany,,,5,L,4,,"AvM, Heavy, DD",4.000,9.800,11.967,179.1,126.6,315.8,0.92,0.91,5.800,12452,,05-Nov-21,03-May-16,FH5,FM6,,FH5,FH4,FM7,FH3,DLC,,,,,,,,5,XBO,0
FALSE,2014 BMW #5 Ebay Motors 125i M Sport,#5 BMW 125.i,,2014,BMW,#5 Ebay Motors 125i M Sport,,,,,,,,,Race,Forza Touring Cars,742,S,6.0,6.5,6.6,8.4,,,355,317,2425,6.83,50,,T,Inline,4,F,RWD,,,,,,,no,Europe,Germany,,,3,L,4,,,4.000,9.600,12.133,160.1,130.0,294.5,1.37,1.52,5.600,12316,,,15-Sep-15,FM7,FM6,,,,FM7,,FM6,,,,,,,,2,XBO,0
FALSE,2014 BMW #55 BMW Team RLL Z4 GTE,#55 BMW Z4 GTE,,2014,BMW,#55 BMW Team RLL Z4 GTE,,,,,,,,,Race,Forza GT,814,R,6.4,7.1,7.3,8.7,,,480,354,2712,5.65,50,4400,NA,V,8,F,RWD,,,,,,,stock,Europe,Germany,,,2,L,4,,AvM,3.300,7.000,11.450,174.4,107.9,248.7,1.49,1.70,3.700,12317,,,15-Sep-15,FM7,FM6,,,,FM7,DLC,FM6,,,,,,,,3,XBO,0
FALSE,2014 BMW #56 BMW Team RLL Z4 GTE,#56 BMW Z4 GTE,,2014,BMW,#56 BMW Team RLL Z4 GTE,,,,,,,,,Livery,Forza GT,814,R,6.4,7.1,7.3,8.7,,,480,354,2712,5.65,50,,NA,V,8,F,RWD,,,,,,,stock,Europe,Germany,,,2,L,4,,,3.300,7.000,11.450,174.4,107.9,248.7,1.49,1.70,3.700,12318,,,15-Sep-15,FM7,FM6,,,,FM7,,FM6,,,,,,,,2,XBO,0
FALSE,2014 BMW M235i,BMW M235i '14,,2014,BMW,M235i,,,,,,,,,Factory,Super Saloons,700,B,6.6,7.0,6.4,7.5,7.8,,322,332,3208,9.96,52,2979,T,Inline,6,F,RWD,,,,,,,eng,Europe,Germany,,,2,L,4,,AvM,4.816,12.300,,177.3,156.9,381.0,0.87,0.89,7.484,12203,,,03-Feb-15,FH3,FH2,,,,,FH3,FM6,DLC,,,,,,,3,XBO,0
FALSE,2014 BMW M4 Coupé,BMW M4 '14,2154,2014,BMW,M4 Coupé,Buy Cars Base,FM Update 16,,,Rare,,29-Jan-2025,"111,000",Factory,Modern Sport Touring,615,A,5.1,3.3,2.9,4.5,5.6,4.7,425,406,3389,7.97,52,2979,TT,Inline,6,F,RWD,255/R19,275/R19,Both,WB LB,"562, 565,603, 630, 690, 788",none,eng,Europe,Germany,,,2,L,4,,AvM,3.700,8.500,12.000,187.6,107.7,268.4,1.14,1.13,4.800,12187,22-Jan-25,05-Nov-21,04-Nov-14,FM,FH2,S,FH5,FH4,FM7,FH3,FM6,DLC,,,,,,,7,XBO,1
FALSE,2014 BMW M4 Coupe Forza Edition,BMW M4 '14 FE,,2014,BMW,M4 Coupe Forza Edition,DLC store,,,,,,,,Upgraded,Sport Touring,672,A,7.0,5.7,5.8,8.0,,,478,450,3060,6.40,52,,TT,Inline,6,F,RWD,,,,,,,eng,Europe,Germany,,,2,L,4,,,3.900,10.000,12.433,186.7,129.5,324.5,1.25,1.28,6.100,12754,,,29-Sep-17,FM7,FM7,,,,FE,,,,,,,,,,1,XBO,0
FALSE,2014 BMW M4 Coupe Horizon Edition,,,2014,BMW,M4 Coupe Horizon Edition,,,,,,,,,Upgraded,Super Saloons,826,S1,7.4,9.1,7.4,8.3,8.2,,431,405,3389,7.86,52,2979,TT,V,8,F,RWD,,S1,,,,,eng,Europe,Germany,,,2,L,4,,AvM,,,,,,,,,.000,12559,,,23-Sep-16,FH3,FH3,,,,,HE,,,,,,,,,1,XBO,0
FALSE,2014 BMW Team Forza M4 Coupe,,,2014,BMW,Team Forza M4 Coupe,DLC promo,,,,,,,,Livery,Ultimate Sport Machines,,,6.7,5.6,5.6,8.0,,,441,415,3152,7.15,51,,TT,Inline,6,F,RWD,,,,,,,,Europe,Germany,,,2,L,4,,,,,,,,,,,.000,12302,,,10-Sep-15,FM6,FM6,,,,,,DLC,,,,,,,,1,XBO,0
FALSE,2013 BMW M Performance M3 Racing,,,2013,BMW,M Performance M3 Racing,,,,,,,,,Race,German Touring Cars,,,,,,,,,480,368,2238,4.66,,,NA,V,8,F,RWD,,,,,,,,Europe,Germany,,,2,L,4,,,2.900,,,185.8,,,,,,12096,,,06-May-14,FM5,FM5,,,,,,,,DLC,,,,,,1,XBO,0
FALSE,2013 BMW M135i,,,2013,BMW,M135i,,,,,,,,,Factory,Hatch,484,B,,,,,,,315,330,3336,10.59,,,,Inline,6,F,RWD,,,,,,,,Europe,Germany,,,3,L,4,,,,,,,,,,,,12006,,,05-Mar-13,FH1,FH1,,,,,,,,,DLC,,,,,1,360,0
FALSE,2013 BMW M6 Coupé,BMW M6 '13,2018,2013,BMW,M6 Coupé,Buy Cars Base,,,,Rare,,,"120,000",Factory,Sport Luxury,651,A,6.6,3.2,2.7,4.9,,,560,500,4255,7.60,53,4395,TT,V,8,F,RWD,,295,Both,Forza,"630, 788",none,eng,Europe,Germany,BMW M6,,2,L,4,,AvM,4.113,8.500,12.200,203.7,110.5,264.5,0.95,0.98,4.387,11957,05-Oct-23,05-Nov-21,23-Oct-12,FM,FH1,FM,FH5,FH4,FM7,FH3,FM6,DLC,DLC,FH1,,,,,9,XBO,1
FALSE,2013 BMW M6 Coupe Forza Edition,BMW M6 '13 FE,,2013,BMW,M6 Coupe Forza Edition,Exclusive,,,,FE,Drift Skills,,"370,000",Upgraded,GT Cars,780,A,7.9,6.8,6.3,6.3,7.9,,560,500,4255,7.60,53,4395,TT,V,8,F,RWD,,295,no,Preset Forza,"602, 700",,eng,Europe,Germany,,,2,L,4,,AvM,,,,,,,,,.000,12961,,,28-Sep-18,FH4,FH4,,,FE,,,,,,,,,,,1,XBO,0
FALSE,2012 BMW M5,BMW M5 '12,1388,2012,BMW,M5,Buy Cars Base,,,,Rare,,,"114,000",Factory,Modern Sport Touring,626,A,6.2,2.8,2.8,4.7,,,552,501,4123,7.47,52,4395,TT,V,8,F,RWD,,295,Both,Forza,"562, 565, 630, 788",none,eng,Europe,Germany,BMW M5,,5,L,4,,AvM,4.100,9.500,12.533,202.0,126.7,309.6,0.97,1.00,5.400,11704,05-Oct-23,05-Nov-21,13-Oct-11,FM,FM4,FM,FH5,FH4,FM7,FH3,FM6,FH2,FM5,FH1,cu,,,,10,XBO,1
FALSE,2012 BMW M5 F10 Design Challenge,,,2012,BMW,M5 F10 Design Challenge,DLC promo,FM4 BMW,,,,,,,Livery,Sedan,532,A,,,,,,,552,501,4123,7.47,,,,,8,F,RWD,,,,,,,,Europe,Germany,,,5,L,4,,,4.087,,,195.9,,,,,,11705,,,13-Oct-11,FM4,FM4,,,,,,,,,,DLC,,,,1,360,0
FALSE,2012 BMW Team Forza M5,BMW M5 TF,,2012,BMW,Team Forza M5,DLC promo,,,,,,,,Upgraded,Executive Heavyweights,,,7.3,5.2,5.2,8.1,,,552,501,4123,7.47,52,,TT,V,8,F,RWD,,,,,,,eng,Europe,Germany,M5,,5,L,4,,,4.100,9.500,,194.9,118.8,297.0,1.15,1.20,5.400,12156,,,30-Sep-14,FM6,FH2,,,,,,DLC,DLC,,,,,,,2,XBO,0
FALSE,2012 BMW Z4 sDrive28i,,,2012,BMW,Z4 sDrive28i,,,,,,,,,Factory,Open Top,414,B,,,,,,,245,258,3285,13.41,,1997,T,Inline,4,F,RWD,,,,,,,,Europe,Germany,,Yes,2,L,4,,,,,,,,,,,,11958,,,23-Oct-12,FH1,FH1,,,,,,,,,FH1,,,,,1,360,0
FALSE,2011 BMW 1 Series M Coupé,BMW 1M,1385,2011,BMW,1 Series M Coupé,Reward,FM Update 8,Featured Track Toys Tour Challenge Hub,,Rare,,,"88,000",Factory,Modern Sport Coupe,527,B,4.4,2.6,2.6,3.5,5.4,4.8,335,332,3296,9.84,52,2979,TT,Inline,6,F,RWD,245/R19,265/R19,Both,Forza,"375, 460, 603, 630, 690, 788",T,eng,Europe,Germany,,,2,L,4,,AvM,4.500,10.900,13.000,177.5,111.5,280.4,1.13,1.09,6.400,11742,12-Jun-24,05-Nov-21,14-Oct-11,FM,FM4,R,FH5,FH4,FM7,FH3,FM6,FH2,FM5,FH1,DLC,,,,10,XBO,1
FALSE,2011 BMW X5 M,BMW X5 M,1350,2011,BMW,X5 M,"Autoshow, WS",,,,Common,,,"100,000",Factory,Sports Utility Heroes,666,B,6.4,3.7,4.8,5.9,6.6,6.3,547,501,5368,9.81,51,4395,TT,V,8,F,AWD,,315,Both,Preset / Offroad,"475d, 602, 805, 700",none,eng,Europe,Germany,,,5,L,4,,"AvM, Heavy",4.016,10.000,12.533,175.8,134.7,341.5,0.89,0.89,5.984,11747,,05-Nov-21,14-Oct-11,FH5,FM4,,FH5,FH4,FM7,FH3,FM6,FH2,FM5,,FM4,,,,8,XBO,0
FALSE,2011 BMW X5 M Forza Edition,BMW X5M FE,3556,2011,BMW,X5 M Forza Edition,DLC Autoshow,FH5 VIP,Gift w/DLC,,FE,Event XP,,"500,000",Upgraded,Extreme Track Toys,998,S2,8.0,9.4,10.0,10.0,10.0,4.4,552,501,4123,7.47,52,4395,TT,V,8,F,RWD,,295,Both,Forza,none,TT,eng,Europe,Germany,M5,,5,L,4,,AvM,4.000,10.000,,221.8,71.8,171.9,1.80,2.21,6.000,13212,,05-Nov-21,05-Nov-21,FH5,FH5,,DLC,,,,,,,,,,,,1,XBO,0
FALSE,2011 BMW X5 M Traffic,,,2011,BMW,X5 M Traffic,Horizon Promo,,,,,,,,Traffic,,,,,,,,,,,,,,,,,,,,,,,,,,,,,,,,,,,,,,,,,,,,,,13202,,,04-Nov-21,FH5,FH5,,HP,,,,,,,,,,,,1,XBO,0
FALSE,2011 BMW Z4 sDrive35is,BMW Z4 '11,,2011,BMW,Z4 sDrive35is,,,,,Rare,,,"55,000",Factory,Modern Sports Cars,727,A,7.2,5.7,6.2,6.5,8.2,,335,369,3362,10.04,49,2979,TT,Inline,6,F,RWD,,255,Both,Forza,414,none,eng,Europe,Germany,,,2,L,4,,,4.700,11.600,13.150,180.7,171.3,416.9,0.89,0.91,6.900,11612,,,08-Mar-10,FH4,FM3,,,FH4,FM7,FH3,FM6,FH2,FM5,,FM4,DLC,,,8,XBO,0
FALSE,2010 BMW #79 Jeff Koons M3 GT2 Art Car,,,2010,BMW,#79 Jeff Koons M3 GT2 Art Car,,,,,,,,,Livery,GT2,756,R3,,,,,,,491,372,2701,5.50,,,,,8,F,RWD,,,,,,,,Europe,Germany,,,2,L,4,,,3.400,,,180.4,,,,,-3.400,11741,,,14-Oct-11,FM4,FM4,,,,,,,,,,FM4,,,,1,360,0
FALSE,2010 BMW M3 GTS,BMW M3 '10,1598,2010,BMW,M3 GTS,Buy Cars Base,,,,Epic,,,"121,000",Factory,Modern Sport Touring,657,A,5.4,3.8,3.7,4.6,,,444,324,3373,7.60,52,4361,NA,V,8,F,RWD,,285,Both,Forza,"562, 565, 603, 630, 690, 788","TT, PDS",stock,Europe,Germany,BMW M3,,2,L,4,,,4.070,8.868,,199.1,116.1,275.2,1.11,1.20,4.798,11990,05-Oct-23,08-Sep-22,06-Nov-12,FM,FH1,FM,cu,cu,,,,,,DLC,,,,,4,XBO,1
FALSE,2010 BMW M6 Coupé,BMW M6 '10,1217,2010,BMW,M6 Coupé,Buy Cars Base,FM Update 16,,,,,,"106,000",Factory,Sport Luxury,594,B,6.0,2.8,2.7,4.4,,,500,383,3909,7.82,54,5000,NA,V,10,F,RWD,255/R19,285/R19,,Forza,"562, 565, 603, 788","TT, CS",stock,Europe,Germany,,,2,L,4,,,4.100,8.900,12.400,199.1,109.9,275.0,1.12,1.11,4.800,11602,08-Jan-25,,12-Jan-10,FM,FM3,S,,,FM7,,,,,,FM4,DLC,,,4,XBO,1
FALSE,2010 BMW M6 Coupe Design Challenge,,,2010,BMW,M6 Coupe Design Challenge,DLC promo,FM4 BMW,,,,,,,Livery,Sports,509,A,,,,,,,500,383,4098,8.20,,,,,10,F,RWD,,,,,,,,Europe,Germany,,,2,L,4,,,4.100,,,193.6,,,,,,11706,,,13-Oct-11,FM4,FM4,,,,,,,,,,DLC,,,,1,360,0
FALSE,2010 BMW X6 M,,,2010,BMW,X6 M,,,,,,,,,Factory,SUV,506,A,,,,,,,547,501,5324,9.73,,,,,8,F,AWD,,,,,,,,Europe,Germany,,,5,L,4,,,4.300,,,181.2,,,,,-4.300,11640,,,08-Jun-10,FM4,FM3,,,,,,,,,,FM4,DLC,,,2,360,0
FALSE,2010 BMW Z4 GT3,,,2010,BMW,Z4 GT3,,,,,,,,,Race,GT3,721,R3,,,,,,,530,393,2646,4.99,,,,,8,F,RWD,,,,,,,,Europe,Germany,,,2,L,4,,,3.800,,,166.1,,,,,-3.800,11749,,,14-Oct-11,FM4,FM4,,,,,,,,,,FM4,,,,1,360,0
FALSE,2009 BMW #92 Rahal Letterman Racing M3 GT2,#92 BMW M3 GT2,,2009,BMW,#92 Rahal Letterman Racing M3 GT2,,,,,,,,,Race,Forza GT,827,R,6.7,6.9,7.0,8.9,,,491,372,2701,5.50,50,,NA,V,8,F,RWD,,,,,,,stock,Europe,Germany,M3,,2,L,4,,,3.417,7.352,11.440,180.4,115.4,269.5,1.44,1.66,3.935,11473,,,27-Oct-09,FM7,FM3,,,,FM7,,FM6,,FM5,,FM4,FM3,,,5,XBO,0
FALSE,2009 BMW 135i Coupe,,,2009,BMW,135i Coupe,,,,,,,,,Factory,Sports,454,B,,,,,,,300,300,3373,11.24,,,,,6,F,RWD,,,,,,,,Europe,Germany,,,2,L,4,,,4.800,,,170.4,,,,,-4.800,11474,,,27-Oct-09,FM4,FM3,,,,,,,,,,FM4,FM3,,,2,360,0
FALSE,2009 BMW GAME M3 E92,,,2009,BMW,GAME M3 E92,DLC promo,,,,,,,,Livery,,,,,,,,,,,,,,,,,,,,,,,,,,,,Europe,Germany,,,2,L,4,,,,,,,,,,,,11475,,,27-Oct-09,FM3,FM3,,,,,,,,,,,DLC,,,1,360,0
FALSE,2009 BMW Gamestop M5 E60,,,2009,BMW,Gamestop M5 E60,DLC promo,,,,,,,,Livery,,,,,,,,,,,,,,,,,,,,,,,,,,,,Europe,Germany,,,5,L,4,,,,,,,,,,,,11476,,,27-Oct-09,FM3,FM3,,,,,,,,,,,DLC,,,1,360,0
FALSE,2009 BMW M5,BMW M5 '09,1126,2009,BMW,M5,Buy Cars Base,FM Update 16,,,Rare,,,"100,000",Factory,Modern Sport Touring,719,A,7.1,4.4,5.9,5.1,4.9,4.9,500,383,4012,8.02,52,4999,NA,V,10,F,RWD,255/R19,285/R19,Both,Forza,"562, 565, 603, 788","TT, CS",stock,Europe,Germany,M5,,4,L,4,,AvM,4.100,9.500,12.400,198.0,111.5,272.2,1.10,1.09,5.400,11478,08-Jan-25,05-Nov-21,27-Oct-09,FM,FM3,S,FH5,FH4,FM7,,,,,,FM4,FM3,,,6,XBO,1
FALSE,2009 BMW Micromania M5 E60,,,2009,BMW,Micromania M5 E60,DLC promo,,,,,,,,Livery,,,,,,,,,,,,,,,,,,,,,,,,,,,,Europe,Germany,,,5,L,4,,,,,,,,,,,,11479,,,27-Oct-09,FM3,FM3,,,,,,,,,,,DLC,,,1,360,0
FALSE,2009 BMW Walmart M5 E60,,,2009,BMW,Walmart M5 E60,DLC promo,,,,,,,,Livery,,,,,,,,,,,,,,,,,,,,,,,,,,,,Europe,Germany,,,5,L,4,,,,,,,,,,,,11480,,,27-Oct-09,FM3,FM3,,,,,,,,,,,DLC,,,1,360,0
FALSE,2009 BMW X5 xDrive48i,,,2009,BMW,X5 xDrive48i,,,,,,,,,Factory,SUV,184,F,5.4,4.2,4.2,3.7,4.9,,350,350,5335,15.24,,,,,,F,AWD,,,,,,,,Europe,Germany,,,5,L,4,,,,,,,,,,,.000,11481,,,27-Oct-09,FM3,FM3,,,,,,,,,,,FM3,,,1,360,0
FALSE,2008 BMW M3,BMW M3 '08,1011,2008,BMW,M3,Buy Cars Base,FM Update 16,,,Common,,,"96,000",Factory,Modern Sport Touring,545,B,5.1,2.7,2.7,3.5,5.3,4.5,414,295,3483,8.41,52,3999,NA,V,8,F,RWD,,265,Both,WBx2,"562, 565, 603, 630, 690, 788",TT,stock,Europe,Germany,M3,,2,L,4,,"AvM, DD",4.086,9.384,12.484,186.2,135.9,326.6,0.95,0.98,5.298,11406,08-Jan-25,05-Nov-21,18-Mar-08,FM,FM2,S,FH5,FH4,FM7,FH3,FM6,FH2,FM5,FH1,FM4,FM3,DLC,,12,XBO,1
FALSE,2008 BMW M3 Design Challenge,,,2008,BMW,M3 Design Challenge,DLC promo,FM4 BMW,,,,,,,Livery,Sports,508,A,,,,,,,414,295,3649,8.81,,,,,8,F,RWD,,,,,,,,Europe,Germany,,,2,L,4,,,4.100,,,189.3,,,,,,11703,,,13-Oct-11,FM4,FM4,,,,,,,,,,DLC,,,,1,360,0
FALSE,2008 BMW Z4 M Coupe,BMW Z4 '08,1059,2008,BMW,Z4 M Coupe,"Autoshow, WS",,,,Rare,,,"82,000",Factory,Modern Sports Cars,694,B,6.4,4.3,5.8,5.4,4.9,5.2,330,262,3296,9.99,50,3246,NA,Inline,6,F,RWD,,255,Both,Forza,"414, 510, 805","T, PDS",stock,Europe,Germany,,,2,L,4,,,4.900,12.183,13.400,175.7,134.2,326.6,0.96,0.99,7.283,11482,,05-Nov-21,27-Oct-09,FH5,FM3,,FH5,FH4,cu,,,,,,FM4,FM3,,,5,XBO,0
FALSE,2008 BMW Z4 M Coupe Design Challenge,,,2008,BMW,Z4 M Coupe Design Challenge,DLC promo,FM4 BMW,,,,,,,Livery,Sports,492,B,,,,,,,343,269,3230,9.42,,,,,6,F,RWD,,,,,,,,Europe,Germany,,,2,L,4,,,4.900,,,175.2,,,,,,11707,,,13-Oct-11,FM4,FM4,,,,,,,,,,DLC,,,,1,360,0
FALSE,2005 BMW #2 BMW M3 GTR,,,2005,BMW,#2 BMW M3 GTR,,,,,,,,,Race,GT2,735,R3,,,,,,,500,354,2756,5.51,,,,,8,F,RWD,,,,,,,,Europe,Germany,,,2,L,4,,,3.300,,,180.6,,,,,-3.300,11257,,,29-May-07,FM4,FM2,,,,,,,,,,FM4,FM3,FM2,,3,360,0
FALSE,2005 BMW M3,BMW M3 '05,383,2005,BMW,M3,Buy Cars Base,,,,Common,,,"90,000",Factory,Sport Touring Classics,504,B,4.4,2.5,2.6,3.3,,,333,262,3415,10.26,50,3246,NA,Inline,6,F,RWD,,255,Both,WBx3,"333, 276, 375, 415, 565, 603, 630, 788","T, CS",stock,Europe,Germany,BMW M3,,2,L,4,,"AvM, DD",4.685,11.600,13.200,176.0,143.7,325.0,0.92,0.96,6.915,11258,05-Oct-23,05-Nov-21,29-May-07,FM,FM2,FM,FH5,HTF,FM7,FH3,FM6,,FM5,,FM4,FM3,FM2,,10,XBO,1
FALSE,2003 BMW #42 M3-GTR,,,2003,BMW,#42 M3-GTR,,,,,,,,,Livery,,,GTS,,,,,,,444,354,2425,5.46,50,,,,,F,RWD,,,,,,,,Europe,Germany,,,2,L,4,,,,,,,,,,,.000,11024,,,03-May-05,FM1,FM1,,,,,,,,,,,,,FM1,1,360,0
FALSE,2003 BMW #43 M3-GTR,,,2003,BMW,#43 M3-GTR,,,,,,,,,Race,,,GTS,,,,,,,444,354,2425,5.46,50,,,,,F,RWD,,,,,,,,Europe,Germany,,,2,L,4,,,,,,,,,,,.000,11025,,,03-May-05,FM1,FM1,,,,,,,,,,,,,FM1,1,360,0
FALSE,2003 BMW M5,BMW M5 '03,1367,2003,BMW,M5,Buy Cars Base,FM Update 16,,,Common,,,,Factory,Sport Touring Classics,694,B,6.4,4.3,5.8,5.4,4.9,5.2,394,368,3900,9.90,53,4941,NA,V,8,F,RWD,,275,Both,Forza,"414, 500, 602, 805",TT,stock,Europe,Germany,M5,,5,L,4,,,4.800,11.300,12.917,192.5,142.3,352.8,0.92,0.94,6.500,11743,08-Jan-25,05-Nov-21,14-Oct-11,FM,FM4,S,FH5,FH4,FM7,,FM6,,FM5,,FM4,,,,7,XBO,1
FALSE,2002 BMW M3-GTR,BMW M3 '02,565,2002,BMW,M3-GTR,Buy Cars Base,,,,Epic,,,"108,000",Factory,Sport Touring Classics,571,B,4.9,2.8,2.9,3.9,,,375,287,3080,8.21,50,3997,NA,V,8,F,RWD,,255,Both,Street,"333, 562, 565, 603, 630, 788","TT, PDS",stock,Europe,Germany,BMW M3,,2,L,4,,,4.000,9.400,,181.6,129.8,314.5,0.99,1.06,5.400,11260,05-Oct-23,05-Nov-21,29-May-07,FM,FM2,FM,FH5,cu,,,,,,cu,Uni,FM3,FM2,,7,XBO,1
FALSE,2002 BMW Z3 M Coupé,BMW Z3 '02,1268,2002,BMW,Z3 M Coupé,Buy Cars Base,,,,Common,,,"96,000",Factory,Early Sport Compact,520,B,3.8,2.5,2.6,3.4,,,315,251,2990,9.49,50,3246,NA,Inline,6,F,RWD,,245,Both,Street,"276, 375, 415, 565, 603, 630, 788","T, PDS",stock,Europe,Germany,BMW Z,,3,L,4,,,4.800,11.283,12.817,169.0,145.6,357.7,0.93,0.95,6.483,11748,05-Oct-23,05-Nov-21,14-Oct-11,FM,FM4,FM,FH5,FH4,FM7,,,,,,FM4,,,,5,XBO,1
FALSE,2001 BMW #6 Prototype Technology Group M3 GTR,,,2001,BMW,#6 Prototype Technology Group M3 GTR,,,,,,,,,Livery,GT2,735,R3,,,,,,,500,354,2756,5.51,,,,,8,F,RWD,,,,,,,,Europe,Germany,,,2,L,4,,,3.300,,,180.6,,,,,-3.300,11472,,,27-Oct-09,FM4,FM3,,,,,,,,,,FM4,FM3,,,2,360,0
FALSE,2000 BMW 323ti Sport,BMW 323ti '00,2193,2000,BMW,323ti Sport,Buy Cars Base,,,,,,,"50,000",Factory,Early Sport Compact,322,D,1.7,1.9,1.8,2.2,,,168,181,2767,16.47,50,2500,NA,Inline,6,F,RWD,,,,Forza,"250, 276, 333, 415, 565, 603, 630, 788","T, TT, PDS",stock,Europe,Germany,,,3,L,4,,,7.800,19.500,14.550,140.0,128.6,326.6,1.04,0.99,11.700,12490,05-Oct-23,,02-Aug-16,FM,FM6,FM,,,FM7,HP,DLC,,,,,,,,4,XBO,1
FALSE,1999 BMW #15 BMW Motorsport V12 LMR,BMW #15 V12 LMR,505,1999,BMW,#15 BMW Motorsport V12 LMR,Buy Cars Base,,,,,,,"364,000",Race,Early LMP,953,P,6.5,10.0,10.0,8.2,,,580,494,2133,3.68,45,6000,NA,V,12,M,RWD,330/R18,360/R18,,Adjustable,none,none,stock,Europe,Germany,,Yes,2,R,4,,,2.300,4.400,9.300,205.5,77.2,182.6,1.68,2.31,2.100,11022,05-Oct-23,,03-May-05,FM,FM1,FM,,,FM7,,FM6,,,,FM4,FM3,FM2,FM1,7,XBO,1
FALSE,1999 BMW #16 BMW Motorsport V12 LMR,#16 BMW V12 LMR,2300,1999,BMW,#16 BMW Motorsport V12 LMR,Buy Cars Base,FM Update 16,,,,,,"363,000",Livery,Early LMP,953,P,6.4,10.0,10.0,8.2,,,580,494,2133,3.68,45,6000,NA,V,12,M,RWD,330/R18,360/R18,,Adjustable,none,none,stock,Europe,Germany,,Yes,2,R,4,,,2.300,4.400,9.300,204.8,78.1,183.7,1.68,2.31,2.100,12314,29-Jan-25,,15-Sep-15,FM,FM6,S,,,FM7,,FM6,,,,,,,,3,XBO,1
FALSE,1997 BMW #42 McLaren F1-GTR,,,1997,BMW,#42 McLaren F1-GTR,,,,,,,,,Livery,,,P1,,,,,,,,,,#DIV/0!,,,,,,F,RWD,,,,,,,,Europe,Germany,,,2,C,4,,,,,,,,,,,.000,11023,,,03-May-05,FM1,FM1,,,,,,,,,,,,,FM1,1,360,0
FALSE,1997 BMW M3,BMW M3 '97,382,1997,BMW,M3,Buy Cars Base,,,,Common,,,"93,000",Factory,Sport Touring Classics,485,C,4.6,2.4,2.4,3.2,,,321,258,3219,10.03,50,3201,NA,Inline,6,F,RWD,,245,no,"WBx2, Aftermarket","276, 375, 415, 603, 630, 690, 788",T,stock,Europe,Germany,BMW M3,,2,L,4,,AvM,5.283,12.182,13.700,175.3,146.1,358.4,0.92,0.93,6.899,11259,05-Oct-23,05-Nov-21,29-May-07,FM,FM2,FM,FH5,FH4,FM7,FH3,FM6,FH2,FM5,,FM4,FM3,FM2,,11,XBO,1
FALSE,1997 BMW M3 Forza Edition,BMW M3 '97 FE,,1997,BMW,M3 Forza Edition,,,,,,,,,Upgraded,Early Sport Touring,520,B,6.6,4.9,5.0,7.4,,,326,262,3231,9.91,50,,NA,Inline,6,F,RWD,,,,,,,stock,Europe,Germany,M3,,2,L,4,,,5.319,12.219,,169.7,136.9,349.8,1.14,1.12,6.900,12755,,,29-Sep-17,FM7,FM7,,,,FE,,,,,,,,,,1,XBO,0
FALSE,1997 BMW M3 Horizon Edition,,,1997,BMW,M3 Horizon Edition,,,,,,,,,Upgraded,Retro Saloons,775,A,6.7,8.3,7.3,7.5,8.4,,321,258,3219,10.03,50,3201,NA,V,6,F,RWD,,A,,,,,stock,Europe,Germany,M3,,2,L,4,,,,,,,,,,,.000,12558,,,23-Sep-16,FH3,FH3,,,,,HE,,,,,,,,,1,XBO,0
FALSE,1995 BMW 850CSi,BMW 850CSi '95,1493,1995,BMW,850CSi,Buy Cars Base,,,,,,,"84,000",Factory,Sport GT Icons,435,C,5.0,2.2,2.3,2.8,,,372,402,4240,11.40,51,5576,NA,V,12,F,RWD,,265,Both,Street,"276, 333, 415, 630, 788",TT,stock,Europe,Germany,BMW M8,,2,L,4,,,5.621,12.435,,194.1,175.9,427.0,0.82,0.81,6.814,11869,05-Oct-23,21-Sep-23,06-Mar-12,FM,FM4,FM,cu,cu,FM7,,FM6,DLC,,,DLC,,,,7,XBO,1
FALSE,1995 BMW 850CSi Forza Edition,BMW 850CSi FE,,1995,BMW,850CSi Forza Edition,,,,,,,,,Upgraded,Early Sport Luxury,,,,,,,,,,,,,,,,,,F,RWD,,,,,,,,Europe,Germany,,,2,L,4,,,,,,,,,,,,12756,,,29-Sep-17,FM7,FM7,,,,FE,,,,,,,,,,1,XBO,0
FALSE,1995 BMW M5,BMW M5 '95,1418,1995,BMW,M5,"Autoshow, WS",,Accolade,,Rare,,,"25,000",Factory,Retro Saloons,634,B,6.7,3.6,5.2,4.6,4.2,4.8,342,301,3772,11.03,50,3795,NA,Inline,6,F,RWD,,245,Both,Aftermarket,"414, 510, 500, 602, 805","T, PDS",stock,Europe,Germany,M5,,5,L,4,,"AvM, RPC",5.583,13.882,13.850,180.7,142.0,350.2,0.89,0.93,8.299,11744,,05-Nov-21,14-Oct-11,FH5,FM4,,FH5,FH4,FM7,FH3,FM6,DLC,,,FM4,,,,7,XBO,0
FALSE,1991 BMW M3,BMW M3 '91,642,1991,BMW,M3,Buy Cars Base,,,,Rare,,,"68,000",Factory,Sport Touring Classics,357,D,2.7,1.7,2.0,2.4,,,215,180,2762,12.85,51,2302,NA,Inline,4,F,RWD,,225,Both,Street,"250, 276, 333, 394I, 415, 603, 630, 690",T,stock,Europe,Germany,BMW M3,,2,L,4,,"AvM, HHero",7.000,17.000,15.382,155.2,151.3,375.2,0.89,0.90,10.000,11394,05-Oct-23,05-Nov-21,07-Dec-07,FM,FM2,FM,FH5,FH4,FM7,FH3,FM6,FH2,FM5,FH1,FM4,FM3,DLC,,12,XBO,1
FALSE,1991 BMW M3 Forza Edition,BMW M3 '91 FE,,1991,BMW,M3 Forza Edition,,,,,,,,,Upgraded,Early Sport Touring,,,,,,,,,,,,,,,,,,,,,,,,,,,Europe,Germany,,,2,L,4,,,,,,,,,,,,13040,,,04-Dec-18,FM7,FM7,,,,cu,,,,,,,,,,1,XBO,0
FALSE,1988 BMW M5,BMW M5 '88,1368,1988,BMW,M5,Buy Cars Base,,,,Rare,,,"74,000",Factory,Sport Touring Classics,366,D,2.6,1.7,1.8,2.8,,,282,251,3230,11.45,52,3453,NA,Inline,6,F,RWD,,225,Both,Forza,"276, 333, 415, 565, 603, 630, 788","T, CS",stock,Europe,Germany,BMW M5,,5,L,4,,AvM,5.800,14.500,13.883,158.7,147.3,369.0,0.86,0.87,8.700,11745,05-Oct-23,05-Nov-21,14-Oct-11,FM,FM4,FM,FH5,FH4,FM7,FH3,FM6,DLC,,,FM4,,,,8,XBO,1
FALSE,1988 BMW M5 Forza Edition,BMW M5 '88 FE,,1988,BMW,M5 Forza Edition,Exclusive,,,,FE,Event Influence,,"304,000",Upgraded,Retro Saloons,601,B,6.5,5.6,5.3,6.0,7.6,,282,251,3230,11.45,52,3453,NA,Inline,6,F,RWD,,225,no,Preset,"321, 327, 414, 510, 500, 602",,stock,Europe,Germany,M5,,5,L,4,,AvM,,,,,,,,,.000,12960,,,28-Sep-18,FH4,FH4,,,FE,,,,,,,,,,,1,XBO,0
FALSE,1986 BMW M635 CSi,BMW M6 '86,1290,1986,BMW,M635 CSi,Buy Cars Base,FM Update 16,,,,,,,Factory,Sport Touring Classics,,D,,,,,,,282,251,3329,11.80,53,3453,NA,Inline,6,F,RWD,,,,,,,stock,Europe,Germany,,,1,L,4,,AvM,6.000,15.118,14.600,159.0,136.5,346.2,1.07,1.02,9.118,11746,08-Jan-25,30-May-24,14-Oct-11,FM,FM4,S,cu,,FM7,FH3,FM6,,,,FM4,,,,6,XBO,1
FALSE,1981 BMW M1,BMW M1 '81,1040,1981,BMW,M1,Buy Cars Base,,,,Epic,,,"93,000",Factory,Sport GT Icons,416,C,3.1,2.2,2.3,2.9,,,277,243,2866,10.35,44,3453,NA,Inline,6,M,RWD,,225,Both,Forza,"415, 630, 690, 788",TT,stock,Europe,Germany,BMW M1,,2,L,4,,"AvM, HHero",5.600,13.100,13.817,163.6,143.2,359.6,0.89,0.91,7.500,11477,05-Oct-23,05-Nov-21,27-Oct-09,FM,FM3,FM,FH5,FH4,FM7,FH3,FM6,FH2,FM5,FH1,FM4,DLC,,,11,XBO,1
FALSE,1981 BMW M1 Design Challenge,,,1981,BMW,M1 Design Challenge,DLC promo,FM4 BMW,,,,,,,Livery,Sports,451,B,,,,,,,277,243,2866,10.35,,,,,6,M,RWD,,,,,,,,Europe,Germany,,,2,L,4,,,5.600,,,160.0,,,,,,11702,,,13-Oct-11,FM4,FM4,,,,,,,,,,DLC,,,,1,360,0
FALSE,1979 BMW #6 BMW Motorsport M1 Procar,BMW #6 M1 Procar,2103,1979,BMW,#6 BMW Motorsport M1 Procar,Buy Cars Base,,,,,,,"291,000",Race,GTX Sportscars,772,S,4.9,5.4,5.9,5.5,,,471,287,2249,4.77,44,3500,NA,Inline,6,M,RWD,,,,Adjustable,none,none,stock,Europe,Germany,BMW M1,,2,L,4,,,3.500,7.600,11.033,184.9,104.1,249.5,1.40,1.55,4.100,12319,05-Oct-23,,15-Sep-15,FM,FM6,FM,,,FM7,,FM6,,,,,,,,3,XBO,1
FALSE,1976 BMW #1 BMW 3.0 CSL,#1 3.0 CSL '76,3888,1976,BMW,#1 BMW 3.0 CSL,Reward,FM Update 16,Open Tour,,,,,"280,000",Livery,GTX Sportscars,739,S,4.3,5.2,5.4,5.5,,,440,311,2315,5.26,54,3500,NA,Inline,6,F,RWD,270/R16,330/R16,,Adjustable,none,none,,Europe,Germany,,,2,L,4,,,3.300,7.200,11.150,176.7,88.8,226.2,1.35,1.46,3.900,,08-Jan-25,,14-Oct-11,FM,FM,R,,,,,,,,,,,,,1,XBO,1
FALSE,1975 BMW #25 BMW Motorsport 3.0 CSL,BMW #25 3.0 CSL,2112,1975,BMW,#25 BMW Motorsport 3.0 CSL,Buy Cars Base,,,,,,15-May-2024,"281,000",Race,GTX Sportscars,741,S,4.0,5.5,5.5,5.4,,,430,305,2341,5.44,54,3500,NA,Inline,6,F,RWD,270/R16,330/R16,,Adjustable,none,none,stock,Europe,Germany,,,2,L,4,,,3.300,7.300,12.000,175.0,88.8,226.2,1.35,1.46,4.000,12315,05-Oct-23,,15-Sep-15,FM,FM6,FM,,,FM7,,FM6,,,,,,,,3,XBO,1
FALSE,1975 BMW #93 Herve Poulain 3.0 CSL,#93 BMW CSL,,1975,BMW,#93 Herve Poulain 3.0 CSL,,,,,,,,,Livery,Early GT Racing,,,6.7,6.3,6.4,8.8,,,430,305,2341,5.44,52,,NA,Inline,6,F,RWD,,,,,,,stock,Europe,Germany,,,2,L,4,,,4.000,7.669,,181.5,98.7,243.6,1.36,1.46,3.669,12320,,,15-Sep-15,FM6,FM6,,,,,,FM6,,,,,,,,1,XBO,0
FALSE,1973 BMW 2002 Turbo,BMW 2002 '73,1269,1973,BMW,2002 Turbo,Buy Cars Base,,,,Legendary,,,"67,000",Factory,Vintage Sport Compact,298,E,1.6,1.2,1.3,2.3,,,168,181,2381,14.17,54,1990,T,Inline,4,F,RWD,,195,Both,Forza,"212, 333, 375, 415, 630, 690",none,eng,Europe,Germany,,,1,L,4,,,6.900,18.400,14.900,136.4,168.1,411.4,0.81,0.82,11.500,11670,05-Oct-23,05-Nov-21,14-Dec-10,FM,FM3,FM,FH5,FH4,FM7,FH3,FM6,FH2,FM5,FH1,FM4,DLC,,,11,XBO,1
FALSE,1971 BMW 3.0 CSL,,,1971,BMW,3.0 CSL,,,,,,,,,Factory,Sports,255,E,,,,,,,177,192,2568,14.51,,,,,6,F,RWD,,,,,,,,Europe,Germany,,,2,L,4,,,7.300,,,133.5,,,,,-7.300,11405,,,18-Mar-08,FM4,FM2,,,,,,,,,,FM4,FM3,DLC,,3,360,0
FALSE,1959 BMW 507,BMW 507,,1959,BMW,507,,,,,,,,,Factory,Vintage Sport Coupe,272,E,5.0,3.6,3.7,6.0,6.6,,165,161,2690,16.30,50,3168,NA,V,8,F,RWD,,,,,,,stock,Europe,Germany,,Yes,2,L,4,,,10.000,24.500,15.400,134.0,135,343.4,0.96,0.91,14.500,11904,,,05-Jun-12,FM7,FM4,,,,FM7,DLC,,,,,DLC,,,,3,XBO,0
FALSE,1957 BMW Isetta 300 Export,BMW Isetta,2412,1957,BMW,Isetta 300 Export,"Autoshow, WS",,,,Common,,,"45,000",Factory,Cult Cars,100,D,1.8,2.4,3.4,1.2,2.7,4.7,13,14,920,70.77,55,298,NA,Inline,1,M,RWD,,115,no,Forza,"196, 300",PDS,stock,Europe,Germany,,,1,L,4,,"DVG, MM, OR",999.999,999.999,26.806,55.1,F,F,0.71,0.70,na,12482,,05-Nov-21,12-Jul-16,FH5,FM6,,FH5,FH4,FM7,FH3,DLC,,,,,,,,5,XBO,0
FALSE,1939 BMW 328,BMW 328 '39,,1939,BMW,328,,,,,,,,,Factory,Forza Specials,214,E,3.7,3.8,3.7,5.0,,,80,94,1830,22.88,51,,NA,Inline,6,F,RWD,,,,,,,stock,Europe,Germany,,Yes,2,L,4,,,10.000,53.949,17.233,100.7,129.7,324.5,0.96,0.91,43.949,12851,,,05-Dec-17,FM7,FM7,,,,DLC,,,,,,,,,,1,XBO,0
FALSE,2012 Bowler EXR S,Bowler EXR S,,2012,Bowler,EXR S,,,,,Legendary,,,"2,000,000",Factory,Extreme Offroad,760,A,6.8,6.0,6.2,8.8,10.0,,550,461,3858,7.01,51,5000,PDS,V,8,F,AWD,,305,no,Forza,"602, 700V, 850",none,eng,Europe,U.K.,,,3,L,4,,"BRG, DvG, WW",4.020,9.216,11.950,168.1,170.8,404.5,0.90,0.89,5.196,12010,,,02-Apr-13,FH4,FH1,,,FH4,FM7,FH3,FM6,FH2,,DLC,,,,,6,XBO,0
FALSE,2019 Brabham BT62,Brabham BT62 '19,3285,2019,Brabham,BT62,Buy Cars Base,,,,Legendary,,12-Jun-2024,"339,000",Race,Modern Factory Racecars,911,P,6.3,7.7,7.8,7.8,,,700,492,2349,3.36,41,5387,NA,V,8,M,RWD,260/R18,310/R18,Both,Adjustable,none,none,stock,Europe,U.K.,,,2,L,4,,,2.900,5.300,9.850,204.3,85.5,205.2,1.51,1.88,2.400,13314,05-Oct-23,19-Jul-22,19-Jul-22,FM,FH5,FM,DLC,,,,,,,,,,,,2,XBO,1
FALSE,1977 Brabham #8 Motor Racing Developments BT45B,#8 Brabham BT45B,,1977,Brabham,#8 Motor Racing Developments BT45B,,,,,,,,,Race,Formula 70s,922,P,6.8,7.8,7.9,9.7,,,410,239,1290,3.15,37,,NA,Flat,12,M,RWD,,,,,,,stock,Europe,U.K.,,Yes,1,C,4,,,2.500,4.883,9.733,177.3,82.2,195.8,1.59,1.97,2.383,12878,,,05-Mar-18,FM7,FM7,,,,DLC,,,,,,,,,,1,XBO,0
FALSE,1967 Brabham BT24,Brabham BT24,2033,1967,Brabham,BT24,Buy Cars Base,,,,,,1-May-2024,"286,000",Race,Formula 60s,756,S,4.2,4.7,4.9,6.1,,,330,232,1140,3.45,43,3000,NA,V,8,M,RWD,235/R15,325/R15,,nonadjustable,none,none,stock,Europe,U.K.,,Yes,1,C,4,,,3.000,6.500,10.183,176.2,88.9,233.1,1.36,1.33,3.500,12105,05-Oct-23,,09-Jun-14,FM,FM5,FM,,,FM7,,FM6,,DLC,,,,,,4,XBO,1
FALSE,1964 Brabham BT8,Brabham BT8,3517,1964,Brabham,BT8,Reward,FM Update 7,Open Tour,Featured Tour,,,,"226,000",Race,Vintage Le Mans Sportscars,538,B,3.4,2.3,2.2,4.5,,,265,233,1390,5.25,47,2800,NA,Inline,4,M,RWD,170/R13,210/R13,,nonadjustable,none,none,,Europe,U.K.,,Yes,2,R,4,,,3.782,8.500,11.617,164.0,119.5,307.7,1.10,1.00,4.718,,10-Apr-24,,10-Apr-24,FM,FM,R,,,,,,,,,,,,,1,XBO,1
FALSE,1974 BRM #14 Team Motul P201,BRM #14 P201,3266,1974,BRM,#14 Team Motul P201,Buy Cars DLC,FM Race Day,Gift w/DLC,,,,,"318,000",Race,Formula 70s,856,R,4.4,7.0,7.1,8.9,,,451,252,1653,3.67,35,3000,NA,V,12,M,RWD,/R13,/R13,,Adjustable,none,none,,Europe,U.K.,,Yes,1,C,4,,,2.300,4.900,9.333,179.8,83.8,213.6,1.48,1.75,2.600,13397,05-Oct-23,,05-Oct-23,FM,FM,DLC,,,,,,,,,,,,,1,XBO,1
FALSE,2019 Bugatti Divo,Bugatti Divo,3168,2019,Bugatti,Divo,Buy Cars Base,,,,Legendary,,,"418,000",Factory,Modern Hypercars,870,R,10.0,4.8,4.6,8.9,,,1479,1180,4398,2.97,43,7993,TT,W,16,M,AWD,285/R20,355/R20,Both,Forza,788,none,no,Europe,France,,,2,L,4,,,2.400,4.800,9.267,261.7,100.3,244.4,1.29,1.36,2.400,13118,05-Oct-23,05-Nov-21,21-Oct-19,FM,FH4,FM,FH5,cu,,,,,,,,,,,3,XBO,1
FALSE,2018 Bugatti Chiron,Bugatti Chiron,2624,2018,Bugatti,Chiron,Buy Cars Base,,,,Legendary,,,"418,000",Factory,Modern Hypercars,869,R,10.0,4.6,4.4,8.8,,,1479,1180,4398,2.97,52,7993,TT,W,16,M,AWD,,355,Both,Forza,788,none,no,Europe,France,,,2,L,4,,"CS, HR",2.400,4.918,9.283,272.2,82.9,196.6,1.25,1.37,2.518,12872,05-Oct-23,05-Nov-21,15-Feb-18,FM,FM7,FM,FH5,FH4,DLC,,,,,,,,,,4,XBO,1
FALSE,2011 Bugatti Veyron Super Sport,Bugatti Veyron,1328,2011,Bugatti,Veyron Super Sport,Buy Cars Base,FM Update 2,,,Legendary,,6-Dec-2023,"416,000",Factory,Modern Hypercars,862,R,10.0,4.5,4.4,9.3,5.9,4.9,1183,1105,4043,3.42,45,7993,TT,W,16,M,AWD,265/R20,365/R,Both,Safety Lights,"603, 788, 1183",none,no,Europe,France,,,2,L,4,,"WFRC, HR",2.400,5.000,9.200,268.1,82.6,194.5,1.26,1.39,2.600,11708,30-Nov-23,05-Nov-21,13-Oct-11,FM,FM4,S,FH5,FH4,FM7,FH3,FM6,FH2,DLC,FH1,DLC,,,,10,XBO,1
FALSE,2009 Bugatti Veyron 16.4,,,2009,Bugatti,Veyron 16.4,,,,,,,,,Factory,Super,756,R3,,,,,,,987,922,4470,4.53,,,,,16,M,AWD,,,,,,,,Europe,France,,,2,L,4,,,2.600,,,253.1,,,,,-2.600,11483,,,27-Oct-09,FM4,FM3,,,,,,,,,,FM4,FM3,,,2,360,0
FALSE,1992 Bugatti EB110 Super Sport,Bugatti EB110 92,1219,1992,Bugatti,EB110 Super Sport,Buy Cars Base,,,,Legendary,,,"171,000",Factory,Exotic GT Classics,697,A,7.6,3.2,3.2,4.7,,,611,480,3609,5.91,43,3498,TT,V,12,M,AWD,,325,Both,Forza,"603, 630, 1183",none,no,Europe,France,,,2,L,4,,"WFRC, CS",3.600,8.200,11.700,227.7,113.4,276.6,1.11,1.19,4.600,11613,05-Oct-23,05-Nov-21,08-Mar-10,FM,FM3,FM,FH5,FH4,FM7,FH3,FM6,DLC,,FH1,FM4,DLC,,,10,XBO,1
FALSE,1926 Bugatti Type 35 C,Bugatti Type 35,2066,1926,Bugatti,Type 35 C,Buy Cars Base,,,,Legendary,,,"134,000",Race,The Birth of Grand Prix,263,E,1.0,1.8,2.0,1.4,,,95,95,1676,17.64,55,1991,PDS,Inline,8,F,RWD,135/R19,135/R19,no,nonadjustable,none,none,no,Europe,France,,Yes,2,R,4,x,OR,10.700,33.781,17.483,112.8,110.8,304.2,1.07,0.99,23.081,12852,05-Oct-23,05-Nov-21,05-Dec-17,FM,FM7,FM,FH5,FH4,DLC,,,,,,,,,,4,XBO,1
FALSE,1987 Buick Regal GNX,Buick GNX '87,1329,1987,Buick,Regal GNX,Buy Cars Base,,,,Rare,,,"83,000",Factory,Sport Touring Classics,421,C,3.1,1.9,2.1,3.2,,,300,380,3545,11.82,55,3791,T,V,6,F,RWD,,255,Both,Hood,"415, 425, 565, 640, 788, 825",none,eng,N. America,U.S.,,,2,L,4,,,4.687,12.867,13.483,158.3,163.8,409.1,0.83,0.82,8.180,11026,05-Oct-23,05-Nov-21,03-May-05,FM,FM1,FM,FH5,FH4,FM7,FH3,FM6,DLC,FM5,,FM4,FM3,FM2,FM1,12,XBO,1
FALSE,1985 Buick #6 Performance Motorsports Somerset Regal Trans-Am,Buick #6 Regal,3316,1985,Buick,#6 Performance Motorsports Somerset Regal Trans-Am,Buy Cars DLC,FM Car Pass,Gift w/DLC,,,,,"291,000",Race,GTX Sportscars,771,S,5.0,5.6,5.8,5.0,,,507,384,2700,5.33,51,4500,NA,V,6,F,RWD,330/R16,350/R16,,Adjustable,none,none,,N. America,U.S.,,,2,L,4,,,3.700,7.100,11.450,186.7,91.7,230.9,1.40,1.52,3.400,13453,21-Dec-23,,21-Dec-23,FM,FM,DLC,,,,,,,,,,,,,1,XBO,1
FALSE,1970 Buick GSX,Buick GSX '70,417,1970,Buick,GSX,Buy Cars Base,,,,Rare,,,"88,000",Factory,Street Drag Racers,377,D,2.0,1.2,1.2,3.3,,,360,510,3874,10.76,59,7468,NA,V,8,F,RWD,,235,Both,Hood,"302, 415, 565, 640, 788, 825","TT, PDS",stock,N. America,U.S.,,,2,L,4,,MvT,6.485,13.484,13.483,140.7,170.8,423.7,0.79,0.78,6.999,11750,05-Oct-23,05-Nov-21,14-Oct-11,FM,FM4,FM,FH5,cu,FM7,,FM6,DLC,,,DLC,,,,7,XBO,1
FALSE,2023 Cadillac #01 Cadillac Racing V-Series.R,Cadillac #01 LM,3866,2023,Cadillac,#01 Cadillac Racing V-Series.R,Buy Cars Base,,,,,,,"357,000",Race,Forza Proto-H,941,P,6.9,9.8,9.7,8.2,,,671,466,2436,3.63,41,5500,NA,V,8,M,RWD,,,,Adjustable,none,none,,N. America,U.S.,,,2,L,4,,,2.900,5.200,10.000,196.9,75.9,183.6,1.61,2.19,2.300,13398,05-Oct-23,,05-Oct-23,FM,FM,FM,,,,,,,,,,,,,1,XBO,1
FALSE,2023 Cadillac #2 Cadillac Racing V-Series.R,Cadillac #2 LM,3867,2023,Cadillac,#2 Cadillac Racing V-Series.R,Buy Cars Base,,,,,,,"357,000",Livery,Forza Proto-H,941,P,6.9,9.8,9.7,8.2,,,671,466,2436,3.63,41,5500,NA,V,8,M,RWD,,,,Adjustable,none,none,,N. America,U.S.,,,2,L,4,,,2.600,5.000,9.767,202.1,80.0,190.8,1.61,2.23,2.400,13399,05-Oct-23,,05-Oct-23,FM,FM,FM,,,,,,,,,,,,,1,XBO,1
FALSE,2023 Cadillac #31 Whelen Engineering Cadillac Racing V-Series.R,Cadillac #31 LM,3792,2023,Cadillac,#31 Whelen Engineering Cadillac Racing V-Series.R,Buy Cars Base,,,,,,10-Jul-2024,"357,000",Livery,Forza Proto-H,941,P,6.9,9.8,9.7,8.2,,,671,466,2436,3.63,41,5500,NA,V,8,M,RWD,/R18,/R18,,Adjustable,none,none,,N. America,U.S.,,,2,L,4,,,2.600,5.000,9.767,202.1,81.7,193.7,1.61,2.23,2.400,13400,05-Oct-23,,05-Oct-23,FM,FM,FM,,,,,,,,,,,,,1,XBO,1
FALSE,2022 Cadillac CT4-V Blackwing,Cadillac CT4 '22,3719,2022,Cadillac,CT4-V Blackwing,Buy Cars Base,,,,Rare,,,"102,000",Factory,Modern Sport Touring,577,B,5.6,3.0,2.8,4.1,,,472,444,3860,8.18,50,3560,TT,V,6,F,RWD,,275,Both,Forza,"562, 603, 630, 707, 788",none,,N. America,U.S.,Cadillac V-Series,,4,L,4,,,4.000,9.400,,192.2,119.8,291.2,1.05,1.11,5.400,13352,05-Oct-23,20-Apr-23,20-Apr-23,FM,FH5,FM,cu,,,,,,,,,,,,2,XBO,1
FALSE,2022 Cadillac CT5-V Blackwing,Cadillac CT5 '22,3720,2022,Cadillac,CT5-V Blackwing,Buy Cars Base,,,,Rare,,,"116,000",Factory,Modern Sport Touring,638,A,6.3,3.3,2.8,4.7,,,668,658,4123,6.17,53,6162,PDS,V,8,F,RWD,,305,Both,Forza,"565, 603, 640, 788, 825",TT,,N. America,U.S.,Cadillac V-Series,,4,L,4,,,3.600,7.700,,197.1,96.9,231.2,1.07,1.12,4.100,13350,05-Oct-23,06-Apr-23,06-Apr-23,FM,FH5,FM,cu,,,,,,,,,,,,2,XBO,1
FALSE,2021 Cadillac #31 Whelen Racing DPi-V.R,Cadillac #31 Dpi,3669,2021,Cadillac,#31 Whelen Racing DPi-V.R,Buy Cars DLC,FM Car Pass,Gift w/DLC,,,,,"359,000",Race,Forza Proto-H,950,P,5.9,9.4,9.5,7.6,,,580,461,2193,3.78,45,5500,NA,V,8,M,RWD,,,,Adjustable,none,none,,N. America,U.S.,,,2,L,4,,,2.900,5.200,10.000,196.9,75.9,183.6,1.61,2.19,2.300,13455,28-Dec-23,,28-Dec-23,FM,FM,DLC,,,,,,,,,,,,,1,XBO,1
FALSE,2018 Cadillac #57 TA CTS-V,Cadillac #57 CTS,3283,2018,Cadillac,#57 TA CTS-V,Buy Cars DLC,FM Car Pass,Gift w/DLC,,,,,"332,000",Race,Forza T/A,897,R,5.5,7.1,7.2,7.1,,,850,550,2912,3.43,45,5900,NA,V,8,F,RWD,310/R16,340/R16,,Adjustable,none,none,,N. America,U.S.,Cadillac V-Series,,2,L,4,,,3.150,5.385,13.117,195.3,93.3,226.3,1.48,1.79,2.235,,08-Feb-24,,08-Feb-24,FM,FM,DLC,,,,,,,,,,,,,1,XBO,1
FALSE,2016 Cadillac ATS-V,Cadillac ATS '16,2262,2016,Cadillac,ATS-V,Buy Cars Base,,,,Common,,,"93,000",Factory,Modern Sport Touring,538,B,5.5,2.6,2.6,3.6,,,464,444,3803,8.20,51,3564,TT,V,6,F,RWD,,275,Both,WB,"562, 603, 630, 707, 788",none,eng,N. America,U.S.,Cadillac V-Series,,2,L,4,,,4.200,9.884,12.617,185.0,135.4,334.1,0.94,0.97,5.684,12659,05-Oct-23,05-Nov-21,07-Feb-17,FM,FH3,FM,FH5,FH4,FM7,DLC,,,,,,,,,5,XBO,1
FALSE,2016 Cadillac ATS-V Forza Edition,Caddy ATS-V FE,,2016,Cadillac,ATS-V Forza Edition,,,,,,,,,Upgraded,Sport Luxury,650,A,7.0,5.4,5.4,8.3,,,533,510,3409,6.40,51,,TT,V,6,F,RWD,,,,,,,eng,N. America,U.S.,,,2,L,4,,,4.200,9.900,12.600,182.6,121.9,311.7,1.20,1.21,5.700,12757,,,29-Sep-17,FM7,FM7,,,,FE,,,,,,,,,,1,XBO,0
FALSE,2016 Cadillac CTS-V Sedan,Cadillac CTS '16,2421,2016,Cadillac,CTS-V Sedan,Buy Cars Base,,,,Common,,,"114,000",Factory,Sport Luxury,629,A,5.9,2.9,2.5,4.6,,,640,630,4128,6.45,53,6162,PDS,V,8,F,RWD,,295,Both,Forza,"565, 640, 788, 825",none,eng,N. America,U.S.,Cadillac V-Series,,4,L,4,,,3.500,7.400,11.600,199.3,129.9,320.6,0.94,0.96,3.900,12491,05-Oct-23,05-Nov-21,02-Aug-16,FM,FM6,FM,FH5,FH4,FM7,FH3,DLC,,,,,,,,6,XBO,1
FALSE,2015 Cadillac #3 Cadillac Racing ATS-V.R,Cadillac #3 ATS,3281,2015,Cadillac,#3 Cadillac Racing ATS-V.R,Buy Cars DLC,FM Car Pass,Gift w/DLC,,,,,"308,000",Race,Forza GT3,824,R,5.3,6.3,6.4,6.4,,,600,520,3097,5.16,49,3600,TT,V,6,F,RWD,315/R18,325/R18,,Adjustable,none,none,,N. America,U.S.,Cadillac V-Series,,2,L,4,,,3.200,6.400,10.733,191.2,85.1,211.0,1.44,1.62,3.200,,21-Feb-24,,21-Feb-24,FM,FH5,DLC,DLC,,,,,,,,,,,,2,XBO,1
FALSE,2014 Cadillac CTS-V Sport Wagon,CTS-V Wagon '14,3242,2014,Cadillac,CTS-V Sport Wagon,Buy Cars Base,FM Update 18,,,,,,"97,000",Factory,Modern Sport Touring,555,B,6.7,2.7,2.4,3.9,,,556,550,4396,7.91,51,6200,PDS,V,8,F,RWD,255/R19,285/R19,,WB,"565, 603, 640, 788, 825",TT,,N. America,U.S.,,,5,L,4,,,4.300,9.700,12.600,208.5,105.8,277.7,1.09,1.07,5.400,,10-Mar-25,19-Dec-24,19-Dec-24,FM,FH5,S,cu,,,,,,,,,,,,2,XBO,1
FALSE,2013 Cadillac XTS Limousine,Caddy Limo,2128,2013,Cadillac,XTS Limousine,Seasonal,Series 15 cu,,,Rare,,,"250,000",Factory,Super Saloons,492,D,5.3,3.0,4.9,2.7,1.8,5.5,304,264,5500,18.09,60,3564,NA,V,6,F,FWD,,255,Both,Forza,"640, 505, 700V, 750, 690, 1750","TT, PDS",stock,N. America,U.S.,,,4,L,4,,HH,9.468,23.717,16.083,144.0,165.4,391.5,0.84,0.83,14.249,12398,,22-Dec-22,05-Oct-15,FH5,FM6,,cu,HTF,FM7,,DLC,,,,,,,,4,XBO,0
FALSE,2012 Cadillac Escalade ESV,Caddy Escalade,,2012,Cadillac,Escalade ESV,Exclusive,,,,Rare,,,"250,000",Factory,Sports Utility Heroes,564,C,6.0,5.9,5.7,5.0,6.0,,404,416,5982,14.81,52,6162,NA,V,8,F,AWD,,285,no,Forza,"415, 640, 700","TT, PDS, CS",stock,N. America,U.S.,,,5,L,4,,HH,7.500,20.500,15.000,142.5,191.1,421.1,0.85,0.84,13.000,11997,,,01-Jan-13,FH4,FH1,,,cu,FM7,FH3,FM6,DLC,,DLC,,,,,6,XBO,0
FALSE,2012 Cadillac Escalade ESV Forza Edition,Escalade FE,,2012,Cadillac,Escalade ESV Forza Edition,,,,,,30%CR + 30%CR at VIR,,,Upgraded,Modern SUV,,,,,,,,,,,,,,,,,,,,,,,,,,,N. America,U.S.,,,5,L,4,,,,,,,,,,,.000,12758,,,29-Sep-17,FM7,FM7,,,,FE,,,,,,,,,,1,XBO,0
FALSE,2011 Cadillac CTS-V Coupe,Caddy CTS-V '11,,2011,Cadillac,CTS-V Coupe,,,,,,,,,Factory,Sport Luxury,567,B,7.5,5.4,4.7,8.6,7.8,,556,551,3931,7.07,53,6162,PDS,V,8,F,RWD,,,,,,,eng,N. America,U.S.,,,2,L,4,,,3.900,9.700,12.200,201.5,131.0,334.8,1.10,1.07,5.800,11650,,,03-Jul-10,FM7,FM3,,,,FM7,FH3,FM6,,FM5,FH1,FM4,DLC,,,7,XBO,0
FALSE,2009 Cadillac CTS-V,,,2009,Cadillac,CTS-V,,,,,,,,,Factory,Sedan,517,A,,,,,,,556,551,4200,7.55,,,,,8,F,RWD,,,,,,,,N. America,U.S.,,,4,L,4,,,4.313,,,193.7,,,,,-4.313,11485,,,27-Oct-09,FM4,FM3,,,,,,,,,,FM4,FM3,,,2,360,0
FALSE,2008 Cadillac #8 Remington Shaving CTS-V,,,2008,Cadillac,#8 Remington Shaving CTS-V,,,,,,,,,Race,GT3,690,S,6.4,6.7,6.7,7.6,7.1,,500,,3000,6.00,,,,,,F,RWD,,,,,,,,N. America,U.S.,,,4,L,4,,,,,,,,,,,.000,11484,,,27-Oct-09,FM3,FM3,,,,,,,,,,,FM3,,,1,360,0
FALSE,2004 Cadillac #16 Team Cadillac CTS-V,,,2004,Cadillac,#16 Team Cadillac CTS-V,,,,,,,,,Livery,GT3,690,S,6.4,6.7,6.7,7.6,7.1,,500,,3000,6.00,,,,,,F,RWD,,,,,,,,N. America,U.S.,,,4,L,4,,,,,,,,,,,.000,11027,,,03-May-05,FM3,FM1,,,,,,,,,,,FM3,FM2,FM1,3,360,0
FALSE,2004 Cadillac CTS-V,,,2004,Cadillac,CTS-V,,,,,,,,,Factory,Sedan,462,B,,,,,,,400,395,3849,9.62,,,,,8,F,RWD,,,,,,,,N. America,U.S.,,,4,L,4,,,5.000,,,171.1,,,,,-5.000,11029,,,03-May-05,FM4,FM1,,,,,,,,,,FM4,FM3,FM2,FM1,4,360,0
FALSE,2002 Cadillac #6 Team Cadillac Northstar LMP-02,,,2002,Cadillac,#6 Team Cadillac Northstar LMP-02,,,,,,,,,Race,P1,975,R1,,,,,,,620,550,2011,3.24,,,,,8,M,RWD,,,,,,,,N. America,U.S.,,Yes,2,R,4,,,3.000,,,206.6,,,,,-3.000,11028,,,03-May-05,FM4,FM1,,,,,,,,,,FM4,FM3,FM2,FM1,4,360,0
FALSE,1959 Cadillac Eldorado Biarritz Convertible,Cadillac '59,,1959,Cadillac,Eldorado Biarritz Convertible,DLC store,,,,Common,,,"60,000",Factory,Rods and Customs,400,D,5.9,4.3,4.4,5.2,6.6,,345,435,5060,14.67,53,6391,NA,V,8,F,RWD,,235,Front,Hood,"415, 640, 700","TT, PDS",stock,N. America,U.S.,,Yes,2,L,4,,HH,9.700,24.380,,138.7,207.4,501.8,0.72,0.71,14.680,11878,,,03-Apr-12,FH4,FM4,,,DLC,,,,,,,DLC,,,,2,XBO,0
FALSE,2018 Can-Am Maverick X RS Turbo R,Can-Am Maverick,2871,2018,Can-Am,Maverick X RS Turbo R,"Autoshow, WS",,,,Common,,,"25,000",Factory,UTV's,670,B,3.9,4.5,3.7,6.8,9.6,9.7,172,124,1655,9.62,40,900,T,Inline,3,M,AWD,,255,no,Spare tire,"196, 300",none,,N. America,Canada,,,2,L,4,,RPC,4.400,13.118,,111.5,136.7,341.4,0.94,0.93,8.718,13035,,05-Nov-21,09-Nov-18,FH5,FH4,,FH5,DLC,,,,,,,,,,,2,XBO,0
FALSE,2013 Caparo T1,Caparo T1,,2013,Caparo,T1,,,,,,,,,Factory,? none/Hypercar Toys,,,7.5,7.9,8.1,9.5,,,575,310,1482,2.58,40,,NA,V,8,M,RWD,,,,,,,stock,Europe,Netherlands,,Yes,2,R,4,,,3.800,6.200,,200.6,81.6,193.5,1.55,2.13,2.400,12399,,,05-Oct-15,FM6,FM6,,,,,,DLC,,,,,,,,1,XBO,0
FALSE,2019 Casey Currie Motorsports #4402 Ultra 4 'Trophy Jeep',#4402 Ultra 4,3603,2019,Casey Currie Motorsports,#4402 Ultra 4 'Trophy Jeep',DLC,FH5 Rally Adv,,,Epic,,,"500,000",Race,Unlimited Offroad,745,A,5.2,5.4,3.1,5.0,4.6,9.3,850,650,4850,5.71,48,7440,NA,V,8,M,AWD,,345,no,none,"850, 800",none,,N. America,U.S.,,,2,L,4,,,2.769,5.046,,140.3,119.6,300.9,0.91,0.90,2.277,13341,,29-Mar-23,29-Mar-23,FH5,FH5,,DLC,,,,,,,,,,,,1,XBO,0
FALSE,2013 Caterham Superlight R500,Caterham '13,1652,2013,Caterham,Superlight R500,Buy Cars Base,,,,Rare,,5-Jun-2024,"130,000",Factory,Track Toys,669,A,2.9,3.5,3.4,5.5,,,263,177,1116,4.24,47,1999,NA,Inline,4,F,RWD,,215,Rear,Forza,"333, 350, 394I, 475","T, PDS",stock,Europe,U.K.,,Yes,2,L,4,,"OT, SS?",2.889,6.972,11.600,155.8,121.9,296.7,1.09,1.08,4.083,12083,05-Oct-23,05-Nov-21,07-Jan-14,FM,FM5,FM,FH5,FH4,FM7,FH3,FM6,FH2,DLC,,,,,,8,XBO,1
FALSE,2013 Caterham Superlight R500 Forza Edition,Caterham R500 FE,,2013,Caterham,Superlight R500 Forza Edition,Exclusive,,,,FE,Drift Skills,,"332,000",Upgraded,Track Toys,804,S1,6.4,7.1,7.0,6.7,8.4,,263,177,1116,4.24,47,1999,NA,Inline,4,F,RWD,,215,Rear,Forza,"321, 261, 300, 475, 690","T, PDS",stock,Europe,U.K.,,Yes,2,L,4,,SS,,,,,,,,,.000,12962,,,28-Sep-18,FH4,FH4,,,FE,,,,,,,,,,,1,XBO,0
FALSE,1966 Chaparral #66 Chaparral Cars 2E,Chaparral #66 2E,1553,1966,Chaparral,#66 Chaparral Cars 2E,Buy Cars Base,,,,,,,"306,000",Race,Prototype Group Racing,818,R,4.2,6.9,6.8,5.9,,,475,425,1763,3.71,43,5400,NA,V,8,M,RWD,245,295,,Adjustable,none,none,stock,N. America,U.S.,,Yes,2,R,4,,,2.900,5.600,10.283,176.5,87.2,218.4,1.44,1.73,2.700,12093,05-Oct-23,,01-Apr-14,FM,FM5,FM,,,FM7,,FM6,,DLC,,,,,,4,XBO,1
FALSE,2025 Chevrolet IndyCar,Chevy Indy '25,4209,2025,Chevrolet,IndyCar,Buy Cars Base,,,,,,,"440,000",Race,IndyCar,993,P,8.2,10.0,10.0,7.1,,,795,354,2001,2.52,41,2200,TT,V,6,M,RWD,/R15,/R15,,Adjustable,none,none,,N. America,U.S.,,,1,C,4,,,3.200,5.100,9.167,229.0,75.3,176.4,1.70,2.36,1.900,,,,,FM,FM,G,,,,,,,,,,,,,1,XBO,1
FALSE,2024 Chevrolet Corvette E-Ray,Chev. E-Ray '24,3771,2024,Chevrolet,Corvette E-Ray,Buy Cars Base,,,,,,,"275,000",Factory,Modern Sport GT,759,S,6.1,4.3,4.0,5.8,,,645,591,3890,6.03,41,6200,NA,V,8,M,AWD,,,,WB Aftermarket,"565, 603, 630, 788, 825",none,,N. America,U.S.,Chevrolet Corvette,,2,L,4,,,2.485,6.284,10.500,202.1,106.8,256.3,1.24,1.27,3.799,13391,05-Oct-23,05-Oct-23,05-Oct-23,FM,FH5,FM,cu,,,,,,,,,,,,2,XBO,1
FALSE,2024 Chevrolet NASCAR Next Gen Camaro ZL1,NASCAR Camaro,3994,2024,Chevrolet,NASCAR Next Gen Camaro ZL1,Buy Cars Base,FM Update 14,,,,,,"326,000",Race,NASCAR,855,R,6.0,7.0,7.0,5.5,,,670,470,3325,4.96,50,5900,NA,V,8,F,RWD,/R18,/R18,,Adjustable,none,none,,N. America,U.S.,,,2,L,4,,,3.500,6.550,11.117,200.0,80.4,199.3,1.48,1.71,3.050,,06-Nov-24,,06-Nov-24,FM,FM,S,,,,,,,,,,,,,1,XBO,1
FALSE,2023 Chevrolet Corvette Z06,Chev. C8 Z06 '23,3766,2023,Chevrolet,Corvette Z06,Buy Cars Base,,,,,,,"274,000",Factory,Modern Sport GT,757,S,5.1,5.1,4.5,6.2,,,670,460,3557,5.31,39,5500,NA,V,8,M,RWD,275/R20,,,Forza,"565, 603, 630, 788, 825","TT, PDS, CS",,N. America,U.S.,Chevrolet Corvette,,2,L,4,,,2.600,5.883,10.500,188.7,96.0,240.8,1.28,1.35,3.283,13404,05-Oct-23,09-Nov-23,05-Oct-23,FM,FH5,FM,cu,,,,,,,,,,,,2,XBO,1
FALSE,2020 Chevrolet #3 Corvette Racing C8.R,Chev. #3 C8,3490,2020,Chevrolet,#3 Corvette Racing C8.R,Buy Cars Base,,,,,,,"307,000",Race,Forza GT2,821,R,4.6,6.7,7.0,6.3,,,500,480,2933,5.87,46,5500,NA,V,8,M,RWD,305/R18,310/R18,,Adjustable,none,none,,N. America,U.S.,Chevrolet Corvette,,2,L,4,,,3.000,6.516,11.133,181.2,85.1,211.1,1.47,1.73,3.516,13401,05-Oct-23,,05-Oct-23,FM,FH5,FM,DLC,,,,,,,,,,,,2,XBO,1
FALSE,2020 Chevrolet Corvette Stingray Coupe,Chev. C8 '20,3369,2020,Chevrolet,Corvette Stingray Coupe,Buy Cars Base,,FM Welcome Pack,,Rare,,,"115,000",Factory,Modern Sport GT,678,A,4.8,3.7,3.7,5.3,,,495,469,3577,7.23,40,6157,NA,V,8,M,RWD,,305,Both,WB SH,"565, 603, 630, 788, 825","TT, PDS",stock,N. America,U.S.,Chevrolet Corvette,,2,L,4,,,2.800,7.100,,198.0,115.8,283.1,1.11,1.21,4.300,13165,05-Oct-23,05-Nov-21,12-Jan-21,FM,FH4,FM,FH5,cu,,,,,,,,,,,3,XBO,1
FALSE,2020 Chevrolet Corvette Stingray Coupe Forza Edition,Chev. C8 FE '20,3800,2020,Chevrolet,Corvette Stingray Coupe Forza Edition,Buy Cars DLC,FM VIP,Gift w/DLC,,Rare,,,"120,000",Upgraded,Modern Sport GT,700,A,4.3,4.3,4.4,5.2,,,495,469,3665,7.40,40,6157,NA,V,8,M,RWD,,,,Adjustable,none,"TT, PDS",,N. America,U.S.,Chevrolet Corvette,,2,L,4,,,2.800,7.100,11.116,176.5,105.6,250.6,1.27,1.35,4.300,13403,05-Oct-23,,05-Oct-23,FM,FM,DLC,,,,,,,,,,,,,1,XBO,1
FALSE,2020 Chevrolet Silverado LT Trail Boss,Chevy Trail Boss,3477,2020,Chevrolet,Silverado LT Trail Boss,Autoshow,FH5 American,,,,,,,Factory,Pickups & 4x4s,,,,,,,,,,,,,,,,,,,,,,,,,,,N. America,U.S.,,,4,L,4,,,,,,,,,,,,13434,,07-Nov-23,07-Nov-23,FH5,FH5,,DLC,,,,,,,,,,,,1,XBO,0
FALSE,2019 Chevrolet #2 Team Penske Dallara,#2 IndyCar '19,,2019,Chevrolet,#2 Team Penske Dallara,,,,,,,,,Race,IndyCar,999,X,8.8,8.6,8.8,9.7,,,690,,1580,2.29,43,,,,,M,RWD,,370,,,,,,N. America,U.S.,,Yes,1,C,4,,,3.200,5.119,9.450,236.1,80.1,187.9,1.72,2.37,1.919,13085,,,01-May-19,FM7,FM7,,,,cu,,,,,,,,,,1,XBO,0
FALSE,2019 Chevrolet #22 Team Penske Dallara,#22 IndyCar '19,,2019,Chevrolet,#22 Team Penske Dallara,,,,,,,,,Livery,IndyCar,999,X,8.8,8.6,8.8,9.7,,,690,,1580,2.29,43,,,,,M,RWD,,370,,,,,,N. America,U.S.,,Yes,1,C,4,,,3.200,5.119,9.450,236.1,80.2,187.9,1.72,2.37,1.919,13086,,,01-May-19,FM7,FM7,,,,cu,,,,,,,,,,1,XBO,0
FALSE,2019 Chevrolet Corvette ZR1,Chev. C7 ZR1 '19,3118,2019,Chevrolet,Corvette ZR1,Buy Cars Base,,,,Epic,,,"272,000",Factory,Modern Sport GT,756,S,6.1,4.6,4.3,6.3,,,755,715,3560,4.72,50,6162,PDS,V,8,F,RWD,,335,Both,Forza,"565, 640, 788, 825",TT,eng,N. America,U.S.,Chevrolet Corvette,,2,L,4,,,3.013,6.115,,214.2,88.8,205.0,1.25,1.39,3.102,13054,05-Oct-23,05-Nov-21,20-Dec-18,FM,FH4,FM,FH5,DLC,,,,,,,,,,,3,XBO,1
FALSE,2019 Chevrolet Corvette ZR1 Pace Car,Corvette PaceCar,,2019,Chevrolet,Corvette ZR1 Pace Car,,,,,,,,,Factory,Sport GT,772,S1,7.8,5.9,5.8,8.8,,,750,,3560,4.75,50,,,V,8,F,RWD,,335,,,,,,N. America,U.S.,,,2,L,4,,,3.000,6.100,11.050,212.1,123.4,301.8,1.24,1.35,3.100,13087,,,01-May-19,FM7,FM7,,,,cu,,,,,,,,,,1,XBO,0
FALSE,2018 Chevrolet #23 Ruman Racing TA Corvette,Chev. #23 C7,3256,2018,Chevrolet,#23 Ruman Racing TA Corvette,Buy Cars DLC,FM Car Pass,Gift w/DLC,,,,,"330,000",Race,Forza T/A,899,R,5.5,7.1,7.3,6.7,,,850,550,2912,3.43,49,5900,NA,V,8,F,RWD,,,,Adjustable,none,none,,N. America,U.S.,,,2,L,4,,,3.150,5.605,13.800,195.3,93.2,226.2,1.48,1.79,2.455,13452,14-Dec-23,,14-Dec-23,FM,FM,DLC,,,,,,,,,,,,,1,XBO,1
FALSE,2018 Chevrolet Camaro ZL1 1LE,Chev. Camaro '18,3149,2018,Chevrolet,Camaro ZL1 1LE,Buy Cars Base,,,,Rare,,,"112,000",Factory,Modern Sport Touring,667,A,5.3,4.0,3.7,4.5,,,650,650,3837,5.90,54,6161,PDS,V,8,F,RWD,,325,Front,"WB Aftermarket, Hood","565, 640, 788, 825",TT,eng,N. America,U.S.,Chevrolet Camaro,,2,L,4,,,3.600,7.983,,192.1,106.0,249.5,1.25,1.38,4.383,13053,05-Oct-23,05-Nov-21,20-Dec-18,FM,FH4,FM,FH5,DLC,,,,,,,,,,,3,XBO,1
FALSE,2018 Chevrolet Camaro ZL1 1LE Forza Edition,Chev. Camaro FE,3801,2018,Chevrolet,Camaro ZL1 1LE Forza Edition,Buy Cars DLC,FM VIP,Gift w/DLC,,,,,"120,000",Upgraded,Modern Sport Touring,700,A,4.9,4.6,4.5,4.6,,,681,681,3913,5.75,55,6200,PDS,V,8,F,RWD,305,325,,Adjustable,none,TT,,N. America,U.S.,Chevrolet Camaro,,2,L,4,,,3.500,7.900,11.700,185.1,97.5,238.5,1.28,1.35,4.400,13402,05-Oct-23,,05-Oct-23,FM,FM,DLC,,,,,,,,,,,,,1,XBO,1
FALSE,2018 Chevrolet Hot Wheels COPO Camaro,COPOP Camaro '18,3163,2018,Chevrolet,Hot Wheels COPO Camaro,DLC Autoshow,FH5 Hot Wheels,Expansion,,Rare,,,"205,000",Race,Track Toys,867,S1,7.0,6.2,5.3,10.0,10.0,4.5,1100,850,3250,2.95,55,5735,PDS,V,8,F,RWD,,280,Both,Remove rear chute,"1500, 1750",none,no,N. America,U.S.,,,2,L,4,,,1.212,3.674,,192.7,93.6,246.0,0.99,0.98,2.462,13315,,19-Jul-22,19-Jul-22,FH5,FH5,,DLC,,,,,,,,,,,,1,XBO,0
FALSE,2017 Chevrolet #2 Team Penske IndyCar,#2 Chevy IndyCar,,2017,Chevrolet,#2 Team Penske IndyCar,,,,,,,,,Race,IndyCar,999,X,8.7,8.6,8.9,9.8,,,680,298,1570,2.31,42,,TT,V,6,M,RWD,,,,,,,no,N. America,U.S.,,Yes,1,C,4,,,3.522,5.400,9.467,239.3,84.7,190.5,1.74,2.40,1.878,12759,,,29-Sep-17,FM7,FM7,,,,FM7,,,,,,,,,,1,XBO,0
FALSE,2017 Chevrolet #24 Hendrick Motorsports KBB Super Sport,#24 Chevy KBB,,2017,Chevrolet,#24 Hendrick Motorsports KBB Super Sport,,,,,,,,,Livery,NASCAR,833,R,7.7,6.8,6.9,8.7,,,725,450,3300,4.55,53,,NA,V,8,F,RWD,,,,,,,stock,N. America,U.S.,,,2,L,4,,,4.018,7.518,11.250,204.9,121.5,276.3,1.40,1.61,3.500,12760,,,29-Sep-17,FM7,FM7,,,,FM7,,,,,,,,,,1,XBO,0
FALSE,2017 Chevrolet #24 Hendrick Motorsports Mountain Dew Super Sport,#24 Chevy Dew,,2017,Chevrolet,#24 Hendrick Motorsports Mountain Dew Super Sport,,,,,,,,,Race,NASCAR,833,R,7.7,6.8,6.9,8.7,,,725,450,3300,4.55,53,,NA,V,8,F,RWD,,,,,,,stock,N. America,U.S.,,,2,L,4,,,4.018,7.518,11.250,204.9,121.5,276.3,1.40,1.61,3.500,12761,,,29-Sep-17,FM7,FM7,,,,FM7,,,,,,,,,,1,XBO,0
FALSE,2017 Chevrolet #24 Hendrick Motorsports NAPA Super Sport,#24 Chevy NAPA,,2017,Chevrolet,#24 Hendrick Motorsports NAPA Super Sport,,,,,,,,,Livery,NASCAR,833,R,7.7,6.8,6.9,8.7,,,725,450,3300,4.55,53,,NA,V,8,F,RWD,,,,,,,stock,N. America,U.S.,,,2,L,4,,,4.018,7.518,11.250,204.9,121.5,276.3,1.40,1.61,3.500,12762,,,29-Sep-17,FM7,FM7,,,,FM7,,,,,,,,,,1,XBO,0
FALSE,2017 Chevrolet #4 AJ Foyt Enterprises IndyCar,#4 Chevy IndyCar,,2017,Chevrolet,#4 AJ Foyt Enterprises IndyCar,,,,,,,,,Livery,IndyCar,999,X,8.7,8.6,8.9,9.8,,,680,298,1570,2.31,42,,TT,V,6,M,RWD,,,,,,,no,N. America,U.S.,,Yes,1,C,4,,,3.500,5.400,9.467,239.3,86.9,194.4,1.74,2.40,1.900,12763,,,29-Sep-17,FM7,FM7,,,,FM7,,,,,,,,,,1,XBO,0
FALSE,2017 Chevrolet Camaro ZL1,Chev. Camaro '17,2739,2017,Chevrolet,Camaro ZL1,Buy Cars Base,,,,Rare,,,"107,000",Factory,Modern Sport Touring,646,A,5.8,3.5,3.3,4.5,,,650,650,3883,5.97,50,6161,PDS,V,8,F,RWD,,305,no,"WB Safety Lights, Hood","565, 640, 825",TT,eng,N. America,U.S.,Chevrolet Camaro,,2,L,4,,,3.683,7.883,11.800,203.2,107.8,257.5,1.21,1.31,4.200,12667,05-Oct-23,05-Nov-21,07-Mar-17,FM,FH3,FM,FH5,FH4,FM7,DLC,,,,,,,,,5,XBO,1
FALSE,2017 Chevrolet Camaro ZL1 Forza Edition,Camaro '17 FE,,2017,Chevrolet,Camaro ZL1 Forza Edition,,,,,,,,,Upgraded,Sport Touring,675,A,7.0,5.6,5.7,8.5,,,597,597,3964,6.64,50,,PDS,V,8,F,RWD,,,,,,,eng,N. America,U.S.,Camaro,,2,L,4,,,3.700,7.900,11.800,187.6,138.6,330.0,1.23,1.27,4.200,12764,,,29-Sep-17,FM7,FM7,,,,FE,,,,,,,,,,1,XBO,0
FALSE,2017 Chevrolet Camaro ZL1 Preorder Car,Chevy Camaro PO,,2017,Chevrolet,Camaro ZL1 Preorder Car,DLC promo,,,,Rare,,,"60,000",Upgraded,Modern Muscle,900,S1,8.3,9.3,8.8,7.3,8.9,,650,650,2866,4.41,50,6440,PDS,V,8,F,RWD,,305,no,Safety Lights / Hood,"640, 700V, 750",none,eng,N. America,U.S.,Camaro,,2,L,4,,,3.715,7.919,,219.7,109.5,266.3,1.23,1.39,4.204,12963,,,28-Sep-18,FH4,FH4,,,DLC,,,,,,,,,,,1,XBO,0
FALSE,2017 Chevrolet Colorado ZR2,Chevrolet ZR2,2847,2017,Chevrolet,Colorado ZR2,"Autoshow, WS",,,,Common,,,"46,000",Factory,Pickups & 4x4s,530,C,5.4,3.0,3.0,3.9,3.4,8.2,308,275,4734,15.37,57,3564,NA,V,6,F,AWD,,265,no,Rally lights / bed,"415, 850, 1750","TT, PDS",stock,N. America,U.S.,,,4,L,4,,Heavy,6.100,17.083,14.333,147.6,158.2,380.2,0.83,0.82,10.983,12883,,05-Nov-21,06-Mar-18,FH5,FM7,,FH5,cu,DLC,,,,,,,,,,3,XBO,0
FALSE,2017 Chevrolet Colorado ZR2 Traffic,,,2017,Chevrolet,Colorado ZR2 Traffic,Horizon Promo,,,,,,,,Traffic,,,,,,,,,,,,,,,,,,,,,,,,,,,,,,,,,,,,,,,,,,,,,,13203,,,04-Nov-21,FH5,FH5,,HP,,,,,,,,,,,,1,XBO,0
FALSE,2016 Chevrolet #1 Chip Ganassi Racing McDonald's Super Sport,#1 Ganassi Chevy,,2016,Chevrolet,#1 Chip Ganassi Racing McDonald's Super Sport,,,,,,,,,Race,NASCAR,,,7.7,6.8,6.9,8.7,,,725,450,3300,4.55,53,,NA,V,8,F,RWD,,,,,,,stock,N. America,U.S.,,,2,L,4,,,4.000,7.500,,204.8,100.8,245.4,1.40,1.61,3.500,12459,,,17-May-16,FM6,FM6,,,,,,DLC,,,,,,,,1,XBO,0
FALSE,2016 Chevrolet #10 Stewart-Haas Racing Nature's Bakery Super Sport,#10 Haas Chevy,,2016,Chevrolet,#10 Stewart-Haas Racing Nature's Bakery Super Sport,,,,,,,,,Livery,NASCAR,,,7.7,6.8,6.9,8.7,,,725,450,3300,4.55,53,,NA,V,8,F,RWD,,,,,,,stock,N. America,U.S.,,,2,L,4,,,4.000,7.500,,204.8,100.8,245.4,1.40,1.61,3.500,12460,,,17-May-16,FM6,FM6,,,,,,DLC,,,,,,,,1,XBO,0
FALSE,2016 Chevrolet #14 Stewart-Haas Racing Mobil 1 Super Sport,#14 Mobil1 Chevy,,2016,Chevrolet,#14 Stewart-Haas Racing Mobil 1 Super Sport,,,,,,,,,Livery,NASCAR,,,7.7,6.8,6.9,8.7,,,725,450,3300,4.55,53,,NA,V,8,F,RWD,,,,,,,stock,N. America,U.S.,,,2,L,4,,,4.000,7.500,,204.8,100.8,245.4,1.40,1.61,3.500,12461,,,17-May-16,FM6,FM6,,,,,,DLC,,,,,,,,1,XBO,0
FALSE,2016 Chevrolet #24 Hendrick Motorsports NAPA Super Sport,#24 NAPA Chevy,,2016,Chevrolet,#24 Hendrick Motorsports NAPA Super Sport,,,,,,,,,Livery,NASCAR,,,7.7,6.8,6.9,8.7,,,725,450,3300,4.55,53,,NA,V,8,F,RWD,,,,,,,stock,N. America,U.S.,,,2,L,4,,,4.000,7.500,,204.8,100.8,245.4,1.40,1.61,3.500,12462,,,17-May-16,FM6,FM6,,,,,,DLC,,,,,,,,1,XBO,0
FALSE,2016 Chevrolet #4 Stewart-Haas Racing Jimmy John’s Super Sport,,,2016,Chevrolet,#4 Stewart-Haas Racing Jimmy John’s Super Sport,,,,,,,,,Livery,NASCAR,,,7.7,6.8,6.9,8.7,,,725,450,3300,4.55,53,,NA,V,8,F,RWD,,,,,,,stock,N. America,U.S.,,,2,L,4,,,4.000,7.500,,204.8,100.8,245.4,1.40,1.61,3.500,12463,,,17-May-16,FM6,FM6,,,,,,DLC,,,,,,,,1,XBO,0
FALSE,2016 Chevrolet #4 Stewart-Haas Racing Outback Steakhouse Super Sport,,,2016,Chevrolet,#4 Stewart-Haas Racing Outback Steakhouse Super Sport,,,,,,,,,Livery,NASCAR,,,7.7,6.8,6.9,8.7,,,725,450,3300,4.55,53,,NA,V,8,F,RWD,,,,,,,stock,N. America,U.S.,,,2,L,4,,,4.000,7.500,,204.8,100.8,245.4,1.40,1.61,3.500,12464,,,17-May-16,FM6,FM6,,,,,,DLC,,,,,,,,1,XBO,0
FALSE,2016 Chevrolet #41 Stewart-Haas Racing Haas Automation Super Sport,,,2016,Chevrolet,#41 Stewart-Haas Racing Haas Automation Super Sport,,,,,,,,,Livery,NASCAR,,,7.7,6.8,6.9,8.7,,,725,450,3300,4.55,53,,NA,V,8,F,RWD,,,,,,,stock,N. America,U.S.,,,2,L,4,,,4.000,7.500,,204.8,100.8,245.4,1.40,1.61,3.500,12465,,,17-May-16,FM6,FM6,,,,,,DLC,,,,,,,,1,XBO,0
FALSE,2016 Chevrolet #42 Chip Ganassi Racing Target Super Sport,,,2016,Chevrolet,#42 Chip Ganassi Racing Target Super Sport,,,,,,,,,Livery,NASCAR,,,7.7,6.8,6.9,8.7,,,725,450,3300,4.55,53,,NA,V,8,F,RWD,,,,,,,stock,N. America,U.S.,,,2,L,4,,,4.000,7.500,,204.8,100.8,245.4,1.40,1.61,3.500,12466,,,17-May-16,FM6,FM6,,,,,,DLC,,,,,,,,1,XBO,0
FALSE,2016 Chevrolet #48 Hendrick Motorsports Lowe's Super Sport,#48 Lowe's Chevy,,2016,Chevrolet,#48 Hendrick Motorsports Lowe's Super Sport,,,,,,,,,Livery,NASCAR,,,7.7,6.8,6.9,8.7,,,725,450,3300,4.55,53,,NA,V,8,F,RWD,,,,,,,stock,N. America,U.S.,,,2,L,4,,,4.000,7.500,,204.8,100.8,245.4,1.40,1.61,3.500,12467,,,17-May-16,FM6,FM6,,,,,,DLC,,,,,,,,1,XBO,0
FALSE,2016 Chevrolet #5 Hendrick Motorsports FARMERS Insurance Super Sport,,,2016,Chevrolet,#5 Hendrick Motorsports FARMERS Insurance Super Sport,,,,,,,,,Livery,NASCAR,,,7.7,6.8,6.9,8.7,,,725,450,3300,4.55,53,,NA,V,8,F,RWD,,,,,,,stock,N. America,U.S.,,,2,L,4,,,4.000,7.500,,204.8,100.8,245.4,1.40,1.61,3.500,12468,,,17-May-16,FM6,FM6,,,,,,DLC,,,,,,,,1,XBO,0
FALSE,2016 Chevrolet #5 Hendrick Motorsports Great Clips Super Sport,,,2016,Chevrolet,#5 Hendrick Motorsports Great Clips Super Sport,,,,,,,,,Livery,NASCAR,,,7.7,6.8,6.9,8.7,,,725,450,3300,4.55,53,,NA,V,8,F,RWD,,,,,,,stock,N. America,U.S.,,,2,L,4,,,4.000,7.500,,204.8,100.8,245.4,1.40,1.61,3.500,12469,,,17-May-16,FM6,FM6,,,,,,DLC,,,,,,,,1,XBO,0
FALSE,2016 Chevrolet #88 Hendrick Motorsports Nationwide Insurance Super Sport,,,2016,Chevrolet,#88 Hendrick Motorsports Nationwide Insurance Super Sport,,,,,,,,,Livery,NASCAR,,,7.7,6.8,6.9,8.7,,,725,450,3300,4.55,53,,NA,V,8,F,RWD,,,,,,,stock,N. America,U.S.,,,2,L,4,,,4.000,7.500,,204.8,100.8,245.4,1.40,1.61,3.500,12470,,,17-May-16,FM6,FM6,,,,,,DLC,,,,,,,,1,XBO,0
FALSE,2016 Chevrolet Camaro Super Sport,Chev. Camaro '16,2523,2016,Chevrolet,Camaro Super Sport,Buy Cars Base,,,,,,,"92,000",Factory,Modern Sport Touring,583,B,5.0,2.8,2.8,3.8,,,455,455,3672,8.07,54,6162,NA,V,8,F,RWD,,,,Forza,"565, 707, 788, 825","TT, PDS",stock,N. America,U.S.,Chevrolet Camaro,,2,L,4,,,4.200,9.382,12.483,186.8,140.5,343.6,1.12,1.12,5.182,12453,05-Oct-23,,03-May-16,FM,FM6,FM,,,FM7,FH3,DLC,,,,,,,,4,XBO,1
FALSE,2015 Chevrolet #1 Team Penske IndyCar,#1 Chevy Indy,,2015,Chevrolet,#1 Team Penske IndyCar,,,,,,,,,Livery,IndyCar,,,8.7,8.6,8.9,9.8,,,641,289,1570,2.45,42,,TT,V,6,M,RWD,,,,,,,no,N. America,U.S.,,Yes,1,C,4,,,3.500,5.400,......,237.5,76.3,178.1,1.74,2.40,1.900,12321,,,15-Sep-15,FM6,FM6,,,,,,FM6,,,,,,,,1,XBO,0
FALSE,2015 Chevrolet #10 Konica Minolta Corvette Daytona Prototype,Chev. #10 DP,2485,2015,Chevrolet,#10 Konica Minolta Corvette Daytona Prototype,Buy Cars Base,,,,,,,"340,000",Race,Forza P2,912,P,4.8,9.2,9.1,6.3,,,580,460,2438,4.20,47,5500,NA,V,8,M,RWD,320,325,,Adjustable,none,none,stock,N. America,U.S.,Chevrolet Corvette,,2,L,4,,,2.770,5.510,10.450,184.1,76.5,188.6,1.59,2.11,2.740,12438,05-Oct-23,,15-Mar-16,FM,FM6,FM,,,FM7,,DLC,,,,,,,,3,XBO,1
FALSE,2015 Chevrolet #67 CFH Racing IndyCar,#67 Chevy Indy,,2015,Chevrolet,#67 CFH Racing IndyCar,,,,,,,,,Race,IndyCar,,,8.7,8.6,8.9,9.8,,,641,289,1570,2.45,42,,TT,V,6,M,RWD,,,,,,,no,N. America,U.S.,,Yes,1,C,4,,,3.500,5.400,,237.5,76.4,178.2,1.74,2.40,1.900,12323,,,15-Sep-15,FM6,FM6,,,,,,FM6,,,,,,,,1,XBO,0
FALSE,2015 Chevrolet #9 Target Chip Ganassi Racing IndyCar,#9 Chevy Indy,,2015,Chevrolet,#9 Target Chip Ganassi Racing IndyCar,,,,,,,,,Livery,IndyCar,,,8.8,8.6,8.9,9.8,,,641,289,1570,2.45,42,,TT,V,6,M,RWD,,,,,,,no,N. America,U.S.,,Yes,1,C,4,,,3.500,5.400,,237.5,76.3,178.1,1.74,2.40,1.900,12324,,,15-Sep-15,FM6,FM6,,,,,,FM6,,,,,,,,1,XBO,0
FALSE,2015 Chevrolet Camaro Z/28,Chevy Camaro '15,2183,2015,Chevrolet,Camaro Z/28,"Autoshow, WS",,,,Rare,,,"86,000",Factory,Track Toys,797,A,6.7,7.2,6.8,5.5,5.4,4.4,505,481,3837,7.60,52,7008,NA,V,8,F,RWD,,305,Both,Forza,"640, 700V, 750, 800","TT, PDS",stock,N. America,U.S.,Camaro,,2,L,4,,,4.384,9.482,,182.6,93.1,221.2,1.13,1.21,5.098,12229,,05-Nov-21,02-Jun-15,FH5,FH2,,FH5,FH4,,FH3,FM6,DLC,,,,,,,5,XBO,0
FALSE,2015 Chevrolet Corvette Z06,Chev. C6 Z06 '15,2177,2015,Chevrolet,Corvette Z06,Buy Cars Base,,,,Rare,,,"203,000",Factory,Modern Sport GT,721,S,4.9,4.8,4.5,5.1,,,650,650,3536,5.44,50,6162,PDS,V,8,F,RWD,,335,Both,Forza,"565, 640, 788, 825",PDS,eng,N. America,U.S.,Chevrolet Corvette,,2,L,4,,,3.273,7.549,,214.0,89.1,212.9,1.16,1.29,4.276,12225,05-Oct-23,05-Nov-21,05-May-15,FM,FH2,FM,FH5,FH4,FM7,FH3,FM6,DLC,,,,,,,7,XBO,1
FALSE,2015 Chevrolet Corvette Z06 Forza Edition,Corvette '15 FE,,2015,Chevrolet,Corvette Z06 Forza Edition,,,,,,,,,Upgraded,Sport GT,771,S,6.8,6.3,6.3,8.8,,,650,650,2955,4.55,50,,PDS,V,8,F,RWD,,,,,,,eng,N. America,U.S.,Corvette,,2,L,4,,,3.200,7.200,11.183,182.3,113.3,280.9,1.35,1.41,4.000,12765,,,29-Sep-17,FM7,FM7,,,,FE,,,,,,,,,,1,XBO,0
FALSE,2015 Chevrolet Corvette Z06 Horizon Edition,,,2015,Chevrolet,Corvette Z06 Horizon Edition,,,,,,,,,Upgraded,Modern Muscle,883,S1,7.6,9.7,7.9,8.8,8.4,,650,650,3536,5.44,50,6162,PDS,V,8,F,RWD,,,,,,,eng,N. America,U.S.,,,2,L,4,,,,,,,,,,,.000,12562,,,23-Sep-16,FH3,FH3,,,,,HE,,,,,,,,,1,XBO,0
FALSE,2014 Chevrolet #3 Corvette Racing Corvette C7.R,Chev. #3 C7,2226,2014,Chevrolet,#3 Corvette Racing Corvette C7.R,Buy Cars Base,,,,,,,"302,000",Race,Forza GT2,804,R,4.6,6.5,6.8,6.0,,,491,485,2916,5.94,50,5500,NA,V,8,F,RWD,300/R18,310/R18,,Adjustable,none,none,stock,N. America,U.S.,Chevrolet Corvette,,2,L,4,,,3.800,7.418,11.083,180.7,85.5,209.3,1.45,1.70,3.618,12322,05-Oct-23,,15-Sep-15,FM,FM6,FM,,,FM7,DLC,FM6,,,,,,,,4,XBO,1
FALSE,2014 Chevrolet #4 ROAL Motorsport RML Cruze TC1 WTCC,#4 Chevy Cruze,,2014,Chevrolet,#4 ROAL Motorsport RML Cruze TC1 WTCC,,,,,,,,,Race,Forza Touring Cars,750,S,6.0,6.4,6.6,8.3,,,370,332,2425,6.55,65,,T,Inline,4,F,FWD,,,,,,,no,N. America,U.S.,,,4,L,4,,,4.940,9.223,12.483,160.2,122.3,291.8,1.35,1.50,4.283,12483,,,12-Jul-16,FM7,FM6,,,,FM7,,DLC,,,,,,,,2,XBO,0
FALSE,2014 Chevrolet Corvette Stingray,,,2014,Chevrolet,Corvette Stingray,,,,,,,,,Factory,Modern GT,797,A,7.6,8.5,7.1,8.3,8.4,,455,460,3444,7.57,42,2200,TT,V,8,F,RWD,,,,,,,,N. America,U.S.,,,2,L,4,,,3.500,6.500,,229.1,74.8,178.6,1.65,2.27,3.000,12099,,,30-May-14,FH2,FM5,,,,,,,FH2,DLC,,,,,,2,XBO,0
FALSE,2014 Chevrolet Super Sport,Chevy SuperSport,,2014,Chevrolet,Super Sport,,,,,,,,,Factory,Sport Touring,523,B,6.6,4.6,4.6,7.7,7.8,,415,415,3975,9.58,50,6162,NA,V,8,F,RWD,,275,,,415,,stock,N. America,U.S.,,,4,L,4,,,4.483,10.482,12.583,177.8,135.5,345.2,1.08,1.05,5.999,12188,,,04-Nov-14,FM7,FH2,,,,FM7,FH3,FM6,DLC,,,,,,,4,XBO,0
FALSE,2014 Chevrolet Super Sport Forza Edition,SuperSport FE,,2014,Chevrolet,Super Sport Forza Edition,,,,,,,,,Upgraded,Sport Touring,673,A,7.1,5.4,5.3,8.6,,,515,516,3505,6.81,50,,NA,V,8,F,RWD,,,,,,,stock,N. America,U.S.,,,4,L,4,,,4.500,10.500,11.500,190.9,133.2,327.2,1.20,1.17,6.000,12766,,,29-Sep-17,FM7,FM7,,,,FE,,,,,,,,,,1,XBO,0
FALSE,2013 Chevrolet #1 Andretti Autosport Dallara DW12,,,2013,Chevrolet,#1 Andretti Autosport Dallara DW12,,,,,,,,,Race,Modern Indy,607,A,7.7,5.0,4.9,8.4,8.5,,680,298,1534,2.26,49,6200,NA,V,6,M,RWD,,,,,,,stock,N. America,U.S.,,Yes,1,C,4,,,3.883,8.782,,205.9,110.9,279.7,1.16,1.16,4.899,12061,,,22-Nov-13,FM5,FM5,,,,,,,,FM5,,,,,,1,XBO,0
FALSE,2013 Chevrolet #12 Team Penske Dallara DW12,,,2013,Chevrolet,#12 Team Penske Dallara DW12,,,,,,,,,Livery,Modern Indy,,,,,,,,,680,298,1534,2.26,,,NA,V,6,M,RWD,,,,,,,,N. America,U.S.,,Yes,1,C,4,,,3.500,,,229.1,,,,,,12062,,,22-Nov-13,FM5,FM5,,,,,,,,FM5,,,,,,1,XBO,0
FALSE,2013 Chevrolet Summit Racing Pro Stock Camaro,Pro Stock Camaro,2130,2013,Chevrolet,Summit Racing Pro Stock Camaro,Seasonal,,,,,,,,Race,?,,,,,,,,,,,,,,,,,,,,,,,,,,,N. America,U.S.,,,,,,,,,,,,,,,,,,,,,FH5,FH5,,cu,,,,,,,,,,,,1,XBO,0
FALSE,2012 Chevrolet Camaro ZL1,Chevy Camaro '12,,2012,Chevrolet,Camaro ZL1,,,,,,,,,Factory,Sport Touring,631,A,7.4,5.2,5.2,8.2,,,580,557,4051,6.98,52,,PDS,V,8,F,RWD,,,,,,,eng,N. America,U.S.,Camaro,,2,L,4,,,3.817,8.700,11.917,196.1,127.8,323.6,1.16,1.17,4.883,11926,,,07-Aug-12,FM7,FM4,,,,FM7,,,FH2,FM5,FH1,DLC,,,,5,XBO,0
FALSE,2012 Chevrolet Camaro ZL1 (#88 Mt Dew Xbox livery),,,2012,Chevrolet,Camaro ZL1 (#88 Mt Dew Xbox livery),DLC promo,,,,,,,,Livery,Modern Muscle Cars,,,,,,,,,580,557,4051,6.98,,,,V,8,F,RWD,,,,,,,,N. America,U.S.,,,2,L,4,,,3.800,,,195.9,,,,,,12051,,,07-Nov-13,FM5,FM5,,,,,,,,DLC,,,,,,1,XBO,0
FALSE,2011 Chevrolet #04 Chevrolet Racing Monte Carlo SS Stock Car,,,2011,Chevrolet,#04 Chevrolet Racing Monte Carlo SS Stock Car,,,,,,,,,Livery,AmStock,730,R3,,,,,,,825,650,3400,4.12,,5900,NA,V,8,F,RWD,,,,,,,,N. America,U.S.,,,2,L,4,,,3.011,,,211.9,,,,,,11751,,,14-Oct-11,FM4,FM4,,,,,,,,,,FM4,,,,1,360,0
FALSE,2011 Chevrolet #4 Corvette Racing ZR1,#4 Chevy ZR1,,2011,Chevrolet,#4 Corvette Racing ZR1,,,,,,,,,Race,Forza GT,825,R,7.0,6.9,7.1,8.8,,,485,475,2745,5.66,50,,NA,V,8,F,RWD,,,,,,,stock,N. America,U.S.,Corvette,,2,L,4,,,3.300,7.200,11.333,189.1,116.2,274.3,1.45,1.66,3.900,11905,,,05-Jun-12,FM7,FM4,,,,FM7,,,,FM5,,DLC,,,,3,XBO,0
FALSE,2011 Chevrolet Spark,,,2011,Chevrolet,Spark,,,,,,,,,Factory,City,116,F,,,,,,,81,69,1905,23.52,,,,,4,F,FWD,,,,,,,,N. America,U.S.,,,3,L,4,,,12.400,,,106.5,,,,,,11758,,,14-Oct-11,FM4,FM4,,,,,,,,,,FM4,,,,1,360,0
FALSE,2011 Chevrolet Volt,,,2011,Chevrolet,Volt,,,,,,,,,Factory,Sedan,190,F,,,,,,,149,272,3825,25.67,,,,,4,F,FWD,,,,,,,,N. America,U.S.,,,4LB,L,4,,,8.800,,,133.1,,,,,,11759,,,14-Oct-11,FM4,FM4,,,,,,,,,,FM4,,,,1,360,0
FALSE,2010 Chevrolet #55 Level 5 Motorsports Oreca FLM09,Chev. #55 09,1317,2010,Chevrolet,#55 Level 5 Motorsports Oreca FLM09,Buy Cars Base,,,,,,,"341,000",Race,Forza P2,915,P,4.7,9.6,9.7,7.1,,,430,464,2116,4.92,45,6200,NA,V,8,M,RWD,300,310,,Adjustable,none,none,stock,N. America,U.S.,,Yes,2,R,4,,,3.100,6.000,10.383,181.7,81.4,191.1,1.62,2.23,2.900,11752,05-Oct-23,,14-Oct-11,FM,FM4,FM,,,FM7,,,,,,FM4,,,,3,XBO,1
FALSE,2010 Chevrolet #89 Intersport Racing Oreca FLM09,#89 Chevy FLM09,,2010,Chevrolet,#89 Intersport Racing Oreca FLM09,,,,,,,,,Livery,Forza P2,934,P,6.8,8.5,8.5,9.3,,,430,464,1984,4.61,45,,NA,V,8,M,RWD,,,,,,,stock,N. America,U.S.,,Yes,2,R,4,,,3.100,6.017,10.700,182.3,100.6,220.4,1.64,2.29,2.917,11753,,,14-Oct-11,FM7,FM4,,,,FM7,,,,,,FM4,,,,2,XBO,0
FALSE,2010 Chevrolet #99 Green Earth Team Gunnar Oreca FLM09,#99 Chevy FLM09,,2010,Chevrolet,#99 Green Earth Team Gunnar Oreca FLM09,,,,,,,,,Livery,Forza P2,934,P,6.8,8.5,8.5,9.3,,,430,464,1984,4.61,45,,NA,V,8,M,RWD,,,,,,,stock,N. America,U.S.,,Yes,2,R,4,,,3.100,6.017,10.700,182.3,100.6,220.4,1.64,2.29,2.917,11754,,,14-Oct-11,FM7,FM4,,,,FM7,,,,,,FM4,,,,2,XBO,0
FALSE,2010 Chevrolet Camaro SS,,,2010,Chevrolet,Camaro SS,,,,,,,,,Factory,Sports,481,B,,,,,,,422,408,3860,9.15,,,,,8,F,RWD,,,,,,,,N. America,U.S.,,,2,L,4,,,4.715,,,177.7,,,,,,11491,,,27-Oct-09,FM4,FM3,,,,,,,,,,FM4,FM3,,,2,360,0
FALSE,2010 Chevrolet Cobalt SS Turbocharged,,,2010,Chevrolet,Cobalt SS Turbocharged,,,,,,,,,Factory,Sports,455,B,,,,,,,260,260,2926,11.25,,,,,4,F,FWD,,,,,,,,N. America,U.S.,,,2,L,4,,,5.500,,,165.3,,,,,,11756,,,14-Oct-11,FM4,FM4,,,,,,,,,,FM4,,,,1,360,0
FALSE,2010 Chevrolet Corvette Grand Sport,,,2010,Chevrolet,Corvette Grand Sport,,,,,,,,,Factory,Sports,561,A,,,,,,,436,428,3311,7.59,,,,,8,F,RWD,,,,,,,,N. America,U.S.,,,2,L,4,,,3.900,,,199.5,,,,,,11603,,,12-Jan-10,FM4,FM3,,,,,,,,,,FM4,DLC,,,2,360,0
FALSE,2010 Chevrolet Corvette Grand Sport Convertible,,,2010,Chevrolet,Corvette Grand Sport Convertible,,,,,,,,,Factory,Open Top,573,A,,,,,,,436,428,3381,7.75,,,,V,8,F,RWD,,,,,,,,N. America,U.S.,,Yes,2,L,4,,,,,,,,,,,,11959,,,23-Oct-12,FH1,FH1,,,,,,,,,FH1,,,,,1,360,0
FALSE,2009 Chevrolet Aveo5 LT,,,2009,Chevrolet,Aveo5 LT,,,,,,,,,Factory,SubCom,102,F,3.8,4.6,4.8,3.0,3.3,,107,,2547,23.80,,,,,4,F,FWD,,,,,,,,N. America,U.S.,,,5,L,4,,,,,,,,,,,,11488,,,27-Oct-09,FM3,FM3,,,,,,,,,,,FM3,,,1,360,0
FALSE,2009 Chevrolet Corvette ZR1,Chev. C6 ZR1 '09,1069,2009,Chevrolet,Corvette ZR1,Buy Cars Base,,,,Rare,,,"149,000",Factory,Modern Sport GT,707,S,7.1,3.8,3.7,5.5,,,638,604,3350,5.25,52,6162,PDS,V,8,F,RWD,,335,Both,Forza,"565, 640, 788, 825",TT,eng,N. America,U.S.,Chevrolet Corvette,,2,L,4,,,3.276,7.385,11.400,214.3,102.6,246.4,1.04,1.09,4.109,11493,05-Oct-23,05-Nov-21,27-Oct-09,FM,FM3,FM,FH5,FH4,FM7,FH3,FM6,FH2,FM5,FH1,FM4,DLC,,,11,XBO,1
FALSE,2008 Chevrolet Monte Carlo SS Stock Car,,,2008,Chevrolet,Monte Carlo SS Stock Car,,,,,,,,,Livery,Coupe,715,R3,,,,,,,825,,3400,4.12,,5900,NA,V,8,F,RWD,,,,,,,,N. America,U.S.,,,2,L,4,,,,,,,,,,,,11494,,,27-Oct-09,FM3,FM3,,,,,,,,,,,FM3,,,1,360,0
FALSE,2007 Chevrolet #4 Corvette Racing C6.R,,,2007,Chevrolet,#4 Corvette Racing C6.R,,,,,,,,,Race,GT1,828,R2,6.7,7.6,7.5,8.2,7.1,,,,,#DIV/0!,,,,,8,F,RWD,,,,,,,,N. America,U.S.,,,2,L,4,,,,,,,,,,,.000,11486,,,27-Oct-09,FM3,FM3,,,,,,,,,,,FM3,,,1,360,0
FALSE,2006 Chevrolet #4 Corvette Racing C6.R,,,2006,Chevrolet,#4 Corvette Racing C6.R,,,,,,,,,Race,GT1,823,R2,,,,,,,593,639,2535,4.27,,,,,8,F,RWD,,,,,,,,N. America,U.S.,,,2,L,4,,,3.220,,,185.4,,,,,,11262,,,29-May-07,FM4,FM2,,,,,,,,,,FM4,FM3,FM2,,3,360,0
FALSE,2006 Chevrolet Corvette Z06,,,2006,Chevrolet,Corvette Z06,,,,,,,,,Factory,Sports,589,A,,,,,,,505,470,3150,6.24,,,,,8,F,RWD,,,,,,,,N. America,U.S.,,,2,L,4,,,3.700,,,207.1,,,,,,11267,,,29-May-07,FM4,FM2,,,,,,,,,,FM4,FM3,FM2,,3,360,0
FALSE,2005 Chevrolet #31 Whelen Engineering Corvette Z06,,,2005,Chevrolet,#31 Whelen Engineering Corvette Z06,,,,,,,,,Race,GT3,713,R3,,,,,,,525,,2950,5.62,,,,,,F,RWD,,,,,,,,N. America,U.S.,,,2,L,4,,,,,,,,,,,,11261,,,29-May-07,FM3,FM2,,,,,,,,,,,FM3,FM2,,2,360,0
FALSE,2005 Chevrolet #99 Tiger Racing Corvette Z06,,,2005,Chevrolet,#99 Tiger Racing Corvette Z06,,,,,,,,,Livery,GT3,711,R3,7.0,6.6,6.7,7.8,7.1,,525,,2950,5.62,,,,,,F,RWD,,,,,,,,N. America,U.S.,,,2,L,4,,,,,,,,,,,,11263,,,29-May-07,FM3,FM2,,,,,,,,,,,FM3,FM2,,2,360,0
FALSE,2005 Chevrolet Cobalt SS Coupe,,,2005,Chevrolet,Cobalt SS Coupe,,,,,,,,,Factory,Coupe,278,D,5.2,4.7,4.9,3.9,4.8,,205,,2970,14.49,,,,,4,F,FWD,,,,,,,,N. America,U.S.,,,2,L,4,,,,,,,,,,,,11265,,,29-May-07,FM3,FM2,,,,,,,,,,,FM3,FM2,,2,360,0
FALSE,2005 Chevrolet Corvette C6,,,2005,Chevrolet,Corvette C6,,,,,,,,,Factory,,,A3,,,,,,,,,,#DIV/0!,,,,,,F,RWD,,,,,,,,N. America,U.S.,,,2,L,4,,,,,,,,,,,.000,11035,,,03-May-05,FM1,FM1,,,,,,,,,,,,,FM1,1,360,0
FALSE,2004 Chevrolet #3 Corvette Racing C5.R,,,2004,Chevrolet,#3 Corvette Racing C5.R,,,,,,,,,Race,GT1,815,R2,,,,,,,620,495,2510,4.05,,,,,8,F,RWD,,,,,,,,N. America,U.S.,,,2,L,4,,,3.500,,,184.9,,,,,,11030,,,03-May-05,FM4,FM1,,,,,,,,,,FM4,FM3,FM2,FM1,4,360,0
FALSE,2003 Chevrolet #50 Corvette Racing C5.R,,,2003,Chevrolet,#50 Corvette Racing C5.R,,,,,,,,,Livery,GT1,807,R2,,,,,,,620,,2510,4.05,,,,,,F,RWD,,,,,,,,N. America,U.S.,,,2,L,4,,,,,,,,,,,,11487,,,27-Oct-09,FM3,FM3,,,,,,,,,,,FM3,,,1,360,0
FALSE,2003 Chevrolet #73 3R-Racing Corvette Z06,,,2003,Chevrolet,#73 3R-Racing Corvette Z06,,,,,,,,,Livery,GT3,712,R3,,,,,,,525,,2950,5.62,,,,,,F,RWD,,,,,,,,N. America,U.S.,,,2,L,4,,,,,,,,,,,,11031,,,03-May-05,FM3,FM1,,,,,,,,,,,FM3,FM2,FM1,3,360,0
FALSE,2003 Chevrolet Corvette Guldstrand Edition,,,2003,Chevrolet,Corvette Guldstrand Edition,,,,,,,,,Tuner,,790,,,,,,,,,,,#DIV/0!,,,,,,,,,,,,,,,N. America,U.S.,,,2,L,4,,,,,,,,,,,,11036,,,03-May-05,FM2,FM1,,,,,,,,,,,,FM2,FM1,2,360,0
FALSE,2002 Chevrolet Camaro 35th Anniversary Super Sport,Chev. Camaro '02,287,2002,Chevrolet,Camaro 35th Anniversary Super Sport,Buy Cars Base,,,,,,,"80,000",Factory,Sport Touring Classics,499,C,4.2,2.2,2.4,3.0,,,325,350,3554,10.94,55,5700,NA,V,8,F,RWD,,,,Forza,"415, 425, 565, 640, 825","T, TT, PDS, CS",stock,N. America,U.S.,Chevrolet Camaro,,2,L,4,,,5.190,11.840,13.500,164.1,134.5,339.5,1.10,1.06,6.650,11032,05-Oct-23,,03-May-05,FM,FM1,FM,,,FM7,,FM6,,FM5,,FM4,FM3,Uni,FM1,8,XBO,1
FALSE,2002 Chevrolet Corvette Z06,Chev. C4 Z06 '02,314,2002,Chevrolet,Corvette Z06,Buy Cars Base,,,,Common,,,"103,000",Factory,Sport GT Icons,599,B,6.0,2.7,3.3,3.6,,,405,400,3118,7.70,56,5666,NA,V,8,F,RWD,,295,Both,Forza,"425, 565, 640, 788, 825","TT, PDS, CS",stock,N. America,U.S.,Chevrolet Corvette,,2,L,4,,,4.500,9.900,12.800,191.0,142.4,348.6,0.98,1.03,5.400,11038,05-Oct-23,05-Nov-21,03-May-05,FM,FM1,FM,FH5,FH4,FM7,FH3,FM6,,FM5,,FM4,FM3,FM2,FM1,11,XBO,1
FALSE,2002 Chevrolet Lingenfelter 427 Corvette,,,2002,Chevrolet,Lingenfelter 427 Corvette,,,,,,,,,Tuner,,911,,,,,,,,,,,#DIV/0!,,,,,,,,,,,,,,,N. America,U.S.,,,2,L,4,,,,,,,,,,,,11039,,,03-May-05,FM2,FM1,,,,,,,,,,,,FM2,FM1,2,360,0
FALSE,1996 Chevrolet Corvette Grand Sport,,,1996,Chevrolet,Corvette Grand Sport,,,,,,,,,Factory,Sports,473,B,,,,,,,330,340,3351,10.15,,,,,8,F,RWD,,,,,,,,N. America,U.S.,,,2,L,4,,,5.200,,,178.5,,,,,,11266,,,29-May-07,FM4,FM2,,,,,,,,,,FM4,FM3,FM2,,3,360,0
FALSE,1996 Chevrolet Impala Super Sport,Chevy Impala '96,1379,1996,Chevrolet,Impala Super Sport,"Autoshow, WS",,,,Common,,,"20,000",Factory,Retro Muscle,509,C,5.0,2.7,4.3,3.6,2.6,5.2,260,330,4037,15.53,55,5733,NA,V,8,F,RWD,,255,Both,Police lights,"415, 475d, 800, 850, 1750","TT, PDS, T",stock,N. America,U.S.,,,4,L,4,,,6.485,17.884,,139.1,158.2,391.9,0.83,0.82,11.399,11847,,05-Nov-21,03-Jan-12,FH5,FM4,,FH5,cu,,,,,,,DLC,,,,3,XBO,0
FALSE,1995 Chevrolet Corvette ZR-1,Chev. C4 ZR1 '95,2006,1995,Chevrolet,Corvette ZR-1,Buy Cars Base,,,,Common,,,"105,000",Factory,Sport GT Icons,579,B,5.0,2.6,3.0,3.6,,,405,385,3505,8.65,52,5727,NA,V,8,F,RWD,,315,Both,Forza,"415, 562, 565, 640, 788","TT, CS",stock,N. America,U.S.,Chevrolet Corvette,,2,L,4,,,4.884,10.783,12.333,180.1,140.2,344.3,0.95,0.97,5.899,12090,05-Oct-23,05-Nov-21,18-Feb-14,FM,FM5,FM,FH5,FH4,FM7,FH3,FM6,FH2,DLC,,,,,,8,XBO,1
FALSE,1990 Chevrolet #30 Douglas Shierson Racing Lola T90/00,Chevy Lola T9000,,1990,Chevrolet,#30 Douglas Shierson Racing Lola T90/00,,,,,,,,,Race,IndyCar 90s,,,8.3,8.8,8.9,9.9,,,735,372,1874,2.55,35,,T,V,8,M,RWD,,,,,,,no,N. America,U.S.,,,1,C,4,,,2.500,4.650,,222.5,76.3,172.4,1.69,2.47,2.150,12415,,,01-Dec-15,FM6,FM6,,,,,,DLC,,,,,,,,1,XBO,0
FALSE,1990 Chevrolet Camaro IROC-Z,Chev. Camaro '90,1033,1990,Chevrolet,Camaro IROC-Z,Buy Cars Base,,,,Rare,,,"60,000",Factory,Sport Touring Classics,367,D,3.2,1.8,2.1,2.4,,,245,345,3627,14.80,59,5733,NA,V,8,F,RWD,,235,Both,Hood,"350, 415, 425, 640, 788, 825","TT, PDS, CS",stock,N. America,U.S.,Chevrolet Camaro,,2,L,4,,RPC,5.800,15.500,14.384,157.5,206.8,505.3,0.76,0.75,9.700,11490,05-Oct-23,,27-Oct-09,FM,FM3,FM,,cu,FM7,FH3,FM6,FH2,FM5,,FM4,FM3,,,9,XBO,1
FALSE,1988 Chevrolet #77 Beretta Trans Am,Chev #77 Beretta,3435,1988,Chevrolet,#77 Beretta Trans Am,Reward,FM Update 14,CC Invitational Historic Endurance,,,,,"248,000",Race,GTX Sportscars,758,S,4.1,5.7,5.7,5.3,,,515,404,2750,5.34,51,2750,NA,V,6,F,RWD,330/R16,350/R16,,Adjustable,none,none,,N. America,U.S.,,,2,L,4,,,3.800,7.500,11.350,175.1,89.6,226.4,1.38,1.51,3.700,,27-Nov-24,,,FM,FM,R,,,,,,,,,,,,,1,XBO,1
FALSE,1988 Chevrolet Monte Carlo Super Sport,Chev. MC '88,1575,1988,Chevrolet,Monte Carlo Super Sport,Buy Cars Base,,,,Common,,,"11,000",Factory,Sport Touring Classics,255,E,1.0,1.4,1.5,1.3,,,180,225,3522,19.57,57,5001,NA,V,8,F,RWD,,215,Both,Hood,"350, 415, 425, 640, 788, 825","TT, PDS",stock,N. America,U.S.,,,2,L,4,,RPC,8.982,28.358,16.783,136.5,181.1,446.2,0.76,0.76,19.376,12191,05-Oct-23,05-Nov-21,02-Dec-14,FM,FH2,FM,FH5,HTF,FM7,FH3,FM6,DLC,,,,,,,7,XBO,1
FALSE,1988 Chevrolet Monte Carlo Super Sport Forza Edition,Monte Carlo FE,,1988,Chevrolet,Monte Carlo Super Sport Forza Edition,,,,,,,,,Upgraded,Rebirth of Muscle,448,C,5.6,4.8,4.8,7.1,,,317,396,3175,10.02,57,,NA,V,8,F,RWD,,,,,,,stock,N. America,U.S.,,,2,L,4,,,9.028,28.436,13.900,150.2,144.5,359.3,1.12,1.08,19.408,12767,,,29-Sep-17,FM7,FM7,,,,FE,,,,,,,,,,1,XBO,0
FALSE,1979 Chevrolet Camaro Z28,Chevy Camaro '79,1064,1979,Chevrolet,Camaro Z28,"Autoshow, WS",,,,Rare,,,"35,000",Factory,Classic Muscle,466,D,4.5,2.5,4.1,3.5,2.9,5.4,175,270,3560,20.34,56,5733,NA,V,8,F,RWD,,225,Both,Hood,"415, 475d, 640, 800","TT, PDS, CS",stock,N. America,U.S.,Camaro,,2,L,4,,IMC,7.315,20.400,16.000,127.8,169.2,418.4,0.80,0.79,13.085,11489,,05-Nov-21,27-Oct-09,FH5,FM3,,FH5,HTF,FM7,FH3,FM6,FH2,DLC,,FM4,FM3,,,9,XBO,0
FALSE,1976 Chevrolet #76 Greenwood Corvette,Chev. #76 C3,2776,1976,Chevrolet,#76 Greenwood Corvette,Buy Cars Base,,,,,,,"304,000",Race,GTX Sportscars,811,R,7.5,5.2,5.5,7.0,,,700,629,2800,4.00,51,7700,NA,V,8,F,RWD,305/R15,375/R15,,Adjustable,none,none,stock,N. America,U.S.,Chevrolet Corvette,,2,L,4,,,3.900,7.020,10.433,220.9,92.1,237.9,1.38,1.48,3.120,12884,05-Oct-23,,19-Apr-18,FM,FM7,FM,,,DLC,,,,,,,,,,2,XBO,1
FALSE,1972 Chevrolet K10 Custom,Chevy K10 '72,3590,1972,Chevrolet,K10 Custom,Seasonal,Series 21 cu,,,Common,,,,Factory,Pickups & 4x4s,369,D,3.6,2.7,3.0,3.0,2.6,8.3,175,290,3936,22.49,60,5766,NA,V,8,F,AWD,,205,Both,Bars / Bed,"415, 805, 1750","TT, PDS",stock,N. America,U.S.,,,2,L,4,,,10.961,55.049,,100.9,166.1,405.2,0.79,0.78,44.088,13361,,08-Jun-23,08-Jun-23,FH5,FH5,,cu,,,,,,,,,,,,1,XBO,0
FALSE,1971 Chevrolet Vega GT,Chevy Vega,,1971,Chevrolet,Vega GT,,,,,,,,,Factory,Vintage Sport Compact,247,E,4.6,3.4,3.7,5.3,5.8,,110,138,2231,20.28,53,2294,NA,Inline,4,F,RWD,,165,,,,,stock,N. America,U.S.,,,2,L,4,,,11.219,31.044,16.917,120.6,138.0,355.4,0.96,0.90,19.825,12684,,,06-Jun-17,FM7,FH3,,,,FM7,DLC,,,,,,,,,2,XBO,0
FALSE,1970 Chevrolet Camaro Z28,Chev. Camaro '70,1330,1970,Chevrolet,Camaro Z28,Buy Cars Base,,,,Rare,,,"75,000",Factory,Vintage Muscle,353,D,1.9,1.0,1.1,2.9,,,360,380,3550,9.86,57,5735,NA,V,8,F,RWD,,205,Both,Hood,"302, 415, 425, 565, 640, 788, 825","TT, PDS, CS",stock,N. America,U.S.,Chevrolet Camaro,,2,L,4,,MvT,5.786,14.183,14.183,141.2,175.8,432.9,0.78,0.77,8.397,11755,05-Oct-23,05-Nov-21,14-Oct-11,FM,FM4,FM,FH5,FH4,FM7,FH3,FM6,FH2,FM5,,FM4,,,,9,XBO,1
FALSE,1970 Chevrolet Chevelle Super Sport 454,Chev Chevelle 70,299,1970,Chevrolet,Chevelle Super Sport 454,Buy Cars Base,,,,Rare,,,"84,000",Factory,Street Drag Racers,383,D,1.1,1.1,1.2,3.2,,,450,500,3369,7.49,59,7439,NA,V,8,F,RWD,,215,Both,Hood,"302, 415, 565, 640, 788, 825","TT, PDS",stock,N. America,U.S.,,,2,L,4,,MvT,6.086,13.468,13.683,129.7,176.1,431.4,0.77,0.76,7.382,11264,05-Oct-23,05-Nov-21,29-May-07,FM,FM2,FM,FH5,FH4,FM7,FH3,FM6,FH2,FM5,,FM4,FM3,FM2,,11,XBO,1
FALSE,1970 Chevrolet Chevelle Super Sport 454 Forza Edition,Chevelle '70 FE,,1970,Chevrolet,Chevelle Super Sport 454 Forza Edition,,,,,,,,,Upgraded,Classic Street Muscle,498,C,6.2,4.6,4.7,7.6,,,449,480,3499,7.79,56,,PDS,V,8,F,RWD,,,,,,,eng,N. America,U.S.,,,2,L,4,,,6.123,13.521,13.718,165.0,146.1,357.4,1.11,1.04,7.398,12768,,,29-Sep-17,FM7,FM7,,,,FE,,,,,,,,,,1,XBO,0
FALSE,1970 Chevrolet Chevelle Super Sport 454 Horizon Edition,,,1970,Chevrolet,Chevelle Super Sport 454 Horizon Edition,,,,,,,,,Upgraded,Classic Street Muscle,604,B,4.8,5.7,5.9,7.5,7.0,,450,500,3799,8.44,59,7439,NA,V,8,F,RWD,,B,,,,,stock,N. America,U.S.,,,2,L,4,,,,,,,,,,,.000,12561,,,23-Sep-16,FH3,FH3,,,,,HE,,,,,,,,,1,XBO,0
FALSE,1970 Chevrolet Chevelle Super Sport Barrett-Jackson Edition,Chevelle BJ '70,,1970,Chevrolet,Chevelle Super Sport Barrett-Jackson Edition,DLC store,,,,Epic,,,"105,000",Tuner,Classic Muscle,757,A,7.8,6.2,5.9,6.1,7.8,,620,645,3989,6.43,57,9373,NA,V,8,F,RWD,,345,Both,Hood,"640, 700V, 850","TT, PDS",stock,N. America,U.S.,,,2,L,4,,,3.500,7.800,11.917,204.2,163.9,382.0,0.88,0.88,4.300,13064,,,15-Jan-19,FH4,FM7,,,DLC,DLC,,,,,,,,,,2,XBO,0
FALSE,1970 Chevrolet Corvette ZR-1,Chev. ZR-1 '70,315,1970,Chevrolet,Corvette ZR-1,Buy Cars Base,,,,Epic,,,"85,000",Factory,Vintage Muscle,386,D,1.5,1.3,1.6,2.5,,,370,380,3330,9.00,49,5740,NA,V,8,F,RWD,,215,Both,Hood,"415, 425, 565, 640, 788, 825","TT, PDS, CS",stock,N. America,U.S.,Chevrolet Corvette,,2,L,4,,MvT,5.700,16.100,14.170,136.5,155.6,389.3,0.83,0.82,10.400,11268,05-Oct-23,05-Nov-21,29-May-07,FM,FM2,FM,FH5,FH4,FM7,FH3,FM6,FH2,FM5,,FM4,FM3,FM2,,11,XBO,1
FALSE,1970 Chevrolet El Camino Super Sport 454,Chevy El Camino,1291,1970,Chevrolet,El Camino Super Sport 454,Autoshow,,Accolade,,Rare,,,"65,000",Factory,Vans & Utility,544,C,5.9,2.4,3.6,3.2,3.1,5.5,450,500,3820,8.49,60,7439,NA,V,8,F,RWD,,215,Yes,Preset / hood,"415, 475d, 640, 700V, 800",PDS,stock,N. America,U.S.,,,2,L,4,,"DVG, OR",6.072,13.467,13.700,160.6,178.2,437.6,0.77,0.76,7.395,11671,,05-Nov-21,14-Dec-10,FH5,FM3,,FH5,FH4,FM7,FH3,FM6,,FM5,,FM4,DLC,,,8,XBO,0
FALSE,1969 Chevrolet Camaro Jordan Luka 3 Motorsport Edition,Camaro JL3,3972,1969,Chevrolet,Camaro Jordan Luka 3 Motorsport Edition,Buy Cars Base,FM Update 12,Play before 25 Jan '25,,,,,"157,000",Tuner,Vintage Muscle,693,A,3.9,4.8,4.7,4.0,,,525,486,3307,6.30,52,6200,NA,V,8,F,RWD,/R18,/R18,,,,"TT, PDS",,N. America,U.S.,Chevrolet Camaro,,2,L,4,,,5.786,14.183,14.183,141.2,175.8,432.9,0.78,0.77,8.397,,09-Sep-24,10-Sep-24,09-Sep-24,FM,FH5,G,cu,,,,,,,,,,,,2,XBO,1
FALSE,1969 Chevrolet Camaro Super Sport Coupe,Chev. Camaro '69,289,1969,Chevrolet,Camaro Super Sport Coupe,Buy Cars Base,,,,Rare,,,"70,000",Factory,Vintage Muscle,333,D,1.7,1.1,1.2,2.5,,,375,415,3670,9.79,58,6478,NA,V,8,F,RWD,,215,Both,Hood,"302, 415, 425, 565, 640, 788, 825","TT, PDS, CS",stock,N. America,U.S.,Chevrolet Camaro,,2,L,4,,MvT,6.367,16.262,14.213,139.3,155.5,381.4,0.83,0.82,9.895,11033,05-Oct-23,05-Nov-21,03-May-05,FM,FM1,FM,FH5,FH4,FM7,FH3,FM6,FH2,FM5,FH1,Uni,Uni,FM2,FM1,13,XBO,1
FALSE,1969 Chevrolet Camaro Super Sport Coupe Forza Edition,Camaro '69 FE,,1969,Chevrolet,Camaro Super Sport Coupe Forza Edition,DLC store,,,,,,,,Upgraded,Historic Road Racing,472,C,5.8,4.8,4.8,7.5,,,399,441,3215,8.06,58,,PDS,V,8,F,RWD,,,,,,,eng,N. America,U.S.,Camaro,,2,L,4,,,6.421,16.323,14.230,155.9,142.6,360.9,1.12,1.08,9.902,12769,,,29-Sep-17,FM7,FM7,,,,FE,,,,,,,,,,1,XBO,0
FALSE,1969 Chevrolet Camaro Super Sport Coupe Horizon Edition,,,1969,Chevrolet,Camaro Super Sport Coupe Horizon Edition,,,,,,,,,Upgraded,Classic Muscle,612,B,5.2,5.8,6.0,7.5,7.1,,375,415,3527,9.41,58,6478,NA,V,8,F,RWD,,,,,,,stock,N. America,U.S.,Camaro,,2,L,4,,,,,,,,,,,.000,12560,,,23-Sep-16,FH3,FH3,,,,,HE,,,,,,,,,1,XBO,0
FALSE,1969 Chevrolet Camaro Z28,,,1969,Chevrolet,Camaro Z28,,,,,,,,,Factory,Sports,305,D,,,,,,,290,290,3415,11.78,,,,,8,F,RWD,,,,,,,,N. America,U.S.,,,2,L,4,,,6.900,,,143.0,,,,,,11034,,,03-May-05,FM4,FM1,,,,,,,,,,FM4,FM3,FM2,FM1,4,360,0
FALSE,1969 Chevrolet Corvair Monza,,,1969,Chevrolet,Corvair Monza,,,,,,,,,Factory,Sports,137,F,,,,,,,140,160,2615,18.68,,,,,6,R,RWD,,,,,,,,N. America,U.S.,,,2,L,4,,,15.600,,,112.8,,,,,,11870,,,06-Mar-12,FM4,FM4,,,,,,,,,,DLC,,,,1,360,0
FALSE,1969 Chevrolet Nova Super Sport 396,Chev. Nova '69,1429,1969,Chevrolet,Nova Super Sport 396,Buy Cars Base,,,,Common,,,"76,000",Factory,Street Drag Racers,354,D,2.5,1.0,1.0,2.7,,,375,415,3470,9.25,55,6489,NA,V,8,F,RWD,,195,Front,Hood,"302, 415, 425, 565, 640, 788, 825","TT, PDS",stock,N. America,U.S.,,,2,L,4,,,5.985,13.383,13.870,148.5,177.2,434.7,0.77,0.77,7.398,11871,05-Oct-23,05-Nov-21,06-Mar-12,FM,FM4,FM,FH5,FH4,FM7,,FM6,,FM5,,DLC,,,,7,XBO,1
FALSE,1969 Chevrolet Nova Super Sport 396 Forza Edition,Nova '69 FE,,1969,Chevrolet,Nova Super Sport 396 Forza Edition,Exclusive,,,,FE,Speed Skills,,"297,000",Upgraded,Classic Muscle,657,B,6.7,5.5,6.1,5.1,6.0,,375,415,3470,9.25,55,6489,NA,V,8,F,RWD,,385,no,Preset / hood,"415, 640, 505, 700","TT, PDS",stock,N. America,U.S.,,,2,L,4,,,,,,,,,,,.000,12964,,,28-Sep-18,FH4,FH4,,,FE,,,,,,,,,,,1,XBO,0
FALSE,1967 Chevrolet Chevelle Super Sport 396,Chevelle '67,,1967,Chevrolet,Chevelle Super Sport 396,Exclusive,,,,Legendary,,,"250,000",Factory,Classic Muscle,561,C,6.5,4.4,4.6,5.2,6.6,,375,415,3585,9.56,57,6478,NA,V,8,F,RWD,,225,Both,Hood,"415, 640, 700","TT, PDS",stock,N. America,U.S.,,,2,L,4,,UH,6.500,15.400,14.250,159.0,210.7,504.7,0.72,0.72,8.900,11836,,,06-Dec-11,FH4,FM4,,,cu,FM7,FH3,FM6,,DLC,,DLC,,,,6,XBO,0
FALSE,1967 Chevrolet Corvette Stingray 427,Chev. C3 427 '67,312,1967,Chevrolet,Corvette Stingray 427,Buy Cars Base,,,,Epic,,,"93,000",Factory,Vintage Muscle,405,C,2.7,1.3,1.4,3.0,,,435,460,3340,7.68,46,6997,NA,V,8,F,RWD,,215,no,Hood,"415, 565, 640, 788, 825","TT, PDS, CS",stock,N. America,U.S.,Chevrolet Corvette,,2,L,4,,MvT,4.700,12.282,13.617,152.6,157.4,395.4,0.81,0.81,7.582,11037,05-Oct-23,05-Nov-21,03-May-05,FM,FM1,FM,FH5,FH4,FM7,FH3,FM6,FH2,FM5,FH1,FM4,FM3,FM2,FM1,13,XBO,1
FALSE,1966 Chevrolet Corvette F&F Edition,1966 Corvette FF,,1966,Chevrolet,Corvette F&F Edition,,,,,,,,,Tuner,Fast & Furious,552,B,6.3,5.0,5.1,7.6,,,435,460,3137,7.21,48,,NA,V,8,F,RWD,,,,,,,stock,N. America,U.S.,Corvette,,2,L,4,,,4.500,10.300,12.850,169.4,118.9,305.3,1.18,1.11,5.800,12770,,,29-Sep-17,FM7,FM7,,,,DLC,,,,,,,,,,1,XBO,0
FALSE,1966 Chevrolet Nova Super Sport,Chevy Nova '66,1354,1966,Chevrolet,Nova Super Sport,Seasonal,,,,Common,,,"70,000",Factory,Classic Muscle,582,C,6.2,4.5,4.8,5.4,6.9,,350,360,3146,8.99,54,5354,NA,V,8,F,RWD,,195,Both,Preset / hood,"415, 640, 700","TT, PDS",stock,N. America,U.S.,,,2,L,4,,,7.200,18.200,14.183,149.5,194.4,477.1,0.75,0.75,11.000,11709,,16-Nov-23,13-Oct-11,FH5,FM4,,cu,FH4,FM7,FH3,FM6,,DLC,,DLC,,,,7,XBO,0
FALSE,1964 Chevrolet Impala Super Sport 409,Chevy Impala,1300,1964,Chevrolet,Impala Super Sport 409,"Autoshow, WS",,,,Common,,,"46,000",Factory,Rods and Customs,544,C,5.5,2.3,3.6,3.4,3.0,5.4,425,425,3877,9.12,56,6670,NA,V,8,F,RWD,,205,Both,Preset / hood,"415, 475d, 640, 800, 1500","TT, PDS",stock,N. America,U.S.,,,2,L,4,,,6.285,12.767,14.900,150.3,179.0,443.9,0.76,0.76,6.482,11757,,05-Nov-21,14-Oct-11,FH5,FM4,,FH5,FH4,FM7,FH3,FM6,FH2,DLC,FH1,FM4,,,,9,XBO,0
FALSE,1964 Chevrolet Impala Super Sport 409 Forza Edition,Chevy Impala FE,,1964,Chevrolet,Impala Super Sport 409 Forza Edition,,,,,,,,,Upgraded,Nostalgic Drag Racers,548,B,5.7,4.9,5.0,7.6,,,441,441,3969,9.00,55,,NA,V,8,F,RWD,,,,,,,stock,N. America,U.S.,,,2,L,4,,,6.321,12.820,14.919,157.1,142.9,363.4,1.15,1.11,6.499,12771,,,29-Sep-17,FM7,FM7,,,,FE,,,,,,,,,,1,XBO,0
FALSE,1963 Chevrolet Corvette Grand Sport F&F Edition,1963 Corvette FF,,1963,Chevrolet,Corvette Grand Sport F&F Edition,,,,,,,,,Tuner,[custom],,,6.3,4.7,4.8,8.4,,,502,560,3384,6.74,46,,NA,V,8,F,RWD,,,,,,,stock,N. America,U.S.,Corvette,,2,L,4,,,3.284,6.785,,172.1,108.4,281.1,1.13,1.06,3.501,12236,,,15-Jun-15,FM6,FH2,,,,,,DLC,DLC,,,,,,,2,XBO,0
FALSE,1960 Chevrolet Corvette,Corvette '60,1093,1960,Chevrolet,Corvette,Car Collection,,,,Epic,,,"210,000",Factory,Classic Sports Cars,541,C,5.4,2.5,4.0,3.6,2.8,5.6,290,290,3080,10.62,55,4638,NA,V,8,F,RWD,,165,Both,Hood,none,CS,stock,N. America,U.S.,Corvette,Yes,2,L,4,,"OT, SS?",6.600,15.100,14.900,148.0,177.9,438.8,0.78,0.78,8.500,11492,,05-Nov-21,27-Oct-09,FH5,FM3,,FH5,FH4,FM7,FH3,FM6,FH2,FM5,,FM4,DLC,,,9,XBO,0
FALSE,1957 Chevrolet Bel Air,Chevy Bel Air,1459,1957,Chevrolet,Bel Air,"Autoshow, WS",,,,Rare,,,"130,000",Factory,Rods and Customs,432,D,4.8,2.1,3.8,2.8,1.6,6.0,220,300,3337,15.17,57,4638,NA,V,8,F,RWD,,205,Both,Preset / hood,"415, 475d, 640, 1500","TT, PDS",stock,N. America,U.S.,,,2,L,4,,,7.300,19.600,17.518,130.5,180.0,446.7,0.75,0.75,12.300,11828,,05-Nov-21,01-Nov-11,FH5,FM4,,FH5,FH4,FM7,FH3,FM6,FH2,DLC,DLC,DLC,,,,9,XBO,0
FALSE,1957 Chevrolet Bel Air Forza Edition,Chevy Bel Air FE,,1957,Chevrolet,Bel Air Forza Edition,,,,,,,,,Upgraded,Hot Rod Revival,,,,,,,,,,,,,,,,,,,RWD,,,,,,,,N. America,U.S.,,,2,L,4,,,7.300,19.600,13.967,142.5,151.2,383.8,1.04,0.97,12.300,12772,,,29-Sep-17,FM7,FM7,,,,FE,,,,,,,,,,1,XBO,0
FALSE,1956 Chevrolet Barbie Movie' Corvette EV,Barbie Corvette,3808,1956,Chevrolet,Barbie Movie' Corvette EV,Autoshow,Series 22 cu,Gift 202307,,Epic,,,"500,000",Tuner,Rods and Customs,658,B,4.4,3.2,4.4,4.9,5.2,4.7,302,332,2866,9.49,52,0,E,E,E,R,RWD,,185,no,none,none,none,E,N. America,U.S.,,Yes,2,L,4,,,5.350,11.983,,124.6,169.0,400.0,0.89,0.89,6.633,13372,,26-Jun-23,26-Jun-23,FH5,FH5,,cu,,,,,,,,,,,,1,XBO,0
FALSE,1955 Chevrolet 150 Utility Sedan,Chevy 150 Sedan,2507,1955,Chevrolet,150 Utility Sedan,"Autoshow, WS",,,,Common,,,"35,000",Factory,Rods and Customs,360,D,4.5,2.0,3.5,3.2,2.5,5.8,180,260,3309,18.38,55,4343,NA,V,8,F,RWD,,175,no,Hood,"415, 475d, 640, 1500, 1750","TT, PDS",stock,N. America,U.S.,,,2,L,4,,,9.700,28.919,17.400,123.1,183.3,454.6,0.73,0.73,19.219,12853,,05-Nov-21,05-Dec-17,FH5,FM7,,FH5,FH4,DLC,,,,,,,,,,3,XBO,0
FALSE,1953 Chevrolet Corvette,Corvette '53,1564,1953,Chevrolet,Corvette,Barn Find,,,,Legendary,,,"135,000",Factory,Classic Sports Cars,366,D,3.6,2.0,4.0,2.3,1.1,5.6,160,223,2900,18.13,53,3861,NA,Inline,6,F,RWD,,195,Both,Roof / hood,"321, 415, 805",CS,stock,N. America,U.S.,Corvette,Yes,2,L,4,,,11.000,29.000,18.633,103.6,180.8,445.6,0.77,0.77,18.000,11938,,05-Nov-21,04-Sep-12,FH5,FM4,,FH5,FH4,FM7,FH3,FM6,DLC,,,DLC,,,,7,XBO,0
FALSE,1953 Chevrolet Corvette Forza Edition,Corvette '53 FE,3559,1953,Chevrolet,Corvette Forza Edition,"WS, Seasonal",,,,FE,Clean Skills,,"500,000",Upgraded,Classic Racers,800,A,6.5,4.8,6.2,5.8,6.2,3.8,450,500,2205,4.90,50,7440,NA,V,8,F,RWD,,285,no,Hood,none,PDS,stock,N. America,U.S.,Corvette,Yes,2,L,4,,,10.959,28.940,,179.5,121.4,298.4,1.08,1.10,17.981,13213,,05-Nov-21,05-Nov-21,FH5,FH5,,FH5,,,,,,,,,,,,1,XBO,0
FALSE,1949 Chevrolet Fleetline Special F&F Edition,1949 Chevy FF,,1949,Chevrolet,Fleetline Special F&F Edition,,,,,,,,,Tuner,Fast & Furious,549,B,5.5,4.6,4.5,8.4,,,475,553,2900,6.11,55,,T,V,8,F,RWD,,,,,,,no,N. America,U.S.,,,2,L,4,,,4.780,9.900,11.900,147.9,132.5,331.9,1.08,1.00,5.120,12773,,,29-Sep-17,FM7,FM7,,,,DLC,,,,,,,,,,1,XBO,0
FALSE,1964 Chevron B16,Chevron B16,3541,1964,Chevron,B16,Reward,FM Update 9,Open Tour,,,,,"255,000",Race,Vintage Le Mans Prototypes,654,A,3.1,5.3,5.3,4.2,,,215,155,1532,7.13,43,2000,NA,Inline,4,M,RWD,235/R13,335/R13,,Adjustable,"232, 245",none,,Europe,U.K.,,,2,R,4,,,5.200,10.900,11.767,161.3,103.3,263.3,1.35,1.46,5.700,,10-Jul-24,,10-Jul-24,FM,FM,R,,,,,,,,,,,,,1,XBO,1
FALSE,2012 Chrysler 300 SRT8,Chrysler 300,,2012,Chrysler,300 SRT8,,,,,,,,,Factory,Sport Touring,510,B,7.1,6.9,4.5,7.7,7.5,,465,465,4365,9.39,54,6424,NA,V,8,F,RWD,,,,,,,stock,N. America,U.S.,,,4,L,4,,,4.517,10.618,12.900,190.9,150.9,364.7,1.06,1.03,6.101,11888,,,01-May-12,FM7,FM4,,,,FM7,FH3,FM6,,FM5,,DLC,,,,5,XBO,0
FALSE,2008 Chrysler 300C SRT-8,,,2008,Chrysler,300C SRT-8,,,,,,,,,Factory,Sedan,461,B,,,,,,,425,420,4178,9.83,,,,,8,F,RWD,,,,,,,,N. America,U.S.,,,4,L,4,,,4.900,,,175.6,,,,,,11495,,,27-Oct-09,FM4,FM3,,,,,,,,,,FM4,FM3,,,2,360,0
FALSE,2006 Chrysler Crossfire SRT6,,,2006,Chrysler,Crossfire SRT6,,,,,,,,,Factory,Sports,446,B,,,,,,,330,310,3239,9.82,,,,,6,F,RWD,,,,,,,,N. America,U.S.,,,2,L,4,,,5.100,,,167.5,,,,,,11269,,,29-May-07,FM4,FM2,,,,,,,,,,FM4,FM3,FM2,,3,360,0
FALSE,2005 Chrysler ME Four-Twelve Concept,,,2005,Chrysler,ME Four-Twelve Concept,,,,,,,,,Factory,,999,U,,,,,,,,,,#DIV/0!,,,,,,M,RWD,,,,,,,,N. America,U.S.,,,2,L,4,,,,,,,,,,,.000,11040,,,03-May-05,FM2,FM1,,,,,,,,,,,,FM2,FM1,2,360,0
FALSE,2004 Chrysler PT Cruiser GT,,,2004,Chrysler,PT Cruiser GT,,,,,,,,,Factory,Hatch,247,E,,,,,,,220,244,3104,14.11,,,,,4,F,FWD,,,,,,,,N. America,U.S.,,,5,L,4,,,7.200,,,130.1,,,,,,11041,,,03-May-05,FM4,FM1,,,,,,,,,,FM4,FM3,FM2,FM1,4,360,0
FALSE,1972 Chrysler VH Valiant Charger R/T E49,Chry. Valiant 72,2581,1972,Chrysler,VH Valiant Charger R/T E49,Buy Cars Base,,,,Rare,,,"76,000",Factory,Street Drag Racers,361,D,1.9,1.0,1.1,3.0,,,302,325,3031,10.04,56,4343,NA,Inline,6,F,RWD,,205,no,Hood,"333, 415, 425, 640, 707, 788, 825","T, PDS",stock,N. America,U.S.,,,2,R,4,,MvT,6.100,14.100,14.400,139.1,198.4,488.8,0.74,0.73,8.000,12677,05-Oct-23,,09-May-17,FM,FH3,FM,,FH4,FM7,DLC,,,,,,,,,4,XBO,1
FALSE,2069 Chryslus Rocket 69,Chryslus Rocket,,2069,Chryslus,Rocket 69,DLC promo,,,,,,,,Fantasy,? none,,,9.9,4.7,4.5,7.2,,,1000,737,4830,4.83,48,,E,E,E,M,AWD,,,,,,,no,N. America,U.S.,,,1,C,4,,,5.000,9.450,,263.5,119.7,309.7,1.06,1.06,4.450,12451,,,14-Apr-16,FM6,FM6,,,,,,DLC,,,,,,,,1,XBO,0
FALSE,2011 Citroen C1,,,2011,Citroen,C1,,,,,,,,,Factory,City,101,F,,,,,,,67,69,1764,26.33,,,,,3,F,FWD,,,,,,,,Europe,France,,,3,L,4,,,13.500,,,98.9,,,,,,11760,,,14-Oct-11,FM4,FM4,,,,,,,,,,FM4,,,,1,360,0
FALSE,2011 Citroen DS3,,,2011,Citroen,DS3,,,,,,,,,Factory,Hatch,291,D,,,,,,,154,177,2568,16.68,,,,,4,F,FWD,,,,,,,,Europe,France,,,3,L,4,,,7.700,,,134.8,,,,,,11651,,,03-Jul-10,FM4,FM3,,,,,,,,,,FM4,DLC,,,2,360,0
FALSE,2011 Citroen DS4,,,2011,Citroen,DS4,,,,,,,,,Factory,Hatch,319,D,,,,,,,197,203,2996,15.21,,,,,4,F,FWD,,,,,,,,Europe,France,,,5,L,4,,,8.282,,,146.4,,,,,,11939,,,04-Sep-12,FM4,FM4,,,,,,,,,,DLC,,,,1,360,0
FALSE,2009 Citroen C4 VTS,,,2009,Citroen,C4 VTS,,,,,,,,,Factory,Economy,275,E,,,,,,,150,177,2802,18.68,,,,,4,F,FWD,,,,,,,,Europe,France,,,3,L,4,,,8.400,,,136.4,,,,,,11496,,,27-Oct-09,FM4,FM3,,,,,,,,,,FM4,FM3,,,2,360,0
FALSE,1986 Citroen BX4TC,Citroen BX4TC,3508,1986,Citroen,BX4TC,Seasonal,,,,,,,,Factory,Retro Rally,,,,,,,,,,,,,,,,,,,,,,,,,,,Europe,France,,,,,4,,,,,,,,,,,,,,,,FH5,FH5,,cu,,,,,,,,,,,,1,XBO,0
FALSE,1970 Citroen 2CV,Citroen 2CV,,1970,Citroen,2CV,,,,,,,,,Factory,Major Micros,100,E,3.0,3.3,3.3,3.0,,,33,31,1504,45.58,58,,NA,Flat,2,F,FWD,,,,,,,stock,Europe,France,,,2,L,4,,,32.723,999.999,24.066,70.9,134.4,na,0.94,0.81,967.276,12860,,,16-Jan-18,FM7,FM7,,,,DLC,,,,,,,,,,1,XBO,0
FALSE,2011 Citroën DS 3 Racing,Citroen DS 3 '11,1665,2011,Citroën,DS 3 Racing,Buy Cars Base,,,,Common,,,"40,000",Factory,Modern Hot Hatch,379,D,1.8,2.3,2.3,2.4,,,204,203,2692,13.20,60,1598,T,Inline,4,F,FWD,,215,no,Forza,"350, 375, 394I, 475",none,no,Europe,France,,,3,L,4,,,6.400,16.800,,146.1,145.7,371.3,0.87,0.88,10.400,11961,05-Oct-23,,23-Oct-12,FM,FH1,FM,,cu,,,,,FM5,FH1,,,,,4,XBO,1
FALSE,2022 CUPRA Formentor VZ5,Formentor '22,3746,2022,CUPRA,Formentor VZ5,Autoshow,Series 21 cu,Gift 202305,,Epic,,,"70,000",Factory,Sports Utility Heroes,740,A,6.3,4.4,5.5,7.8,8.6,6.1,385,354,3545,9.21,58,2480,T,Inline,5,F,AWD,,255,Both,Forza,300,none,no,Europe,Spain,,,5,L,4,,,4.521,9.800,,175.8,126.9,319.9,0.93,0.95,5.279,13358,,24-May-23,24-May-23,FH5,FH5,,cu,,,,,,,,,,,,1,XBO,0
FALSE,2022 CUPRA Tavascan Concept,Tavascan '22,3747,2022,CUPRA,Tavascan Concept,Autoshow,Series 21 cu,Gift 202305,,Epic,,,"50,000",Factory,Sports Utility Heroes,677,B,3.8,4.0,4.6,3.6,4.1,6.4,335,368,5000,14.93,48,0,E,E,E,F,AWD,,285,no,Forza,none,none,E,Europe,Spain,,,5,L,4,,,5.633,14.117,,111.5,127.5,330.2,0.93,0.94,8.484,13357,,24-May-23,24-May-23,FH5,FH5,,cu,,,,,,,,,,,,1,XBO,0
FALSE,2022 CUPRA UrbanRebel Concept,UrbanRebel '22,3748,2022,CUPRA,UrbanRebel Concept,Autoshow,Series 15 cu,Gift 202212,,Epic,,,"2,000,000",Race,Track Toys,854,S1,5.8,7.6,7.9,5.8,6.3,4.8,429,485,3142,7.32,48,0,E,E,E,F,AWD,,235,Both,Adjustable,none,none,E,Europe,Spain,,,2,L,4,,,3.100,6.900,,163.1,77.1,185.7,1.60,1.92,3.800,13330,,06-Dec-22,06-Dec-22,FH5,FH5,,cu,,,,,,,,,,,,1,XBO,0
FALSE,2024 Czinger 21C,Czinger 21C,3757,2024,Czinger,21C,Autoshow,FH5 American,,,,,,,Factory,Extreme Track Toys,,,,,,,,,,,,,,,,,,,,,,,,,,,N. America,U.S.,,,2,C,4,,,,,,,,,,,,13435,,07-Nov-23,07-Nov-23,FH5,FH5,,DLC,,,,,,,,,,,,1,XBO,0
FALSE,1979 Datsun #33 280ZX Turbo,Datsun #33 280ZX,2488,1979,Datsun,#33 280ZX Turbo,Buy Cars Base,,,,,,,"314,000",Race,GTX Sportscars,842,R,6.3,6.0,6.1,7.4,,,750,650,2565,3.42,45,4200,TT,V,8,F,RWD,305,375,,Adjustable,none,none,no,Asia,Japan,,,2,L,4,,,2.600,5.300,9.983,206.5,97.9,235.3,1.42,1.55,2.700,12492,05-Oct-23,,02-Aug-16,FM,FM6,FM,,,FM7,,DLC,,,,,,,,3,XBO,1
FALSE,1970 Datsun 510,Datsun 510 '70,1104,1970,Datsun,510,Buy Cars Base,,,,Common,,,"14,000",Factory,Vintage Sport Compact,223,E,1.0,1.0,1.0,1.2,,,96,100,2050,21.35,54,1595,NA,Inline,4,F,RWD,,165,no,WB,"250, 276, 350, 415, 565, 630, 788",T,stock,Asia,Japan,,,2,L,4,,"MvT, RPC",13.500,42.015,19.700,103.9,185.6,450.0,0.73,0.73,28.515,11497,05-Oct-23,05-Nov-21,27-Oct-09,FM,FM3,FM,FH5,FH4,FM7,FH3,FM6,FH2,FM5,DLC,FM4,FM3,,,11,XBO,1
FALSE,1969 Datsun 2000 Roadster,Datsun 2000,2272,1969,Datsun,2000 Roadster,Buy Cars Base,,,,,,,"22,000",Factory,Sport Coupe Icons,251,E,1.0,1.0,1.1,1.4,,,135,132,2135,15.81,56,1982,NA,Inline,4,F,RWD,,,,Forza,"194, 245, 250, 350, 394I, 415, 475","T, PDS",stock,Asia,Japan,Nissan Fairlady Z,Yes,2,L,4,,RPC,9.317,27.900,17.000,119.0,134.7,342.7,0.97,0.91,18.583,12407,05-Oct-23,,03-Nov-15,FM,FM6,FM,,,FM7,FH3,DLC,,,,,,,,4,XBO,1
FALSE,1984 De Tomaso Pantera GT5,Pantera GT5,3198,1984,De Tomaso,Pantera GT5,Buy Cars DLC,FM Racing Heroes,Gift w/DLC,,,,,"122,000",Factory,Vintage Exotic GT,502,B,3.1,2.8,2.9,3.1,,,310,330,3268,10.54,43,5800,NA,V,8,M,RWD,285/R15,/R15,,Forza,"425, 460, 565, 640, 788, 825","TT, PDS",,Europe,Italy,,,2,L,4,,,5.200,12.100,13.400,159.3,106.2,267.1,1.15,1.12,6.900,,05-May-25,,05-May-25,FM,FM,DLC,,,,,,,,,,,,,1,XBO,1
FALSE,1971 De Tomaso Pantera,,,1971,De Tomaso,Pantera,,,,,,,,,Factory,Sports,399,C,,,,,,,311,380,3155,10.14,,,NA,V,8,M,RWD,,,,,,,,Europe,Italy,,,2,L,4,,,6.800,,,153.2,,,,,,11672,,,14-Dec-10,FM4,FM3,,,,,,,,,,FM4,DLC,,,2,360,0
FALSE,2019 DeBerti Ford Super Duty F-250 Lariat 'Transformer',DeBerti F-250,3439,2019,DeBerti,Ford Super Duty F-250 Lariat 'Transformer',Seasonal,Series 21 cu,,,Epic,,,"250,000",Tuner,Unlimited Offroad,665,B,5.6,3.8,3.7,4.9,3.8,10.0,850,1200,7740,9.11,53,6650,T,V,8,F,AWD,,315,no,"Bars, Bed","640, 700, 800, 850, 1750",none,eng,N. America,U.S.,,,4,L,4,,,5.344,12.933,,155.3,152.5,378.2,0.83,0.82,7.589,13359,,25-May-23,25-May-23,FH5,FH5,,cu,,,,,,,,,,,,1,XBO,0
FALSE,"2019 DeBerti Toyota Tacoma TRD ""The Performance Truck""",DD Tacoma TRD,3441,2019,DeBerti,"Toyota Tacoma TRD ""The Performance Truck""",Autoshow,,,,Common,,,"500,000",Tuner,Drift Cars,836,S1,6.4,6.9,5.6,4.9,5.1,4.7,900,626,3215,3.57,51,6880,NA,V,8,F,RWD,,275,Both,Forza,none,none,stock,N. America,U.S.,,,2,L,4,,,3.587,6.387,,176.3,107.5,253.0,1.11,1.28,2.800,13214,,05-Nov-21,05-Nov-21,FH5,FH5,,FH5,,,,,,,,,,,,1,XBO,0
FALSE,2018 DeBerti Chevrolet Silverado 1500 Drift Truck,Silverado DD,3088,2018,DeBerti,Chevrolet Silverado 1500 Drift Truck,"Autoshow, WS",,,,Epic,,,"300,000",Tuner,Drift Cars,798,A,6.7,5.2,4.8,4.9,5.1,4.0,1005,912,3500,3.48,51,6964,PDS,V,8,F,RWD,,295,no,Forza,none,none,no,N. America,U.S.,,,2,L,4,,,2.978,5.466,,179.1,110.8,278.3,1.07,1.07,2.488,13041,,05-Nov-21,06-Dec-18,FH5,FH4,,FH5,DLC,,,,,,,,,,,2,XBO,0
FALSE,2018 DeBerti F-150 Prerunner Truck,DeBerti F-150,3109,2018,DeBerti,F-150 Prerunner Truck,"Autoshow, WS",,Accolade,,Epic,,,"250,000",Tuner,Unlimited Offroad,691,B,5.7,4.9,3.6,5.4,5.8,9.9,800,800,7000,8.75,49,4951,TT,V,8,F,RWD,,345,no,"Front bar, mudflaps","850, 914, 1000",none,eng,N. America,U.S.,,,4,L,4,,Heavy,5.013,12.228,,157.0,126.8,317.8,0.86,0.85,7.215,13114,,05-Nov-21,23-Sep-19,FH5,FH4,,FH5,cu,,,,,,,,,,,2,XBO,0
FALSE,2018 DeBerti Ford Mustang GT,Ford Mustang DD,3046,2018,DeBerti,Ford Mustang GT,Seasonal,Series 23 cu,,,Epic,,,"500,000",Tuner,Modern Muscle,824,S1,7.8,5.3,5.7,6.2,6.7,5.0,750,653,3820,5.09,53,5030,PDS,V,8,F,RWD,,,Both,Forza,"640, 800, 1500",TT,eng,N. America,U.S.,,,2,L,4,,,3.600,7.482,,209.7,110.8,272.5,1.12,1.15,3.882,13377,,27-Jul-23,27-Jul-23,FH5,FH4,,cu,cu,,,,,,,,,,,2,XBO,0
FALSE,2018 DeBerti Wrangler Unlimited,DeBerti Wrangler,3110,2018,DeBerti,Wrangler Unlimited,"Car Mastery, Seasonal",,,,Epic,,,"200,000",Tuner,Unlimited Offroad,749,A,4.7,4.4,4.0,6.3,4.8,9.3,707,650,4650,6.58,50,6166,PDS,V,8,F,AWD,,365,no,not adjustable,"707, 800, 850",none,eng,N. America,U.S.,,~,4,L,4,,Heavy,3.628,8.455,,132.4,134.7,346.3,0.92,0.91,4.827,13099,,05-Nov-21,01-Jul-19,FH5,FH4,,FH5,cu,,,,,,,,,,,2,XBO,0
FALSE,1965 DeBerti Chevrolet C10 'Slayer',C10 Slayer '65,3896,1965,DeBerti,Chevrolet C10 'Slayer',Seasonal,,,,,,,,Tuner,Rods and Customs,,,,,,,,,,,,,,,,,,,,,,,,,,,N. America,U.S.,,,,,,,,,,,,,,,,,,,,,FH5,FH5,,cu,,,,,,,,,,,,1,XBO,0
FALSE,1961 DeBerti Ford Econoline 'Shop Rod',DeBerti Shop Rod,3438,1961,DeBerti,Ford Econoline 'Shop Rod',Autoshow,FH5 American,,,,,,,Tuner,Rods and Customs,,,,,,,,,,,,,,,,,,,,,,,,,,,N. America,U.S.,,,,,,,,,,,,,,,,,13436,,07-Nov-23,07-Nov-23,FH5,FH5,,DLC,,,,,,,,,,,,1,XBO,0
FALSE,1982 DeLorean DMC-12,DeLorean DMC-12,1270,1982,DeLorean,DMC-12,Seasonal,Series 1 cu,,,Legendary,,,"15,000",Factory,Retro Sports Cars,464,D,4.3,3.1,4.9,2.8,2.3,6.0,130,160,2844,21.88,38,2849,NA,V,6,R,RWD,,235,Both,Forza,"500, 505, 475(3L), 1750",stock,stock,N. America,U.S.,,,2,L,4,,,9.484,35.100,,118.6,155.0,378.8,0.89,0.89,25.616,11673,,11-Nov-21,14-Dec-10,FH5,FM3,,cu,,,,,,,,FM4,DLC,,,3,XBO,0
FALSE,2010 Devon GTX GT3,,,2010,Devon,GTX GT3,,,,,,,,,Factory,Super,653,S,,,,,,,650,586,3200,4.92,,,,,10,F,RWD,,,,,,,,N. America,U.S.,,,2,L,4,,,,,,,,,,,,11629,,,10-May-10,FH1,FM3,,,,,,,,,DLC,FM4,DLC,,,3,360,0
FALSE,2022 Dodge Challenger SRT Super Stock,Challenger '22,3959,2022,Dodge,Challenger SRT Super Stock,Seasonal,,,,,,,,Factory,Modern Muscle,,,,,,,,,,,,,,,,,,,,,,,,,,,N. America,U.S.,,,,,,,,,,,,,,,,,,,,,FH5,FH5,,cu,,,,,,,,,,,,1,XBO,0
FALSE,2021 Dodge Durango SRT Hellcat,SRT Durango '21,3850,2021,Dodge,Durango SRT Hellcat,Seasonal,,,,,,,,Factory,Sports Utility Heroes,,,,,,,,,,,,,,,,,,,,,,,,,,,N. America,U.S.,,,,,,,,,,,,,,,,,,,,,FH5,FH5,,cu,,,,,,,,,,,,1,XBO,0
FALSE,2019 Dodge #9 American V8 Road Racing TA Challenger,Dodge #9 C,3292,2019,Dodge,#9 American V8 Road Racing TA Challenger,Buy Cars DLC,FM Car Pass,Gift w/DLC,,,,,"332,000",Race,Forza T/A,898,R,5.4,7.2,7.3,7.0,,,855,580,2912,3.41,49,5800,NA,V,8,F,RWD,310/R16,340/R16,,Adjustable,none,none,,N. America,U.S.,Dodge Challenger,,2,L,4,,,3.150,3.330,10.567,193.4,93.3,226.4,1.48,1.79,.180,13426,12-Oct-23,,12-Oct-23,FM,FM,DLC,,,,,,,,,,,,,1,XBO,1
FALSE,2018 Dodge Challenger SRT Demon,D. Challenger 18,2909,2018,Dodge,Challenger SRT Demon,Reward,FM Launch,BC Power Tour,,Rare,,,"115,000",Factory,Modern Sport Touring,679,A,7.2,5.5,2.5,5.1,,,840,770,4248,5.06,58,6166,PDS,V,8,F,RWD,315/R18,315/R18,no,Forza,"565, 640, 788",none,no,N. America,U.S.,Dodge Challenger,,2,L,4,,,2.300,6.015,11.167,209.4,99.8,239.9,1.11,1.08,3.715,12965,05-Oct-23,05-Nov-21,28-Sep-18,FM,FH4,R,FH5,HTF,,,,,,,,,,,3,XBO,1
FALSE,2018 Dodge Demon F&F Edition,Dodge Demon FF,,2018,Dodge,Demon F&F Edition,,,,,,,,,Tuner,Fast & Furious,660,A,8.0,6.3,4.7,8.8,,,840,770,4248,5.06,58,,PDS,V,8,F,AWD,,,,,,,no,N. America,U.S.,,,2,L,4,,,2.300,5.985,11.150,208.9,130.0,317.8,1.09,1.06,3.685,12774,,,29-Sep-17,FM7,FM7,,,,DLC,,,,,,,,,,1,XBO,0
FALSE,2018 Dodge Durango SRT,Dodge Durango,2839,2018,Dodge,Durango SRT,"Autoshow, WS",,,,Common,,,"70,000",Factory,Sports Utility Heroes,666,B,6.3,3.7,3.8,5.8,5.6,6.7,475,470,5510,11.60,52,6424,NA,V,8,F,AWD,,295,Both,Preset / Offroad,"475d, 640, 700V, 800","TT, PDS",stock,N. America,U.S.,,,5,L,4,,"Heavy, DVG",4.400,11.700,12.866,173.0,132.0,334.8,0.90,0.89,7.300,12873,,05-Nov-21,15-Feb-18,FH5,FM7,,FH5,FH4,DLC,,,,,,,,,,3,XBO,0
FALSE,2016 Dodge Viper ACR,Dodge Viper '16,2544,2016,Dodge,Viper ACR,Buy Cars Base,,,,Epic,,,"284,000",Factory,Modern Sport GT,767,S,4.1,6.1,5.6,5.5,,,645,600,3368,5.22,50,8382,NA,V,10,F,RWD,,355,Both,"WB, Forza","707, 788","TT, PDS, CS",stock,N. America,U.S.,Dodge Viper,,2,L,4,,?,3.468,7.382,11.483,185.1,84.7,191.0,1.32,1.56,3.914,12633,05-Oct-23,05-Nov-21,01-Nov-16,FM,FH3,FM,FH5,FH4,FM7,DLC,,,,,,,,,5,XBO,1
FALSE,2015 Dodge Challenger R/T F&F Edition,,,2015,Dodge,Challenger R/T F&F Edition,,,,,,,,,Tuner,[custom],800,A,7.4,,7.1,8.3,,,520,578,4012,7.72,54,5654,,,,F,RWD,,,,,,,,N. America,U.S.,,,2,L,4,,,5.679,,,197.8,,,,,,12215,,,07-Apr-15,FH2,FH2,,,,,,,DLC,,,,,,,1,XBO,0
FALSE,2015 Dodge Challenger SRT Hellcat,Challenger '15,2263,2015,Dodge,Challenger SRT Hellcat,"Autoshow, WS",,,,Rare,,,"75,000",Factory,Modern Muscle,755,A,7.7,4.9,5.4,4.5,4.6,4.2,707,650,4438,6.28,55,6166,PDS,V,8,F,RWD,,275,Both,Preset / WB,"707, 800",none,no,N. America,U.S.,Challenger,,2,L,4,,?,3.579,7.575,11.400,206.8,120.2,297.0,0.93,0.94,3.996,12326,,05-Nov-21,15-Sep-15,FH5,FM6,,FH5,FH4,FM7,FH3,FM6,,,,,,,,5,XBO,0
FALSE,2015 Dodge Challenger SRT Hellcat Battletoads Edition,Challenger BT,,2015,Dodge,Challenger SRT Hellcat Battletoads Edition,DLC promo,,,,,,,,Livery,Ultimate Sport Machines,,,7.2,5.2,5.1,8.4,,,707,650,4159,5.88,55,6166,PDS,V,8,F,RWD,,,,,707,,no,N. America,U.S.,,,2,L,4,,,3.800,7.700,,195.9,120.4,299.9,1.15,1.17,3.900,12303,,,10-Sep-15,FM6,FM6,,,,,,DLC,,,,,,,,1,XBO,0
FALSE,2015 Dodge Challenger SRT Hellcat Horizon Edition,,,2015,Dodge,Challenger SRT Hellcat Horizon Edition,,,,,,,,,Upgraded,Modern Muscle,766,A,8.0,7.6,6.6,8.1,7.3,,707,650,4438,6.28,55,6166,PDS,V,8,F,RWD,,S1,,,707,,eng,N. America,U.S.,Challenger,,2,L,4,,Heavy,,,,,,,,,.000,12563,,,23-Sep-16,FH3,FH3,,,,,HE,,,,,,,,,1,XBO,0
FALSE,2015 Dodge Challenger SRT Hellcat PreOrder Car,,,2015,Dodge,Challenger SRT Hellcat PreOrder Car,DLC promo,,,,,,,,Upgraded,Modern Muscle,800,A,7.8,8.2,7.0,8.1,7.3,,707,650,4438,6.28,57,6166,PDS,V,8,F,RWD,,,,,707,,eng,N. America,U.S.,,,2,L,4,,Heavy,,,,,,,,,.000,12564,,,23-Sep-16,FH3,FH3,,,,,DLC,,,,,,,,,1,XBO,0
FALSE,2015 Dodge Charger R/T F&F Edition,,,2015,Dodge,Charger R/T F&F Edition,,,,,,,,,Tuner,[custom],800,A,7.5,,0.9,8.4,,,520,578,3968,7.63,53,5654,,,,F,RWD,,,,,,,,N. America,U.S.,,,4,L,4,,,5.680,,,198.8,,,,,,12216,,,07-Apr-15,FH2,FH2,,,,,,,DLC,,,,,,,1,XBO,0
FALSE,2015 Dodge Charger SRT Hellcat,Dodge Charger 15,2468,2015,Dodge,Charger SRT Hellcat,Buy Cars Base,,,,Rare,,,"101,000",Factory,Modern Sport Touring,620,A,7.1,2.8,2.4,4.4,,,707,650,4575,6.47,54,6166,PDS,V,8,F,RWD,,275,Both,Forza,"565, 640, 707, 788",none,no,N. America,U.S.,Dodge Charger,,4,L,4,,Heavy,3.390,7.175,11.684,211.1,120.0,295.1,0.92,0.94,3.785,12445,05-Oct-23,05-Nov-21,05-Apr-16,FM,FM6,FM,FH5,FH4,FM7,FH3,DLC,,,,,,,,6,XBO,1
FALSE,2015 Dodge Team Forza Challenger SRT Hellcat,Challenger TF,,2015,Dodge,Team Forza Challenger SRT Hellcat,DLC promo,,,,,,,,Livery,Ultimate Sport Machines,,,7.2,5.2,5.1,8.4,,,707,650,4159,5.88,55,6166,PDS,V,8,F,RWD,,,,,707,,no,N. America,U.S.,,,2,L,4,,,3.800,7.700,,195.9,120.4,299.9,1.15,1.17,3.900,12304,,,10-Sep-15,FM6,FM6,,,,,,DLC,,,,,,,,1,XBO,0
FALSE,2014 Dodge #93 SRT Motorsports Viper GTS-R,Dodge #93 Viper,2229,2014,Dodge,#93 SRT Motorsports Viper GTS-R,Buy Cars Base,,,,,,,"303,000",Race,Forza GT2,808,R,4.5,6.5,6.8,5.5,,,475,520,2926,6.16,49,8000,NA,V,10,F,RWD,300/R18,310/R18,,Adjustable,none,none,stock,N. America,U.S.,Dodge Viper,,2,L,4,,,3.300,7.050,11.150,178.4,86.5,222.9,1.46,1.70,3.750,12325,05-Oct-23,,15-Sep-15,FM,FM6,FM,,,FM7,DLC,FM6,,,,,,,,4,XBO,1
FALSE,2013 Dodge Dart GT,Dodge Dart '13,2104,2013,Dodge,Dart GT,Buy Cars Base,,,,,,,"27,000",Factory,Modern Sport Compact,315,D,2.5,1.7,2.0,1.8,,,184,171,3296,17.91,60,2360,NA,Inline,4,F,FWD,,,,Street,"350, 375, 394I, 475","T, PDS",stock,N. America,U.S.,,,4,L,4,,,8.700,21.100,15.550,149.2,151.4,359.0,1.05,1.01,12.400,12685,05-Oct-23,,06-Jun-17,FM,FH3,FM,,,FM7,DLC,,,,,,,,,3,XBO,1
FALSE,2013 Dodge Dart GT Forza Edition,Dart GT FE '13,,2013,Dodge,Dart GT Forza Edition,,,,,,,,,Upgraded,Sport Compact,516,B,6.3,4.9,4.9,7.3,,,263,245,2845,10.82,65,,NA,Inline,4,F,FWD,,,,,,,stock,N. America,U.S.,,,4,L,4,,,8.700,21.100,13.783,169.7,148.0,335.4,1.14,1.09,12.400,12775,,,29-Sep-17,FM7,FM7,,,,FE,,,,,,,,,,1,XBO,0
FALSE,2013 Dodge SRT Viper GTS Anniversary Edition,Viper '13 AE,3749,2013,Dodge,SRT Viper GTS Anniversary Edition,Accolade,Series 13 cu,Accolade,,Anniv Ed,,,"250,000",Upgraded,Modern Muscle,900,S1,7.9,8.1,9.3,6.5,6.1,4.4,640,600,2646,4.13,49,8383,NA,V,10,F,RWD,,355,no,Street kit,800,"TT, PDS, CS",stock,N. America,U.S.,,,2,L,4,,,3.583,7.611,,214.5,91.2,209.1,1.37,1.68,4.028,13328,,13-Oct-22,13-Oct-22,FH5,FH5,,cu,,,,,,,,,,,,1,XBO,0
FALSE,2012 Dodge Challenger SRT8,D. Challenger 12,1620,2012,Dodge,Challenger SRT8,Buy Cars Base,,,,,,,"84,000",Factory,Modern Sport Touring,548,B,5.1,2.7,2.4,4.1,,,470,470,4160,8.85,54,6400,NA,V,8,F,RWD,,,,Forza,"565, 640, 707, 788, 825","TT, CS",stock,N. America,U.S.,Dodge Challenger,,2,L,4,,,4.483,10.200,12.900,186.6,135.7,345.0,1.08,1.05,5.717,11924,05-Oct-23,,16-Jul-12,FM,FM4,FM,,,FM7,,,FH2,FM5,FH1,DLC,,,,6,XBO,1
FALSE,2012 Dodge Challenger SRT8 392 (Day One livery),,,2012,Dodge,Challenger SRT8 392 (Day One livery),DLC promo,,,,,,,,Livery,Modern Muscle Cars,746,A,7.0,,6.5,7.9,,,470,470,4160,8.85,55,6424,,,,F,RWD,,,,,,,,N. America,U.S.,,,2,L,4,,,4.486,,,185.5,,,,,,12157,,,30-Sep-14,FH2,FH2,,,,,,,DLC,,,,,,,1,XBO,0
FALSE,2012 Dodge Charger SRT8,Dodge Charger 12,,2012,Dodge,Charger SRT8,,,,,,,,,Factory,Sport Touring,500,C,7.1,4.4,4.5,7.6,,,471,470,4365,9.27,54,,NA,V,8,F,RWD,,,,,,,stock,N. America,U.S.,Charger,,4,L,4,,,4.583,11.000,12.883,190.8,151.2,366.5,1.06,1.03,6.417,11829,,,01-Nov-11,FM7,FM4,,,,FM7,,FM6,FH2,FM5,FH1,DLC,,,,6,XBO,0
FALSE,2012 Dodge Charger SRT8 LCE Livery,,,2012,Dodge,Charger SRT8 LCE Livery,DLC promo,,,,,,,,Livery,Sedan,494,B,,,,,,,471,470,4365,9.27,,,,V,8,F,RWD,,,,,,,,N. America,U.S.,,,4,L,4,,,,,,,,,,,,11960,,,23-Oct-12,FH1,FH1,,,,,,,,,DLC,,,,,1,360,0
FALSE,"2010 Dodge Quinton ""Rampage"" Jackson Challenger SRT8 ",,,2010,Dodge,"Quinton ""Rampage"" Jackson Challenger SRT8 ",,,,,,,,,Tuner,Sports,498,B,,,,,,,558,497,4444,7.96,,,,,8,F,RWD,,,,,,,,N. America,U.S.,,,2,L,4,,,4.600,,,180.8,,,,,,11861,,,07-Feb-12,FM4,FM4,,,,,,,,,,DLC,,,,1,360,0
FALSE,2009 Dodge Challenger SRT8,,,2009,Dodge,Challenger SRT8,,,,,,,,,Factory,Sports,464,B,,,,,,,427,420,4140,9.70,,,,,8,F,RWD,,,,,,,,N. America,U.S.,,,2,L,4,,,4.700,,,179.4,,,,,,11501,,,27-Oct-09,FM4,FM3,,,,,,,,,,FM4,FM3,,,2,360,0
FALSE,2008 Dodge #11 Primetime Racing Group Viper CC,,,2008,Dodge,#11 Primetime Racing Group Viper CC,,,,,,,,,Livery,GT3,730,R3,,,,,,,520,540,2995,5.76,,,,,10,F,RWD,,,,,,,,N. America,U.S.,,,2,L,4,,,3.700,,,180.7,,,,,,11498,,,27-Oct-09,FM4,FM3,,,,,,,,,,FM4,FM3,,,2,360,0
FALSE,2008 Dodge #2 Mopar Viper Competition Coupe,,,2008,Dodge,#2 Mopar Viper Competition Coupe,,,,,,,,,Race,GT3,730,R3,,,,,,,520,540,2995,5.76,,,,,10,F,RWD,,,,,,,,N. America,U.S.,,,2,L,4,,,3.700,,,180.7,,,,,,11499,,,27-Oct-09,FM4,FM3,,,,,,,,,,FM4,FM3,,,2,360,0
FALSE,2008 Dodge Charger Stock Car,,,2008,Dodge,Charger Stock Car,,,,,,,,,Livery,Saloon,713,R3,,,,,,,825,,3400,4.12,,5900,NA,V,8,F,RWD,,,,,,,,N. America,U.S.,,,2,L,4,,,,,,,,,,,,11503,,,27-Oct-09,FM3,FM3,,,,,,,,,,,FM3,,,1,360,0
FALSE,2008 Dodge Magnum SRT8,Dodge Magnum,3169,2008,Dodge,Magnum SRT8,DLC Autoshow,FH5 Car Pass,Gift w/DLC,,Rare,,,"35,000",Factory,Modern Muscle,669,B,6.4,4.7,5.3,4.4,3.4,4.9,425,420,4379,10.30,53,6059,NA,V,8,F,RWD,,255,Both,Forza,"475d, 640, 707, 800","T, TT, PDS",stock,N. America,U.S.,,,5,L,4,,,5.100,12.100,,176.2,118.9,294.0,1.00,1.01,7.000,13293,,19-May-22,19-May-22,FH5,FH5,,DLC,,,,,,,,,,,,1,XBO,0
FALSE,2008 Dodge Viper SRT10 ACR,Dodge Viper '08,1046,2008,Dodge,Viper SRT10 ACR,Buy Cars Base,,,,Rare,,,"245,000",Factory,Modern Sport GT,737,S,4.4,5.4,5.3,4.6,,,600,560,3408,5.68,49,8383,NA,V,10,F,RWD,,345,Both,Forza,"707, 788","TT, CS",stock,N. America,U.S.,Dodge Viper,,2,L,4,,,3.386,7.965,11.583,196.6,102.1,234.0,1.21,1.41,4.579,11505,05-Oct-23,05-Nov-21,27-Oct-09,FM,FM3,FM,FH5,FH4,FM7,FH3,FM6,,FM5,,FM4,FM3,,,9,XBO,1
FALSE,2008 Dodge Viper SRT10 ACR Forza Edition,,,2008,Dodge,Viper SRT10 ACR Forza Edition,,,,,,,,,Upgraded,Sport GT,774,S,6.7,6.6,6.6,8.9,,,649,609,3263,5.03,49,,NA,V,10,F,RWD,,,,,,,stock,N. America,U.S.,Viper,,2,L,4,,,3.400,8.000,,175.0,131.1,299.7,1.35,1.54,4.600,12776,,,29-Sep-17,FM7,FM7,,,,FE,,,,,,,,,,1,XBO,0
FALSE,2008 Dodge Viper SRT10 ACR Horizon Edition,,,2008,Dodge,Viper SRT10 ACR Horizon Edition,,,,,,,,,Upgraded,Modern Muscle,912,S2,7.2,10.0,8.7,8.8,8.6,,600,560,3408,5.68,49,8383,NA,V,10,F,RWD,,S2,,,,,stock,N. America,U.S.,Viper,,2,L,4,,,,,,,,,,,.000,12566,,,23-Sep-16,FH3,FH3,,,,,HE,,,,,,,,,1,XBO,0
FALSE,2008 Dodge Xbox 360 Charger Stock Car,,,2008,Dodge,Xbox 360 Charger Stock Car,DLC promo,,,,,,,,Race,AmStock,713,R3,,,,,,,,,,#DIV/0!,,,,,,F,RWD,,,,,,,,N. America,U.S.,,,2,L,4,,,,,,,,,,,.000,11506,,,27-Oct-09,FM3,FM3,,,,,,,,,,,FM3,,,1,360,0
FALSE,2006 Dodge Challenger Concept,,,2006,Dodge,Challenger Concept,,,,,,,,,Factory,,594,B,,,,,,,,,,#DIV/0!,,,,,,F,RWD,,,,,,,,N. America,U.S.,,,2,L,4,,,,,,,,,,,.000,11383,,,22-Sep-07,FM2,FM2,,,,,,,,,,,,DLC,,1,360,0
FALSE,2006 Dodge Charger SRT8,,,2006,Dodge,Charger SRT8,,,,,,,,,Factory,Sedan,456,B,,,,,,,427,420,4160,9.74,,,,,8,F,RWD,,,,,,,,N. America,U.S.,,,4,L,4,,,5.014,,,177.2,,,,,,11275,,,29-May-07,FM4,FM2,,,,,,,,,,FM4,FM3,FM2,,3,360,0
FALSE,2006 Dodge Ram SRT10,,,2006,Dodge,Ram SRT10,,,,,,,,,Factory,SUV,380,C,,,,,,,500,525,5150,10.30,,,,,10,F,RWD,,,,,,,,N. America,U.S.,,,2,L,4,,,4.886,,,158.9,,,,,,11504,,,27-Oct-09,FM4,FM3,,,,,,,,,,FM4,FM3,,,2,360,0
FALSE,2005 Dodge #77 Team Zakspeed Viper ACR,,,2005,Dodge,#77 Team Zakspeed Viper ACR,,,,,,,,,Race,,,R3,,,,,,,,,,#DIV/0!,,,,,,F,RWD,,,,,,,,N. America,U.S.,,,2,L,4,,,,,,,,,,,,11273,,,29-May-07,FM2,FM2,,,,,,,,,,,,FM2,,1,360,0
FALSE,2005 Dodge SRT-4 ACR,Dodge SRT-4 '05,1306,2005,Dodge,SRT-4 ACR,Buy Cars Base,,,,,,,"62,000",Factory,Early Sport Compact,429,C,3.4,1.7,1.9,2.8,,,230,250,2984,12.97,64,2400,T,Inline,4,F,FWD,,,,Aftermarket,"350, 375, 394I, 475",none,eng,N. America,U.S.,,,4,L,4,,,6.000,13.800,14.400,155.2,140.4,346.9,1.05,1.01,7.800,11762,05-Oct-23,,14-Oct-11,FM,FM4,FM,,,FM7,,FM6,,FM5,,FM4,,,,5,XBO,1
FALSE,2004 Dodge #22 3R-Racing Viper Comp Coupe,,,2004,Dodge,#22 3R-Racing Viper Comp Coupe,,,,,,,,,Race,GT3,712,R3,,,,,,,520,,3170,6.10,,,,,10,F,RWD,,,,,,,,N. America,U.S.,,,2,L,4,,,,,,,,,,,,11043,,,03-May-05,FM3,FM1,,,,,,,,,,,FM3,FM2,FM1,3,360,0
FALSE,2003 Dodge #126 Team Zakspeed Viper GTS-R,,,2003,Dodge,#126 Team Zakspeed Viper GTS-R,,,,,,,,,Race,GT2,811,R2,,,,,,,623,535,2535,4.07,,,,,8,F,RWD,,,,,,,,N. America,U.S.,,,2,L,4,,,3.500,,,185.2,,,,,,11270,,,29-May-07,FM4,FM2,,,,,,,,,,FM4,FM3,FM2,,3,360,0
FALSE,2003 Dodge #23 Magellan Financial Viper Comp Coupe,,,2003,Dodge,#23 Magellan Financial Viper Comp Coupe,,,,,,,,,Livery,GT3,711,R3,,,,,,,520,,3170,6.10,,,,,10,F,RWD,,,,,,,,N. America,U.S.,,,2,L,4,,,,,,,,,,,,11044,,,03-May-05,FM3,FM1,,,,,,,,,,,FM3,FM2,FM1,3,360,0
FALSE,2003 Dodge SRT4,,,2003,Dodge,SRT4,,,,,,,,,Factory,Saloon,343,D,,,,,,,270,,2900,10.74,,,,,4,F,FWD,,,,,,,,N. America,U.S.,,,4,L,4,,,,,,,,,,,,11047,,,03-May-05,FM3,FM1,,,,,,,,,,,FM3,FM2,FM1,3,360,0
FALSE,2003 Dodge Viper Competition Coupe,,,2003,Dodge,Viper Competition Coupe,,,,,,,,,Race,Super,724,R3,,,,,,,520,540,2995,5.76,,,,,10,F,RWD,,,,,,,,N. America,U.S.,,,2,L,4,,,3.685,,,177.4,,,,,,11049,,,03-May-05,FM4,FM1,,,,,,,,,,FM4,FM3,FM2,FM1,4,360,0
FALSE,2003 Dodge Viper SRT-10,,,2003,Dodge,Viper SRT-10,,,,,,,,,Factory,Sports,580,A,,,,,,,500,525,3390,6.78,,,,,10,F,RWD,,,,,,,,N. America,U.S.,,,2,L,4,,,4.100,,,201.2,,,,,,11051,,,03-May-05,FM4,FM1,,,,,,,,,,FM4,FM3,FM2,FM1,4,360,0
FALSE,2002 Dodge #1 Team Zakspeed Viper GTS-R,,,2002,Dodge,#1 Team Zakspeed Viper GTS-R,,,,,,,,,Livery,GT1,768,R3,,,,,,,623,,2976,4.78,,,,,,F,RWD,,,,,,,,N. America,U.S.,,,2,L,4,,,,,,,,,,,,11042,,,03-May-05,FM3,FM1,,,,,,,,,,,FM3,FM2,FM1,3,360,0
FALSE,2001 Dodge #58 Larbre Competition Viper GTS-R,,,2001,Dodge,#58 Larbre Competition Viper GTS-R,,,,,,,,,Race,,,R3,,,,,,,,,,#DIV/0!,,,,,,F,RWD,,,,,,,,N. America,U.S.,,,2,L,4,,,,,,,,,,,,11272,,,29-May-07,FM2,FM2,,,,,,,,,,,,FM2,,1,360,0
FALSE,2000 Dodge #57 Carsport Holland Viper GTS-R,,,2000,Dodge,#57 Carsport Holland Viper GTS-R,,,,,,,,,Livery,GT1,766,R3,,,,,,,623,,2976,4.78,,,,,,F,RWD,,,,,,,,N. America,U.S.,,,2,L,4,,,,,,,,,,,,11271,,,29-May-07,FM3,FM2,,,,,,,,,,,FM3,FM2,,2,360,0
FALSE,2000 Dodge #91 Viper Team Oreca GTS-R,,,2000,Dodge,#91 Viper Team Oreca GTS-R,,,,,,,,,Race,GT2,823,R2,,,,,,,709,729,2535,3.58,,,,,10,F,RWD,,,,,,,,N. America,U.S.,,,2,L,4,,,3.500,,,188.6,,,,,,11500,,,27-Oct-09,FM4,FM3,,,,,,,,,,FM4,FM3,,,2,360,0
FALSE,2000 Dodge Hennessey Viper 800TT,,,2000,Dodge,Hennessey Viper 800TT,,,,,,,,,Tuner,,953,S,,,,,,,,,,#DIV/0!,,,,,,F,RWD,,,,,,,,N. America,U.S.,,,2,L,4,,,,,,,,,,,,11046,,,03-May-05,FM2,FM1,,,,,,,,,,,,FM2,FM1,2,360,0
FALSE,1999 Dodge Viper GTS ACR,Dodge Viper '99,483,1999,Dodge,Viper GTS ACR,Buy Cars Base,,,,Legendary,,,"106,000",Factory,Sport GT Icons,602,A,5.3,3.3,3.3,3.7,,,460,500,3450,7.50,48,7990,NA,V,10,F,RWD,,335,Both,Forza,"565, 707, 788","TT, PDS, CS",stock,N. America,U.S.,Dodge Viper,,2,L,4,,MvT,4.300,9.600,12.583,189.6,132.7,327.4,0.97,1.00,5.300,11050,05-Oct-23,05-Nov-21,03-May-05,FM,FM1,FM,FH5,FH4,FM7,FH3,FM6,FH2,FM5,,FM4,FM3,FM2,FM1,12,XBO,1
FALSE,1996 Dodge Stealth R/T Turbo,Dodge Stealth 96,457,1996,Dodge,Stealth R/T Turbo,Buy Cars Base,,,,,,,"75,000",Factory,Early Sport Compact,449,C,4.3,2.0,2.3,2.6,,,320,315,3826,11.96,58,3000,TT,V,6,F,AWD,245/R18,245/R18,,Aftermarket,"375, 415, 562, 640, 788",none,,N. America,U.S.,Mitsubishi GTO,,2,L,4,,,5.700,14.400,14.200,173.6,109.4,282.9,1.09,1.06,8.700,11048,05-Oct-23,,03-May-05,FM,FM1,FM,,,,,,,,,FM4,FM3,FM2,FM1,5,XBO,1
FALSE,1986 Dodge Shelby Omni GLHS,Dodge Shelby '86,1292,1986,Dodge,Shelby Omni GLHS,Buy Cars Base,,,,,,,"47,000",Factory,Hot Hatch Icons,306,D,1.2,1.6,1.6,2.2,,,175,175,2540,14.51,62,2200,T,Inline,4,F,FWD,,,,Forza,"212, 350, 375, 475",none,eng,N. America,U.S.,,,5,L,4,,,6.700,17.700,15.300,130.4,147.6,338.8,1.01,0.97,11.000,11848,05-Oct-23,,03-Jan-12,FM,FM4,FM,,,FM7,,,,,,DLC,,,,3,XBO,1
FALSE,1970 Dodge Challenger R/T,D. Challenger 70,639,1970,Dodge,Challenger R/T,Buy Cars Base,,,,Epic,,,"87,000",Factory,Street Drag Racers,395,D,2.9,1.2,1.3,3.2,,,425,490,3507,8.25,58,6982,NA,V,8,F,RWD,,225,Both,Hood,"302, 415, 425, 565, 640, 707, 788, 825","TT, PDS",stock,N. America,U.S.,Dodge Challenger,,2,L,4,,"MvT, IMC",6.285,12.270,13.100,149.7,170.2,421.3,0.79,0.78,5.985,11761,05-Oct-23,05-Nov-21,14-Oct-11,FM,FM4,FM,FH5,FH4,FM7,FH3,FM6,FH2,FM5,,FM4,,,,9,XBO,1
FALSE,1970 Dodge Challenger R/T Hemi,,,1970,Dodge,Challenger R/T Hemi,,,,,,,,,Factory,Coupe,347,D,,,,,,,480,490,3390,7.06,,,,,8,F,RWD,,,,,,,,N. America,U.S.,,,2,L,4,,,6.300,,,,,,,,,11045,,,03-May-05,FM3,FM1,,,,,,,,,,,FM3,DLC,FM1,3,360,0
FALSE,1970 Dodge Charger R/T F&F Edition,1970 Charger FF,,1970,Dodge,Charger R/T F&F Edition,DLC promo,,,,,,,,Tuner,Rods and Customs,,,,,,,,,980,840,3638,3.71,56,,PDS,V,8,F,RWD,,,,,,,no,N. America,U.S.,Charger,,2,L,4,,,3.000,6.000,,179.5,133.6,337.3,1.11,1.03,3.000,12239,,,15-Jun-15,FM6,FH2,,,,,,DLC,DLC,,,,,,,2,XBO,0
FALSE,1970 Dodge Coronet Super Bee,Dodge Coronet 70,1352,1970,Dodge,Coronet Super Bee,Buy Cars Base,,,,Rare,,,"88,000",Factory,Street Drag Racers,398,D,3.2,1.3,1.4,3.1,,,425,490,3420,8.05,58,6970,NA,V,8,F,RWD,,235,Both,Hood,"302, 415, 425, 565, 640, 707, 788, 825","TT, PDS",stock,N. America,U.S.,,,2,L,4,,,5.300,12.816,,158.0,172.9,428.3,0.80,0.80,7.516,11710,05-Oct-23,07-Jul-22,13-Oct-11,FM,FM4,FM,cu,,FM7,,FM6,,DLC,,DLC,,,,6,XBO,1
FALSE,1969 Dodge Charger Daytona F&F Edition,1969 Charger FF,,1969,Dodge,Charger Daytona F&F Edition,,,,,,,,,Tuner,[custom],,,7.6,5.2,5.2,8.5,,,675,568,3131,4.64,54,,NA,V,8,F,RWD,,,,,,,stock,N. America,U.S.,Charger,,2,L,4,,,3.800,7.800,,204.0,111.2,201.5,1.16,1.18,4.000,12237,,,15-Jun-15,FM6,FH2,,,,,,DLC,DLC,,,,,,,2,XBO,0
FALSE,1969 Dodge Charger Daytona HEMI,Charger Daytona,1063,1969,Dodge,Charger Daytona HEMI,Buy Cars Base,,,,Epic,,,"87,000",Factory,Vintage Muscle,392,D,2.1,1.4,1.5,3.2,,,425,490,3875,9.12,54,6974,NA,V,8,F,RWD,,225,Both,Hood,"302, 415, 425, 565, 640, 707, 788, 825","TT, PDS",stock,N. America,U.S.,Dodge Charger,,2,L,4,,MvT,6.384,13.963,14.300,139.0,169.1,416.3,0.79,0.81,7.579,11502,05-Oct-23,05-Nov-21,27-Oct-09,FM,FM3,FM,FH5,FH4,FM7,FH3,FM6,DLC,,,FM4,DLC,,,9,XBO,1
FALSE,1969 Dodge Charger Daytona HEMI Forza Edition,,,1969,Dodge,Charger Daytona HEMI Forza Edition,,,,,,,,,Upgraded,Historic Road Racing,,,,,,,,,,,,,,,,V,8,F,RWD,,,,,,,,N. America,U.S.,,,2,L,4,,,,,,,,,,,,12777,,,29-Sep-17,FM7,FM7,,,,FE,,,,,,,,,,1,XBO,0
FALSE,1969 Dodge Charger R/T,Dodge Charger 69,513,1969,Dodge,Charger R/T,Buy Cars Base,,,,Rare,,3-Apr-2024,"83,000",Factory,Vintage Muscle,376,D,3.0,1.1,1.2,3.0,,,425,490,3671,8.64,54,6981,NA,V,8,F,RWD,,215,Front,Hood,"302, 415, 425, 565, 640, 707, 788, 825","TT, PDS",stock,N. America,U.S.,Dodge Charger,,2,L,4,,"MvT, IMC",5.985,15.980,14.382,140.5,169.2,424.2,0.78,0.77,9.995,11274,05-Oct-23,05-Nov-21,29-May-07,FM,FM2,FM,FH5,FH4,FM7,FH3,FM6,FH2,DLC,FH1,FM4,FM3,FM2,,12,XBO,1
FALSE,1969 Dodge Charger R/T Forza Edition,Charger '69 FE,3561,1969,Dodge,Charger R/T Forza Edition,DLC Autoshow,FH5 VIP,Gift w/DLC,,FE,Drift Skills,,"70,000",Upgraded,Track Toys,900,S1,6.6,7.3,7.9,7.1,7.3,3.9,725,553,3395,4.68,53,5870,NA,V,8,F,RWD,,215,Front,Preset / hood,707,"TT, PDS",stock,N. America,U.S.,Charger,,2,L,4,,,6.163,12.000,,184.3,92.0,208.4,1.67,1.85,5.837,13215,,05-Nov-21,05-Nov-21,FH5,FH5,,DLC,,,,,,,,,,,,1,XBO,0
FALSE,1968 Dodge Charger F&F Edition,1968 Charger FF,,1968,Dodge,Charger F&F Edition,,,,,,,,,Tuner,[custom],,,6.3,4.0,3.9,8.2,,,650,660,3671,5.65,50,,NA,V,8,F,RWD,,,,,,,stock,N. America,U.S.,Charger,,2,L,4,,,5.261,13.184,,168.8,112.8,297.8,1.00,0.93,7.923,12238,,,15-Jun-15,FM6,FH2,,,,,,DLC,DLC,,,,,,,2,XBO,0
FALSE,1968 Dodge Charger F&F Edition (Ice),Ice Charger FF,,1968,Dodge,Charger F&F Edition (Ice),,,,,,,,,Tuner,Fast & Furious,681,A,7.3,5.1,5.2,8.1,,,707,650,4600,6.51,50,,PDS,V,8,F,RWD,,,,,,,eng,N. America,U.S.,,,2,L,4,,,4.200,9.000,11.450,196.6,124.5,314.3,1.17,1.14,4.800,12778,,,29-Sep-17,FM7,FM7,,,,DLC,,,,,,,,,,1,XBO,0
FALSE,1968 Dodge Dart HEMI Super Stock,Dodge Dart '68,1332,1968,Dodge,Dart HEMI Super Stock,Barn Find,,,,Rare,,,"300,000",Factory,Classic Muscle,650,B,4.5,2.9,3.6,4.1,4.2,4.9,425,490,3020,7.11,54,6980,NA,V,8,F,RWD,,215,Both,Preset / hood,"415, 425, 475d, 640, 707, 800","TT, PDS",stock,N. America,U.S.,,,2,L,4,,,3.580,9.256,12.883,122.8,163.0,400.9,0.83,0.83,5.676,11712,,05-Nov-21,13-Oct-11,FH5,FM4,,FH5,FH4,FM7,FH3,FM6,FH2,DLC,,DLC,,,,8,XBO,0
FALSE,1968 Dodge Dart HEMI Super Stock Forza Edition,Dodge Dart FE,,1968,Dodge,Dart HEMI Super Stock Forza Edition,,,,,,,,,Upgraded,Nostalgic Drag Racers,550,B,5.9,5.1,5.1,7.9,,,429,472,3089,7.20,54,,PDS,V,8,F,RWD,,,,,,,eng,N. America,U.S.,,,2,L,4,,,3.600,9.300,12.633,160.9,136.8,332.1,1.17,1.12,5.700,12779,,,29-Sep-17,FM7,FM7,,,,FE,,,,,,,,,,1,XBO,0
FALSE,1968 Dodge Dart HEMI Super Stock Horizon Edition,,,1968,Dodge,Dart HEMI Super Stock Horizon Edition,,,,,,,,,Upgraded,Classic Muscle,762,A,4.6,7.2,6.9,8.5,8.0,,425,490,3020,7.11,54,6980,NA,V,8,F,RWD,,,,,,,stock,N. America,U.S.,,,2,L,4,,,,,,,,,,,.000,12565,,,23-Sep-16,FH3,FH3,,,,,HE,,,,,,,,,1,XBO,0
FALSE,1967 Dodge Coronet WO23,Dodge Coronet,,1967,Dodge,Coronet WO23,,,,,,,,,Factory,Nostalgic Drag Racers,391,D,4.6,3.6,3.7,7.6,,,443,511,3451,7.79,58,,NA,V,8,F,RWD,,,,,,,stock,N. America,U.S.,,,2,L,4,,,4.300,10.300,13.150,125.2,136.0,351.6,0.96,0.90,6.000,11711,,,13-Oct-11,FM7,FM4,,,,FM7,,,,,,DLC,,,,2,XBO,0
FALSE,2013 Donkervoort D8 GTO,Donkervoort GTO,2105,2013,Donkervoort,D8 GTO,Buy Cars Base,,,,Epic,,,"205,000",Factory,Track Toys,717,S,3.5,4.6,4.5,5.2,,,375,350,1532,4.09,48,2480,T,Inline,5,F,RWD,,245,no,Hood,"375, 475, 565, 630, 788",none,no,Europe,Netherlands,,Yes,2,L,4,,"OR, SS",2.790,6.940,11.183,171.8,119.3,284.6,1.06,1.14,4.150,12158,05-Oct-23,13-Jan-22,30-Sep-14,FM,FH2,FM,cu,FH4,FM7,FH3,FM6,DLC,,,,,,,7,XBO,1
FALSE,1975 DS Automobiles DS 23,Citroen DS 23,2432,1975,DS Automobiles,DS 23,Seasonal,,,,Epic,,,"250,000",Factory,Cult Cars,262,D,5.1,4.4,4.6,4.2,5.8,,113,134,2954,26.14,67,2350,NA,Inline,4,F,FWD,,185,Front,Forza,300,PDS,stock,Europe,France,,,4,L,4,,,13.500,45.000,,112.0,199.0,493.6,0.71,0.71,31.500,13175,,07-Mar-24,05-May-21,FH5,FH4,,cu,cu,,,,,,,,,,,2,XBO,0
FALSE,1998 Eagle Talon TSi Turbo,Eagle Talon,462,1998,Eagle,Talon TSi Turbo,Buy Cars Base,,,,,,,"39,000",Factory,Early Sport Compact,320,D,2.6,1.5,1.9,1.9,,,210,214,3200,15.24,59,2000,T,Inline,4,F,AWD,,,,Aftermarket,"350, 375, 475",none,eng,N. America,U.S.,Mitsubishi Eclipse,,2,L,4,,,6.982,21.100,15.383,149.8,141.1,339.6,1.04,1.00,14.118,11052,05-Oct-23,,03-May-05,FM,FM1,FM,,,FM7,,FM6,,FM5,,FM4,FM3,FM2,FM1,8,XBO,1
FALSE,2012 Eagle (U.K.) Speedster,Eagle Speedster,2908,2012,Eagle (U.K.),Speedster,Seasonal,Series 13 cu,,,Legendary,,,"550,000",Factory,Modern Sports Cars,723,A,6.1,4.9,5.9,4.9,4.3,4.2,330,360,2330,7.06,54,4694,NA,Inline,6,F,RWD,,245,Both,Forza,"510, 602, 805","T, PDS",stock,Europe,U.K.,,Yes,2,R,4,,SS,4.800,10.617,,168.7,125.4,304.4,0.98,1.02,5.817,11962,,27-Oct-22,23-Oct-12,FH5,FH1,,cu,FH4,,,,,,FH1,,,,,3,XBO,0
FALSE,1967 Eagle-Weslake T1G,Eagle T1G,2275,1967,Eagle-Weslake,T1G,Buy Cars Base,,,,,,,"288,000",Race,Formula 60s,763,S,5.2,4.4,4.7,6.4,,,410,243,1416,3.45,45,3000,NA,V,12,M,RWD,,,,,,,stock,N. America,U.S.,,Yes,1,C,4,,,3.200,6.700,10.533,209.8,96.2,246.0,1.28,1.26,3.500,12327,05-Oct-23,,15-Sep-15,FM,FM6,FM,,,FM7,,FM6,,,,,,,,3,XBO,1
FALSE,2019 Elemental RP1,Elemental Rp1 19,3334,2019,Elemental,RP1,Buy Cars Base,FM Update 8,,,,,12-Jun-2024,"314,000",Factory,Track Toys,784,S,2.7,7.1,7.2,6.2,,,280,350,1394,4.98,46,1999,T,Inline,4,M,RWD,217/45R17,245/40R18,,Forza,"350, 375, 394I, 475, 603, 630, 690",none,,Europe,U.K.,,Yes,5,L,4,,,2.800,6.800,11.117,153.8,99.0,232.2,1.43,1.86,4.000,13424,05-Jun-24,10-Oct-23,10-Oct-23,FM,FH5,S,DLC,,,,,,,,,,,,2,XBO,1
FALSE,2018 Exomotive Exocet Off-Road,Exocet Off-Road,3089,2018,Exomotive,Exocet Off-Road,"Autoshow, WS",,,,Rare,,,"50,000",Factory,Unlimited Buggies,682,B,4.5,5.2,4.8,5.3,5.7,8.6,252,230,1571,6.23,52,1839,T,Inline,4,F,RWD,,240,no,"Light bar, fenders","321, 415, 300, 690",none,eng,N. America,U.S.,,Yes,2,L,4,,,4.013,9.500,,124.1,134.9,319.3,0.93,0.92,5.487,13046,,05-Nov-21,13-Dec-18,FH5,FH4,,FH5,DLC,,,,,,,,,,,2,XBO,0
FALSE,2018 Exomotive Exocet Off-Road Forza Edition,Exocet OR FE,3562,2018,Exomotive,Exocet Off-Road Forza Edition,"WS, Seasonal",,,,FE,Destruction,,"500,000",Upgraded,Rally Monsters,800,A,4.5,7.4,5.7,9.4,10.0,7.6,300,332,1499,5.00,52,1600,T,Inline,4,F,AWD,,235,no,Adjustable,"415, 690",none,stock,N. America,U.S.,,Yes,2,L,4,,,4.000,9.500,,126.8,87.2,215.0,1.22,1.32,5.500,13216,,05-Nov-21,05-Nov-21,FH5,FH5,,FH5,,,,,,,,,,,,1,XBO,0
FALSE,2018 Exomotive Exocet Sport V8 XP-5,Exocet '18,2866,2018,Exomotive,Exocet Sport V8 XP-5,Buy Cars Base,,,,,,,"309,000",Factory,Track Toys,776,S,4.2,5.3,5.1,4.2,,,525,486,1696,3.23,54,6200,NA,V,8,F,RWD,275,275,,Forza,"212, 350, 640, 788",none,stock,N. America,U.S.,,Yes,2,L,4,,,2.800,5.700,10.950,175.6,114.9,269.6,1.38,1.45,2.900,12894,05-Oct-23,,02-Jul-18,FM,FM7,FM,,,DLC,,,,,,,,,,2,XBO,1
FALSE,2022 Extreme E #125 ABT Cupra XE,#125 Extreme E,3708,2022,Extreme E,#125 ABT Cupra XE,Seasonal,Series 10 cu,,,Rare,,,"700,000",Livery,Unlimited Offroad,748,A,4.6,5.3,5.4,6.9,7.6,10.0,536,749,3924,7.32,50,0,E,E,E,M,AWD,,315,no,Adjustable,none,none,E,Europe,France,,,2,L,4,,,4.379,9.181,,131.0,109.4,284.2,0.95,0.94,4.802,13313,,19-Jul-22,19-Jul-22,FH5,FH5,,cu,,,,,,,,,,,,1,XBO,0
FALSE,2022 Extreme E #22 JBXE,#22 Extreme E,3709,2022,Extreme E,#22 JBXE,Seasonal,Series 10 cu,,,Rare,,,"700,000",Livery,Unlimited Offroad,748,A,4.6,5.3,5.4,6.9,7.6,10.0,536,749,3924,7.32,50,0,E,E,E,M,AWD,,315,no,Adjustable,none,none,E,Europe,France,,,2,L,4,,,4.379,9.181,,131.0,109.4,284.2,0.95,0.94,4.802,13311,,19-Jul-22,19-Jul-22,FH5,FH5,,cu,,,,,,,,,,,,1,XBO,0
FALSE,2022 Extreme E #23 Genesys Andretti United,#23 Extreme E,3710,2022,Extreme E,#23 Genesys Andretti United,Seasonal,Series 10 cu,,,Rare,,,"700,000",Livery,Unlimited Offroad,748,A,4.6,5.3,5.4,6.9,7.6,10.0,536,749,3924,7.32,50,0,E,E,E,M,AWD,,315,no,Adjustable,none,none,E,Europe,France,,,2,L,4,,,4.379,9.181,,131.0,109.4,284.2,0.95,0.94,4.802,13308,,19-Jul-22,19-Jul-22,FH5,FH5,,cu,,,,,,,,,,,,1,XBO,0
FALSE,2022 Extreme E #42 XITE Racing Team,#42 Extreme E,3711,2022,Extreme E,#42 XITE Racing Team,Seasonal,Series 10 cu,,,Rare,,,"700,000",Livery,Unlimited Offroad,748,A,4.6,5.3,5.4,6.9,7.6,10.0,536,749,3924,7.32,50,0,E,E,E,M,AWD,,315,no,Adjustable,none,none,E,Europe,France,,,2,L,4,,,4.379,9.181,,131.0,109.4,284.2,0.95,0.94,4.802,13307,,19-Jul-22,19-Jul-22,FH5,FH5,,cu,,,,,,,,,,,,1,XBO,0
FALSE,2022 Extreme E #44 X44,#44 Extreme E,3712,2022,Extreme E,#44 X44,Seasonal,Series 10 cu,,,Rare,,,"700,000",Livery,Unlimited Offroad,748,A,4.6,5.3,5.4,6.9,7.6,10.0,536,749,3924,7.32,50,0,E,E,E,M,AWD,,315,no,Adjustable,none,none,E,Europe,France,,,2,L,4,,,4.379,9.181,,131.0,109.4,284.2,0.95,0.94,4.802,13306,,19-Jul-22,19-Jul-22,FH5,FH5,,cu,,,,,,,,,,,,1,XBO,0
FALSE,2022 Extreme E #5 Veloce Racing,#5 Extreme E,3713,2022,Extreme E,#5 Veloce Racing,Seasonal,Series 10 cu,,,Rare,,,"700,000",Livery,Unlimited Offroad,748,A,4.6,5.3,5.4,6.9,7.6,10.0,536,749,3924,7.32,50,0,E,E,E,M,AWD,,315,no,Adjustable,none,none,E,Europe,France,,,2,L,4,,,4.379,9.181,,131.0,109.4,284.2,0.95,0.94,4.802,13309,,19-Jul-22,19-Jul-22,FH5,FH5,,cu,,,,,,,,,,,,1,XBO,0
FALSE,2022 Extreme E #55 ACCIONA / Sainz XE Team,# 55 Extreme E,3714,2022,Extreme E,#55 ACCIONA / Sainz XE Team,Seasonal,Series 10 cu,,,Rare,,,"700,000",Livery,Unlimited Offroad,748,A,4.6,5.3,5.4,6.9,7.6,10.0,536,749,3924,7.32,50,0,E,E,E,M,AWD,,315,no,Adjustable,none,none,E,Europe,France,,,2,L,4,,,4.379,9.181,,131.0,109.4,284.2,0.95,0.94,4.802,13310,,19-Jul-22,19-Jul-22,FH5,FH5,,cu,,,,,,,,,,,,1,XBO,0
FALSE,2022 Extreme E #58 McLaren Racing,#58 Extreme E,3727,2022,Extreme E,#58 McLaren Racing,Seasonal,Series 10 cu,,,Rare,,,"700,000",Livery,Unlimited Offroad,748,A,4.6,5.3,5.4,6.9,7.6,10.0,536,749,3924,7.32,50,0,E,E,E,M,AWD,,315,no,Adjustable,none,none,E,Europe,France,,,2,L,4,,,4.379,9.181,,131.0,109.4,284.2,0.95,0.94,4.802,13305,,19-Jul-22,19-Jul-22,FH5,FH5,,cu,,,,,,,,,,,,1,XBO,0
FALSE,2022 Extreme E #6 Rosberg X Racing,#6 Extreme E,3715,2022,Extreme E,#6 Rosberg X Racing,Seasonal,Series 10 cu,,,Rare,,,"700,000",Livery,Unlimited Offroad,748,A,4.6,5.3,5.4,6.9,7.6,10.0,536,749,3924,7.32,50,0,E,E,E,M,AWD,,315,no,Adjustable,none,none,E,Europe,France,,,2,L,4,,,4.379,9.181,,131.0,109.4,284.2,0.95,0.94,4.802,13312,,19-Jul-22,19-Jul-22,FH5,FH5,,cu,,,,,,,,,,,,1,XBO,0
FALSE,2022 Extreme E #99 Chip Ganassi Racing GMC Hummer EV,#99 Extreme E,3733,2022,Extreme E,#99 Chip Ganassi Racing GMC Hummer EV,Autoshow,Series 10 cu,,,Rare,,,"700,000",Race,Unlimited Offroad,748,A,4.6,5.3,5.4,6.9,7.6,10.0,536,749,3924,7.32,50,0,E,E,E,M,AWD,,315,no,Adjustable,none,none,E,Europe,France,,,2,L,4,,,4.379,9.181,,131.0,109.4,284.2,0.95,0.94,4.802,13304,,19-Jul-22,19-Jul-22,FH5,FH5,,cu,,,,,,,,,,,,1,XBO,0
FALSE,2022 Fast and Furious Dodge Charger SRT Hellcat Redeye Widebody 'Fast X',FAF Hellcat,3836,2022,Fast and Furious,Dodge Charger SRT Hellcat Redeye Widebody 'Fast X',DLC Autoshow,FH5 Fast X,,,,,,,Tuner,Modern Muscle,,,,,,,,,,,,,,,,,,,,,,,,,,,N. America,U.S.,,,2,L,4,,,,,,,,,,,,13445,,05-Dec-23,05-Dec-23,FH5,FH5,,DLC,,,,,,,,,,,,1,XBO,0
FALSE,2022 Fast and Furious Flip Car 2.0 'Fast X',FAF Flip Car,3838,2022,Fast and Furious,Flip Car 2.0 'Fast X',DLC Autoshow,FH5 Fast X,,,,,,,Tuner,Track Toys,,,,,,,,,,,,,,,,,,,,,,,,,,,N. America,U.S.,,,2,C,6,,,,,,,,,,,,13446,,05-Dec-23,05-Dec-23,FH5,FH5,,DLC,,,,,,,,,,,,1,XBO,0
FALSE,1973 Fast and Furious Datsun 240Z 'Fast X',FAF 240Z,3832,1973,Fast and Furious,Datsun 240Z 'Fast X',DLC Autoshow,FH5 Fast X,,,,,,,Tuner,Classic Sports Cars,,,,,,,,,,,,,,,,,,,,,,,,,,,N. America,U.S.,,,2,L,4,,,,,,,,,,,,13447,,05-Dec-23,05-Dec-23,FH5,FH5,,DLC,,,,,,,,,,,,1,XBO,0
FALSE,1970 Fast and Furious Dodge Charger 'Fast X',FAF Charger,3837,1970,Fast and Furious,Dodge Charger 'Fast X',DLC Autoshow,FH5 Fast X,,,,,,,Tuner,Classic Muscle,,,,,,,,,,,,,,,,,,,,,,,,,,,N. America,U.S.,,,2,L,4,,,,,,,,,,,,13448,,05-Dec-23,05-Dec-23,FH5,FH5,,DLC,,,,,,,,,,,,1,XBO,0
FALSE,1966 Fast and Furious Chevrolet Impala Super Sport 'Fast X',FAF Impala,3835,1966,Fast and Furious,Chevrolet Impala Super Sport 'Fast X',DLC Autoshow,FH5 Fast X,,,,,,,Tuner,Track Toys,,,,,,,,,,,,,,,,,,,,,,,,,,,N. America,U.S.,,,2,L,4,,,,,,,,,,,,13449,,05-Dec-23,05-Dec-23,FH5,FH5,,DLC,,,,,,,,,,,,1,XBO,0
FALSE,2022 Ferrari 296 GTB,Ferrari 296 GTB,3724,2022,Ferrari,296 GTB,Buy Cars Base,FM Update 3,,,Legendary,,27-Dec-2023,"300,000",Factory,Modern Sport GT,786,S,7.6,4.5,4.2,6.4,7.7,4.7,818,663,3472,4.24,41,2992,TT,V,6,M,RWD,,305,Both,Street,"603, 630, 788",none,eng,Europe,Italy,Ferrari V6,,2,L,4,,,2.800,5.800,10.350,223.4,109.5,258.2,1.24,1.34,3.000,13379,21-Dec-23,15-Aug-23,15-Aug-23,FM,FH5,S,DLC,,,,,,,,,,,,2,XBO,1
FALSE,2020 Ferrari Roma,Ferrari Roma '20,3594,2020,Ferrari,Roma,Buy Cars Base,,,,Legendary,,,"179,000",Factory,Modern Exotic GT,707,S,5.8,3.7,3.3,5.4,,,611,560,3461,5.66,50,3855,TT,V,8,F,RWD,245,285,Both,Forza,"565, 630, 788",none,eng,Europe,Italy,Ferrari V8,,2,L,4,,,3.288,6.786,,203.6,95.8,229.7,1.09,1.17,3.498,13380,05-Oct-23,15-Aug-23,15-Aug-23,FM,FH5,FM,DLC,,,,,,,,,,,,2,XBO,1
FALSE,2020 Ferrari SF90 Stradale,Ferrari SF90 '20,3595,2020,Ferrari,SF90 Stradale,Buy Cars Base,,,,Legendary,,,"404,000",Factory,Modern Exotic GT,854,R,9.0,4.5,4.3,8.3,,,986,912,3574,3.62,45,3990,TT,V,8,M,AWD,255,315,Both,Forza,"565, 630, 788",none,eng,Europe,Italy,Ferrari V8,,2,L,4,,,2.312,5.000,,244.0,81.7,198.3,1.25,1.43,2.688,13290,05-Oct-23,28-Apr-22,28-Apr-22,FM,FH5,FM,cu,,,,,,,,,,,,2,XBO,1
FALSE,2019 Ferrari #62 Risi Competizione 488 GTE,Ferrari #62 488,2972,2019,Ferrari,#62 Risi Competizione 488 GTE,Buy Cars DLC,FM Car Pass,Gift w/DLC,,,,,"313,000",Race,Forza GT2,835,R,5.0,6.4,6.6,6.7,,,600,538,2932,4.89,42,3900,TT,V,8,M,RWD,300/R18,310/R18,,Adjustable,none,none,,Europe,Italy,Ferrari V8,,2,L,4,,,2.800,6.000,10.550,187.0,83.9,211.7,1.45,1.54,3.200,,24-Jan-24,,24-Jan-24,FM,FH5,DLC,DLC,,,,,,,,,,,,2,XBO,1
FALSE,2019 Ferrari 488 Pista,Ferrari 488,3227,2019,Ferrari,488 Pista,Buy Cars Base,,,,Epic,,,"348,000",Factory,Modern Sport GT,804,R,6.7,5.2,5.0,6.7,,,711,567,3053,4.29,42,3902,TT,V,8,M,RWD,245,305,Both,WB bodykit,"565, 630, 788",none,eng,Europe,Italy,Ferrari V8,,2,L,4,,,2.260,4.900,,210.4,84.8,197.1,1.27,1.48,2.640,13120,05-Oct-23,05-Nov-21,19-Nov-19,FM,FH4,FM,FH5,cu,,,,,,,,,,,3,XBO,1
FALSE,2019 Ferrari F8 Tributo,Ferrari F8 T '19,3367,2019,Ferrari,F8 Tributo,Buy Cars Base,,,,Legendary,,,"311,000",Factory,Modern Exotic GT,766,S,8.7,4.1,3.9,6.7,,,711,567,3398,4.78,42,3900,TT,V,8,M,RWD,245,305,Both,Forza,"565, 630, 788",none,eng,Europe,Italy,Ferrari V8,,2,L,4,,,2.500,5.515,,230.7,86.3,202.7,1.25,1.44,3.015,13294,05-Oct-23,19-May-22,19-May-22,FM,FH5,FM,cu,,,,,,,,,,,,2,XBO,1
FALSE,2019 Ferrari Monza SP2,Ferrari Monza 19,3312,2019,Ferrari,Monza SP2,Buy Cars Base,,,,Legendary,,13-Dec-2023,"311,000",Factory,Modern Exotic GT,766,S,8.2,4.0,3.7,6.3,,,799,530,3503,4.38,48,6496,NA,V,12,F,RWD,,315,Both,Forza,"603, 630",TT,stock,Europe,Italy,Ferrari V12,Yes,2,L,4,,,2.900,5.800,10.400,232.0,99.8,256.6,1.22,1.23,2.900,13263,05-Oct-23,16-Dec-21,16-Dec-21,FM,FH5,FM,DLC,,,,,,,,,,,,2,XBO,1
FALSE,2018 Ferrari FXX-K Evo,Ferrari FXX-K E,3311,2018,Ferrari,FXX-K Evo,Buy Cars Base,,,,Legendary,,,"352,000",Race,Modern Factory Racecars,934,P,7.6,8.1,8.1,7.8,,,1036,663,2800,2.70,41,6262,NA,V,12,M,RWD,285/R19,345/R20,Both,Adjustable,none,none,stock,Europe,Italy,Ferrari V12,,2,L,4,,,2.400,4.500,9.533,216.5,88.8,209.0,1.53,1.94,2.100,13269,05-Oct-23,20-Jan-22,20-Jan-22,FM,FH5,FM,DLC,,,,,,,,,,,,2,XBO,1
FALSE,2018 Ferrari Portofino,Ferrari Porto 18,3225,2018,Ferrari,Portofino,Buy Cars Base,,,,Epic,,,"146,000",Factory,Modern Exotic GT,686,A,7.1,3.6,3.3,5.5,,,591,560,3669,6.21,46,3855,TT,V,8,F,RWD,245,288,Both,Forza,"565, 630, 788",none,eng,Europe,Italy,Ferrari V8,Yes,2,L,4,,,3.286,7.385,,212.9,96.0,231.6,1.09,1.15,4.099,13134,05-Oct-23,05-Nov-21,06-Apr-20,FM,FH4,FM,FH5,cu,,,,,,,,,,,3,XBO,1
FALSE,2017 Ferrari #25 Corse Clienti 488 Challenge,Ferrari #25 488,3112,2017,Ferrari,#25 Corse Clienti 488 Challenge,Buy Cars Base,,,,Epic,,,"310,000",Race,488 Challenge Spec,830,R,4.6,6.3,6.2,6.9,,,661,560,3162,4.78,42,3902,TT,V,8,M,RWD,275/R19,315/R19,Both,Adjustable,none,none,eng,Europe,Italy,Ferrari V8,,2,L,4,,,2.900,6.200,10.517,184.1,93.3,221.3,1.41,1.61,3.300,13283,05-Oct-23,24-Mar-22,24-Mar-22,FM,FH5,FM,DLC,,,,,,,,,,,,2,XBO,1
FALSE,2017 Ferrari 812 Superfast,Ferrari 812 '17,2974,2017,Ferrari,812 Superfast,Buy Cars Base,,,,Legendary,,,"327,000",Factory,Modern Exotic GT,783,S,9.2,4.4,4.1,6.6,,,788,529,3594,4.56,47,6496,NA,V,12,F,RWD,275,315,Both,Forza,"603, 630, 788",TT,stock,Europe,Italy,Ferrari V12,,2,L,4,,,3.000,5.500,10.483,219.0,91.9,219.7,1.15,1.28,2.500,12896,05-Oct-23,05-Nov-21,10-Jul-18,FM,FM7,FM,FH5,cu,DLC,,,,,,,,,,4,XBO,1
FALSE,2017 Ferrari GTC4Lusso,Ferrari GTC4L,3122,2017,Ferrari,GTC4Lusso,Accolade,,Accolade,,Epic,,,"300,000",Factory,Super GT,816,S1,7.5,6.6,6.8,6.9,6.7,5.1,680,514,4233,6.23,47,6262,NA,V,12,F,AWD,,295,Both,Forza,750,TT,stock,Europe,Italy,,,3,L,4,,,3.400,7.200,10.967,208.4,88.4,214.6,1.14,1.19,3.800,13060,,05-Nov-21,03-Jan-19,FH5,FM7,,FH5,DLC,cu,,,,,,,,,,3,XBO,0
FALSE,2017 Ferrari J50,Ferrari J50 '17,3226,2017,Ferrari,J50,Buy Cars Base,,,,Rare,,,"309,000",Factory,Modern Exotic GT,763,S,8.3,4.1,3.9,6.3,,,681,560,3362,4.94,42,3902,TT,V,8,M,RWD,245,305,Both,Forza,"565, 630, 788",none,,Europe,Italy,Ferrari V8,Yes,2,L,4,,,2.800,5.700,,231.2,93.2,223.3,1.13,1.23,2.900,13262,05-Oct-23,09-Dec-21,09-Dec-21,FM,FH5,FM,DLC,,,,,,,,,,,,2,XBO,1
FALSE,2015 Ferrari 488 GTB,Ferrari 488 GTB,2467,2015,Ferrari,488 GTB,Reward,FM Update 2,,,Epic,,,"297,000",Factory,Modern Sport GT,754,S,7.9,4.0,3.8,6.2,6.5,4.4,660,560,3252,4.93,42,3902,TT,V,8,M,RWD,235/R20,295/R20,Both,Forza,"565, 630, 788",none,no,Europe,Italy,Ferrari V8,,2,L,4,,,2.800,5.700,10.600,226.2,104.8,260.5,1.22,1.27,2.900,12439,07-Dec-23,05-Nov-21,15-Mar-16,FM,FM6,R,FH5,FH4,FM7,FH3,DLC,,,,,,,,6,XBO,1
FALSE,2015 Ferrari 488 GTB PreOrder Edition,,,2015,Ferrari,488 GTB PreOrder Edition,DLC promo,,,,,,,,Upgraded,Modern Super Cars,900,S1,8.2,9.6,7.9,9.0,8.8,,660,560,3252,4.93,42,3902,TT,V,8,M,RWD,,,,,,,eng,Europe,Italy,,,2,L,4,,,,,,,,,,,.000,12568,,,23-Sep-16,FH3,FH3,,,,,DLC,,,,,,,,,1,XBO,0
FALSE,2015 Ferrari F12tdf,Ferrari F12 '15,2577,2015,Ferrari,F12tdf,Buy Cars Base,,,,Epic,,,"311,000",Factory,Modern Exotic GT,766,S,7.9,4.7,4.5,6.2,,,769,519,3351,4.36,46,6262,NA,V,12,F,RWD,275,315,Both,Forza,"565, 603, 630",TT,stock,Europe,Italy,Ferrari V12,,2,L,4,,,2.900,6.000,10.850,240.7,90.4,210.5,1.16,1.33,3.100,12569,05-Oct-23,05-Nov-21,23-Sep-16,FM,FH3,FM,FH5,FH4,FM7,DLC,,,,,,,,,5,XBO,1
FALSE,2014 Ferrari #51 AF Corse 458 Italia GTE,#51 Ferrari 458,,2014,Ferrari,#51 AF Corse 458 Italia GTE,,,,,,,,,Race,Forza GT,848,R,7.3,6.9,7.0,9.0,9.1,,465,383,2775,5.97,42,4497,NA,V,8,M,RWD,,,,,,,stock,Europe,Italy,Ferrari V8,,2,L,4,,,3.044,7.096,10.817,190.5,109.0,253.8,1.45,1.65,4.052,12328,,,15-Sep-15,FM7,FM6,,,,FM7,DLC,FM6,,,,,,,,3,XBO,0
FALSE,2014 Ferrari #62 Risi Competizione 458 Italia GTLM,#62 F458 GTLM,,2014,Ferrari,#62 Risi Competizione 458 Italia GTLM,,,,,,,,,Race,Forza GT,848,R,7.3,6.9,7.0,9.0,,,465,394,2775,5.97,42,,NA,V,8,M,RWD,,,,,,,stock,Europe,Italy,Ferrari V8,,2,L,4,,,2.980,6.700,10.817,197.0,110.3,254.8,1.45,1.65,3.720,12329,,,15-Sep-15,FM7,FM6,,,,FM7,,FM6,,,,,,,,2,XBO,0
FALSE,2014 Ferrari California T,Ferrari Cali T,2194,2014,Ferrari,California T,Buy Cars Base,,,,Epic,,,"138,000",Factory,Modern Sport GT,653,A,6.0,3.4,3.1,5.1,,,554,556,3813,6.88,47,3855,TT,V,8,F,RWD,245/R20,285/R20,Both,Forza,"565, 630, 788",none,eng,Europe,Italy,Ferrari V8,FV,2,L,4,,,3.480,7.800,11.400,200.1,105.8,266.8,1.16,1.16,4.320,12332,05-Oct-23,05-May-22,15-Sep-15,FM,FM6,FM,cu,FH4,FM7,FH3,FM6,,,,,,,,6,XBO,1
FALSE,2014 Ferrari FXX K,Ferrari FXX K,2371,2014,Ferrari,FXX K,Buy Cars Base,FM Update 1,,,Legendary,,25-Oct-2023,"345,000",Race,Modern Factory Racecars,922,P,7.3,7.7,7.7,7.7,,,1036,664,2831,2.73,41,6262,NA,V,12,M,RWD,285/R19,345/R20,Both,Adjustable,none,none,stock,Europe,Italy,Ferrari V12,,2,L,4,,"CS, HR",2.400,4.516,9.583,211.9,89.9,214.1,1.51,1.86,2.116,12446,18-Oct-23,05-Nov-21,05-Apr-16,FM,FM6,S,FH5,FH4,FM7,FH3,DLC,,,,,,,,6,XBO,1
FALSE,2013 Ferrari 458 Speciale,Ferrari 458 S,2184,2013,Ferrari,458 Speciale,Buy Cars Base,,,,Epic,,,"326,000",Factory,Modern Sport GT,782,S,6.9,5.0,4.7,6.7,,,597,398,3075,5.15,42,4497,NA,V,8,M,RWD,245,305,Both,Forza,none,"TT, CS",stock,Europe,Italy,Ferrari V8,,2,L,4,,CS,2.863,6.065,10.683,213.7,91.9,219.9,1.15,1.32,3.202,12204,05-Oct-23,05-Nov-21,03-Feb-15,FM,FH2,FM,FH5,FH4,FM7,FH3,DLC,DLC,,,,,,,7,XBO,1
FALSE,2013 Ferrari LaFerrari,LaFerrari '13,2034,2013,Ferrari,LaFerrari,Buy Cars Base,,,,Legendary,,,"409,000",Factory,Modern Exotic GT,859,R,7.3,5.9,5.8,7.4,,,963,663,3144,3.26,41,6262,NA,V,12,M,RWD,,345,Both,Forza,"603, 630",none,stock,Europe,Italy,Ferrari V12,,2,L,4,,CS,2.885,5.184,10.167,257.1,82.4,188.6,1.31,1.57,2.299,12064,05-Oct-23,05-Nov-21,22-Nov-13,FM,FM5,FM,FH5,FH4,FM7,FH3,FM6,FH2,DLC,,,,,,8,XBO,1
FALSE,2012 Ferrari 599XX Evolution,Ferrari 599XX E,1599,2012,Ferrari,599XX Evolution,Buy Cars Base,,,,Legendary,,,"323,000",Race,Modern Factory Racecars,869,R,7.0,6.7,6.5,7.3,,,740,516,3114,4.21,47,5999,NA,V,12,F,RWD,290/R19,310/R19,Both,Adjustable,"603, 630",TT,stock,Europe,Italy,Ferrari V12,,2,L,4,,,2.800,5.500,10.117,213.3,92.6,220.8,1.42,1.67,2.700,11965,05-Oct-23,05-Nov-21,23-Oct-12,FM,FH1,FM,FH5,cu,cu,,,,,DLC,,,,,5,XBO,1
FALSE,2012 Ferrari F12berlinetta,Ferrari F12,,2012,Ferrari,F12berlinetta,,,,,Epic,,,"380,000",Factory,Super GT,868,S1,8.3,7.9,7.3,7.1,8.7,,730,508,3593,4.92,46,6262,NA,V,12,F,RWD,,315,Yes,Forza,none,TT,stock,Europe,Italy,,,2,L,4,,,3.100,7.100,11.267,218.7,129.0,319.2,0.98,1.07,4.000,11993,,,04-Dec-12,FH4,FH1,,,FH4,FM7,FH3,FM6,FH2,FM5,DLC,,,,,7,XBO,0
FALSE,2011 Ferrari #62 Risi Competizione F458 Italia GTC,#62 F458 GTC,1440,2011,Ferrari,#62 Risi Competizione F458 Italia GTC,Buy Cars Base,FM Update 11,,,,,21-Aug-2024,"306,000",Race,Forza GT3,805,R,4.9,6.3,6.5,5.3,,,465,383,2775,5.97,47,4497,NA,V,8,M,RWD,300,310,,Adjustable,none,none,stock,Europe,Italy,Ferrari V8,,2,L,4,,,3.800,7.483,11.617,183.7,85.8,209.0,1.44,1.64,3.683,11830,21-Aug-24,,01-Nov-11,FM,FM4,S,,,FM7,,FM6,,FM5,,DLC,,,,5,XBO,1
FALSE,2011 Ferrari 458 Challenge,,,2011,Ferrari,458 Challenge,DLC store,,,,,,,,Factory,Super,730,R3,,,,,,,570,393,2874,5.04,,,,,8,M,RWD,,,,,,,,Europe,Italy,,,2,L,4,,,2.960,,,197.0,,,,,,11713,,,13-Oct-11,FM4,FM4,,,,,,,,,,DLC,,,,1,360,0
FALSE,2011 Ferrari 458 Spider,,,2011,Ferrari,458 Spider,,,,,,,,,Factory,Open Top,653,S,,,,,,,562,398,3384,6.02,,4499,NA,V,8,M,RWD,,,,,,,,Europe,Italy,,Yes,2,L,4,,,,,,,,,,,,11964,,,23-Oct-12,FH1,FH1,,,,,,,,,FH1,,,,,1,360,0
FALSE,2011 Ferrari FF,Ferrari FF,,2011,Ferrari,FF,,,,,Legendary,,,"255,000",Factory,Modern Super Cars,815,S1,8.1,7.2,6.6,7.5,8.8,,651,495,4145,6.37,47,6262,NA,V,12,F,AWD,,295,Yes,Forza,750,TT,stock,Europe,Italy,,,2,L,4,,,3.800,7.800,11.167,212.2,139.8,339.9,0.93,0.96,4.000,11767,,,14-Oct-11,FH4,FM4,,,FH4,FM7,FH3,FM6,,DLC,FH1,FM4,,,,7,XBO,0
FALSE,2010 Ferrari #83 Risi Competizione F430GT,,,2010,Ferrari,#83 Risi Competizione F430GT,,,,,,,,,Livery,GT2,763,R3,,,,,,,504,380,2635,5.23,,,,,8,M,RWD,,,,,,,,Europe,Italy,,,2,L,4,,,3.000,,,180.0,,,,,,11763,,,14-Oct-11,FM4,FM4,,,,,,,,,,FM4,,,,1,360,0
FALSE,2010 Ferrari #89 Hankook Team Farnbacher F430GT,,,2010,Ferrari,#89 Hankook Team Farnbacher F430GT,,,,,,,,,Livery,GT2,763,R3,,,,,,,504,380,2635,5.23,,,,,8,M,RWD,,,,,,,,Europe,Italy,,,2,L,4,,,3.000,,,180.0,,,,,,11764,,,14-Oct-11,FM4,FM4,,,,,,,,,,FM4,,,,1,360,0
FALSE,2010 Ferrari 599 GTO,Ferrari 599 GTO,1319,2010,Ferrari,599 GTO,Seasonal,Series 2 cu,,,Epic,,,"350,000",Factory,Super GT,828,S1,7.9,7.2,7.4,6.0,6.3,4.5,661,457,3538,5.35,47,5999,NA,V,12,F,RWD,,315,Both,Forza,"750, 1036",TT,stock,Europe,Italy,,,2,L,4,,,3.350,7.200,11.300,217.4,104.5,242.5,1.04,1.15,3.850,11766,,23-Dec-21,14-Oct-11,FH5,FM4,,cu,FH4,FM7,FH3,FM6,,FM5,,FM4,,,,7,XBO,0
FALSE,2010 Ferrari 599XX,Ferrari 599XX,1171,2010,Ferrari,599XX,Reward,FM Update 6,,,Legendary,,,"1,300,000",Race,Modern Factory Racecars,836,R,6.2,6.0,5.8,7.1,7.9,3.5,691,479,3114,4.51,47,5999,NA,V,12,F,RWD,290/R19,310/R19,Both,Forza,"603, 630",TT,stock,Europe,Italy,Ferrari V12,,2,L,4,,,3.008,6.009,10.330,205.5,92.2,222.0,1.38,1.54,3.001,11593,03-Apr-24,13-Oct-22,08-Dec-09,FM,FM3,R,cu,FH4,FM7,cu,,,,FH1,FM4,DLC,,,8,XBO,1
FALSE,2009 Ferrari 458 Italia,Ferrari 458,1131,2009,Ferrari,458 Italia,Buy Cars Base,,,,Epic,,,"250,000",Factory,Modern Sport GT,727,S,6.5,4.2,3.9,6.0,,,562,398,3274,5.83,42,4498,NA,V,8,M,RWD,235,295,Both,WB bodykit,"562, 565, 603, 630, 788","TT, CS",stock,Europe,Italy,Ferrari V8,,2,L,4,,FF,2.988,6.472,11.300,219.9,101.9,245.5,1.02,1.12,3.484,11592,05-Oct-23,05-Nov-21,08-Dec-09,FM,FM3,FM,FH5,FH4,FM7,FH3,FM6,FH2,FM5,DLC,FM4,DLC,,,11,XBO,1
FALSE,2009 Ferrari Team Forza 458 Italia,Ferrari 458 TF,,2009,Ferrari,Team Forza 458 Italia,DLC promo,,,,,,,,Upgraded,Exotic GT,,,7.5,6.0,6.0,9.2,,,570,403,2748,4.82,42,,NA,V,8,M,FWD,,,,,,,stock,Europe,Italy,Ferrari V8,,2,L,4,,,3.000,6.500,,203.2,101.5,254.4,1.28,1.38,3.500,12160,,,30-Sep-14,FM6,FH2,,,,,,DLC,DLC,,,,,,,2,XBO,0
FALSE,2008 Ferrari #71 Tafel Racing F430 GT,,,2008,Ferrari,#71 Tafel Racing F430 GT,,,,,,,,,Livery,GT2,752,R3,,,,,,,504,,2635,5.23,,,,,8,M,RWD,,,,,,,,Europe,Italy,,,2,L,4,,,,,,,,,,,,11508,,,27-Oct-09,FM3,FM3,,,,,,,,,,,FM3,,,1,360,0
FALSE,2008 Ferrari #90 Farnbacher Racing F430GT,,,2008,Ferrari,#90 Farnbacher Racing F430GT,,,,,,,,,Livery,GT2,763,R3,,,,,,,504,380,2635,5.23,,,,,8,M,RWD,,,,,,,,Europe,Italy,,,2,L,4,,,3.000,,,180.0,,,,,,11509,,,27-Oct-09,FM4,FM3,,,,,,,,,,FM4,FM3,,,2,360,0
FALSE,2008 Ferrari California,Ferrari Cali,,2008,Ferrari,California,,,,,,,,,Factory,Sport Luxury,612,A,7.4,5.0,5.1,8.0,8.2,,453,357,3825,8.44,47,4296,NA,V,8,F,RWD,,285,,,,,stock,Europe,Italy,Ferrari V8,,2,L,4,,,3.900,9.100,12.200,197.6,136.6,334.4,1.15,1.14,5.200,11511,,,27-Oct-09,FM7,FM3,,,,FM7,FH3,Uni,DLC,FM5,FH1,FM4,FM3,,,8,XBO,0
FALSE,2007 Ferrari 430 Scuderia,Ferrari 430 S,1022,2007,Ferrari,430 Scuderia,Buy Cars Base,FM Update 4,,,Epic,,14-Feb-2024,"300,000",Factory,Modern Sport GT,707,S,6.4,4.2,4.0,5.4,6.4,4.3,503,346,2975,5.91,43,4308,NA,V,8,M,RWD,235/R19,285/R19,Front,Forza,"565, 603, 630, 788",CS,stock,Europe,Italy,Ferrari V8,,2,L,4,,,3.100,7.084,11.200,205.1,102.2,255.1,1.23,1.30,3.984,11407,08-Feb-24,05-Nov-21,18-Mar-08,FM,FM2,S,FH5,FH4,FM7,FH3,FM6,FH2,FM5,FH1,FM4,DLC,DLC,,12,XBO,1
FALSE,2006 Ferrari #62 Risi Competizione F430GT,,,2006,Ferrari,#62 Risi Competizione F430GT,,,,,,,,,Race,GT2,763,R3,,,,,,,504,380,2635,5.23,,,,,8,M,RWD,,,,,,,,Europe,Italy,,,2,L,4,,,3.000,,,180.0,,,,,,11277,,,29-May-07,FM4,FM2,,,,,,,,,,FM4,FM3,FM2,,3,360,0
FALSE,2006 Ferrari 599 GTB Fiorano,,,2006,Ferrari,599 GTB Fiorano,,,,,,,,,Factory,Sports,630,S,,,,,,,611,448,3865,6.33,,,,,12,F,RWD,,,,,,,,Europe,Italy,,,2,L,4,,,3.200,,,216.0,,,,,,11395,,,07-Dec-07,FM4,FM2,,,,,,,,,,FM4,FM3,DLC,,3,360,0
FALSE,2005 Ferrari #11 Larbre Competition 550 Maranello GTS,,,2005,Ferrari,#11 Larbre Competition 550 Maranello GTS,,,,,,,,,Livery,GT1,808,R2,,,,,,,600,,2425,4.04,,,,,12,F,RWD,,,,,,,,Europe,Italy,,,2,L,4,,,,,,,,,,,,11276,,,29-May-07,FM3,FM2,,,,,,,,,,,FM3,FM2,,2,360,0
FALSE,2005 Ferrari FXX,Ferrari FXX,1006,2005,Ferrari,FXX,"Autoshow, WS",,,,Legendary,,,"2,500,000",Race,Extreme Track Toys,956,S2,8.4,10.0,10.0,8.1,8.9,4.4,789,506,2546,3.23,44,6262,NA,V,12,M,RWD,,345,Both,Adjustable,"750, 1036",none,stock,Europe,Italy,,,2,L,4,,HR,2.782,5.282,,231.4,69.9,156.5,1.71,2.11,2.500,11396,,05-Nov-21,07-Dec-07,FH5,FM2,,FH5,DLC,,,,,,FH1,FM4,FM3,DLC,,6,XBO,0
FALSE,2004 Ferrari 612 Scaglietti,Ferrari 612,,2004,Ferrari,612 Scaglietti,,,,,,,,,Factory,Sport GT Icons,575,B,7.5,4.8,4.9,7.8,,,532,434,4112,7.73,45,5700,NA,V,12,F,RWD,,,,,,,stock,Europe,Italy,,,2,L,4,,,4.600,10.200,12.800,201.3,142.7,342.5,1.12,1.11,5.600,11063,,,03-May-05,FM7,FM1,,,,FM7,,,,,,FM4,FM3,FM2,FM1,5,XBO,0
FALSE,2004 Ferrari F430,,,2004,Ferrari,F430,,,,,,,,,Factory,Sports,598,A,,,,,,,483,343,3197,6.62,,,,,8,M,RWD,,,,,,,,Europe,Italy,,,2,L,4,,,3.486,,,203.2,,,,,,11280,,,29-May-07,FM4,FM2,,,,,,,,,,Uni,FM3,FM2,,3,360,0
FALSE,2003 Ferrari #72 Team Alphand Aventures 550 Maranello GTS,,,2003,Ferrari,#72 Team Alphand Aventures 550 Maranello GTS,,,,,,,,,Livery,GT1,806,R2,,,,,,,600,,2425,4.04,,,,,12,F,RWD,,,,,,,,Europe,Italy,,,2,L,4,,,,,,,,,,,,11278,,,29-May-07,FM3,FM2,,,,,,,,,,,FM3,FM2,,2,360,0
FALSE,2003 Ferrari #88 Veloqx / Prodrive Racing 550 Maranello,,,2003,Ferrari,#88 Veloqx / Prodrive Racing 550 Maranello,,,,,,,,,Race,GT1,805,R2,,,,,,,600,,2425,4.04,,,,,12,F,RWD,,,,,,,,Europe,Italy,,,2,L,4,,,,,,,,,,,,11055,,,03-May-05,FM3,FM1,,,,,,,,,,,FM3,FM2,FM1,3,360,0
FALSE,2003 Ferrari 360 Challenge Stradale,Ferrari 360 CC,297,2003,Ferrari,360 Challenge Stradale,Buy Cars Base,,,,Epic,,,"142,000",Factory,Sport GT Icons,644,A,5.5,3.8,3.9,4.1,,,409,275,2844,6.95,43,3586,NA,V,8,M,RWD,225,285,no,Forza,"562, 565, 603, 630, 788","TT, PDS, CS",stock,Europe,Italy,Ferrari V8,,2,L,4,,,4.100,9.700,12.200,191.8,104.1,247.8,1.01,1.11,5.600,11059,05-Oct-23,05-Nov-21,03-May-05,FM,FM1,FM,FH5,FH4,FM7,FH3,FM6,FH2,FM5,DLC,Uni,FM3,,FM1,12,XBO,1
FALSE,2002 Ferrari 575M Maranello,Ferrari 575M '02,257,2002,Ferrari,575M Maranello,Buy Cars Base,,,,Epic,,,"128,000",Factory,Exotic GT Classics,585,B,5.8,2.6,2.7,4.4,,,508,434,3814,7.51,50,4943,NA,V,12,F,RWD,,295,Both,Forza,"562, 565, 603, 630, 788",TT,stock,Europe,Italy,Ferrari V12,,2,L,4,,,4.200,9.619,12.260,205.3,123.2,306.2,1.05,1.06,5.419,11062,05-Oct-23,30-Dec-21,03-May-05,FM,FM1,FM,cu,FH4,FM7,FH3,FM6,DLC,DLC,,FM4,FM3,FM2,FM1,12,XBO,1
FALSE,2002 Ferrari Enzo Ferrari,Ferrari Enzo '02,333,2002,Ferrari,Enzo Ferrari,Buy Cars Base,,,,Legendary,,,"338,000",Factory,Exotic GT Classics,787,S,7.3,5.3,5.3,6.3,,,650,484,3086,4.75,44,5998,NA,V,12,M,RWD,245,345,no,Forza,"603, 630",TT,stock,Europe,Italy,Ferrari V12,,2,L,4,,"CS, HR",3.300,6.584,11.100,220.4,97.7,229.2,1.08,1.26,3.284,11065,05-Oct-23,05-Nov-21,03-May-05,FM,FM1,FM,FH5,FH4,FM7,FH3,FM6,FH2,FM5,FH1,FM4,FM3,FM2,FM1,13,XBO,1
FALSE,1999 Ferrari 360 Modena,,,1999,Ferrari,360 Modena,,,,,,,,,Factory,Sports,550,A,,,,,,,394,275,3086,7.83,,,,,8,M,RWD,,,,,,,,Europe,Italy,,,2,L,4,,,4.300,,,185.4,,,,,,11060,,,03-May-05,FM4,FM1,,,,,,,,,,FM4,FM3,FM2,FM1,4,360,0
FALSE,1998 Ferrari #12 Risi Competizione F333 SP,Ferrari #12 F333,524,1998,Ferrari,#12 Risi Competizione F333 SP,Buy Cars Base,,,,,,,"353,000",Race,Early LMP,935,P,5.5,8.9,9.3,7.7,,,650,330,2061,3.17,42,4000,NA,V,12,M,RWD,,,,Adjustable,none,none,stock,Europe,Italy,,Yes,2,R,4,,,3.600,5.500,11.300,193.0,79.7,185.1,1.62,2.12,1.900,11053,05-Oct-23,,03-May-05,FM,FM1,FM,,,FM7,,FM6,,FM5,,FM4,FM3,FM2,FM1,8,XBO,1
FALSE,1998 Ferrari #30 MOMO Doran Racing F333 SP,#30 Ferrari F333,,1998,Ferrari,#30 MOMO Doran Racing F333 SP,,,,,,,,,Livery,Early Prototype Racers,985,P,7.7,8.6,8.7,9.6,,,650,330,1960,3.02,42,,NA,V,12,M,RWD,,,,,,,stock,Europe,Italy,,Yes,2,R,4,,,3.600,5.500,11.300,207.5,90.3,201.2,1.69,2.37,1.900,11507,,,27-Oct-09,FM7,FM3,,,,FM7,,FM6,,,,,FM3,,,3,XBO,0
FALSE,1998 Ferrari 355 GTS,,,1998,Ferrari,355 GTS,,,,,,,,,Factory,,,A3,,,,,,,,,,#DIV/0!,,,,,,M,RWD,,,,,,,,Europe,Italy,,,2,L,4,,,,,,,,,,,.000,11058,,,03-May-05,FM1,FM1,,,,,,,,,,,,,FM1,1,360,0
FALSE,1996 Ferrari F50 GT,Ferrari F50 GT,1020,1996,Ferrari,F50 GT,Buy Cars Base,,,,Legendary,,,"340,000",Race,Early Factory Racecars,913,P,7.7,7.0,7.2,7.5,,,750,383,2061,2.75,42,4700,NA,V,12,M,RWD,285,325,Both,Adjustable,"562, 603, 630",TT,stock,Europe,Italy,Ferrari V12,,2,L,4,,,2.880,6.700,9.800,225.8,65.2,147.9,1.79,2.27,3.820,11409,05-Oct-23,05-Nov-21,18-Mar-08,FM,FM2,FM,FH5,FH4,FM7,DLC,,,,FH1,FM4,FM3,DLC,,9,XBO,1
FALSE,"1996 Ferrari F50 GT ""Welcome Pack""",Ferrari F50 WP,,1996,Ferrari,"F50 GT ""Welcome Pack""",DLC store,,,,Legendary,,,"1,200,000",Upgraded,Extreme Track Toys,998,S2,8.4,10.0,10.0,8.3,9.6,,750,383,2002,2.67,42,4700,NA,V,12,M,RWD,,325,no,Adjustable,none,TT,stock,Europe,Italy,,,2,L,4,,,2.900,6.700,,219.7,103.6,238.8,1.39,1.77,3.800,13145,,,28-Jul-20,FH4,FH4,,,DLC,,,,,,,,,,,1,XBO,0
FALSE,1995 Ferrari F355 Challenge,,,1995,Ferrari,F355 Challenge,,,,,,,,,Factory,Sports,548,A,,,,,,,379,268,2986,7.88,,,,,8,M,RWD,,,,,,,,Europe,Italy,,,2,L,4,,,4.500,,,176.1,,,,,,11066,,,03-May-05,FH1,FM1,,,,,,,,,FH1,FM4,FM3,FM2,FM1,5,360,0
FALSE,1995 Ferrari F50,Ferrari F50 '95,342,1995,Ferrari,F50,Buy Cars Base,,,,Legendary,,,"159,000",Factory,Exotic GT Classics,683,A,5.9,4.1,4.4,4.4,,,513,347,2885,5.62,42,4700,NA,V,12,M,RWD,245,335,Both,Forza,"562, 603, 630, 788",TT,stock,Europe,Italy,Ferrari V12,,2,L,4,,"CS, HR",3.683,8.500,12.100,202.0,114.1,275.4,1.14,1.25,4.817,11068,05-Oct-23,05-Nov-21,03-May-05,FM,FM1,FM,FH5,FH4,FM7,FH3,FM6,FH2,FM5,FH1,FM4,FM3,FM2,FM1,13,XBO,1
FALSE,1994 Ferrari F355 Berlinetta,Ferrari F355,253,1994,Ferrari,F355 Berlinetta,Buy Cars Base,,,,Epic,,,"132,000",Factory,Sport GT Icons,568,B,5.2,2.7,3.0,3.6,,,375,268,3122,8.33,41,3496,NA,V,8,M,RWD,,265,Both,Forza,"562, 565, 630, 788","TT, CS",stock,Europe,Italy,Ferrari V8,,2,L,4,,,4.782,11.100,13.317,186.6,126.4,315.1,1.07,1.12,6.318,11279,05-Oct-23,05-Nov-21,29-May-07,FM,FM2,FM,FH5,FH4,FM7,FH3,FM6,FH2,FM5,,FM4,FM3,FM2,,11,XBO,1
FALSE,1992 Ferrari 512 TR,Ferrari 512 '92,255,1992,Ferrari,512 TR,Buy Cars Base,,,,Epic,,,"126,000",Factory,Exotic GT Classics,533,B,5.2,2.5,2.9,3.2,,,421,360,3691,8.77,42,4943,NA,Flat,12,M,RWD,235/R18,295/R18,Both,Forza,"415, 562, 565, 630, 788","TT, PDS, CS",stock,Europe,Italy,Ferrari V12,,2,L,4,,IMC,5.017,10.716,12.916,187.5,107.4,272.8,1.14,1.14,5.699,11061,05-Oct-23,12-May-22,03-May-05,FM,FM1,FM,cu,FH4,FM7,FH3,FM6,,FM5,DLC,FM4,FM3,FM2,FM1,12,XBO,1
FALSE,1990 Ferrari #1 Scuderia Ferrari 641,Ferrari #1 641,2126,1990,Ferrari,#1 Scuderia Ferrari 641,Buy Cars Base,,,,,,,"390,000",Race,Grand Prix Rivals,999,X,6.8,10.0,10.0,10.0,,,680,320,1472,2.16,37,3500,NA,V,12,M,RWD,,,,Adjustable,none,none,stock,Europe,Italy,,Yes,1,C,4,,,2.460,3.931,11.150,208.8,74.5,171.3,1.88,3.06,1.471,12454,05-Oct-23,,03-May-16,FM,FM6,FM,,,FM7,,DLC,,,,,,,,3,XBO,1
FALSE,1989 Ferrari F40 Competizione,Ferrari F40 Comp,1023,1989,Ferrari,F40 Competizione,Buy Cars Base,,,,Legendary,,,"324,000",Race,Early Factory Racecars,874,R,7.8,6.6,7.1,6.5,,,780,526,2293,2.94,42,2936,TT,V,8,M,RWD,,365,Both,Adjustable,"562, 565, 630, 788",none,no,Europe,Italy,Ferrari V8,,2,L,4,,HR,3.100,6.100,10.117,228.3,83.6,185.9,1.77,2.17,3.000,11408,05-Oct-23,05-Nov-21,18-Mar-08,FM,FM2,FM,FH5,FH4,FM7,,,,,FH1,FM4,FM3,DLC,,8,XBO,1
FALSE,1987 Ferrari F40,Ferrari F40 '87,340,1987,Ferrari,F40,Buy Cars Base,,,,Legendary,,,"170,000",Factory,Exotic GT Classics,699,A,6.1,3.6,4.0,5.6,,,478,424,2976,6.23,42,2936,TT,V,8,M,RWD,245,335,Both,Forza,"562, 565, 630, 788",none,eng,Europe,Italy,Ferrari V8,,2,L,4,,WFRC,3.683,8.082,11.700,199.8,117.2,286.3,1.13,1.23,4.399,11067,05-Oct-23,05-Nov-21,03-May-05,FM,FM1,FM,FH5,FH4,FM7,FH3,FM6,FH2,FM5,FH1,FM4,FM3,FM2,FM1,13,XBO,1
FALSE,1984 Ferrari 288 GTO,Ferrari 288 GTO,358,1984,Ferrari,288 GTO,Buy Cars Base,,,,Legendary,,,"141,000",Factory,Sport GT Icons,569,B,5.0,2.6,2.9,4.0,,,395,366,2755,6.97,47,2855,TT,V,8,M,RWD,225/R16,265/R16,Both,Forza,"562, 565, 630, 788",none,eng,Europe,Italy,Ferrari V8,,2,L,4,,"WFRC, HR, HHero",5.000,11.000,14.100,202.9,126.6,317.3,1.08,1.10,6.000,11057,05-Oct-23,05-Nov-21,03-May-05,FM,FM1,FM,FH5,FH4,FM7,FH3,FM6,FH2,FM5,FH1,FM4,FM3,FM2,FM1,13,XBO,1
FALSE,1982 Ferrari #71 Ferrari France 512 BB/LM,#71 Ferrari BBLM,,1982,Ferrari,#71 Ferrari France 512 BB/LM,,,,,,,,,Livery,GT Racing Reborn,792,S,7.6,6.4,6.7,8.7,,,500,375,2315,4.63,43,,NA,Flat,12,R,RWD,,,,,,,stock,Europe,Italy,,,2,L,4,,,3.300,7.500,11.217,195.9,105.8,252.1,1.40,1.54,4.200,12330,,,15-Sep-15,FM7,FM6,,,,FM7,,FM6,,,,,,,,2,XBO,0
FALSE,1982 Ferrari #72 N.A.R.T. 512 BB/LM,Ferrari #72 BBLM,2315,1982,Ferrari,#72 N.A.R.T. 512 BB/LM,Buy Cars Base,,,,,,,"292,000",Race,GTX Sportscars,774,S,6.3,5.4,5.9,5.1,,,500,332,2513,5.03,43,4900,NA,Flat,12,R,RWD,265,355,,Adjustable,none,none,stock,Europe,Italy,Ferrari V12,,2,L,4,,,3.300,7.500,11.450,195.5,87.9,223.6,1.40,1.53,4.200,12331,05-Oct-23,,15-Sep-15,FM,FM6,FM,,,FM7,,FM6,,,,,,,,3,XBO,1
FALSE,1976 Ferrari #1 Scuderia Ferrari 312 T2,Ferrari #1 312,2015,1976,Ferrari,#1 Scuderia Ferrari 312 T2,Buy Cars Base,,,,,,,"323,000",Race,Formula 70s,871,R,4.6,7.8,7.9,9.7,,,500,236,1598,3.20,37,3000,NA,Flat,12,M,RWD,,,,Hood,none,none,stock,Europe,Italy,,Yes,1,C,4,,,2.500,4.900,9.600,180.8,81.6,191.5,1.60,1.99,2.400,12063,05-Oct-23,,22-Nov-13,FM,FM5,FM,,,FM7,,FM6,,FM5,,,,,,4,XBO,1
FALSE,1971 Ferrari #2 Ferrari Automobili 312 P,#2 Ferrari 312 P,,1971,Ferrari,#2 Ferrari Automobili 312 P,,,,,,,,,Race,Prototype Group Racing,830,R,6.8,6.6,6.9,9.4,,,444,258,1466,3.30,36,,NA,Flat,12,M,RWD,,,,,,,stock,Europe,Italy,,Yes,1,R,4,,,3.000,5.900,9.967,184.5,94.9,226.7,1.41,1.61,2.900,11872,,,06-Mar-12,FM7,FM4,,,,FM7,,Uni,,DLC,,DLC,,,,4,XBO,0
FALSE,1970 Ferrari 512 S,Ferrari 512S,3062,1970,Ferrari,512 S,Buy Cars Base,,,,Legendary,,,"314,000",Race,Vintage Le Mans Prototypes,843,R,6.7,5.9,6.3,7.9,,,542,371,2083,3.84,36,4994,NA,V,12,M,RWD,295,370,no,Adjustable,none,none,stock,Europe,Italy,Ferrari V12,,2,R,4,,,3.800,6.600,,210.0,125.2,307.9,1.04,1.17,2.800,13121,05-Oct-23,05-Dec-23,19-Nov-19,FM,FH4,FM,cu,cu,,,,,,,,,,,3,XBO,1
FALSE,1969 Ferrari Dino 246 GT,Ferrari Dino 246,326,1969,Ferrari,Dino 246 GT,Buy Cars Base,,,,Epic,,,"93,000",Factory,Vintage Exotic GT,311,D,2.1,1.5,1.8,2.0,,,195,165,2497,12.81,41,2418,NA,V,6,M,RWD,205,205,Both,Forza,"350, 375, 394I, 475, 562, 565",TT,stock,Europe,Italy,Ferrari V6,,2,L,4,,,7.900,21.500,15.066,144.5,162.1,405.4,0.83,0.82,13.600,11064,05-Oct-23,05-Nov-21,03-May-05,FM,FM1,FM,FH5,FH4,FM7,FH3,FM6,FH2,DLC,Uni,FM4,FM3,FM2,FM1,13,XBO,1
FALSE,1968 Ferrari 365 GTB/4,Ferrari 365 GTB4,1318,1968,Ferrari,365 GTB/4,"Autoshow, WS",,,,Epic,,,"600,000",Factory,Rare Classics,637,B,7.0,3.0,4.4,4.4,3.1,5.4,405,365,3600,8.89,52,4390,NA,V,12,F,RWD,,215,Both,Forza,562v8,T. PDS,stock,Europe,Italy,,,2,L,4,,WFRC,5.883,11.983,13.033,189.5,157.6,397.7,0.81,0.80,6.100,11765,,05-Nov-21,14-Oct-11,FH5,FM4,,FH5,FH4,FM7,FH3,FM6,,DLC,,FM4,,,,7,XBO,0
FALSE,1967 Ferrari #24 Ferrari Spa 330 P4,Ferrari 330 P4,2793,1967,Ferrari,#24 Ferrari Spa 330 P4,Buy Cars Base,,,,Legendary,,,"288,000",Race,Vintage Le Mans Prototypes,764,S,5.9,4.7,5.2,6.5,,,450,385,1934,4.30,40,3967,NA,V,12,M,RWD,245,305,no,Forza,none,none,stock,Europe,Italy,,,2,R,4,,"OR, CS, HR",3.784,7.983,11.100,198.2,127.8,320.0,1.04,1.08,4.199,11054,05-Oct-23,05-Nov-21,03-May-05,FM,FM1,FM,FH5,FH4,FM7,FH3,FM6,DLC,,,FM4,FM3,FM2,FM1,11,XBO,1
FALSE,1964 Ferrari 250 GTO,,,1964,Ferrari,250 GTO,,,,,,,,,Factory,Sports,440,B,,,,,,,300,216,2479,8.26,,,,,12,F,RWD,,,,,,,,Europe,Italy,,,2,L,4,,,4.700,,,172.6,,,,,-4.700,11056,,,03-May-05,FM4,FM1,,,,,,,,,,FM4,FM3,FM2,FM1,4,360,0
FALSE,1964 Ferrari F-158,Ferrari F-158,2401,1964,Ferrari,F-158,Buy Cars Base,,,,,,,"261,000",Race,Formula 60s,677,A,3.6,4.4,4.5,5.3,,,210,105,1238,5.90,43,1500,NA,V,8,M,RWD,/R13,/R13,,nonadjustable,none,none,stock,Europe,Italy,,Yes,1,C,4,,,5.000,9.000,11.117,166.7,88,229.9,1.32,1.30,4.000,12493,05-Oct-23,,02-Aug-16,FM,FM6,FM,,,FM7,,DLC,,,,,,,,3,XBO,1
FALSE,1963 Ferrari 250LM,Ferrari 250LM,2268,1963,Ferrari,250LM,Buy Cars Base,,,,Legendary,,,"174,000",Race,Vintage Le Mans Sportscars,624,A,5.0,3.1,3.3,3.6,,,315,231,2022,6.42,45,3286,NA,V,12,M,RWD,205,265,no,Forza,"562, 630, 788",TT,stock,Europe,Italy,Ferrari V12,,2,R,4,,HR,6.500,11.900,12.983,178.7,152.7,384.4,0.83,0.83,5.400,12416,05-Oct-23,,01-Dec-15,FM,FM6,FM,,FH4,FM7,FH3,DLC,,,,,,,,5,XBO,1
FALSE,1962 Ferrari 250 GT Berlinetta Lusso,Ferrari 250 GT,1578,1962,Ferrari,250 GT Berlinetta Lusso,Buy Cars Base,,,,Legendary,,,"119,000",Factory,Sport Coupe Icons,381,D,2.7,1.4,1.5,2.9,,,254,215,2437,9.59,52,2953,NA,V,12,F,RWD,205,205,Both,Forza,"302, 415, 562, 565, 630","TT, CS",stock,Europe,Italy,Ferrari V12,,2,L,4,,HR,6.761,14.093,13.533,150.9,162.3,398.1,0.82,0.91,7.332,12159,05-Oct-23,28-Apr-22,30-Sep-14,FM,FH2,FM,cu,FH4,FM7,FH3,FM6,FH2,,,,,,,7,XBO,1
FALSE,1962 Ferrari 250 GTO,Ferrari 250 GTO,249,1962,Ferrari,250 GTO,Buy Cars Base,,,,Legendary,,,"160,000",Factory,Vintage Le Mans Sportscars,560,B,4.3,2.6,3.2,3.8,,,300,216,2155,7.18,52,2953,NA,V,12,F,RWD,195,225,no,Forza,"562, 788",TT,stock,Europe,Italy,Ferrari V12,,2,R,4,,"OT, ?WFRC, CS, HR, SS",6.065,13.063,13.500,175.0,162.7,406.2,0.83,0.82,6.998,11963,05-Oct-23,05-Nov-21,23-Oct-12,FM,FH1,FM,FH5,FH4,FM7,FH3,FM6,FH2,FM5,FH1,,,,,9,XBO,1
FALSE,1957 Ferrari 250 California,Ferrari 250 Cali,1271,1957,Ferrari,250 California,"Autoshow, WS",,,,Legendary,,,"18,500,000",Factory,Rare Classics,564,C,5.4,2.8,4.0,3.4,2.3,5.7,262,188,2315,8.84,52,2953,NA,V,12,F,RWD,,185,no,Forza,"300, 375, 562v8","TT, PDS",stock,Europe,Italy,,Yes,2,L,4,,"CS, HR, IMC",6.467,14.648,14.860,149.2,166.2,407.6,0.80,0.80,8.181,11674,,05-Nov-21,14-Dec-10,FH5,FM3,,FH5,FH4,FM7,FH3,FM6,FH2,DLC,FH1,FM4,DLC,,,10,XBO,0
FALSE,1957 Ferrari 250 Testa Rossa,Ferrari 250 TR,1154,1957,Ferrari,250 Testa Rossa,Buy Cars Base,,,,Legendary,,,"164,000",Factory,Vintage Le Mans Sportscars,559,B,3.7,2.3,2.7,4.2,,,300,223,1995,6.65,52,2953,NA,V,12,F,RWD,185,195,no,Forza,"562, 788","TT, PDS",stock,Europe,Italy,Ferrari V12,Yes,2,R,4,,"CS, HR",6.047,12.938,13.017,171.6,166.7,416.1,0.87,0.86,6.891,11510,05-Oct-23,05-Nov-21,27-Oct-09,FM,FM3,FM,FH5,FH4,FM7,FH3,FM6,FH2,FM5,FH1,FM4,DLC,,,11,XBO,1
FALSE,1953 Ferrari 500 Mondial,Ferrari 500 M,2186,1953,Ferrari,500 Mondial,Buy Cars Base,,,,Legendary,,,"123,000",Race,Vintage Le Mans Sportscars,365,D,2.1,1.6,2.1,2.1,,,168,135,1835,10.92,51,1985,NA,Inline,4,F,RWD,,180,no,Side Skirts (door),none,none,stock,Europe,Italy,,Yes,2,R,4,,,7.450,17.480,14.783,145.7,106.5,316.3,1.11,0.96,10.030,12199,05-Oct-23,,06-Jan-15,FM,FH2,FM,,FH4,FM7,FH3,FM6,DLC,,,,,,,6,XBO,1
FALSE,1952 Ferrari 375,Ferrari 375,,1952,Ferrari,375,,,,,,,,,Race,The Birth of Grand Prix,623,A,7.3,4.4,4.8,8.0,,,374,265,1587,4.24,57,,NA,V,12,F,RWD,,,,,,,stock,Europe,Italy,,Yes,1,C,4,,,4.000,9.000,11.967,189.9,106.7,278.0,1.12,1.08,5.000,12110,,,01-Jul-14,FM7,FM5,,,,FM7,,FM6,,DLC,,,,,,3,XBO,0
FALSE,1948 Ferrari 166 Inter Sport,Ferrari 166 IS,3019,1948,Ferrari,166 Inter Sport,Buy Cars Base,,,,,,,"177,000",Race,The Birth of Grand Prix,342,D,1.2,1.9,2.1,2.3,,,129,117,1513,11.73,52,2000,NA,V,12,F,RWD,140/R15,140/R15,,Forza,none,PDS,stock,Europe,Italy,,Yes,2,R,4,,,8.900,20.000,14.250,133.8,122,306.4,1.05,0.98,11.100,12885,05-Oct-23,,19-Apr-18,FM,FM7,FM,,,DLC,,,,,,,,,,2,XBO,1
FALSE,1948 Ferrari 166MM Barchetta,Ferrari 166MM,,1948,Ferrari,166MM Barchetta,,,,,Legendary,,,"6,500,000",Race,Classic Racers,554,C,5.7,4.9,5.1,5.5,7.1,,138,117,1433,10.38,52,1995,NA,V,12,F,RWD,,140,Rear,Hood,"300, 562v8",PDS,stock,Europe,Italy,,Yes,2,R,4,,"DvG, mm, HR",8.679,18.200,13.733,135.4,200.8,484.7,0.74,0.74,9.521,12567,,,23-Sep-16,FH4,FH3,,,FH4,FM7,FH3,,,,,,,,,3,XBO,0
FALSE,2010 FIAT Punto Evo SPORT,,,2010,FIAT,Punto Evo SPORT,,,,,,,,,Factory,Hatch,243,E,,,,,,,133,152,2546,19.14,,,,,4,F,FWD,,,,,,,,Europe,Italy,,,3,L,4,,,8.500,,,128.5,,,,,-8.500,11652,,,03-Jul-10,FM4,FM3,,,,,,,,,,FM4,DLC,,,2,360,0
FALSE,2000 FIAT Coupe 2.0 20V Turbo,,,2000,FIAT,Coupe 2.0 20V Turbo,,,,,,,,,Factory,Sports,411,C,,,,,,,217,228,2888,13.31,,,,,5,F,FWD,,,,,,,,Europe,Italy,,,2,R,4,,,6.200,,,156.2,,,,,-6.200,11849,,,03-Jan-12,FM4,FM4,,,,,,,,,,DLC,,,,1,360,0
FALSE,1980 FIAT 124 Sport Spider,FIAT 124 Spider,2195,1980,FIAT,124 Sport Spider,Autoshow,Series 24 cu,,,Common,,,"25,000",Factory,Classic Sports Cars,288,D,3.9,2.1,3.2,2.3,2.9,5.0,102,110,2310,22.65,54,1995,NA,Inline,4,F,RWD,,185,Both,Forza,"321, 300, 375, 805","T, PDS",stock,Europe,Italy,,Yes,2,L,4,,"RPC, SS",8.985,34.984,,109.2,174.5,427.6,0.75,0.74,25.999,12484,,15-Aug-23,12-Jul-16,FH5,FM6,,cu,FH4,FM7,FH3,DLC,,,,,,,,5,XBO,0
FALSE,1975 FIAT X1/9,FIAT X1/9,,1975,FIAT,X1/9,Exclusive,,,,Rare,,,"250,000",Factory,Classic Sports Cars,127,D,4.8,3.7,4.1,4.0,5.7,,61,67,2210,36.23,40,1290,NA,Inline,4,M,RWD,,185,Both,Forza,300,"T, PDS",stock,Europe,Italy,,,2,L,4,,RPC,12.700,70.000,,102.0,210.2,512.1,0.70,0.69,57.300,12100,,,30-May-14,FH4,FM5,,,cu,FM7,FH3,FM6,,DLC,,,,,,5,XBO,0
FALSE,1969 FIAT Dino 2.4 Coupe,FIAT Dino,1615,1969,FIAT,Dino 2.4 Coupe,Exclusive,,,,Legendary,,,"250,000",Factory,Classic Sports Cars,468,D,5.7,4.5,4.7,5.4,6.9,,180,159,3086,17.14,52,2418,NA,V,6,F,RWD,,205,Front,Forza,"321, 300, 455, 485, 850, 262","T, PDS",stock,Europe,Italy,,,2,L,4,,,8.118,21.600,15.117,133.3,199.7,491.8,0.74,0.73,13.482,12440,,25-Jan-24,15-Mar-16,FH5,FM6,,cu,cu,FM7,FH3,DLC,,,,,,,,5,XBO,0
FALSE,1952 FIAT 8V Supersonic,Fiat 8V,,1952,FIAT,8V Supersonic,,,,,,,,,Factory,Vintage Sport Coupe,245,E,4.5,3.6,3.9,5.3,5.2,,115,107,2050,17.83,53,1996,NA,V,8,F,RWD,,,,,,,stock,Europe,Italy,,,2,L,4,,,12.557,34.980,21.500,118.5,132.2,332.6,0.99,0.92,22.423,12250,,,04-Aug-15,FM7,FH2,,,,FM7,FH3,FM6,DLC,,,,,,,4,XBO,0
FALSE,2024 Ford #130 Mustang RTR,#130 Mustang RTR,3916,2024,Ford,#130 Mustang RTR,Buy Cars Base,FM Update 13,Gift 20241016,,,,,"289,000",Race,Formula Drift,837,R,5.6,4.5,4.6,6.8,,,1159,910,3292,2.84,49,7500,NA,V,8,F,RWD,275/R18,315/R18,,Adjustable,none,none,,N. America,U.S.,Ford Mustang,,2,L,4,,,2.983,5.500,10.050,194.3,98.5,245.4,1.30,1.34,2.517,,14-Oct-24,,14-Oct-24,FM,FM,S,,,,,,,,,,,,,1,XBO,1
FALSE,2024 Ford #25 Mustang RTR,#25 Mustang RTR,3870,2024,Ford,#25 Mustang RTR,Buy Cars Base,FM Update 13,Gift 20241016,,,,,"289,000",Race,Formula Drift,810,R,6.8,4.5,4.6,6.1,,,1132,930,3239,2.86,49,7500,NA,V,8,F,RWD,275/R18,315/R18,,Adjustable,none,none,,N. America,U.S.,Ford Mustang,,2,L,4,,,3.300,5.500,9.867,211.3,93.4,240.2,1.30,1.34,2.200,,14-Oct-24,,14-Oct-24,FM,FM,S,,,,,,,,,,,,,1,XBO,1
FALSE,2024 Ford #88 Mustang RTR,#88 Mustang RTR,3868,2024,Ford,#88 Mustang RTR,Buy Cars Base,FM Update 13,Gift 20241016,,,,,"289,000",Livery,Formula Drift,810,R,6.8,4.5,4.6,6.1,,,1132,930,3239,2.86,49,7500,NA,V,8,F,RWD,275/R18,315/R18,,Adjustable,none,none,,N. America,U.S.,Ford Mustang,,2,L,4,,,3.300,5.500,10.067,211.2,94.9,239.3,1.30,1.34,2.200,,14-Oct-24,,14-Oct-24,FM,FM,S,,,,,,,,,,,,,1,XBO,1
FALSE,2024 Ford Mustang Dark Horse,Ford Dark Horse,3847,2024,Ford,Mustang Dark Horse,Buy Cars DLC,FM Car Pass,Gift w/DLC,,,,,"97,000",Factory,Modern Sport Touring,633,A,5.4,3.8,3.5,4.0,,,500,418,3949,7.90,54,5040,NA,V,8,F,RWD,305/30R19,315/30R19,,Race wings,"350, 565, 640, 788, 825","TT, PDS",,N. America,U.S.,Ford Mustang,,2,L,4,,,4.100,9.700,12.500,181.9,103.0,252.5,1.21,1.20,5.600,,16-Oct-24,20-Jun-24,20-Jun-24,FM,FH5,DLC,cu,,,,,,,,,,,,2,XBO,1
FALSE,2024 Ford Mustang GT,Ford Mustang '24,3846,2024,Ford,Mustang GT,Buy Cars Base,FM Update 13,,,,,10/23/2024,"91,000",Factory,Modern Sport Touring,579,B,4.9,2.8,2.8,3.8,,,486,418,3827,7.87,53,5040,NA,V,8,F,RWD,255/40R19,275/40R19,,"WB, Race wings","350, 565, 640, 788, 825","TT, PDS, CS",,N. America,U.S.,Ford Mustang,,2,L,4,,,4.200,9.500,12.500,185.6,109.0,270.7,1.14,1.12,5.300,,16-Oct-24,26-Mar-24,26-Mar-24,FM,FH5,S,cu,,,,,,,,,,,,2,XBO,1
FALSE,2024 Ford Mustang GT3,Ford Mustang GT3,4026,2024,Ford,Mustang GT3,Buy Cars DLC,FM Racing Heroes,Gift w/DLC,,,,,"310,000",Race,Forza GT3,829,R,5.0,6.9,6.1,6.8,,,593,479,3021,5.09,48,5400,,V,8,F,RWD,300/R18,310/R18,,Adjustable,none,none,,N. America,U.S.,Ford Mustang,,2,L,4,,,2.900,6.200,10.783,186.5,84.2,208.5,1.45,1.70,3.300,,05-May-25,,05-May-25,FM,FM,DLC,,,,,,,,,,,,,1,XBO,1
FALSE,2024 Ford NASCAR Next Gen Mustang Dark Horse,NASCAR Mustang,3847,2024,Ford,NASCAR Next Gen Mustang Dark Horse,Buy Cars Base,FM Update 14,,,,,,"326,000",Race,NASCAR,855,R,6.0,7.0,7.0,5.5,,,670,470,3325,4.96,50,5900,NA,V,8,F,RWD,/R18,/R18,,Adjustable,none,none,,N. America,U.S.,,,2,L,4,,,3.500,6.550,11.117,200.0,80.4,199.3,1.48,1.71,3.050,,06-Nov-24,,06-Nov-24,FM,FM,S,,,,,,,,,,,,,1,XBO,1
FALSE,2023 Ford F-150 Raptor R,Ford Raptor R,3849,2023,Ford,F-150 Raptor R,Seasonal,Series 32 cu,,,,,,,Factory,Pickups & 4x4s,,,,,,,,,,,,,,,,,,,,,,,,,,,N. America,U.S.,,,,,,,,,,,,,,,,,,,,,FH5,FH5,,cu,,,,,,,,,,,,1,XBO,0
FALSE,2023 Ford Fiesta ST,Ford Fiesta '23,3903,2023,Ford,Fiesta ST,Seasonal,,,,,,,,Factory,Hot Hatch,,,,,,,,,,,,,,,,,,,,,,,,,,,N. America,U.S.,,,,,,,,,,,,,,,,,,,,,FH5,FH5,,cu,,,,,,,,,,,,1,XBO,0
FALSE,2022 Ford Bronco Raptor,Bronco Raptor,3736,2022,Ford,Bronco Raptor,Exclusive,Series 26 cu,,,,,,,Factory,Pickups & 4x4s,,,,,,,,,,,,,,,,,,,,,,,,,,,N. America,U.S.,,,,,,,,,,,,,,,,,13432,,26-Oct-23,26-Oct-23,FH5,FH5,,cu,,,,,,,,,,,,1,XBO,0
FALSE,2022 Ford F-150 Lightning Platinum,F-150 Lightning,3692,2022,Ford,F-150 Lightning Platinum,DLC,FH5 Rally Adv,,,Epic,,,"100,000",Factory,Pickups & 4x4s,607,B,3.8,2.9,2.6,5.1,5.4,8.3,563,775,7070,12.56,50,0,E,E,E,F,AWD,,275,Both,"Bumper, Bed, Lights",none,none,E,N. America,U.S.,,,4,L,4,,,4.015,10.100,,110.8,144.7,372.4,0.82,0.81,6.085,13342,,29-Mar-23,29-Mar-23,FH5,FH5,,DLC,,,,,,,,,,,,1,XBO,0
FALSE,2022 Ford Fiesta ST,Ford Focus '22,3904,2022,Ford,Fiesta ST,Seasonal,,,,,,,,Factory,,,,,,,,,,,,,,,,,,,,,,,,,,,,N. America,U.S.,,,,,,,,,,,,,,,,,,,,,FH5,FH5,,cu,,,,,,,,,,,,1,XBO,0
FALSE,2022 Ford Supervan 4,Ford SuperVan 4,3755,2022,Ford,Supervan 4,DLC,,,,,,,,Tuner,Extreme Track Toys,,,,,,,,,,,,,,,,,,,,,,,,,,,N. America,U.S.,,,,,,,,,,,,,,,,,,,,,FH5,FH5,,DLC,,,,,,,,,,,,1,XBO,0
FALSE,2021 Ford Bronco,Ford Bronco '21,3489,2021,Ford,Bronco,"Autoshow, WS",,Starter Choice,,Rare,,,"55,000",Factory,Pickups & 4x4s,560,C,4.9,3.4,3.5,4.0,6.1,8.4,310,400,4810,15.52,55,2700,TT,V,6,F,AWD,,315,no,Rally lights,"415, 662, 850, 914, 1750",none,eng,N. America,U.S.,,,3,L,4,,,6.900,18.600,,135.5,139.3,357.5,0.86,0.85,11.700,13220,,05-Nov-21,05-Nov-21,FH5,FH5,,FH5,,,,,,,,,,,,1,XBO,0
FALSE,2021 Ford Mustang Mach-E 1400,Ford Mach-E 1400,3598,2021,Ford,Mustang Mach-E 1400,Accolade,Series 6 cu,Accolade,,Legendary,,,"750,000",Tuner,Track Toys,900,S1,5.6,8.4,6.9,7.3,8.1,4.2,1400,1832,4960,3.54,48,0,E,E,E,M,AWD,,315,Both,Adjustable,none,none,no,N. America,U.S.,,,4,L,4,,,2.700,4.700,,159.5,90.1,219.3,1.13,1.30,2.000,13289,,30-Mar-22,30-Mar-22,FH5,FH5,,cu,,,,,,,,,,,,1,XBO,0
FALSE,2020 Ford #2069 Ford Performance Bronco R,Bronco R,3404,2020,Ford,#2069 Ford Performance Bronco R,"Autoshow, WS",,,,Epic,,,"250,000",Race,Offroad,544,C,4.2,4.8,4.1,3.2,5.2,10.0,325,400,6500,20.00,49,2700,TT,V,6,F,AWD,,315,no,light bar,"415, 640, 662, 700V, 850, 1750",none,eng,N. America,U.S.,,,2,L,4,,,7.566,25.100,,117.8,123.4,313.8,0.87,0.86,17.534,13217,,05-Nov-21,05-Nov-21,FH5,FH5,,FH5,,,,,,,,,,,,1,XBO,0
FALSE,2020 Ford #2069 Ford Performance Bronco R 'Welcome Pack',Bronco R WP,3684,2020,Ford,#2069 Ford Performance Bronco R 'Welcome Pack',DLC Autoshow,FH5 Welcome Pack,Gift w/DLC,,Common,,,"250,000",Upgraded,Offroad,800,A,6.1,5.4,3.9,8.8,9.9,9.9,800,921,4475,5.59,49,2700,TT,V,6,F,AWD,,355,no,light bar,"415, 640, 662, 300, 700V, 850, 1750",none,eng,N. America,U.S.,,,2,L,4,,,7.117,23.959,,169.8,111.1,289.6,0.94,0.93,16.842,13218,,05-Nov-21,05-Nov-21,FH5,FH5,,DLC,,,,,,,,,,,,1,XBO,0
FALSE,2020 Ford Mustang Shelby GT500,Ford GT500 '20,3277,2020,Ford,Mustang Shelby GT500,Buy Cars Base,,,,Rare,,,"210,000",Factory,Modern Sport Touring,724,S,6.4,4.1,3.9,5.3,,,760,625,4171,5.49,56,5163,PDS,V,8,F,RWD,,315,Both,Forza,"565, 640, 788, 825",TT,,N. America,U.S.,Ford Mustang,,2,L,4,,,3.300,6.685,,209.6,108.7,256.0,1.20,1.28,3.385,13166,05-Oct-23,05-Nov-21,11-Feb-21,FM,FH4,FM,FH5,cu,,,,,,,,,,,3,XBO,1
FALSE,2020 Ford Super Duty F-450 DRW Platinum,Ford SD F-450,3476,2020,Ford,Super Duty F-450 DRW Platinum,"Autoshow, WS",,,,Common,,,"70,000",Factory,Pickups & 4x4s,466,D,4.6,2.7,3.1,4.3,7.3,8.1,475,1050,8587,18.08,55,6651,T,V,8,F,AWD,,450,no,"light bar, bed","415, 475d, 640, 662, 700V, 800, 850, 1750",none,stock,N. America,U.S.,,,4,L,4,,,7.481,19.200,,127.4,143.2,374.6,0.78,0.77,11.719,13224,,05-Nov-21,05-Nov-21,FH5,FH5,,FH5,,,,,,,,,,,,1,XBO,0
FALSE,2019 Ford Ranger Raptor,Ranger Raptor,3174,2019,Ford,Ranger Raptor,"WS, Seasonal",,,,Epic,,,"58,000",Factory,Pickups & 4x4s,451,D,4.5,3.1,3.3,2.7,4.9,8.6,211,368,5141,24.36,57,1996,TT,V,4,F,AWD,,285,Both,Bars/Bed,"415, 450, 662, 300, 850",none,eng,N. America,U.S.,,,4,R,4,,Heavy,10.000,29.917,,124.2,139.3,359.6,0.84,0.83,19.917,13100,,05-Nov-21,01-Jul-19,FH5,FH4,,FH5,cu,,,,,,,,,,,2,XBO,0
FALSE,2019 Ford Ranger Raptor Traffic,,,2019,Ford,Ranger Raptor Traffic,Horizon Promo,,,,,,,,Traffic,,,,,,,,,,,,,,,,,,,,,,,,,,,,N. America,U.S.,,,,,,,,,,,,,,,,,13205,,,04-Nov-21,FH5,FH5,,HP,,,,,,,,,,,,1,XBO,0
FALSE,2018 Ford #25 Mustang RTR,#25 RTR Mustang,3093,2018,Ford,#25 Mustang RTR,"Autoshow, WS",,,,Epic,,,"500,000",Race,Drift Cars,834,S1,5.9,4.7,5.3,5.2,5.5,4.1,1000,737,3100,3.10,51,7146,NA,V,8,F,RWD,,295,no,none,"914, 1350","TT, PDS, CS",stock,N. America,U.S.,,,2,L,4,,,4.185,6.872,10.650,159.9,123.4,309.8,1.07,1.10,2.687,13079,,05-Nov-21,12-Mar-19,FH5,FM7,,FH5,cu,cu,,,,,,,,,,3,XBO,0
FALSE,2018 Ford #88 Mustang RTR,#88 RTR Mustang,3151,2018,Ford,#88 Mustang RTR,"Autoshow, WS",,,,Epic,,,"500,000",Livery,Drift Cars,834,S1,5.9,4.7,5.3,5.2,5.5,4.1,1000,737,3100,3.10,51,7146,NA,V,8,F,RWD,,295,no,none,"914, 1350","TT, PDS, CS",stock,N. America,U.S.,,,2,L,4,,,4.185,6.872,10.650,159.9,123.6,310.0,1.07,1.10,2.687,13080,,05-Nov-21,12-Mar-19,FH5,FM7,,FH5,cu,cu,,,,,,,,,,3,XBO,0
FALSE,2018 Ford #98 Breathless Pro Racing TA Mustang,Ford #98 Mustang,3251,2018,Ford,#98 Breathless Pro Racing TA Mustang,Buy Cars DLC,FM Car Pass,Gift w/DLC,,,,,"332,000",Race,Forza T/A,897,R,5.5,7.1,7.2,6.7,,,850,550,2912,3.43,49,5900,NA,V,8,F,RWD,310/R16,340/R16,,Adjustable,none,none,,N. America,U.S.,Ford Mustang,,2,L,4,,,3.150,4.714,13.333,195.3,93.2,227.9,1.48,1.78,1.564,,28-Feb-24,,28-Feb-24,FM,FM,DLC,,,,,,,,,,,,,1,XBO,1
FALSE,2018 Ford Mustang GT,Ford Mustang '18,3046,2018,Ford,Mustang GT,Buy Cars Base,,,,Common,,,"88,000",Factory,Modern Sport Touring,568,B,4.9,2.7,2.7,3.7,,,460,420,3705,8.05,53,5031,NA,V,8,F,RWD,255/R19,275/R19,Both,Forza,"350, 460, 565, 640, 788, 825","TT, PDS",stock,N. America,U.S.,Ford Mustang,,2,L,4,,,4.300,9.700,12.600,185.6,111.1,277.7,1.13,1.10,5.400,12974,05-Oct-23,05-Nov-21,28-Sep-18,FM,FH4,FM,FH5,FH4,,,,,,,,,,,3,XBO,1
FALSE,2018 Ford Mustang GT DeBerti Design,Ford Mustang DD,,2018,Ford,Mustang GT DeBerti Design,DLC store,,,,Epic,,,"500,000",Tuner,Modern Muscle,835,S1,8.2,7.3,7.1,7.2,8.8,,750,653,3820,5.09,53,5031,PDS,V,8,F,RWD,,?,Yes,Forza,"640, 700",none,,N. America,U.S.,,,2,L,4,,,3.600,7.500,,210.0,142.2,336.6,1.01,1.04,3.900,13027,,,25-Oct-18,FH4,FH4,,,DLC,,,,,,,,,,,1,XBO,0
FALSE,2018 Ford Mustang RTR Spec 5,Ford Mustang S5,3108,2018,Ford,Mustang RTR Spec 5,"Autoshow, WS",,,,Rare,,,"105,000",Tuner,Modern Muscle,757,A,6.5,4.8,6.2,5.1,5.4,4.6,497,454,3537,7.12,53,5031,NA,V,8,F,RWD,,305,Both,Forza,"475d, 526, 640, 800, 1000","TT, PDS",stock,N. America,U.S.,,,2,L,4,,,4.900,10.683,12.733,179.4,127.8,309.0,1.00,1.03,5.783,13081,,05-Nov-21,12-Mar-19,FH5,FM7,,FH5,cu,cu,,,,,,,,,,3,XBO,0
FALSE,2017 Ford #14 Rahal Letterman Lanigan Racing GRC Fiesta,#14 Ford Fiesta,2937,2017,Ford,#14 Rahal Letterman Lanigan Racing GRC Fiesta,"WS, Seasonal",,,,Epic,,,"500,000",Race,Rally Monsters,860,S1,5.0,5.9,5.6,9.2,10.0,7.6,600,664,2746,4.58,54,2044,T,Inline,4,F,AWD,,235,no,Rally lights,300,none,no,N. America,U.S.,,,3,L,4,,,2.800,5.918,,139.8,92.6,232.5,1.17,1.29,3.118,12966,,05-Nov-21,28-Sep-18,FH5,FH4,,FH5,FH4,,,,,,,,,,,2,XBO,0
FALSE,2017 Ford #17 Shell V-Power Racing Team Falcon FG X,Ford #17 Falcon,2760,2017,Ford,#17 Shell V-Power Racing Team Falcon FG X,Buy Cars Base,,,,,,,"295,000",Race,Forza AUS,785,S,5.0,5.6,5.6,5.7,,,635,465,3109,4.90,53,5000,NA,V,8,F,RWD,280/R18,280/R18,,Adjustable,none,none,stock,N. America,U.S.,Ford Falcon,,4,R,4,,,3.284,6.783,11.483,186.0,91.2,225.2,1.37,1.51,3.499,12780,05-Oct-23,,29-Sep-17,FM,FM7,FM,,,FM7,,,,,,,,,,2,XBO,1
FALSE,2017 Ford #22 Team Penske Autotrader Fusion,#22 Ford Fusion,,2017,Ford,#22 Team Penske Autotrader Fusion,,,,,,,,,Livery,NASCAR,833,R,7.7,6.8,6.9,8.7,,,725,450,3300,4.55,53,,NA,V,8,F,RWD,,,,,,,stock,N. America,U.S.,,,2,L,4,,,4.000,7.500,11.233,204.9,121.3,276.0,1.40,1.61,3.500,12781,,,29-Sep-17,FM7,FM7,,,,FM7,,,,,,,,,,1,XBO,0
FALSE,2017 Ford #22 Team Penske Duralast GT Fusion,#22 Ford Penske,,2017,Ford,#22 Team Penske Duralast GT Fusion,,,,,,,,,Livery,NASCAR,833,R,7.7,6.8,6.9,8.7,5.2,,725,450,3300,4.55,53,,NA,V,8,F,RWD,,,,,,,stock,N. America,U.S.,,,2,L,4,,,4.000,7.500,11.233,204.9,121.3,276.0,1.40,1.61,3.500,12782,,,29-Sep-17,FM7,FM7,,,,FM7,,,,,,,,,,1,XBO,0
FALSE,2017 Ford #22 Team Penske Pennzoil Fusion,#22 Ford Joey,,2017,Ford,#22 Team Penske Pennzoil Fusion,,,,,,,,,Race,NASCAR,833,R,7.7,6.8,6.9,8.7,,,725,450,3300,4.55,53,,NA,V,8,F,RWD,,,,,,,stock,N. America,U.S.,,,2,L,4,,,4.000,7.500,11.233,204.9,121.3,276.0,1.40,1.61,3.500,12783,,,29-Sep-17,FM7,FM7,,,,FM7,,,,,,,,,,1,XBO,0
FALSE,2017 Ford #25 'Brocky' Ultra4 Bronco RTR,#25 Ford Bronco,3128,2017,Ford,#25 'Brocky' Ultra4 Bronco RTR,"Autoshow, WS",,,,Epic,,,"500,000",Race,Unlimited Offroad,748,A,4.7,5.2,4.1,6.1,5.2,10.0,600,558,4500,7.50,52,7000,NA,V,8,F,AWD,,335,no,none,"475d, 800, 850, 1000","TT, PDS",stock,N. America,U.S.,,,2,L,4,,,4.318,9.734,,132.9,122.8,311.2,0.96,0.95,5.416,13219,,05-Nov-21,05-Nov-21,FH5,FH5,,FH5,,,,,,,,,,,,1,XBO,0
FALSE,2017 Ford F-150 Raptor,Ford Raptor '17,3485,2017,Ford,F-150 Raptor,"Autoshow, WS",,,,Common,,,"63,000",Factory,Pickups & 4x4s,559,C,4.9,3.3,3.3,4.8,4.0,8.7,450,500,5450,12.11,57,3496,TT,V,6,F,AWD,,315,no,Truck Bed,"415, 450, 662, 850, 1750",none,no,N. America,U.S.,,,2,L,4,,Heavy,6.100,16.500,13.800,135.6,142.0,358.3,0.85,0.85,10.400,12338,,05-Nov-21,15-Sep-15,FH5,FM6,,FH5,FH4,FM7,FH3,FM6,,,,,,,,5,XBO,0
FALSE,2017 Ford F-150 Raptor Forza Edition,Ford Raptor FE,,2017,Ford,F-150 Raptor Forza Edition,,,,,,,,,Upgraded,Modern Offroaders,399,D,5.4,4.3,4.0,7.2,,,489,543,4938,10.10,57,,TT,V,6,F,AWD,,,,,,,,N. America,U.S.,,,2,L,4,,,6.100,16.500,13.067,145.4,131.8,327.5,1.00,0.94,10.400,12784,,,29-Sep-17,FM7,FM7,,,,FE,,,,,,,,,,1,XBO,0
FALSE,2017 Ford F-150 Raptor Horizon Edition,,,2017,Ford,F-150 Raptor Horizon Edition,,,,,,,,,Upgraded,Offroad,738,A,5.0,6.0,7.3,6.9,7.9,,450,500,5450,12.11,57,3496,TT,V,8,F,AWD,,A,,,,,no,N. America,U.S.,,,2,L,4,,Heavy,,,,,,,,,.000,12572,,,23-Sep-16,FH3,FH3,,,,,HE,,,,,,,,,1,XBO,0
FALSE,2017 Ford F-150 Raptor Project Scorpio Edition,Ford Raptor PS,,2017,Ford,F-150 Raptor Project Scorpio Edition,,,,,,,,,Tuner,Modern Offroaders,335,D,5.2,4.1,3.9,6.5,,,450,510,5842,12.98,57,,TT,V,6,F,AWD,,325,,,,,eng,N. America,U.S.,,,2,L,4,,,6.100,17.400,14.267,139.2,127.6,321.9,0.98,0.93,11.300,12861,,,16-Jan-18,FM7,FM7,,,,cu,,,,,,,,,,1,XBO,0
FALSE,2017 Ford F-150 Raptor Race Truck,Ford Raptor Race,,2017,Ford,F-150 Raptor Race Truck,,,,,,,,,Race,Forza Trophy Trucks,347,D,5.4,3.9,3.8,6.7,7.9,,450,500,5450,12.11,57,3496,TT,V,6,F,AWD,,,,,,,eng,N. America,U.S.,,,2,L,4,,Heavy,6.120,16.500,13.800,145.8,133.1,338.3,0.97,0.90,10.380,12573,,,23-Sep-16,FM7,FH3,,,,FM7,FH3,,,,,,,,,2,XBO,0
FALSE,2017 Ford Focus RS,Ford Focus '17,2357,2017,Ford,Focus RS,Buy Cars Base,,,,Epic,,,"80,000",Factory,Modern Hot Hatch,535,B,4.1,2.6,2.6,3.3,,,350,350,3446,9.85,59,2261,T,Inline,4,F,AWD,,235,Both,"WB, Forza","375, 394I, 460, 475, 565, 630",none,eng,N. America,U.S.,Ford Focus,,5,L,4,,,4.400,11.376,12.367,162.8,134.2,324.7,0.98,1.09,6.976,12455,05-Oct-23,05-Nov-21,03-May-16,FM,FM6,FM,FH5,FH4,FM7,FH3,DLC,,,,,,,,6,XBO,1
FALSE,2017 Ford Focus RS Forza Edition,,,2017,Ford,Focus RS Forza Edition,,,,,,,,,Upgraded,Modern Hot Hatch,496,C,6.0,4.8,4.9,7.0,,,300,300,3416,11.39,59,,T,Inline,4,F,AWD,,,,,,,eng,N. America,U.S.,Focus,,5,L,4,,,4.436,11.233,12.867,160.5,153.8,358.6,1.11,1.12,6.797,12785,,,29-Sep-17,FM7,FM7,,,,FE,,,,,,,,,,1,XBO,0
FALSE,2017 Ford Focus RS Horizon Edition,,,2017,Ford,Focus RS Horizon Edition,,,,,,,,,Upgraded,Super Hot Hatch,784,A,6.7,8.1,7.1,7.9,9.5,,350,350,3446,9.85,59,2261,T,Inline,4,F,AWD,,A,,,,,eng,N. America,U.S.,Focus,,5,L,4,,,,,,,,,,,.000,12577,,,23-Sep-16,FH3,FH3,,,,,HE,,,,,,,,,1,XBO,0
FALSE,2017 Ford Focus RS Preorder Car,Ford Focus PO,,2017,Ford,Focus RS Preorder Car,DLC promo,,,,Rare,,,"59,000",Upgraded,Super Hot Hatch,800,A,6.9,6.5,6.3,7.3,9.2,,401,400,2668,6.65,59,2261,T,Inline,4,F,AWD,,235,no,Widebody kit,415,none,eng,N. America,U.S.,,,5,L,4,,,4.400,11.200,,188.3,135.4,330.1,0.92,0.98,6.800,12971,,,28-Sep-18,FH4,FH4,,,DLC,,,,,,,,,,,1,XBO,0
FALSE,2017 Ford GT,Ford GT '17,2363,2017,Ford,GT,Reward,FM Launch,BC Modern Tour,,Epic,,,"310,000",Factory,Modern Sport GT,795,S,7.9,4.8,4.8,6.8,,,647,550,3148,4.87,43,3500,TT,V,6,M,RWD,,325,Both,"WB, Forza","603, 630, 690, 788",none,no,N. America,U.S.,Ford GT,,2,L,4,,FF,2.900,5.500,10.333,227.2,99.9,241.8,1.30,1.29,2.600,12341,05-Oct-23,05-Nov-21,15-Sep-15,FM,FM6,R,FH5,FH4,FM7,FH3,FM6,,,,,,,,6,XBO,1
FALSE,2017 Ford GT 'OPI Edition',Ford GT OPI,3699,2017,Ford,GT 'OPI Edition',DLC promo,FH5 Promo OPI,Gift 202202,,Legendary,,,"400,000",Livery,Modern Supercars,900,S1,8.6,9.2,7.9,6.7,4.2,4.5,690,562,3353,4.86,43,3500,TT,V,6,M,RWD,,325,Both,Forza,914,none,no,N. America,U.S.,,,2,L,4,,,2.886,5.485,10.683,234.9,84.9,190.8,1.29,1.48,2.599,13271,,01-Feb-22,01-Feb-22,FH5,FH5,,DLC,,,,,,,,,,,,1,XBO,0
FALSE,"2017 Ford GT ""Welcome Pack""",Ford GT WP,,2017,Ford,"GT ""Welcome Pack""",DLC store,,,,Legendary,,,"400,000",Upgraded,Modern Super Cars,998,S2,9.2,10.0,10.0,8.3,9.6,,867,663,2745,3.17,43,3500,TT,V,6,M,RWD,,345,no,Forza,none,none,,N. America,U.S.,,,2,L,4,,,2.916,5.517,,251.5,97.2,220.8,1.53,1.87,2.601,13146,,,28-Jul-20,FH4,FH4,,,DLC,,,,,,,,,,,1,XBO,0
FALSE,2017 Ford GT Forza Edition,,,2017,Ford,GT Forza Edition,,,,,,,,,Upgraded,Exotic GT,800,S,7.5,6.2,6.3,9.0,,,647,550,3219,4.98,43,,TT,V,6,M,RWD,,,,,,,eng,N. America,U.S.,,,2,L,4,,,2.900,5.500,,195.2,129.2,295.5,1.31,1.43,2.600,12786,,,29-Sep-17,FM7,FM7,,,,FE,,,,,,,,,,1,XBO,0
FALSE,2017 Ford GT Horizon Edition,,,2017,Ford,GT Horizon Edition,,,,,,,,,Upgraded,Modern Super Cars,932,S2,8.5,10.0,8.3,9.2,9.0,,630,539,2890,4.59,43,3500,TT,V,6,M,RWD,,S2,,,,,eng,N. America,U.S.,,,2,L,4,,,,,,,,,,,.000,12580,,,23-Sep-16,FH3,FH3,,,,,HE,,,,,,,,,1,XBO,0
FALSE,2017 Ford GT Nutri-Grain Edition,,,2017,Ford,GT Nutri-Grain Edition,DLC promo,,,,,,,,Livery,Exotic GT,,,8.1,6.1,6.2,8.9,,,630,539,2890,4.59,43,,TT,V,6,M,FWD,,,,,,,no,N. America,U.S.,,,2,L,4,,,2.900,5.514,,217.4,105.4,262.4,1.31,1.42,2.614,12431,,,28-Jan-16,FM6,FM6,,,,,,DLC,,,,,,,,1,XBO,0
FALSE,2017 Ford M-Sport Fiesta RS,Ford Fiesta RS,3051,2017,Ford,M-Sport Fiesta RS,"Autoshow, WS",,Accolade,,Epic,,,"500,000",Race,Rally Monsters,808,S1,5.1,6.1,6.1,8.7,9.7,8.5,375,332,2800,7.47,53,1600,T,Inline,4,F,AWD,,215,no,Adjustable,"300, 375",none,no,N. America,U.S.,,,3,L,4,,DD,3.400,8.400,,144.1,94.4,236.1,1.16,1.33,5.000,12973,,05-Nov-21,28-Sep-18,FH5,FH4,,FH5,FH4,,,,,,,,,,,2,XBO,0
FALSE,2016 Ford #2 Team Penske Alliance Truck Parts Fusion,#2 Penske Fusion,,2016,Ford,#2 Team Penske Alliance Truck Parts Fusion,,,,,,,,,Race,NASCAR,,,7.7,6.8,6.9,8.7,,,725,450,3300,4.55,53,,NA,V,8,F,RWD,,,,,,,stock,N. America,U.S.,,,2,L,4,,,4.000,7.500,,204.8,101.8,246.5,1.40,1.61,3.500,12471,,,17-May-16,FM6,FM6,,,,,,DLC,,,,,,,,1,XBO,0
FALSE,2016 Ford #2 Team Penske Brad K. Fusion,#2 Brad K Fusion,,2016,Ford,#2 Team Penske Brad K. Fusion,,,,,,,,,Livery,NASCAR,,,7.7,6.8,6.9,8.7,,,725,450,3300,4.55,53,,NA,V,8,F,RWD,,,,,,,stock,N. America,U.S.,,,2,L,4,,,4.000,7.500,,204.8,101.8,246.5,1.40,1.61,3.500,12472,,,17-May-16,FM6,FM6,,,,,,DLC,,,,,,,,1,XBO,0
FALSE,2016 Ford #22 Team Penske AAA Fusion,#22 AAA Fusion,,2016,Ford,#22 Team Penske AAA Fusion,,,,,,,,,Livery,NASCAR,,,7.7,6.8,6.9,8.7,,,725,450,3300,4.55,53,,NA,V,8,F,RWD,,,,,,,stock,N. America,U.S.,,,2,L,4,,,4.000,7.500,,204.8,101.8,246.5,1.40,1.61,3.500,12473,,,17-May-16,FM6,FM6,,,,,,DLC,,,,,,,,1,XBO,0
FALSE,2016 Ford #55 Supercheap Falcon FG X,#55 Ford Falcon,,2016,Ford,#55 Supercheap Falcon FG X,,,,,,,,,Race,Supercars Championship,785,S,7.1,6.4,6.5,8.6,,,635,465,3109,4.90,53,5000,NA,V,8,F,RWD,,,,,,,stock,N. America,U.S.,,,4,R,4,,,3.285,6.800,11.500,190.5,126.7,294.1,1.36,1.49,3.515,12570,,,23-Sep-16,FM7,FH3,,,,FM7,DLC,,,,,,,,,2,XBO,0
FALSE,2016 Ford #66 Ford Racing GT Le Mans,Ford #66 GT,2543,2016,Ford,#66 Ford Racing GT Le Mans,Buy Cars Base,,,,,,19-Jun-2024,"307,000",Race,Forza GT2,820,R,4.6,6.6,6.9,5.6,,,530,494,2893,5.46,47,3599,TT,V,6,M,RWD,300/R18,310/R18,,Adjustable,none,none,no,N. America,U.S.,Ford GT,,2,L,4,,,3.400,6.900,12.430,182.0,83.2,211.0,1.46,1.71,3.500,12481,05-Oct-23,,07-Jun-16,FM,FM6,FM,cu,,FM7,DLC,DLC,,,,,,,,5,XBO,1
FALSE,2016 Ford Shelby GT-350R,Ford GT-350R '16,2400,2016,Ford,Shelby GT-350R,Buy Cars Base,,,,Rare,,,"108,000",Factory,Modern Sport Touring,651,A,5.0,4.0,3.8,3.9,6.2,5.3,526,429,3660,6.96,53,5163,NA,V,8,F,RWD,,315,Both,"WB, Forza","350, 565, 640, 788, 825","TT, PDS",stock,N. America,U.S.,Ford Mustang,,2,L,4,,,3.900,8.582,11.900,188.4,105.0,244.7,1.23,1.34,4.682,12342,05-Oct-23,05-Nov-21,15-Sep-15,FM,FM6,FM,FH5,FH4,FM7,FH3,DLC,,,,,,,,6,XBO,1
FALSE,2016 Ford Shelby GT350R Forza Edition,Ford Mustang FE,,2016,Ford,Shelby GT350R Forza Edition,,,,,,,,,Upgraded,Sport Touring,673,A,6.5,5.9,5.9,8.3,,,530,432,3657,6.90,53,,NA,V,8,F,RWD,,,,,,,stock,N. America,U.S.,Mustang,,2,L,4,,,3.900,8.600,11.900,172.3,131.6,327.0,1.27,1.34,4.700,12787,,,29-Sep-17,FM7,FM7,,,,FE,,,,,,,,,,1,XBO,0
FALSE,2016 Ford Shelby GT350R PreOrder Edition,,,2016,Ford,Shelby GT350R PreOrder Edition,DLC promo,,,,,,,,Upgraded,Modern Muscle,,?,,,,,,,,,,,,,,,,F,,,,,,,,eng,N. America,U.S.,,,2,L,4,,,,,,,,,,,.000,12582,,,23-Sep-16,FH3,FH3,,,,,DLC,,,,,,,,,1,XBO,0
FALSE,2015 Ford #02 Chip Ganassi Racing Riley Mk XXVI Daytona Prototype,Ford #02 DP,2409,2015,Ford,#02 Chip Ganassi Racing Riley Mk XXVI Daytona Prototype,Buy Cars Base,,,,,,,"345,000",Race,Forza P2,921,P,5.1,9.3,9.2,6.8,,,600,540,2416,4.03,47,3500,TT,V,6,M,RWD,320,325,,Adjustable,none,none,no,N. America,U.S.,,,2,L,4,,,2.770,5.510,10.330,187.8,77.7,189.6,1.60,2.13,2.740,12430,05-Oct-23,,28-Jan-16,FM,FM6,FM,,,FM7,,DLC,,,,,,,,3,XBO,1
FALSE,2015 Ford #17 Xbox Racing Ford Falcon FG X,#17 Xbox Falcon,,2015,Ford,#17 Xbox Racing Ford Falcon FG X,,,,,,,,,Race,Supercars Championship,785,S,7.1,6.4,6.5,8.6,,,635,465,3109,4.90,53,5000,NA,V,8,F,RWD,,,,,,,stock,N. America,U.S.,,,2,R,4,,,3.285,6.800,11.500,190.5,126.7,294.1,1.36,1.49,3.515,12333,,,15-Sep-15,FM7,FM6,,,,FM7,cu,FM6,,,,,,,,3,XBO,0
FALSE,2015 Ford #5 Pepsi Max Crew PRA Falcon FG X,#5 Ford Falcon,,2015,Ford,#5 Pepsi Max Crew PRA Falcon FG X,,,,,,,,,Livery,Supercars Championship,785,S,7.1,6.4,6.5,8.6,,,635,465,3109,4.90,53,,NA,V,8,F,RWD,,,,,,,stock,N. America,U.S.,,,2,R,4,,,3.285,6.800,11.500,190.8,126.6,292.7,1.36,1.48,3.515,12335,,,15-Sep-15,FM7,FM6,,,,FM7,,FM6,,,,,,,,2,XBO,0
FALSE,2015 Ford Falcon GT F 351,Ford Falcon '15,2580,2015,Ford,Falcon GT F 351,Buy Cars Base,,,,Common,,,"83,000",Factory,Modern Sport Touring,544,B,5.6,2.6,2.4,3.6,,,471,420,4030,8.56,54,4951,PDS,V,8,F,RWD,,275,Both,Forza,"565, 630, 788, 825",none,eng,N. America,U.S.,Ford Falcon,,4,R,4,,,4.500,9.700,12.533,188.6,130.2,320.8,0.92,0.94,5.200,12574,05-Oct-23,05-Nov-21,23-Sep-16,FM,FH3,FM,FH5,FH4,FM7,DLC,,,,,,,,,5,XBO,1
FALSE,2015 Ford Falcon XR8,Ford Falcon XR8,,2015,Ford,Falcon XR8,,,,,,,,,Factory,Sport Touring,513,B,7.0,4.5,4.5,7.7,7.7,,449,420,4096,9.12,54,4951,PDS,V,8,F,RWD,,,,,,,eng,N. America,U.S.,,,4,R,4,,,5.521,12.000,12.717,179.7,142.2,356.9,1.07,1.04,6.479,12575,,,23-Sep-16,FM7,FH3,,,,FM7,FH3,,,,,,,,,2,XBO,0
FALSE,2015 Ford Mustang GT,Ford Mustang '15,,2015,Ford,Mustang GT,,,,,,,,,Factory,Sport Touring,517,B,6.7,4.7,4.8,7.7,,,421,391,3618,8.59,53,,NA,V,8,F,RWD,,,,,,,stock,N. America,U.S.,Mustang,,2,L,4,,,4.084,10.483,12.783,174.0,138.0,343.5,1.11,1.08,6.399,12116,,,12-Aug-14,FM7,FM5,,,,FM7,,FM6,cu,cu,,,,,,4,XBO,0
FALSE,2015 Ford NULL CAR,?,,2015,Ford,NULL CAR,,,,,,,,,Empty,ZERO DIV,518,B,,,,,,,449,,4111,9.16,,,PDS,V,8,F,RWD,,,,,,,,N. America,U.S.,,,2,,4,,,,,,,,,,,,13059,,,01-Jan-19,FM,FM7,DEV,,,FM7*,,,,,,,,,,2,XBO,0
FALSE,2015 Ford Team Forza Mustang GT,,,2015,Ford,Team Forza Mustang GT,DLC promo,,,,,,,,Livery,Ultimate Sport Machines,,,6.5,5.6,5.5,8.5,,,460,430,3500,7.61,53,,PDS,V,8,F,RWD,,,,,,,,N. America,U.S.,,,2,L,4,,,,,,,,,,,.000,12305,,,10-Sep-15,FM6,FM6,,,,,,DLC,,,,,,,,1,XBO,0
FALSE,2014 Ford #11 Rockstar F-150 Trophy Truck,#11 Ford F-150,2517,2014,Ford,#11 Rockstar F-150 Trophy Truck,"Autoshow, WS",,,,Epic,,,"500,000",Race,Unlimited Offroad,731,A,5.6,4.8,3.3,4.6,4.5,9.1,850,690,6250,7.35,60,7500,NA,V,8,F,RWD,,345,no,Offroad lights,"800, 1750","TT, PDS",stock,N. America,U.S.,,,2,L,4,,"Heavy, DVG",4.377,10.582,13.200,152.1,131.3,316.2,0.89,0.88,6.205,12651,,05-Nov-21,03-Jan-17,FH5,FH3,,FH5,FH4,FM7,DLC,,,,,,,,,4,XBO,0
FALSE,2014 Ford #17 AMD Tuning Focus ST BTCC,Ford #17Focus ST,2314,2014,Ford,#17 AMD Tuning Focus ST BTCC,Buy Cars DLC,FM Race Day,Gift w/DLC,,,,,"268,000",Race,Forza Touring Cars,703,S,3.4,5.2,5.4,4.3,,,330,315,2557,7.75,58,2000,T,Inline,4,F,FWD,245/R18,245/R18,,Adjustable,none,none,,N. America,U.S.,Ford Focus,,5,R,4,,,4.600,9.600,12.467,162.8,94.2,233.7,1.35,1.49,5.000,13405,05-Oct-23,,05-Oct-23,FM,FM,DLC,,,,,,,,,,,,,1,XBO,1
FALSE,2014 Ford Fiesta ST,Ford Fiesta '14,2011,2014,Ford,Fiesta ST,"Autoshow, WS",,,,Common,,,"25,000",Factory,Hot Hatch,607,B,5.2,3.5,5.1,4.1,4.2,4.9,197,202,2720,13.81,61,1596,T,Inline,4,F,FWD,,205,Both,Forza,300,none,no,N. America,U.S.,,,5,L,4,,"RPC, DD",6.917,18.019,14.800,145.2,141.8,359.6,0.92,0.95,11.102,12065,,05-Nov-21,22-Nov-13,FH5,FM5,,FH5,FH4,FM7,FH3,FM6,FH2,FM5,,,,,,7,XBO,0
FALSE,2014 Ford Fiesta ST (Day One livery),,,2014,Ford,Fiesta ST (Day One livery),DLC promo,,,,,,,,Livery,Modern Rally,602,B,5.4,,6.3,6.7,,,197,202,2720,13.81,61,1596,,,,F,FWD,,,,,,,,N. America,U.S.,,,5,L,4,,,6.900,,,144.0,,,,,,12162,,,30-Sep-14,FH2,FH2,,,,,,,DLC,,,,,,,1,XBO,0
FALSE,2014 Ford FPV Limited Edition Pursuit Ute,Ford Ute '14,2551,2014,Ford,FPV Limited Edition Pursuit Ute,Buy Cars Base,FM Update 15,,,Common,,,"63,000",Factory,Modern Sport Touring,685,B,6.3,3.7,5.0,4.7,4.9,5.1,422,402,3946,9.35,53,4951,PDS,V,8,F,RWD,245,245,Both,Roo bars / lights,"460, 565, 640, 788, 825",none,eng,N. America,U.S.,,,2,R,4,,,4.850,10.852,12.650,177.6,116.2,289.1,1.06,1.01,6.002,12578,11-Dec-24,05-Nov-21,23-Sep-16,FM,FH3,S,FH5,FH4,FM7,FH3,,,,,,,,,5,XBO,1
FALSE,2014 Ford FPV Limited Edition Pursuit Ute Forza Edition,Ford Ute FE '14,,2014,Ford,FPV Limited Edition Pursuit Ute Forza Edition,,,,,,,,,Upgraded,Sport Touring,675,A,7.0,5.5,5.3,8.6,,,610,574,3483,5.71,53,,PDS,V,8,F,RWD,,,,,,,eng,N. America,U.S.,,,2,R,4,,,5.000,11.000,11.567,190.1,127.0,328.4,1.19,1.16,6.000,12788,,,29-Sep-17,FM7,FM7,,,,FE,,,,,,,,,,1,XBO,0
FALSE,2014 Ford FPV Limited Edition Pursuit Ute Horizon Edition,,,2014,Ford,FPV Limited Edition Pursuit Ute Horizon Edition,,,,,,,,,Upgraded,Vans & Utility,715,A,6.5,7.3,6.5,7.7,7.7,,422,402,3946,9.35,53,4951,,,4,F,RWD,,,,,,,eng,N. America,U.S.,,,2,R,4,,,,,,,,,,,.000,12579,,,23-Sep-16,FH3,FH3,,,,,HE,,,,,,,,,1,XBO,0
FALSE,2014 Ford Ranger T6 Rally Raid,Ford Ranger T6,2145,2014,Ford,Ranger T6 Rally Raid,"Autoshow, WS",,Accolade,,Epic,,,"250,000",Race,Offroad,643,B,4.4,4.0,4.8,5.4,7.8,8.4,349,413,4354,12.48,55,4949,NA,V,8,F,AWD,,245,no,none,"415, 475d, 640, 662, 700V, 850, 1750","TT, PDS",stock,N. America,U.S.,,,2,L,4,,"DVG, AWW, ?FF, WW",5.450,15.430,14.333,125.0,120.6,309.4,0.85,0.85,9.980,12196,,05-Nov-21,16-Dec-14,FH5,FH2,,FH5,FH4,FM7,FH3,,DLC,,,,,,,5,XBO,0
FALSE,2013 Ford F-150 SVT Raptor Shelby,Shelby Raptor,,2013,Ford,F-150 SVT Raptor Shelby,,,,,,,,,Factory,Modern Offroaders,,,,,,,,,575,592,6200,10.78,56,6210,PDS,V,8,F,AWD,,325,,,,,eng,N. America,U.S.,,,4,L,4,,?,5.519,14.360,13.617,153.9,143.1,366.0,0.96,0.89,8.841,12339,,,15-Sep-15,FM7,FM6,,,,FM7,FH3,FM6,,,,,,,,3,XBO,0
FALSE,2013 Ford Focus ST,Ford Focus '13,,2013,Ford,Focus ST,,,,,,,,,Factory,Super Hot Hatch,636,B,5.8,6.9,6.3,7.0,7.0,,247,265,2976,12.05,60,1999,T,Inline,4,F,FWD,,,,,,,no,N. America,U.S.,Focus,,5,L,4,,,5.300,13.900,,155.0,104.5,286.4,1.08,1.03,8.600,11831,,,01-Nov-11,FH3,FM4,,,,,FH3,FM6,FH2,FM5,FH1,DLC,,,,6,XBO,0
FALSE,2013 Ford Focus ST (Day One),,,2013,Ford,Focus ST (Day One),DLC promo,,,,,,,,Upgraded,Modern FWD Hatch,,,,,,,,,247,265,2557,10.35,,,,,4,F,FWD,,,,,,,,N. America,U.S.,,,5,L,4,,,5.300,,,146.2,,,,,,12066,,,22-Nov-13,FM5,FM5,,,,,,,,DLC,,,,,,1,XBO,0
FALSE,2013 Ford Formula Ford EcoBoost 200,Formula Ford,,2013,Ford,Formula Ford EcoBoost 200,,,,,,,,,Race,Formula Ford Spec,772,S,5.5,6.8,6.8,9.0,,,213,211,1069,5.02,35,,T,Inline,4,M,RWD,,,,,,,no,N. America,U.S.,,Yes,1,C,4,,,2.300,5.600,11.250,147.8,104.4,240.0,1.38,1.64,3.300,12106,,,09-Jun-14,FM7,FM5,,,,FM7,,FM6,,DLC,,,,,,3,XBO,0
FALSE,2013 Ford Mustang Boss 302,,,2013,Ford,Mustang Boss 302,,,,,,,,,Factory,Sports,519,A,,,,,,,444,380,3631,8.18,,,,,8,F,RWD,,,,,,,,N. America,U.S.,,,2,L,4,,,4.300,,,182.3,,,,,,11927,,,07-Aug-12,FH1,FM4,,,,,,,,,DLC,DLC,,,,2,360,0
FALSE,2013 Ford Mustang Boss 302: Pizza Hut edition,,,2013,Ford,Mustang Boss 302: Pizza Hut edition,DLC promo,,,,,,,,Livery,Sports,544,A,,,,,,,444,380,3631,8.18,,,,V,8,F,RWD,,,,,,,,N. America,U.S.,,,2,L,4,,,,,,,,,,,,12011,,,01-Jun-13,FH1,FH1,,,,,,,,,DLC,,,,,1,360,0
FALSE,2013 Ford Shelby GT500,Ford Mustang '13,1654,2013,Ford,Shelby GT500,Buy Cars Base,FM Update 13,,,Rare,,13-Nov-2024,"105,000",Factory,Modern Sport Touring,639,A,6.1,2.9,2.9,4.1,4.6,4.9,662,631,3898,5.89,57,5812,PDS,V,8,F,RWD,265/R19,285/R20,Both,"Hood, Aftermarket","415, 565, 640, 788, 825",TT,eng,N. America,U.S.,Ford Mustang,,2,L,4,,,3.500,7.700,11.417,201.9,114.8,275.9,1.13,1.14,4.200,11968,06-Nov-24,05-Nov-21,23-Oct-12,FM,FH1,S,FH5,FH4,FM7,FH3,FM6,FH2,FM5,FH1,,,,,9,XBO,1
FALSE,2013 Ford Shelby GT500 (Ltd. Ed.),,,2013,Ford,Shelby GT500 (Ltd. Ed.),DLC promo,,,,,,,,Upgraded,Modern Muscle Cars,,,,,,,,,662,631,3898,5.89,,,,V,8,F,RWD,,,,,,,,N. America,U.S.,,,2,L,4,,,3.500,,,186.5,,,,,,12068,,,22-Nov-13,FM5,FM5,,,,,,,,DLC,,,,,,1,XBO,0
FALSE,2013 Ford Shelby GT500 Rockstar Energy edition,,,2013,Ford,Shelby GT500 Rockstar Energy edition,DLC promo,,,,,,,,Livery,Sports,600,A,,,,,,,662,631,3898,5.89,,,,V,8,F,RWD,,,,,,,,N. America,U.S.,,,2,L,4,,,,,,,,,,,,11969,,,23-Oct-12,FH1,FH1,,,,,,,,,DLC,,,,,1,360,0
FALSE,2011 Ford #05 Ford Racing Fusion Stock Car,,,2011,Ford,#05 Ford Racing Fusion Stock Car,,,,,,,,,Race,AmStock,729,R3,,,,,,,825,650,3400,4.12,,5900,NA,V,8,F,RWD,,,,,825,,,N. America,U.S.,,,2,L,4,,,3.000,,,211.9,,,,,,11768,,,14-Oct-11,FM4,FM4,,,,,,,,,,FM4,,,,1,360,0
FALSE,2011 Ford #17 Dick Johnson Racing Team FG Falcon,,,2011,Ford,#17 Dick Johnson Racing Team FG Falcon,,,,,,,,,Livery,V8 Supercars,709,R3,,,,,,,630,465,2987,4.74,,,,,8,F,RWD,,,,,,,,N. America,U.S.,,,4,R,4,,,3.800,,,184.7,,,,,,11769,,,14-Oct-11,FM4,FM4,,,,,,,,,,FM4,,,,1,360,0
FALSE,2011 Ford #19 Mother Energy Racing Team FG Falcon,,,2011,Ford,#19 Mother Energy Racing Team FG Falcon,,,,,,,,,Livery,V8 Supercars,709,R3,,,,,,,630,465,2987,4.74,,,,,8,F,RWD,,,,,,,,N. America,U.S.,,,4,R,4,,,3.800,,,184.7,,,,,,11770,,,14-Oct-11,FM4,FM4,,,,,,,,,,FM4,,,,1,360,0
FALSE,2011 Ford #4 IRWIN Racing FG Falcon,,,2011,Ford,#4 IRWIN Racing FG Falcon,,,,,,,,,Livery,V8 Supercars,709,R3,,,,,,,630,465,2987,4.74,,,,,8,F,RWD,,,,,,,,N. America,U.S.,,,4,R,4,,,3.800,,,184.7,,,,,,11771,,,14-Oct-11,FM4,FM4,,,,,,,,,,FM4,,,,1,360,0
FALSE,2011 Ford #5 Ford Performance Racing FG Falcon,,,2011,Ford,#5 Ford Performance Racing FG Falcon,,,,,,,,,Race,V8 Supercars,765,S,6.9,6.8,6.2,8.7,8.0,,630,465,2987,4.74,55,4900,NA,V,8,F,RWD,,,,,,,stock,N. America,U.S.,,,4,R,4,,,3.800,7.500,,185.1,92.9,226.1,1.35,1.53,3.700,11772,,,14-Oct-11,FM5,FM4,,,,,,,,FM5,,FM4,,,,2,XBO,0
FALSE,2011 Ford #9 SP Tools Racing FG Falcon,,,2011,Ford,#9 SP Tools Racing FG Falcon,,,,,,,,,Livery,V8 Supercars,709,R3,,,,,,,630,465,2987,4.74,,,,,8,F,RWD,,,,,,,,N. America,U.S.,,,4,R,4,,,3.800,,,184.7,,,,,,11773,,,14-Oct-11,FM4,FM4,,,,,,,,,,FM4,,,,1,360,0
FALSE,2011 Ford F-150 SVT Raptor,Ford Raptor '11,1460,2011,Ford,F-150 SVT Raptor,"Autoshow, WS",,,,Rare,,,"42,000",Factory,Pickups & 4x4s,518,C,5.3,2.8,3.3,4.1,3.1,8.6,411,434,6006,14.61,57,6210,NA,V,8,F,AWD,,315,no,Offroad lights Bed,"415, 475d, 640, 662, 700V, 800, 850, 1750","TT, CS",stock,N. America,U.S.,,,2,L,4,,Heavy,6.600,19.182,15.166,146.6,155.2,391.0,0.81,0.81,12.582,11838,,05-Nov-21,06-Dec-11,FH5,FM4,,FH5,HTF,FM7,FH3,FM6,FH2,DLC,FH1,DLC,,,,9,XBO,0
FALSE,2011 Ford F-150 SVT Raptor Cheetos Edition,,,2011,Ford,F-150 SVT Raptor Cheetos Edition,DLC promo,,,,,,,,Livery,Extreme Offroad,,,,,,,,,,,,#DIV/0!,,,,,,,,,,,,,,,N. America,U.S.,,,2,L,4,,,,,,,,,,,,12217,,,07-Apr-15,FH2,FH2,,,,,,,DLC,,,,,,,1,XBO,0
FALSE,2011 Ford F-150 SVT Raptor Halo edition,,,2011,Ford,F-150 SVT Raptor Halo edition,DLC promo,,,,,,,,Livery,SUV,245,D,,,,,,,411,434,6006,14.61,,,,V,8,F,AWD,,,,,,,,N. America,U.S.,,,2,L,4,,,,,,,,,,,,11994,,,04-Dec-12,FH1,FH1,,,,,,,,,DLC,,,,,1,360,0
FALSE,2011 Ford F-150 SVT Raptor LCE Livery,,,2011,Ford,F-150 SVT Raptor LCE Livery,DLC promo,,,,,,,,Livery,SUV,245,D,,,,,,,411,434,6006,14.61,,,,V,8,F,AWD,,,,,,,,N. America,U.S.,,,2,L,4,,,,,,,,,,,,11966,,,23-Oct-12,FH1,FH1,,,,,,,,,DLC,,,,,1,360,0
FALSE,2011 Ford Ka,,,2011,Ford,Ka,,,,,,,,,Factory,City,100,F,,,,,,,68,75,2072,30.47,,,,,4,F,FWD,,,,,,,,N. America,U.S.,,,3,L,4,,,12.600,,,100.7,,,,,,11775,,,14-Oct-11,FM4,FM4,,,,,,,,,,FM4,,,,1,360,0
FALSE,2011 Ford Transit SuperSportVan,Ford Transit SSV,1477,2011,Ford,Transit SuperSportVan,"Autoshow, WS",,,,Rare,,,"50,000",Factory,Vans & Utility,347,D,5.4,2.3,4.0,2.7,3.1,5.4,198,346,4493,22.69,60,3198,T,Inline,5,F,RWD,,295,Both,Street,"321, 415, 662, 224, 1750",none,eng,N. America,U.S.,,,V,R,4,,"Heavy, DVG",13.200,34.500,17.233,122.2,164.0,402.3,0.77,0.76,21.300,11890,,05-Nov-21,01-May-12,FH5,FM4,,FH5,FH4,FM7,FH3,FM6,FH2,DLC,DLC,DLC,,,,9,XBO,0
FALSE,2011 Ford Transit SuperSportVan Forza Edition,Ford Transit FE,,2011,Ford,Transit SuperSportVan Forza Edition,DLC Exclusive,,,,FE,Speed Skills,,"300,000",Upgraded,Vans & Utility,695,B,5.4,9.4,9.4,5.4,8.5,,198,332,2866,14.47,60,3198,T,Inline,5,F,RWD,,325,Yes,Preset FE Street,"415, 700V, 630, 750",none,eng,N. America,U.S.,,,V,R,4,,DvG,,,,,,,,,.000,12975,,,28-Sep-18,FH4,FH4,,,DLC,,,,,,,,,,,1,XBO,0
FALSE,2011 Ford Transit SuperSportVan Traffic,,,2011,Ford,Transit SuperSportVan Traffic,Horizon Promo,,,,,,,,Traffic,,,,,,,,,,,,,,,,,,,,,,,,,,,,,,,,,,,,,,,,,,,,,,13206,,,04-Nov-21,FH5,FH5,,HP,,,,,,,,,,,,1,XBO,0
FALSE,2010 Ford Crown Victoria Police Interceptor,Crown Victoria,2649,2010,Ford,Crown Victoria Police Interceptor,"Autoshow, WS",,,,Common,,,"25,000",Factory,Retro Muscle,462,D,5.2,2.5,4.1,3.1,1.9,5.6,250,297,4057,16.23,55,4606,NA,V,8,F,RWD,,235,Rear,Police Lights,"415, 475d, 640, 662, 1500","TT, PDS",stock,N. America,U.S.,,,4,L,4,,RPC,7.900,21.718,15.967,140.6,164.2,404.1,0.79,0.79,13.818,12626,,05-Nov-21,04-Oct-16,FH5,FH3,,FH5,HTF,FM7,DLC,,,,,,,,,4,XBO,0
FALSE,2010 Ford Focus RS500,,,2010,Ford,Focus RS500,,,,,,,,,Factory,Hatch,499,B,,,,,,,345,339,3236,9.38,,2500,T,Inline,5,F,FWD,,,,,,,,N. America,U.S.,,,3,R,4,,,,,,,,,,,,11967,,,23-Oct-12,FH1,FH1,,,,,,,,,FH1,,,,,1,360,0
FALSE,2010 Ford Fusion Sport,,,2010,Ford,Fusion Sport,,,,,,,,,Factory,Sedan,372,C,,,,,,,263,249,3803,14.46,61,3500,,V,6,F,AWD,,225,,,,,,N. America,U.S.,,,4,L,4,,,6.700,17.723,,158.7,,,,,,11641,,,08-Jun-10,FM4,FM3,,,,,,,,,,FM4,DLC,,,2,360,0
FALSE,2010 Ford Shelby GT500,,,2010,Ford,Shelby GT500,,,,,,,,,Factory,Modern Muscle,,?,,,,,,,540,510,3917,7.25,,,,,8,F,RWD,,,,,,,,N. America,U.S.,,,2,L,4,,,4.300,,,177.9,,,,,,11604,,,12-Jan-10,FM4,FM3,,,,,,,,,,FM4,DLC,,,2,360,0
FALSE,2010 Ford Taurus SHO,,,2010,Ford,Taurus SHO,,,,,,,,,Factory,Sedan,447,B,,,,,,,365,350,4368,11.97,,,,,6,F,AWD,,,,,,,,N. America,U.S.,,,4,L,4,,,5.200,,,173.7,,,,,,11620,,,09-Apr-10,FM4,FM3,,,,,,,,,,FM4,DLC,,,2,360,0
FALSE,2009 Ford #1 TeamVodafone FG Falcon,,,2009,Ford,#1 TeamVodafone FG Falcon,,,,,,,,,Livery,V8 Supercars,720,R3,,,,,,,630,465,2987,4.74,,,,,8,F,RWD,,,,,,,,N. America,Australia,,,4,R,4,,,3.800,7.500,,,,,,,,11512,,,27-Oct-09,FM3,FM3,,,,,,,,,,,FM3,,,1,360,0
FALSE,2009 Ford #25 Britek Motorsport FG Falcon,,,2009,Ford,#25 Britek Motorsport FG Falcon,,,,,,,,,Livery,V8 Supercars,720,R3,,,,,,,630,465,2987,4.74,,,,,,F,RWD,,,,,,,,N. America,Australia,,,4,R,4,,,,,,,,,,,,11513,,,27-Oct-09,FM3,FM3,,,,,,,,,,,FM3,,,1,360,0
FALSE,2009 Ford #40 Robertson Racing Ford GT Mk7,,,2009,Ford,#40 Robertson Racing Ford GT Mk7,,,,,,,,,Race,V8 Supercars,761,R3,,,,,,,484,455,2690,5.56,,,,,8,M,RWD,,,,,,,,N. America,U.S.,,,2,L,4,,,2.800,,,181.7,,,,,,11614,,,08-Mar-10,FM4,FM3,,,,,,,,,,FM4,DLC,,,2,360,0
FALSE,2009 Ford #5 Ford Performance Racing FG Falcon,,,2009,Ford,#5 Ford Performance Racing FG Falcon,,,,,,,,,Livery,V8 Supercars,720,R3,,,,,,,630,465,2987,4.74,,,,,,F,RWD,,,,,,,,N. America,Australia,,,4,R,4,,,,,,,,,,,,11514,,,27-Oct-09,FM3,FM3,,,,,,,,,,,FM3,,,1,360,0
FALSE,2009 Ford #9 SP Tools Racing FG Falcon,,,2009,Ford,#9 SP Tools Racing FG Falcon,,,,,,,,,Livery,V8 Supercars,720,R3,,,,,,,630,465,2987,4.74,,,,,,F,RWD,,,,,,,,N. America,Australia,,,4,R,4,,,,,,,,,,,,11515,,,27-Oct-09,FM3,FM3,,,,,,,,,,,FM3,,,1,360,0
FALSE,2009 Ford Fiesta Traffic,,,2009,Ford,Fiesta Traffic,Horizon Promo,,,,,,,,Traffic,,,,,,,,,,118,112,2138,18.12,,,,,4,F,FWD,,,,,,,,N. America,U.S.,,,3,R,4,,,,,,,,,,,,12576,,,23-Sep-16,FH5,FH3,,HP,,,HP,,,,,,,,,2,XBO,0
FALSE,2009 Ford Fiesta Zetec S,,,2009,Ford,Fiesta Zetec S,,,,,,,,,Factory,,,,,,,,,,118,112,2138,18.12,,,,,4,F,FWD,,,,,,,,N. America,U.S.,,,3,R,4,,,,,,,,,,,.000,11516,,,27-Oct-09,FH2,FM3,,,,,,,360,,Uni,FM4,FM3,,,4,360,0
FALSE,2009 Ford Focus RS,Ford Focus '09,1086,2009,Ford,Focus RS,Buy Cars Base,,,,Common,,,"70,000",Factory,Modern Hot Hatch,485,C,2.8,2.6,2.6,3.0,,,300,318,3236,10.79,62,2522,T,Inline,5,F,FWD,,235,Both,Forza,"250, 350, 375, 460, 475",none,eng,N. America,U.S.,Ford Focus,,3,R,4,,"RPC, DD",5.900,14.000,13.683,155.1,136.0,342.5,0.92,0.94,8.100,11517,05-Oct-23,05-Nov-21,27-Oct-09,FM,FM3,FM,FH5,FH4,FM7,FH3,FM6,FH2,FM5,,FM4,FM3,,,10,XBO,1
FALSE,2008 Ford Fusion Stock Car,,,2008,Ford,Fusion Stock Car,,,,,,,,,Livery,AmStock,714,R3,,,,,,,825,651,3400,4.12,,5900,NA,V,8,F,RWD,,,,,,,,N. America,U.S.,,,2,L,4,,,,,,,,,,,,11518,,,27-Oct-09,FM3,FM3,,,,,,,,,,,FM3,,,1,360,0
FALSE,2007 Ford Shelby GT500,Ford Mustang '07,,2007,Ford,Shelby GT500,,,,,,,,,Factory,Sport Touring Icons,535,B,7.1,4.5,4.7,7.8,,,500,480,3896,7.79,57,,PDS,V,8,F,RWD,,,,,,,eng,N. America,U.S.,Mustang,,2,L,4,,,4.500,10.300,,187.3,142.7,352.2,1.09,1.06,5.800,11283,,,29-May-07,FM7,FM2,,,,FM7,,FM6,,FM5,,Uni,FM3,FM2,,6,XBO,0
FALSE,2006 Ford Focus ST,,,2006,Ford,Focus ST,,,,,,,,,Factory,Hatch,365,C,,,,,,,223,236,3069,13.76,,,,,5,F,FWD,,,,,,,,N. America,U.S.,,,3,R,4,,,6.700,,,150.9,,,,,,11281,,,29-May-07,FM4,FM2,,,,,,,,,,FM4,FM3,FM2,,3,360,0
FALSE,2006 Ford GTX1,,,2006,Ford,GTX1,,,,,,,,,Factory,Super,600,A,,,,,,,550,500,3501,6.37,,5400,NA,V,8,M,RWD,,,,,,,,N. America,U.S.,,Yes,2,L,4,,,,,,,,,,,,11995,,,04-Dec-12,FH1,FH1,,,,,,,,,DLC,,,,,1,360,0
FALSE,2005 Ford Ford GT,Ford GT '05,348,2005,Ford,Ford GT,Buy Cars Base,,,,Epic,,,"111,000",Factory,Modern Sport GT,642,A,6.6,3.4,3.5,4.2,,,550,500,3390,6.16,43,5400,PDS,V,8,M,RWD,,315,Both,Forza,"565, 630, 788",TT,eng,N. America,U.S.,Ford GT,,2,L,4,,,3.800,8.800,12.200,210.6,119.9,293.0,1.02,1.09,5.000,11071,05-Oct-23,05-Nov-21,03-May-05,FM,FM1,FM,FH5,FH4,FM7,FH3,FM6,FH2,FM5,FH1,FM4,FM3,FM2,FM1,13,XBO,1
FALSE,2005 Ford Mustang GT,,,2005,Ford,Mustang GT,,,,,,,,,Factory,Sports,372,C,,,,,,,303,315,3510,11.58,,,,,8,F,RWD,,,,,,,,N. America,U.S.,,,2,L,4,,,5.300,,,158.3,,,,,,11073,,,03-May-05,FM4,FM1,,,,,,,,,,FM4,FM3,FM2,FM1,4,360,0
FALSE,2004 Ford #10 Tiger Racing Mustang,,,2004,Ford,#10 Tiger Racing Mustang,,,,,,,,,Race,GT3,704,R3,,,,,,,521,427,2900,5.57,,,,,8,F,RWD,,,,,,,,N. America,U.S.,,,2,L,4,,,3.900,8.018,,,,,,,,11069,,,03-May-05,FM3,FM1,,,,,,,,,,,FM3,FM2,FM1,3,360,0
FALSE,2003 Ford F-150 SVT Lightning,Ford Lightning,3190,2003,Ford,F-150 SVT Lightning,DLC Autoshow,FH5 Car Pass,Gift w/DLC,,Common,,,"20,000",Factory,Vans & Utility,585,C,5.3,3.4,4.5,4.2,3.0,6.1,380,450,4670,12.29,57,5410,PDS,V,8,F,RWD,,295,Both,Aftermarket,"415, 475d, 327, 805, 850, 1750",TT,eng,N. America,U.S.,,,2,L,4,,,5.186,12.785,,145.5,146.3,358.3,0.86,0.86,7.599,13289,,28-Apr-22,28-Apr-22,FH5,FH5,,DLC,,,,,,,,,,,,1,XBO,0
FALSE,2003 Ford Focus RS,Ford Focus '03,2019,2003,Ford,Focus RS,Buy Cars Base,,,,Common,,,"53,000",Factory,Modern Hot Hatch,384,D,1.9,2.1,2.1,2.6,,,212,228,2822,13.31,63,1988,T,Inline,4,F,FWD,,225,Both,Aftermarket,"212, 350, 375, 394I, 460, 475",none,no,N. America,U.S.,Ford Focus,,3,L,4,,,6.417,16.218,14.217,142.4,137.8,347.9,0.90,0.91,9.801,12163,05-Oct-23,05-Nov-21,30-Sep-14,FM,FH2,FM,FH5,FH4,FM7,FH3,FM6,DLC,,,,,,,7,XBO,1
FALSE,2003 Ford FocusSport SVT Focus,,,2003,Ford,FocusSport SVT Focus,,,,,,,,,Race,,736,A,,,,,,,,,,#DIV/0!,,,,,,F,FWD,,,,,,,,N. America,U.S.,,,3,L,4,,,,,,,,,,,,11282,,,29-May-07,FM2,FM2,,,,,,,,,,,,FM2,,1,360,0
FALSE,2003 Ford Mustang SVT Cobra,Mustang SVT '03,3199,2003,Ford,Mustang SVT Cobra,Seasonal,Series 32 cu,,,,,,,Factory,Retro Muscle,,,,,,,,,,,,,,,,,,,,,,,,,,,N. America,U.S.,,,,,,,,,,,,,,,,,,,,,FH5,FH5,,cu,,,,,,,,,,,,1,XBO,0
FALSE,2003 Ford SVT Focus,,,2003,Ford,SVT Focus,,,,,,,,,Factory,Hatch,295,D,,,,,,,170,145,2769,16.29,,,,,4,F,FWD,,,,,,,,N. America,U.S.,,,3,L,4,,,7.400,,,131.6,,,,,,11075,,,03-May-05,FH1,FM1,,,,,,,,,DLC,FM4,FM3,FM2,FM1,5,360,0
FALSE,2001 Ford #4 Ford Focus RS,#4 Ford Focus,3670,2001,Ford,#4 Ford Focus RS,DLC,FH5 Rally Adv,,,Rare,,,"200,000",Race,Rally Monsters,749,A,4.9,4.0,5.0,7.1,9.6,8.3,300,332,2802,9.34,52,1996,T,Inline,4,F,AWD,,215,Both,Lights,750,none,no,N. America,U.S.,,,3,L,4,,,3.100,7.900,,138.9,107.1,278.2,1.10,1.12,4.800,13343,,29-Mar-23,29-Mar-23,FH5,FH5,,DLC,,,,,,,,,,,,1,XBO,0
FALSE,2000 Ford SVT Cobra R,Ford Cobra R '00,405,2000,Ford,SVT Cobra R,Buy Cars Base,,,,Common,,,"89,000",Factory,Sport Touring Classics,533,B,4.3,3.1,3.0,3.2,,,385,385,3610,9.38,57,5409,NA,V,8,F,RWD,,265,Both,Forza,"460, 565, 640, 788, 825","T, TT, PDS, CS",stock,N. America,U.S.,Ford Mustang,,2,L,4,,MvT,4.388,10.585,12.900,182.3,148.7,358.7,0.90,0.94,6.197,11074,05-Oct-23,05-Nov-21,03-May-05,FM,FM1,FM,FH5,FH4,FM7,FH3,FM6,FH2,FM5,,FM4,FM3,FM2,FM1,12,XBO,1
FALSE,1999 Ford Racing Puma,Ford Puma '99,3228,1999,Ford,Racing Puma,Buy Cars Base,,,,Rare,,,"34,000",Factory,Early Sport Compact,303,D,1.4,2.1,2.2,1.7,,,153,119,2588,16.92,59,1679,NA,Inline,4,F,FWD,,215,Both,Sport,"194, 212, 232, 350, 375, 394I, 475","T, PDS",stock,N. America,U.S.,,,3,R,4,,,7.935,21.035,,134.8,142.6,360.8,0.89,0.91,13.100,13139,05-Oct-23,05-Nov-21,04-May-20,FM,FH4,FM,FH5,cu,,,,,,,,,,,3,XBO,1
FALSE,1999 Ford Racing Puma Forza Edition,Ford Puma FE,3564,1999,Ford,Racing Puma Forza Edition,DLC Autoshow,FH5 VIP,Gift w/DLC,,FE,Stunt Skills,,"500,000",Upgraded,Rally Monsters,900,S1,5.7,5.8,6.3,9.4,6.0,8.0,506,401,2194,4.34,59,2137,T,Inline,4,F,AWD,,245,no,Street rally lights,506,none,stock,N. America,U.S.,,,3,R,4,,,7.952,21.068,,159.0,99.8,243.4,1.23,1.45,13.116,13223,,05-Nov-21,05-Nov-21,FH5,FH5,,DLC,,,,,,,,,,,,1,XBO,0
FALSE,1995 Ford Mustang SVT Cobra R,Ford Cobra R '95,"1,510",1995,Ford,Mustang SVT Cobra R,Buy Cars Base,FM Update 13,,,,,6-Nov-2024,"74,000",Factory,Sport Touring Classics,443,C,3.5,2.4,2.5,2.8,7.0,,300,365,3226,10.75,56,5752,NA,V,8,F,RWD,255/R17,255/R17,,"Hood, Aftermarket","350, 425, 460, 565, 640, 788, 825","TT, PDS",stock,N. America,U.S.,Ford Mustang,,2,L,4,,,5.200,13.400,13.800,164.0,118.6,298.0,1.11,1.07,8.200,11862,30-Oct-24,,07-Feb-12,FM,FM4,S,cu,,FM7,FH3,FM6,,FM5,DLC,DLC,,,,8,XBO,1
FALSE,1994 Ford Supervan 3,Ford Supervan 3,3170,1994,Ford,Supervan 3,"Autoshow, WS",,,,Epic,,,"500,000",Tuner,Track Toys,820,S1,5.2,7.9,8.0,7.4,5.5,4.6,295,283,1962,6.65,45,2935,NA,V,6,M,RWD,,335,Both,none,"321, 415, 662, 224, 1750",none,stock,N. America,U.S.,,,V,R,4,,,4.500,9.900,,146.0,89.9,213.4,1.33,1.58,5.400,13129,,05-Nov-21,10-Feb-20,FH5,FH4,,FH5,cu,,,,,,,,,,,2,XBO,0
FALSE,1994 Ford Supervan 3 'Donut Media Edition',Supervan 3 DME,9007,1994,Ford,Supervan 3 'Donut Media Edition',Accolade,Series 22 cu,Story,,Legendary,,,"500,000",Tuner,Track Toys,900,S1,6.0,9.2,8.2,8.3,9.1,4.2,462,384,1962,4.25,45,2935,PDS,V,6,M,RWD,,335,no,Adjustable,"485, 750, 850, 914",TT,eng,N. America,U.S.,,,V,R,4,,,4.473,9.870,,169.8,77.3,175.6,1.70,2.07,5.397,13367,,22-Jun-23,22-Jun-23,FH5,FH5,,cu,,,,,,,,,,,,1,XBO,0
FALSE,1993 Ford SVT Cobra R,Ford Cobra R '93,1041,1993,Ford,SVT Cobra R,Buy Cars Base,,,,Common,,,"60,000",Factory,Sport Touring Classics,374,D,2.2,2.2,2.4,2.3,,,235,280,3125,13.30,57,4942,NA,V,8,F,RWD,,245,Both,"WB, Street, Hood","425, 460, 565, 640, 788, 825","T, TT, PDS, CS",stock,N. America,U.S.,Ford Mustang,,2,L,4,,,5.686,15.484,14.200,143.0,152.7,374.8,0.85,0.85,9.798,11520,05-Oct-23,05-Nov-21,27-Oct-09,FM,FM3,FM,FH5,HTF,FM7,FH3,FM6,FH2,FM5,,FM4,FM3,,,10,XBO,1
FALSE,1993 Ford SVT Cobra R Forza Edition,,,1993,Ford,SVT Cobra R Forza Edition,,,,,,,,,Upgraded,Rebirth of Muscle,447,C,5.8,4.6,4.8,7.0,,,280,333,6198,22.14,57,,NA,V,8,F,RWD,,,,,,,stock,N. America,U.S.,Mustang,,2,L,4,,,5.682,15.480,,155.3,139.9,357.1,1.12,1.08,9.798,12789,,,29-Sep-17,FM7,FM7,,,,FE,,,,,,,,,,1,XBO,0
FALSE,1992 Ford Escort RS Cosworth,Ford Escort '92,1272,1992,Ford,Escort RS Cosworth,Buy Cars Base,,,,Rare,,,"73,000",Factory,Hot Hatch Icons,421,C,2.7,2.5,2.8,2.4,,,224,224,2811,12.55,56,1993,T,Inline,4,F,AWD,,225,Both,Rally lights,"350, 375, 415, 630, 690",none,eng,N. America,U.S.,Ford Escort,,2,R,4,,"UHero, HHero",6.218,17.400,14.882,142.9,141.6,361.8,0.89,0.90,11.182,11774,05-Oct-23,05-Nov-21,14-Oct-11,FM,FM4,FM,FH5,FH4,FM7,FH3,FM6,FH2,FM5,DLC,FM4,,,,10,XBO,1
FALSE,1992 Ford Escort RS Cosworth Forza Edition,,,1992,Ford,Escort RS Cosworth Forza Edition,DLC store,,,,,,,,Upgraded,Showroom Rally,524,B,5.8,5.0,5.0,7.2,,,279,279,2757,9.88,56,,T,Inline,4,F,AWD,,,,,,,eng,N. America,U.S.,,,2,R,4,,,6.200,17.400,,156.5,140.7,336.4,1.15,1.13,11.200,12790,,,29-Sep-17,FM7,FM7,,,,FE,,,,,,,,,,1,XBO,0
FALSE,1992 Ford Escort RS Cosworth Horizon Edition,,,1992,Ford,Escort RS Cosworth Horizon Edition,,,,,,,,,Upgraded,Retro Rally,729,A,5.3,7.4,7.4,6.5,7.4,,224,224,2811,12.55,56,1993,T,Inline,4,F,AWD,,A,,,,,eng,N. America,U.S.,,,2,R,4,,HH,,,,,,,,,.000,12571,,,23-Sep-16,FH3,FH3,,,,,HE,,,,,,,,,1,XBO,0
FALSE,1992 Ford Falcon GT,Ford Falcon '92,2514,1992,Ford,Falcon GT,Buy Cars Base,,,,,,,"67,000",Factory,Sport Touring Classics,396,D,3.5,1.8,2.0,2.6,,,268,310,3631,13.55,56,4942,NA,V,8,F,RWD,,,,Forza,"276, 425, 460, 640, 788, 825","TT, PDS",stock,N. America,U.S.,Ford Falcon,,4,R,4,,RPC,7.300,16.300,,164.0,150.0,377.6,1.05,1.02,9.000,12668,05-Oct-23,,07-Mar-17,FM,FH3,FM,,,FM7,DLC,,,,,,,,,3,XBO,1
FALSE,1991 Ford #15 Roush Racing Whistler Mustang,Ford #15 Mustang,3158,1991,Ford,#15 Roush Racing Whistler Mustang,Buy Cars DLC,FM Car Pass,Gift w/DLC,,,,,"308,000",Race,GTX Sportscars,824,R,7.2,5.6,5.9,5.8,,,720,545,2748,3.82,52,5900,NA,V,8,F,RWD,,,,Adjustable,none,none,,N. America,U.S.,Ford Mustang,,2,L,4,,,3.700,6.400,10.517,216.4,89.4,222.4,1.41,1.54,2.700,13439,09-Nov-23,,09-Nov-23,FM,FM,DLC,,,,,,,,,,,,,1,XBO,1
FALSE,1987 Ford Sierra Cosworth RS500,Ford Sierra '87,1293,1987,Ford,Sierra Cosworth RS500,Buy Cars Base,,,,Rare,,,"71,000",Factory,Sport Touring Classics,395,D,2.6,2.2,2.5,2.7,,,224,206,2734,12.21,51,1993,T,Inline,4,F,RWD,,205,Both,Forza,"350, 375, 460, 630, 690",none,eng,N. America,U.S.,,,2,R,4,,HHero,6.100,16.180,15.100,154.8,149.0,364.4,0.89,0.95,10.080,11675,05-Oct-23,05-Nov-21,14-Dec-10,FM,FM3,FM,FH5,FH4,FM7,FH3,FM6,FH2,DLC,FH1,FM4,DLC,,,11,XBO,1
FALSE,1986 Ford Escort RS Turbo,Ford Escort '86,2981,1986,Ford,Escort RS Turbo,Buy Cars Base,,,,Common,,,"37,000",Factory,Hot Hatch Icons,290,E,1.0,1.4,1.6,1.9,,,130,133,2154,16.57,61,1597,T,Inline,4,F,FWD,,195,Both,Street,"194, 212, 350, 375, 394I, 475, 690",none,,N. America,U.S.,Ford Escort,,3,R,4,,RPC,8.118,21.218,,127.4,154.3,393.8,0.88,0.88,13.100,12969,05-Oct-23,05-Nov-21,28-Sep-18,FM,FH4,FM,FH5,Barn,,,,,,,,,,,3,XBO,1
FALSE,1986 Ford F-150 XLT Lariat,Ford F-150 '86,3597,1986,Ford,F-150 XLT Lariat,Seasonal,Series 21 cu,,,Common,,,"250,000",Factory,Pickups & 4x4s,357,D,3.5,3.0,3.0,2.6,1.6,8.3,185,270,3805,20.57,62,4940,NA,V,8,F,AWD,,235,Rear,Bars / Bed,"450, 475, 662, 850, 1750",PDS,stock,N. America,U.S.,,,2,L,4,,,11.462,999.999,,98.0,162.2,,0.82,0.81,988.537,13360,,01-Jun-23,01-Jun-23,FH5,FH5,,cu,,,,,,,,,,,,1,XBO,0
FALSE,1986 Ford Mustang SVO,Ford Mustang '86,3181,1986,Ford,Mustang SVO,Buy Cars Base,,,,Common,,,"49,000",Factory,Sport Touring Classics,314,D,1.9,1.9,2.2,2.0,,,200,240,3028,15.14,57,2301,T,Inline,4,F,RWD,,225,Both,Street,"425, 460, 565, 640, 788, 825",none,eng,N. America,U.S.,Ford Mustang,,3,L,4,,,7.483,19.983,,140.7,157.5,391.1,0.86,0.85,12.500,13278,05-Oct-23,03-Mar-22,03-Mar-22,FM,FH5,FM,DLC,,,,,,,,,,,,2,XBO,1
FALSE,1985 Ford RS200 Evolution,Ford RS200,1108,1985,Ford,RS200 Evolution,"Autoshow, WS",,,,Epic,,,"260,000",Factory,Rally Monsters,808,S1,5.4,5.0,5.7,6.9,2.3,7.8,506,401,2464,4.87,50,2137,T,Inline,4,M,AWD,,245,Both,Forza,506,none,no,N. America,U.S.,,,2,L,4,,"HHero, BRG, AWW",3.680,9.122,12.080,153.3,107.5,264.9,1.07,1.17,5.442,11519,,05-Nov-21,27-Oct-09,FH5,FM3,,FH5,HTF,FM7,FH3,FM6,FH2,FM5,FH1,FM4,FM3,,,10,XBO,0
FALSE,1982 Ford #6 Zakspeed Roush Mustang IMSA GT,Ford #6 Mustang,2868,1982,Ford,#6 Zakspeed Roush Mustang IMSA GT,Buy Cars Base,,,,,,,"304,000",Race,GTX Sportscars,810,R,4.5,6.2,6.4,5.6,,,530,330,1980,3.74,53,1400,T,Inline,4,F,RWD,290/R16,360/R19,,Adjustable,none,none,no,N. America,U.S.,Ford Mustang,,2,L,4,x,,3.500,7.000,10.783,179.5,90.8,222.0,1.43,1.63,3.500,12892,05-Oct-23,,04-Jun-18,FM,FM7,FM,,,cu,,,,,,,,,,2,XBO,1
FALSE,1981 Ford #2 Zakspeed Racing Capri Turbo,Ford #2 Capri,2125,1981,Ford,#2 Zakspeed Racing Capri Turbo,Buy Cars Base,,,,,,17-Apr-2024,"300,000",Race,GTX Sportscars,799,S,4.6,6.2,6.5,5.2,,,495,296,1973,3.99,53,1400,T,Inline,4,F,RWD,,,,Adjustable,none,none,no,N. America,U.S.,,,2,L,4,x,,3.500,7.110,11.017,179.6,90.6,224.4,1.44,1.63,3.610,12334,05-Oct-23,,15-Sep-15,FM,FM6,FM,,,FM7,,FM6,,,,,,,,3,XBO,1
FALSE,1981 Ford #55 Liqui Moly equipe Capri Turbo,#55 Ford Capri,,1981,Ford,#55 Liqui Moly equipe Capri Turbo,,,,,,,,,Livery,GT Racing Reborn,800,S,6.3,6.6,6.7,8.7,,,495,296,1973,3.99,53,,T,Inline,4,F,RWD,,,,,,,no,N. America,U.S.,,,2,L,4,x,,3.500,6.982,,171.0,105.1,253.4,1.38,1.58,3.482,12336,,,15-Sep-15,FM7,FM6,,,,FM7,,FM6,,,,,,,,2,XBO,0
FALSE,1981 Ford Fiesta XR2,Ford Fiesta '81,2158,1981,Ford,Fiesta XR2,Buy Cars Base,,,,Epic,,,"11,000",Factory,Hot Hatch Icons,243,E,1.0,1.2,1.2,1.2,,,84,91,1852,22.05,60,1598,NA,Inline,4,F,FWD,,185,Both,Rally,"194, 212, 305, 350, 375, 475, 630, 690","T, PDS",stock,N. America,U.S.,,,3,R,4,,RPC,9.417,39.018,,106.9,161.9,407.3,0.83,0.82,29.601,12195,05-Oct-23,05-Nov-21,16-Dec-14,FM,FH2,FM,FH5,FH4,FM7,FH3,FM6,DLC,,,,,,,7,XBO,1
FALSE,1981 Ford Fiesta XR2 Forza Edition,,,1981,Ford,Fiesta XR2 Forza Edition,,,,,,,,,Upgraded,Hot Hatch Genesis,349,D,4.4,4.7,4.7,6.6,,,116,126,1574,13.57,57,,,,,F,FWD,,,,,,,,N. America,U.S.,,,3,R,4,,,9.423,39.036,,121.0,124.4,299.4,1.13,0.99,29.613,12791,,,29-Sep-17,FM7,FM7,,,,FE,,,,,,,,,,1,XBO,0
FALSE,1978 Ford Mustang II King Cobra,Ford Mustang '78,,1978,Ford,Mustang II King Cobra,,,,,,,,,Factory,Rebirth of Muscle,253,E,4.6,3.5,3.8,5.5,6.4,,139,250,2669,19.20,58,4948,NA,V,8,F,RWD,,,,,,,stock,N. America,U.S.,Mustang,,2,L,4,,RPC,8.900,28.200,,120.8,143.7,368.7,0.98,0.91,19.300,11776,,,14-Oct-11,FM7,FM4,,,,FM7,FH3,FM6,DLC,,,FM4,,,,5,XBO,0
FALSE,1977 Ford #5 Escort RS1800 MkII,#5 Escort '77,3184,1977,Ford,#5 Escort RS1800 MkII,"Autoshow, WS",,,,Epic,,,"300,000",Race,Classic Rally,662,B,4.4,3.8,4.5,5.0,5.3,7.0,255,175,2161,8.47,50,1975,NA,Inline,4,F,RWD,,195,Both,Remove lights/flaps,"321, 415, 300, 224",none,stock,N. America,U.S.,,,2,L,4,,,4.400,12.282,16.918,123.0,135.0,337.7,0.90,0.89,7.882,13142,,05-Nov-21,29-Jun-20,FH5,FH4,,FH5,cu,,,,,,,,,,,2,XBO,0
FALSE,1977 Ford Escort RS1800,Ford Escort '77,1302,1977,Ford,Escort RS1800,Buy Cars Base,,,,Rare,,,"27,000",Factory,Vintage Sport Compact,267,E,1.0,1.3,1.3,1.7,,,115,126,1986,17.27,54,1835,NA,Inline,4,F,RWD,,175,Both,Rally lights,"350, 375, 460, 630, 690",T,stock,N. America,U.S.,Ford Escort,,2,R,4,,BRG,8.282,26.781,17.083,118.7,168.7,416.0,0.83,0.82,18.499,11837,05-Oct-23,05-Nov-21,06-Dec-11,FM,FM4,FM,FH5,FH4,FM7,FH3,FM6,FH2,DLC,,DLC,,,,9,XBO,1
FALSE,1977 Ford Foyt #14 Gilmore Coyote,,,1977,Ford,Foyt #14 Gilmore Coyote,,,,,,,,,Race,IndyCar 70s,,,,,,,,,825,590,1380,1.67,,,T,V,8,M,RWD,,,,,,,,N. America,U.S.,,,1,C,4,,,2.500,,,205.3,,,,,,12095,,,10-Apr-14,FM5,FM5,,,,,,,,DLC,,,,,,1,XBO,0
FALSE,1975 Ford Bronco,Ford Bronco,3484,1975,Ford,Bronco,"Autoshow, WS",,,,Common,,,"38,000",Factory,Pickups & 4x4s,421,D,4.3,2.1,3.0,3.5,2.8,8.0,205,300,3545,17.29,55,4949,NA,V,8,F,AWD,,225,no,"Offroad, Bed","415, 475d, 640, 662, 700V, 850, 1750",PDS,stock,N. America,U.S.,,,2,L,4,,IMC,8.580,28.120,15.783,119.4,175.7,442.4,0.76,0.76,19.540,12200,,05-Nov-21,06-Jan-15,FH5,FH2,,FH5,FH4,FM7,FH3,FM6,DLC,,,,,,,6,XBO,0
FALSE,1975 Ford Bronco Barrett-Jackson Edition,Ford Bronco BJ,,1975,Ford,Bronco Barrett-Jackson Edition,DLC store,,,,Epic,,,"105,000",Tuner,Offroad,630,B,5.4,5.7,6.3,6.6,8.1,,320,395,3705,11.58,55,5750,NA,V,8,F,AWD,,325,no,Bars / spare tire,"526, 300, 850","TT, PDS",stock,N. America,U.S.,,,3,L,4,,,7.476,18.361,14.117,126.8,239.3,494.1,0.83,0.83,10.885,13065,,,15-Jan-19,FH4,FM7,,,DLC,DLC,,,,,,,,,,2,XBO,0
FALSE,1975 Ford Bronco Traffic,,,1975,Ford,Bronco Traffic,Autoshow,,,,,,,,Traffic,,,,,,,,,,,,,,,,,,,,,,,,,,,,,,,,,,,,,,,,,,,,,,13204,,,04-Nov-21,FH5,FH5,,HP,,,,,,,,,,,,1,XBO,0
FALSE,1973 Ford Capri RS3100,Ford Capri MKI,1529,1973,Ford,Capri RS3100,"Autoshow, WS",,,,Rare,,,"55,000",Factory,Classic Sports Cars,497,D,4.8,2.5,4.1,3.8,3.3,5.2,148,187,2315,15.64,53,3091,NA,V,6,F,RWD,,185,Rear,Rally lights,"321, 415, 224","TT, CS",stock,N. America,U.S.,,,2,R,4,,HOM,7.300,20.800,15.720,130.5,166.7,418.0,0.81,0.80,13.500,12161,,05-Nov-21,30-Sep-14,FH5,FH2,,FH5,FH4,FM7,FH3,FM6,FH2,,,,,,,6,XBO,0
FALSE,1973 Ford Capri RS3100 Forza Edition,Ford Capri FE,,1973,Ford,Capri RS3100 Forza Edition,Exclusive,,,,FE,Skills,,"305,000",Upgraded,Rally Monsters,613,B,5.7,5.3,6.5,5.5,7.1,,148,187,2315,15.64,53,3091,NA,V,6,F,RWD,,185,no,Rally lights,"321, 415, 526, 224","TT, CS",stock,N. America,U.S.,,,2,R,4,,HOM,7.300,20.800,,132.9,178.2,449.0,0.85,0.84,13.500,12968,,,28-Sep-18,FH4,FH4,,,FE,,,,,,,,,,,1,XBO,0
FALSE,1973 Ford Escort RS1600,Ford Escort '73,1580,1973,Ford,Escort RS1600,Buy Cars Base,,,,Rare,,,"27,000",Factory,Vintage Sport Compact,263,E,1.0,1.2,1.2,1.7,,,113,110,1918,16.97,54,1601,NA,Inline,4,F,RWD,,175,Both,Rally lights,"194, 350, 375, 460, 630, 690",T,stock,N. America,U.S.,Ford Escort,,2,R,4,,,8.261,24.164,15.533,117.5,169.1,414.6,0.83,0.82,15.903,12337,05-Oct-23,05-Nov-21,15-Sep-15,FM,FM6,FM,FH5,FH4,FM7,FH3,Uni,,,,,,,,6,XBO,1
FALSE,1973 Ford Pinto,,,1973,Ford,Pinto,,,,,,,,,Factory,Hatch,100,F,,,,,,,85,98,2254,26.52,,,,,4,F,RWD,,,,,,,,N. America,U.S.,,,2,L,4,,,13.500,,,100.6,,,,,,11850,,,03-Jan-12,FM4,FM4,,,,,,,,,,DLC,,,,1,360,0
FALSE,1973 Ford XB Falcon GT,Ford Falcon '73,1278,1973,Ford,XB Falcon GT,Buy Cars Base,,,,Common,,,"68,000",Factory,Vintage Muscle,337,D,2.0,1.3,1.2,2.8,,,300,380,3047,10.16,59,5750,NA,V,8,F,RWD,,205,Both,Hood,"425, 460, 565, 640, 788, 825",PDS,stock,N. America,U.S.,Ford Falcon,,2,R,4,,IMC,8.100,21.000,15.800,141.1,203.4,491.8,0.73,0.73,12.900,11779,05-Oct-23,20-Jul-23,14-Oct-11,FM,FM4,FM,cu,HTF,FM7,FH3,FM6,,DLC,,FM4,,,,8,XBO,1
FALSE,1972 Ford Falcon XA GT-HO,Ford Falcon '72,2585,1972,Ford,Falcon XA GT-HO,Buy Cars Base,FM Update 15,,,Rare,,1-Jan-2025,"79,000",Factory,Vintage Muscle,624,B,6.3,2.9,4.2,4.0,3.3,5.4,410,364,3461,8.44,55,5763,NA,V,8,F,RWD,215/R15,215/R15,Both,Hood,"455, 460, 565, 640, 788, 825","TT, PDS, CS",stock,N. America,U.S.,,,2,R,4,,,6.600,14.100,14.683,164.7,160.0,400.0,1.00,0.95,7.500,12652,25-Dec-24,05-Nov-21,03-Jan-17,FM,FH3,S,FH5,FH4,FM7,DLC,,,,,,,,,5,XBO,1
FALSE,1972 Ford Falcon XA GT-HO Forza Edition,Ford Falcon FE,,1972,Ford,Falcon XA GT-HO Forza Edition,Exclusive,,,,FE,Speed Skills,,"330,000",Upgraded,Classic Muscle,811,S1,7.0,6.8,7.4,7.2,8.5,,410,364,2646,6.45,55,5763,NA,V,8,F,RWD,,305,no,Hood,"415, 526, 640, 485, 700",,stock,N. America,U.S.,,,2,R,4,,,6.400,13.700,,175.6,142.8,321.1,1.31,1.33,7.300,12970,,,28-Sep-18,FH4,FH4,,,FE,,,,,,,,,,,1,XBO,0
FALSE,1971 Ford Falcon XY GTHO Phase III,Ford Falcon '71,,1971,Ford,Falcon XY GTHO Phase III,,,,,,,,,Factory,Historic Road Racing,335,D,4.8,3.5,3.7,7.2,,,300,380,3180,10.60,55,5752,NA,V,8,F,RWD,,,,,,,stock,N. America,U.S.,,,4,R,4,,,6.400,14.500,,130.2,139.7,357.2,0.96,0.90,8.100,12340,,,15-Sep-15,FM7,FM6,,,,FM7,FH3,Uni,,,,,,,,3,XBO,0
FALSE,1971 Ford Mustang Mach 1,Ford Mustang '71,3120,1971,Ford,Mustang Mach 1,Seasonal,Series 3 cu,Midnight Battle,,Epic,,,"250,000",Factory,Classic Muscle,546,C,4.8,2.5,3.8,3.4,3.2,5.2,376,450,3711,9.87,60,7040,NA,V,8,F,RWD,,225,Both,Hood,"415, 475d, 640, 800, 1500","PDS, CS",stock,N. America,U.S.,Mustang,,2,L,4,,"MvT, IMC",6.300,14.683,13.833,133.3,172.1,423.8,0.79,0.79,8.383,11777,,20-Jan-22,14-Oct-11,FH5,FM4,,cu,FH4,FM7,,FM6,,DLC,,FM4,,,,6,XBO,0
FALSE,1970 Ford #15 Mustang Boss 302 Trans Am,Ford #15 Mustang,3436,1970,Ford,#15 Mustang Boss 302 Trans Am,Reward,FM Update 13,,,,,,"258,000",Race,Vintage Trans Am,584,B,3.0,3.7,3.5,3.2,,,460,360,3240,7.04,51,4900,NA,V,8,F,RWD,270/R15,300/R15,,Adjustable,none,none,,N. America,U.S.,Ford Mustang,,2,L,4,,,5.500,11.419,12.900,158.1,94.9,247.8,1.22,1.17,5.919,,30-Oct-24,,30-Oct-24,FM,FM,R,,,,,,,,,,,,,1,XBO,1
FALSE,1970 Ford Escort RS1600 F&F Edition,1970 Escort FF,,1970,Ford,Escort RS1600 F&F Edition,,,,,,,,,Tuner,? none/Classic Compact,,,5.6,4.6,4.6,7.9,,,245,163,1731,7.07,55,1800,NA,Inline,4,F,RWD,,,,,245,,stock,N. America,U.S.,,,2,R,4,,,4.980,11.000,,152.2,122.2,300.5,1.10,1.01,6.020,12240,,,15-Jun-15,FM6,FH2,,,,,,DLC,DLC,,,,,,,2,XBO,0
FALSE,1970 Ford GT70,Ford GT70 '70,3167,1970,Ford,GT70,"Autoshow, WS",,,,Rare,,,"150,000",Factory,Classic Rally,671,B,5.1,3.4,5.5,4.2,3.1,7.3,200,155,1680,8.40,44,1998,NA,Inline,4,M,RWD,,215,Both,Forza ( rally lights permanent),"321, 300, 224","T, PDS",stock,N. America,U.S.,,,2,L,4,,,6.500,14.500,,143.7,132.4,331.6,1.04,1.05,8.000,13143,,05-Nov-21,29-Jun-20,FH5,FH4,,FH5,cu,,,,,,,,,,,2,XBO,0
FALSE,1970 Ford Mustang Boss 429,,,1970,Ford,Mustang Boss 429,,,,,,,,,Factory,Sports,,,,,,,,,375,450,3715,9.91,,,,,8,F,RWD,,,,,,,,N. America,U.S.,,,2,L,4,,,,,,,,,,,,11072,,,03-May-05,FH1,FM1,,,,,,,,,FH1,FM4,FM3,FM2,FM1,5,360,0
FALSE,1969 Ford Brawner Hawk III,Ford Hawk III,,1969,Ford,Brawner Hawk III,,,,,,,,,Race,Formula 70s,884,R,6.9,7.2,7.0,9.5,,,680,391,1400,2.06,39,,T,V,8,M,RWD,,,,,,,,N. America,U.S.,,,1,C,4,,,2.530,4.830,,188.6,77.0,195.1,1.47,1.62,2.300,12485,,,12-Jul-16,FM7,FM6,,,,cu,,DLC,,,,,,,,2,XBO,0
FALSE,1969 Ford Mustang Boss 302,Ford Mustang '69,1668,1969,Ford,Mustang Boss 302,Buy Cars Base,,,,Rare,,,"73,000",Factory,Vintage Muscle,343,D,2.7,1.3,1.4,2.4,,,290,290,3250,11.21,56,4942,NA,V,8,F,RWD,,225,Rear,Forza,"302, 425, 460, 565, 640, 788, 825","TT, PDS",stock,N. America,U.S.,Ford Mustang,,2,L,4,,"MvT, IMC",6.882,15.964,14.700,150.1,161.2,395.2,0.85,0.85,9.082,12067,05-Oct-23,05-Nov-21,22-Nov-13,FM,FM5,FM,FH5,HTF,FM7,FH3,FM6,FH2,FM5,,,,,,8,XBO,1
FALSE,1969 Ford Mustang Boss 302 Forza Edition,,,1969,Ford,Mustang Boss 302 Forza Edition,,,,,,,,,Upgraded,Historic Road Racing,475,C,5.8,4.7,4.8,7.4,,,315,315,3009,9.55,55,,NA,V,8,F,RWD,,,,,,,stock,N. America,U.S.,Mustang,,2,L,4,,,6.923,16.000,,156.7,135.5,341.0,1.12,1.05,9.077,12792,,,29-Sep-17,FM7,FM7,,,,FE,,,,,,,,,,1,XBO,0
FALSE,1969 Ford Mustang Boss 302 Horizon Edition,,,1969,Ford,Mustang Boss 302 Horizon Edition,,,,,,,,,Upgraded,Classic Muscle,649,B,5.7,7.2,6.4,7.0,6.2,,290,290,3250,11.21,56,4942,NA,V,8,M,RWD,,B,,,,,stock,N. America,U.S.,Mustang,,2,L,4,,IMC,,,,,,,,,.000,12581,,,23-Sep-16,FH3,FH3,,,,,HE,,,,,,,,,1,XBO,0
FALSE,1968 Ford Mustang GT 2+2 Fastback,Ford Mustang '68,2614,1968,Ford,Mustang GT 2+2 Fastback,Buy Cars Base,,,,Legendary,,,"59,000",Factory,Vintage Muscle,297,E,3.0,1.0,1.0,2.3,,,325,427,3548,10.92,57,6383,NA,V,8,F,RWD,,180,Both,"Hood, Street","302, 425, 460, 565, 640, 788, 825","TT, PDS",stock,N. America,U.S.,Ford Mustang,,2,L,4,,,6.300,16.300,,151.1,176.0,434.9,0.76,0.75,10.000,13067,05-Oct-23,05-Nov-21,15-Jan-19,FM,FH4,FM,FH5,DLC,,,,,,,,,,,3,XBO,1
FALSE,1967 Ford Falcon XR GT,Ford Falcon '67,,1967,Ford,Falcon XR GT,,,,,,,,,Factory,Nostalgic Drag Racers,289,E,5.2,3.5,3.7,6.5,6.7,,225,305,3150,14.00,55,4727,NA,V,8,F,RWD,,,,,,,stock,N. America,U.S.,,,4,R,4,,,9.700,20.800,,140.1,142.2,363.6,0.96,0.89,11.100,12634,,,01-Nov-16,FM7,FH3,,,,FM7,DLC,,,,,,,,,2,XBO,0
FALSE,1967 Ford Racing Escort Mk1,Ford Escort '67,3183,1967,Ford,Racing Escort Mk1,Barn Find,,,,Legendary,,,"500,000",Race,Classic Rally,636,B,4.5,4.1,4.8,4.6,3.5,7.3,200,160,2116,10.58,52,1830,NA,Inline,4,F,RWD,,185,Both,Adjustable,"300, 224, 506",none,stock,N. America,U.S.,,,2,L,4,,,5.900,16.500,,125.9,131.9,326.7,0.90,0.90,10.600,13222,,05-Nov-21,05-Nov-21,FH5,FH5,,FH5,,,,,,,,,,,,1,XBO,0
FALSE,1966 Ford #2 GT40 MkII Le Mans,Ford GT40 Mk II,2792,1966,Ford,#2 GT40 MkII Le Mans,Buy Cars Base,,,,Legendary,,,"276,000",Race,Vintage Le Mans Prototypes,728,S,6.0,4.3,4.6,5.0,,,485,475,2682,5.53,38,6997,NA,V,8,M,RWD,240,290,no,Forza,none,"TT, PDS",stock,N. America,U.S.,Ford GT,,2,R,4,,HR,4.200,8.200,12.000,205.7,134.1,335.0,1.00,0.99,4.000,11070,05-Oct-23,05-Nov-21,03-May-05,FM,FM1,FM,FH5,FH4,FM7,FH3,FM6,FH2,FM5,FH1,FM4,FM3,FM2,FM1,13,XBO,1
FALSE,1966 Ford Country Squire,Country Squire,,1966,Ford,Country Squire,,,,,,,,,Factory,? none/Utility,,,4.9,3.1,3.1,6.6,,,315,427,4049,12.85,56,,NA,V,8,F,RWD,,,,,,,stock,N. America,U.S.,,,5,L,4,,,8.000,19.200,,132.4,137.0,356.9,0.91,0.78,11.200,11873,,,06-Mar-12,FM6,FM4,,,,,,FM6,,,DLC,DLC,,,,3,XBO,0
FALSE,1966 Ford F-100 Flareside Abatti Racing Trophy Truck,Ford F100 Trophy,,1966,Ford,F-100 Flareside Abatti Racing Trophy Truck,,,,,,,,,Race,Extreme Offroad,789,A,6.2,7.1,7.3,8.2,7.0,,850,690,5200,6.12,60,7500,NA,,,F,RWD,,,,,,,stock,N. America,U.S.,,,2,L,4,,Heavy,4.852,11.254,,155.9,170.2,409.6,0.81,0.80,6.402,12641,,,13-Dec-16,FH3,FH3,,,,,DLC,,,,,,,,,1,XBO,0
FALSE,1966 Ford Lotus Cortina,Ford Cortina '66,1486,1966,Ford,Lotus Cortina,Buy Cars Base,,,,Common,,,"22,000",Factory,Vintage Sport Compact,248,E,1.0,1.1,1.1,1.4,,,115,108,2060,17.91,52,1558,NA,Inline,4,F,RWD,,185,Rear,Forza,"333,350, 375",T,stock,N. America,U.S.,,,2,L,4,,OR,9.680,32.500,17.600,112.7,172.8,426.0,0.79,0.79,22.820,11889,05-Oct-23,05-Nov-21,01-May-12,FM,FM4,FM,FH5,FH4,FM7,FH3,FM6,DLC,DLC,,DLC,,,,9,XBO,1
FALSE,1965 Ford Mustang GT Coupe,Ford Mustang '65,1355,1965,Ford,Mustang GT Coupe,Buy Cars Base,,,,Rare,,,"75,000",Factory,Vintage Muscle,338,D,2.3,1.1,1.2,2.9,,,271,312,2562,9.45,56,4736,NA,V,8,F,RWD,,195,Rear,Hood,"302, 425, 460, 565, 640, 788, 825","TT, PDS",stock,N. America,U.S.,Ford Mustang,,2,L,4,,,7.500,21.524,14.300,141.1,170.0,421.1,0.78,0.78,14.024,11715,05-Oct-23,05-Nov-21,13-Oct-11,FM,FM4,FM,FH5,FH4,FM7,,FM6,,DLC,,DLC,,,,7,XBO,1
FALSE,1965 Ford Transit,Ford Transit MK1,3126,1965,Ford,Transit,"Autoshow, WS",,,,Common,,,"25,000",Factory,Vans & Utility,100,D,2.5,1.8,4.2,1.3,1.8,6.3,73,91,3527,48.32,52,1663,NA,V,4,F,RWD,,175,Both,Forza,"526, 300, 485, 850","T, PDS",stock,N. America,U.S.,,,V,R,4,,,31.000,999.999,,70.2,199.7,na,0.67,0.66,968.999,13069,,05-Nov-21,15-Jan-19,FH5,FH4,,FH5,DLC,,,,,,,,,,,2,XBO,0
FALSE,1964 Ford Fairlane Thunderbolt,Ford Fairlane,,1964,Ford,Fairlane Thunderbolt,,,,,,,,,Factory,Nostalgic Drag Racers,432,C,4.8,3.7,3.8,7.9,,,425,480,3273,7.70,54,,NA,V,8,F,RWD,,,,,,,stock,N. America,U.S.,,,2,L,4,,,4.617,10.218,,128.7,134.9,342.7,0.98,0.92,5.601,11714,,,13-Oct-11,FM7,FM4,,,,FM7,,,,,,DLC,,,,2,XBO,0
FALSE,1964 Ford GT40 Mk I,Ford GT40 Mk I,2980,1964,Ford,GT40 Mk I,Buy Cars Base,,,,Legendary,,,"265,000",Factory,Vintage Le Mans Prototypes,691,A,5.3,4.0,4.4,4.4,,,390,315,2215,5.68,39,4736,NA,V,8,M,RWD,215,275,no,Forza,"425, 460, 565, 640, 788, 825","TT, PDS",stock,N. America,U.S.,Ford GT,,2,R,4,,HR,4.281,8.982,,190.0,133.5,328.5,1.02,1.01,4.701,12972,05-Oct-23,05-Nov-21,28-Sep-18,FM,FH4,FM,FH5,HTF,,,,,,,,,,,3,XBO,1
FALSE,1959 Ford Anglia 105E,Ford Anglia '59,2979,1959,Ford,Anglia 105E,"Autoshow, WS",,,,Common,,,"20,000",Factory,Cult Cars,100,D,2.6,2.0,4.1,1.6,2.6,6.1,39,52,1676,42.97,50,997,NA,Inline,4,F,RWD,,155,no,Forza,"278, 196, 300","T, PDS",stock,N. America,U.S.,,,2,R,4,,RPC,30.500,999.999,,74.6,187.0,na,0.73,0.73,969.499,12967,,05-Nov-21,28-Sep-18,FH5,FH4,,FH5,FH4,,,,,,,,,,,2,XBO,0
FALSE,1957 Ford Thunderbird,,,1957,Ford,Thunderbird,,,,,,,,,Factory,Roadster,276,D,,,,,,,289,320,3417,11.82,,,,,8,F,RWD,,,,,,,,N. America,U.S.,,,2,L,4,,,5.700,,,140.2,,,,,,11778,,,14-Oct-11,FM4,FM4,,,,,,,,,,FM4,,,,1,360,0
FALSE,1956 Ford F-100,Ford F-100,1581,1956,Ford,F-100,Barn Find,,,,Legendary,,,"36,000",Factory,Rods and Customs,302,D,3.8,2.1,2.7,3.1,3.0,6.9,173,260,3325,19.22,58,3622,NA,V,8,F,RWD,,155,no,Spare tire,"415, 475d, 640, 1500, 1750","TT, PDS, CS",stock,N. America,U.S.,,,2,L,4,,DVG,14.926,39.981,16.733,106.0,189.0,464.2,0.71,0.70,25.055,12111,,05-Nov-21,01-Jul-14,FH5,FM5,,FH5,FH4,FM7,FH3,FM6,DLC,DLC,,,,,,7,XBO,0
FALSE,1956 Ford F-100 Forza Edition,,,1956,Ford,F-100 Forza Edition,,,,,,,,,Upgraded,Hot Rod Revival,,,,,,,,,,,,,,,,,,F,RWD,,,,,,,,N. America,U.S.,,,2,L,4,,,,,,,,,,,,12793,,,29-Sep-17,FM7,FM7,,,,FE,,,,,,,,,,1,XBO,0
FALSE,1946 Ford Super Deluxe Station Wagon,Ford Wagon,2504,1946,Ford,Super Deluxe Station Wagon,Seasonal,Series 14 cu,,,Common,,,"250,000",Factory,Rods and Customs,124,D,3.4,1.7,3.8,1.7,2.0,6.0,100,180,3490,34.90,52,3923,NA,V,8,F,RWD,,155,Rear,Forza,"415, 662, 1750","TT, PDS",stock,N. America,U.S.,,,5,L,4,,,16.000,999.999,19.267,93.9,199.8,na,0.66,0.66,983.999,12583,,24-Nov-22,23-Sep-16,FH5,FH3,,cu,FH4,FM7,FH3,,,,,,,,,4,XBO,0
FALSE,1946 Ford Super Deluxe Station Wagon Forza Edition,,,1946,Ford,Super Deluxe Station Wagon Forza Edition,,,,,,,,,Upgraded,Hot Rod Revival,,,,,,,,,,,,,,,,,,F,RWD,,,,,,,,N. America,U.S.,,,5,L,4,,,,,,,,,,,,12794,,,29-Sep-17,FM7,FM7,,,,FE,,,,,,,,,,1,XBO,0
FALSE,1940 Ford De Luxe Coupe,Ford Coupe '40,1530,1940,Ford,De Luxe Coupe,"Autoshow, WS",,,,Common,,,"44,000",Factory,Rods and Customs,130,D,3.2,1.8,3.6,2.1,2.2,6.1,85,155,2970,34.94,54,4457,NA,V,8,F,RWD,,165,Rear,Preset / Street,"415, 1750","TT, PDS, CS",stock,N. America,U.S.,,,2,L,4,,UHero,16.819,999.999,,90.6,193.6,na,0.69,0.69,983.180,11906,,05-Nov-21,05-Jun-12,FH5,FM4,,FH5,FH4,FM7,FH3,FM6,,DLC,,DLC,,,,7,XBO,0
FALSE,"1932 Ford Custom ""Double Down""",Ford Custom '32,,1932,Ford,"Custom ""Double Down""",DLC store,,,,Rare,,,"105,000",Tuner,Rods and Customs,927,S2,8.6,8.2,8.0,10.0,10.0,,850,775,2500,2.94,53,9439,NA,V,8,F,AWD,,355,no,Hood,none,PDS,stock,N. America,U.S.,,Yes,2,L,4,,,2.200,4.700,9.133,227.8,91.8,237.9,1.43,1.43,2.500,13066,,,15-Jan-19,FH4,FM7,,,DLC,DLC,,,,,,,,,,2,XBO,0
FALSE,1932 Ford De Luxe Five-Window Coupe,Ford Coupe '32,2372,1932,Ford,De Luxe Five-Window Coupe,"Autoshow, WS",,,,Common,,,"35,000",Factory,Rods and Customs,126,D,3.2,1.8,3.9,1.9,2.8,4.8,65,130,2398,36.89,54,3621,NA,V,8,F,RWD,,155,no,Preset / Street,"415, 526","TT, PDS, CS",stock,N. America,U.S.,,,2,L,4,,"MvT, UHero, IMC",16.800,999.999,19.800,89.8,192.9,na,0.71,0.70,983.199,12678,,05-Nov-21,09-May-17,FH5,FH3,,FH5,FH4,FM7,DLC,,,,,,,,,4,XBO,0
FALSE,1932 Ford De Luxe Five-Window Coupe Forza Edition,Ford Coupe FE,2930,1932,Ford,De Luxe Five-Window Coupe Forza Edition,DLC promo Autoshow,FH5 Controller,Gift w/DLC,,FE,Skills,,"294,000",Factory,Unlimited Buggies,800,A,6.6,5.8,3.0,5.8,6.3,8.5,603,516,2094,3.47,51,4940,NA,V,8,F,RWD,,265,no,Hood,none,"TT, PDS",stock,N. America,U.S.,,,2,L,4,,,19.800,8.150,,174.3,115.0,274.4,0.95,0.95,-11.650,13221,,05-Nov-21,05-Nov-21,FH5,FH5,,DLC,,,,,,,,,,,,1,XBO,0
FALSE,"1932 Ford Roadster ""Hula Girl""",Ford Roadster,,1932,Ford,"Roadster ""Hula Girl""",DLC store,,,,Epic,,,"105,000",Tuner,Rods and Customs,590,C,5.2,5.1,5.7,6.1,7.8,,200,325,2480,12.40,55,3621,PDS,V,8,F,RWD,,275,no,Forza,"415, 526, 640, 485, 700V, 850",none,eng,N. America,U.S.,,Yes,2,L,4,,,7.000,16.700,14.150,119.6,176.8,433.9,0.84,0.83,9.700,13068,,,15-Jan-19,FH4,FM7,,,DLC,DLC,,,,,,,,,,2,XBO,0
FALSE,2023 Formula Drift #64 Forsberg Racing Nissan Z,#64 Nissan Z,3744,2023,Formula Drift,#64 Forsberg Racing Nissan Z,Seasonal,Series 22 cu,,,Epic,,,"300,000",Race,Drift Cars,854,S1,7.1,5.5,5.3,5.4,5.7,4.3,1300,1300,3100,2.38,49,3799,TT,V,6,F,RWD,,295,no,,none,none,no,N. America,U.S.,,,2,L,4,,,3.188,5.663,,192.0,114.7,283.6,1.06,1.13,2.475,13374,,29-Jun-23,29-Jun-23,FH5,FH5,,cu,,,,,,,,,,,,1,XBO,0
FALSE,2020 Formula Drift #151 Toyota GR Supra,FD #151 GR Supra,3523,2020,Formula Drift,#151 Toyota GR Supra,Buy Cars Base,FM Update 13,,,Epic,,,"302,000",Race,Formula Drift,801,R,4.1,4.2,4.4,5.7,3.6,4.1,1033,908,3156,3.06,48,2998,T,Inline,6,F,RWD,/R18,285/R18,Both,Adjustable,none,none,no,N. America,U.S.,,,2,L,4,,,3.118,5.818,10.033,173.1,94.9,242.7,1.30,1.28,2.700,13225,14-Oct-24,05-Nov-21,05-Nov-21,FM,FH5,S,DLC,,,,,,,,,,,,2,XBO,1
FALSE,2020 Formula Drift #91 BMW M2,#91 BMW M2,3551,2020,Formula Drift,#91 BMW M2,Buy Cars Base,FM Update 16,Challenge Hub,,Epic,,,"301,000",Race,Formula Drift,801,R,4.9,4.3,4.3,6.3,5.6,3.9,822,678,2849,3.47,49,6210,NA,V,8,F,RWD,255/R18,275/R18,Front,Adjustable,none,none,stock,N. America,U.S.,,,2,L,4,,,3.300,5.783,10.400,185.9,93.8,241.6,1.28,1.31,2.483,13229,08-Jan-25,05-Nov-21,05-Nov-21,FM,FH5,S,DLC,,,,,,,,,,,,2,XBO,1
FALSE,2019 Formula Drift #411 Toyota Corolla Hatchback,#411 FD Corolla,3524,2019,Formula Drift,#411 Toyota Corolla Hatchback,DLC Autoshow,FH5 Formula Drift,Gift w/DLC,,Epic,,,"300,000",Race,Drift Cars,840,S1,7.0,5.5,5.2,5.0,5.2,4.2,1185,867,3156,2.66,54,2670,T,Inline,4,F,RWD,,315,Both,Adjustable,805,none,no,N. America,U.S.,,,2,L,4,,,3.576,6.164,,188.0,109.9,275.2,1.06,1.09,2.588,13228,,05-Nov-21,05-Nov-21,FH5,FH5,,DLC,,,,,,,,,,,,1,XBO,0
FALSE,2018 Formula Drift #64 Nissan 370Z,#64 Nissan 370Z,3247,2018,Formula Drift,#64 Nissan 370Z,"Autoshow, WS",,,,Epic,,,"300,000",Race,Drift Cars,843,S1,7.3,4.4,5.4,5.2,5.5,4.0,1015,845,2866,2.82,51,3996,TT,V,6,F,RWD,,275,no,Adjustable,"542(3.8L), 850",none,eng,N. America,U.S.,,,2,L,4,,,3.587,5.975,,197.8,128.4,323.3,1.04,1.07,2.388,13156,,05-Nov-21,23-Sep-20,FH5,FH4,,FH5,cu,,,,,,,,,,,2,XBO,0
FALSE,2017 Formula Drift #357 Chevrolet Corvette Z06,#357 Corvette,3446,2017,Formula Drift,#357 Chevrolet Corvette Z06,DLC Autoshow,FH5 Formula Drift,Gift w/DLC,,Epic,,,"150,000",Race,Drift Cars,835,S1,8.9,4.9,5.5,5.1,5.4,4.4,825,825,2939,3.56,50,6162,PDS,V,8,F,RWD,,285,no,Adjustable,none,none,no,N. America,U.S.,,,2,L,4,,,3.674,6.274,,237.9,121.4,302.3,1.05,1.08,2.600,13227,,05-Nov-21,05-Nov-21,FH5,FH5,,DLC,,,,,,,,,,,,1,XBO,0
FALSE,2016 Formula Drift #530 HSV Maloo Gen-F,#530 HSV Maloo,2997,2016,Formula Drift,#530 HSV Maloo Gen-F,Buy Cars Base,FM Update 15,Challenge Hub,,Epic,,,"290,000",Race,Formula Drift,768,S,6.6,3.8,3.7,5.4,4.8,4.1,1000,900,2865,2.87,55,6162,PDS,V,8,F,RWD,235/R18,265/R18,no,Adjustable,none,none,stock,N. America,U.S.,,,2,R,4,,,4.100,6.900,10.983,206.7,101.8,252.7,1.24,1.21,2.800,12980,11-Dec-24,05-Nov-21,28-Sep-18,FM,FM7,S,FH5,DLC,DLC,,,,,,,,,,4,XBO,1
FALSE,2015 Formula Drift #13 Ford Mustang,#13 Ford Mustang,2996,2015,Formula Drift,#13 Ford Mustang,Buy Cars Base,FM Update 13,Challenge Hub,,Epic,,,"205,000",Race,Formula Drift,767,S,3.3,4.1,4.2,5.6,5.4,4.1,986,832,3060,3.10,52,4951,PDS,V,8,F,RWD,255/R18,295/R18,no,Adjustable,none,none,stock,N. America,U.S.,Ford Mustang,,2,L,4,,,4.500,7.400,10.583,161.9,99.2,249.4,1.27,1.27,2.900,12977,14-Oct-24,05-Nov-21,28-Sep-18,FM,FM7,S,FH5,DLC,DLC,,,,,,,,,,4,XBO,1
FALSE,2013 Formula Drift #777 Chevrolet Corvette,#777 Corvette,3232,2013,Formula Drift,#777 Chevrolet Corvette,"Autoshow, WS",,,,Epic,,,"300,000",Race,Drift Cars,848,S1,6.4,4.8,5.5,5.1,5.4,3.6,1050,850,3000,2.86,50,6997,PDS,V,8,F,RWD,,285,Rear,Adjustable,none,TT,no,N. America,U.S.,,,2,L,4,,,4.185,6.723,,173.1,119.5,302.4,1.06,1.09,2.538,13136,,05-Nov-21,06-Apr-20,FH5,FH4,,FH5,cu,,,,,,,,,,,2,XBO,0
FALSE,2009 Formula Drift #99 Mazda RX-8,#99 Mazda RX-8,3400,2009,Formula Drift,#99 Mazda RX-8,DLC Autoshow,FH5 Formula Drift,Gift w/DLC,,Epic,,,"500,000",Race,Drift Cars,829,S1,6.7,4.5,5.4,4.7,3.2,4.0,1000,566,2824,2.82,55,1960,T,Rotary,3R,F,RWD,,275,no,Adjustable,"805, 690",none,eng,N. America,U.S.,,,2,L,4,,,3.676,6.363,,180.0,134.1,324.5,1.05,1.08,2.687,13230,,05-Nov-21,05-Nov-21,FH5,FH5,,DLC,,,,,,,,,,,,1,XBO,0
FALSE,2007 Formula Drift #117 599 GTB Fiorano,Formula D 599,3249,2007,Formula Drift,#117 599 GTB Fiorano,"Autoshow, WS",,,,Epic,,,"500,000",Race,Drift Cars,852,S1,6.8,4.7,5.3,5.7,6.1,4.4,917,756,3200,3.49,47,5999,NA,V,12,F,RWD,,315,Both,Adjustable,none,TT,stock,N. America,U.S.,,,2,L,4,,,3.486,5.973,,182.9,125.6,314.4,1.06,1.09,2.487,13135,,05-Nov-21,06-Apr-20,FH5,FH4,,FH5,cu,,,,,,,,,,,2,XBO,0
FALSE,2006 Formula Drift #43 Dodge Viper SRT10,#43 Dodge Viper,3003,2006,Formula Drift,#43 Dodge Viper SRT10,Buy Cars Base,FM Update 13,,,Epic,,6-Nov-2024,"306,000",Race,Formula Drift,816,R,6.1,4.6,4.7,6.1,5.6,3.7,1350,1400,2860,2.12,50,8277,TT,V,10,F,RWD,265/R18,275/R18,no,Adjustable,none,none,no,N. America,U.S.,,,2,L,4,,,3.216,6.700,10.367,198.7,99.0,239.5,1.30,1.36,3.484,12979,14-Oct-24,05-Nov-21,28-Sep-18,FM,FM7,S,FH5,DLC,DLC,,,,,,,,,,4,XBO,1
FALSE,2001 Formula Drift #215 Nissan Silvia Spec-R,#215 FD Silvia,3392,2001,Formula Drift,#215 Nissan Silvia Spec-R,Buy Cars DLC,FM Racing Heroes,Gift w/DLC,,,,,"296,000",Race,Formula Drift,801,R,6.1,3.9,4.1,6.4,,,1000,740,3200,3.20,51,3000,T,V,6,F,RWD,235/R18,295/R18,,Adjustable,none,none,,N. America,U.S.,,,2,L,4,,,3.200,5.800,10.400,201.0,99.9,251.4,1.27,1.27,2.600,,05-May-25,,05-May-25,FM,FM,DLC,,,,,,,,,,,,,1,XBO,1
FALSE,1997 Formula Drift #777 Nissan 240SX,FD #777 240SX,3000,1997,Formula Drift,#777 Nissan 240SX,Buy Cars Base,FM Update 13,,,Epic,,,"299,000",Race,Formula Drift,799,S,5.0,3.9,4.1,6.5,5.5,4.0,1258,1011,3066,2.44,50,7008,CS,V,8,F,RWD,245/R18,295/R18,no,Adjustable,none,none,no,N. America,U.S.,,,2,L,4,,,3.820,6.500,10.117,185.1,103.0,259.8,1.27,1.27,2.680,12981,14-Oct-24,05-Nov-21,28-Sep-18,FM,FM7,S,FH5,DLC,DLC,,,,,,,,,,4,XBO,1
FALSE,1996 Formula Drift #232 Nissan 240SX,#232 Nissan 240,,1996,Formula Drift,#232 Nissan 240SX,DLC store,,,,Legendary,,,"300,000",Race,Extreme Track Toys,859,S1,7.5,7.6,7.6,6.5,8.2,,1154,1119,2800,2.43,51,7008,T,V,8,F,RWD,,255,no,Adjustable,none,none,no,N. America,U.S.,,,2,L,4,,,4.436,7.333,10.783,191.4,113.0,272.6,1.27,1.36,2.897,12978,,,28-Sep-18,FH4,FM7,,,DLC,DLC,,,,,,,,,,2,XBO,0
FALSE,1996 Formula Drift #51 Donut Media Nissan 240SX,#51 Nissan 240SX,3741,1996,Formula Drift,#51 Donut Media Nissan 240SX,Accolade,Series 22 cu,Story,,Epic,,,"250,000",Race,Drift Cars,822,S1,6.0,5.3,5.1,4.8,5.0,3.9,824,884,2855,3.46,53,5967,PDS,,,F,RWD,,255,no,Adjustable,"805, 690",TT,eng,N. America,U.S.,,,2,L,4,,,3.874,6.527,,164.7,117.2,288.3,1.04,1.09,2.653,13368,,22-Jun-23,22-Jun-23,FH5,FH5,,cu,,,,,,,,,,,,1,XBO,0
FALSE,1995 Formula Drift #118 Nissan 240SX,#118 Nissan 240,,1995,Formula Drift,#118 Nissan 240SX,DLC store,,,,Legendary,,,"300,000",Race,Extreme Track Toys,860,S1,6.5,7.6,7.6,6.9,8.5,,830,810,2900,3.49,48,7008,PDS,V,8,F,RWD,,275,no,Adjustable,none,none,stock,N. America,U.S.,,,2,L,4,,,3.700,6.517,10.650,161.2,108.3,265.3,1.27,1.35,2.817,12976,,,28-Sep-18,FH4,FM7,,,DLC,DLC,,,,,,,,,,2,XBO,0
FALSE,1995 Formula Drift #34 Toyota Supra MKIV,FD #34 Supra,3411,1995,Formula Drift,#34 Toyota Supra MKIV,Buy Cars Base,,,,Epic,,,"305,000",Race,Formula Drift,813,R,7.0,4.0,4.1,6.1,3.7,4.2,1035,920,2849,2.75,49,3350,T,Inline,6,F,RWD,235/R19,275/R19,Rear,Adjustable,none,none,no,N. America,U.S.,,,2,L,4,,,3.518,6.017,10.367,213.4,93.2,240.0,1.27,1.27,2.499,13226,,05-Nov-21,05-Nov-21,FM,FH5,S,DLC,,,,,,,,,,,,2,XBO,1
FALSE,1989 Formula Drift #98 BMW 325i,#98 BMW 325I,3037,1989,Formula Drift,#98 BMW 325i,"Autoshow, WS",,,,Epic,,,"300,000",Race,Drift Cars,813,S1,6.9,4.2,5.1,5.0,5.2,4.1,750,750,2800,3.73,53,6162,PDS,V,8,F,RWD,,265,no,Adjustable,800,none,stock,N. America,U.S.,,,2,L,4,,,3.787,7.256,11.017,187.1,132.5,332.9,1.02,1.04,3.469,12982,,05-Nov-21,28-Sep-18,FH5,FM7,,FH5,DLC,DLC,,,,,,,,,,3,XBO,0
FALSE,2017 Formula E #11 ABT Schaeffler Audi Sport FE02,#11 Formula E,,2017,Formula E,#11 ABT Schaeffler Audi Sport FE02,,,,,,,,,Livery,Formula E,724,S,5.3,7.4,7.4,8.0,,,268,111,1874,6.99,41,,E,E,E,M,RWD,,,,,,,E,Europe,U.K.,,Yes,1,C,4,,,3.000,8.500,,139.5,97.4,226.0,1.46,1.82,5.500,12795,,,29-Sep-17,FM7,FM7,,,,FM7,,,,,,,,,,1,XBO,0
FALSE,2017 Formula E #28 MS Amlin Andretti ATEC-02,#28 Formula E,,2017,Formula E,#28 MS Amlin Andretti ATEC-02,,,,,,,,,Race,Formula E,749,S,5.2,7.4,7.4,6.8,,,268,111,1874,6.99,41,,E,E,E,M,RWD,,,,,,,E,Europe,U.K.,,Yes,1,C,4,,,3.000,8.500,,139.5,97.4,226.0,1.46,1.82,5.500,12796,,,29-Sep-17,FM7,FM7,,,,FM7,,,,,,,,,,1,XBO,0
FALSE,2017 Formula E #33 Techeetah Z.K. 16,#33 Formula E,,2017,Formula E,#33 Techeetah Z.K. 16,,,,,,,,,Livery,Formula E,759,S,5.2,7.4,7.4,6.8,,,268,111,1874,6.99,41,,E,E,E,M,RWD,,,,,,,E,Europe,U.K.,,Yes,1,C,4,,,3.000,8.500,,139.5,97.4,226.0,1.46,1.82,5.500,12797,,,29-Sep-17,FM7,FM7,,,,FM7,,,,,,,,,,1,XBO,0
FALSE,2017 Formula E #47 Panasonic Jaguar Racing I-Type 1,#47 Formula E,,2017,Formula E,#47 Panasonic Jaguar Racing I-Type 1,,,,,,,,,Livery,Formula E,749,S,5.2,7.4,7.4,7.9,,,268,111,1874,6.99,41,,E,E,E,M,RWD,,,,,,,E,Europe,U.K.,,Yes,1,C,4,,,3.000,8.500,,139.5,97.4,226.0,1.46,1.82,5.500,12798,,,29-Sep-17,FM7,FM7,,,,FM7,,,,,,,,,,1,XBO,0
FALSE,2015 Formula E #10 Trulli Spark SRT_01E,#10 Formula E,,2015,Formula E,#10 Trulli Spark SRT_01E,,,,,,,,,Livery,Formula E,,,5.2,7.4,7.4,8.1,,,268,111,1874,6.99,41,,E,E,E,M,RWD,,,,,,,E,Europe,U.K.,,Yes,1,C,4,,,3.182,8.711,,139.8,86.0,211.1,1.46,1.82,5.529,12343,,,15-Sep-15,FM6,FM6,,,,,,FM6,,,,,,,,1,XBO,0
FALSE,2015 Formula E #11 ABT FE 01,#11 Formula E,,2015,Formula E,#11 ABT FE 01,,,,,,,,,Livery,Formula E,,,5.2,7.4,7.4,8.1,,,268,111,1874,6.99,41,,E,E,E,M,RWD,,,,,,,E,Europe,U.K.,,Yes,1,C,4,,,3.182,8.711,,139.8,86.0,211.1,1.46,1.82,5.529,12344,,,15-Sep-15,FM6,FM6,,,,,,FM6,,,,,,,,1,XBO,0
FALSE,2015 Formula E #2 Virgin Racing VIR 01E,#2 Formula #,,2015,Formula E,#2 Virgin Racing VIR 01E,,,,,,,,,Livery,Formula E,748,S,5.2,7.4,7.4,8.1,,,268,111,1874,6.99,41,,E,E,E,M,RWD,,,,,,,E,Europe,U.K.,,Yes,1,C,4,,,3.000,8.500,,139.9,96.3,227.5,1.46,1.82,5.500,12345,,,15-Sep-15,FM7,FM6,,,,FM7,,FM6,,,,,,,,2,XBO,0
FALSE,2015 Formula E #21 Mahindra  M2Electro,#21 Formula #,,2015,Formula E,#21 Mahindra  M2Electro,,,,,,,,,Livery,Formula E,748,S,5.2,7.4,7.4,8.1,,,268,111,1874,6.99,41,,E,E,E,M,RWD,,,,,,,E,Europe,U.K.,,Yes,1,C,4,,,3.000,8.500,,139.9,96.3,227.5,1.46,1.82,5.500,12346,,,15-Sep-15,FM7,FM6,,,,FM7,,FM6,,,,,,,,2,XBO,0
FALSE,2015 Formula E #23 Venturi 1,#23 Formula E,,2015,Formula E,#23 Venturi 1,,,,,,,,,Livery,Formula E,748,S,5.2,7.4,7.4,8.1,,,268,111,1874,6.99,41,,E,E,E,M,RWD,,,,,,,E,Europe,U.K.,,Yes,1,C,4,,,3.000,8.500,,139.9,96.3,227.5,1.46,1.82,5.500,12347,,,15-Sep-15,FM7,FM6,,,,FM7,,FM6,,,,,,,,2,XBO,0
FALSE,2015 Formula E #27 Andretti Formula E Spark SRT_01E,#27 Formula E,,2015,Formula E,#27 Andretti Formula E Spark SRT_01E,,,,,,,,,Livery,Formula E,,,5.2,7.4,7.4,8.1,,,268,111,1874,6.99,41,,E,E,E,M,RWD,,,,,,,E,Europe,U.K.,,Yes,1,C,4,,,3.182,8.711,,139.8,86.0,211.1,1.46,1.82,5.529,12348,,,15-Sep-15,FM6,FM6,,,,,,FM6,,,,,,,,1,XBO,0
FALSE,2015 Formula E #55 Amlin Aguri Spark SRT_01E,#55 Formula E,,2015,Formula E,#55 Amlin Aguri Spark SRT_01E,,,,,,,,,Race,Formula E,,,5.2,7.4,7.4,8.1,,,268,111,1874,6.99,41,,E,E,E,M,RWD,,,,,,,E,Europe,U.K.,,Yes,1,C,4,,,3.182,8.711,,139.8,86.0,211.1,1.46,1.82,5.529,12349,,,15-Sep-15,FM6,FM6,,,,,,FM6,,,,,,,,1,XBO,0
FALSE,2015 Formula E #6 Dragon Racing Spark SRT_01E,#6 Formula E,,2015,Formula E,#6 Dragon Racing Spark SRT_01E,,,,,,,,,Livery,Formula E,748,S,5.2,7.4,7.4,8.1,,,268,111,1874,6.99,41,,E,E,E,M,RWD,,,,,,,E,Europe,U.K.,,Yes,1,C,4,,,3.000,8.500,,139.9,96.3,227.5,1.46,1.82,5.500,12350,,,15-Sep-15,FM7,FM6,,,,FM7,,FM6,,,,,,,,2,XBO,0
FALSE,2015 Formula E #9 e.dams-Renault Spark SRT_01E,#9 Formula E,,2015,Formula E,#9 e.dams-Renault Spark SRT_01E,,,,,,,,,Livery,Formula E,,,5.2,7.4,7.4,8.1,,,268,111,1874,6.99,41,,E,E,E,M,RWD,,,,,,,E,Europe,U.K.,,Yes,1,C,4,,,3.182,8.711,,139.8,86.0,211.1,1.46,1.82,5.529,12351,,,15-Sep-15,FM6,FM6,,,,,,FM6,,,,,,,,1,XBO,0
FALSE,2015 Formula E #99 NEXTEV TCR FE01,#99 Formula E,,2015,Formula E,#99 NEXTEV TCR FE01,,,,,,,,,Livery,Formula E,748,S,5.2,7.4,7.4,8.1,,,268,111,1874,6.99,41,,E,E,E,M,RWD,,,,,,,E,Europe,U.K.,,Yes,1,C,4,,,3.000,8.500,,139.9,96.3,227.5,1.46,1.82,5.500,12352,,,15-Sep-15,FM7,FM6,,,,FM7,,FM6,,,,,,,,2,XBO,0
FALSE,2021 Forsberg Racing Nissan 'Altimaniac',Altimaniac,3530,2021,Forsberg Racing,Nissan 'Altimaniac',DLC Autoshow,FH5 Horizon Racing,Gift w/DLC,,Epic,,,"300,000",Race,Drift Cars,881,S1,7.4,6.6,5.9,5.2,5.5,4.3,1300,1032,3170,2.44,49,4082,TT,V,6,F,RWD,,295,Rear,,none,none,no,N. America,U.S.,,,4,L,4,,,3.786,6.373,,198.7,106.4,257.8,1.08,1.21,2.587,13363,,20-Jun-23,20-Jun-23,FH5,FH5,,DLC,,,,,,,,,,,,1,XBO,0
FALSE,2014 Forsberg Racing Nissan 'SafariZ' 370Z Safari Rally Tribute,SafariZ' 370Z,3531,2014,Forsberg Racing,Nissan 'SafariZ' 370Z Safari Rally Tribute,DLC Autoshow,FH5 Car Pass,Gift w/DLC,,Epic,,,"40,000",Race,Rally Monsters,720,A,6.1,3.9,5.4,5.0,5.1,7.9,345,276,3140,9.10,54,3696,NA,V,6,F,RWD,,205,Both,Adjustable,"415, 327, 300, 542(3.8L), 805, 550, 552, 850","TT, PDS, CS",stock,N. America,U.S.,,,2,L,4,,,5.083,11.700,,165.4,127.3,302.5,1.10,1.16,6.617,13291,,05-May-22,05-May-22,FH5,FH5,,DLC,,,,,,,,,,,,1,XBO,0
FALSE,2010 Forsberg Racing Toyota Gumout 2JZ Camry Stock Car,FR Stock Car,3528,2010,Forsberg Racing,Toyota Gumout 2JZ Camry Stock Car,DLC Autoshow,FH5 Formula Drift,Gift w/DLC,,Epic,,,"400,000",Race,Track Toys,900,S1,8.3,5.1,8.8,4.2,1.7,3.7,850,740,3311,3.90,53,3421,T,Inline,6,F,RWD,,315,Both,Adjustable,none,none,no,N. America,U.S.,,,2,L,4,,,3.481,5.964,,228.3,109.1,258.4,1.65,1.88,2.483,13232,,05-Nov-21,05-Nov-21,FH5,FH5,,DLC,,,,,,,,,,,,1,XBO,0
FALSE,"1975 Forsberg Racing Nissan ""Gold Leader"" Datsun 280Z",Datsun 280Z,3529,1975,Forsberg Racing,"Nissan ""Gold Leader"" Datsun 280Z",Buy Cars Base,FM Update 18,,,Rare,,,"100,000",Race,Formula Drift,791,A,6.7,4.8,6.3,6.1,4.1,4.1,424,354,2455,5.79,51,2501,T,Inline,6,F,RWD,,245,Both,Adjustable,,none,,N. America,U.S.,,,2,L,4,,,4.182,8.463,,185.9,108.3,263.9,1.16,1.15,4.281,13231,,05-Nov-21,05-Nov-21,FM,FH5,S,DLC,,,,,,,,,,,,2,XBO,1
FALSE,2018 Funco Motorsports F9,Funco F9,2935,2018,Funco Motorsports,F9,"Accolade, WS",,Accolade,,Epic,,,"500,000",Factory,Unlimited Buggies,821,S1,5.2,5.1,2.9,7.6,8.5,8.8,1750,1475,2800,1.60,33,7440,TT,V,8,R,RWD,,365,no,Forza,none,none,no,N. America,U.S.,,,2,L,4,,,3.530,5.680,,139.2,125.9,320.1,0.93,0.93,2.150,13047,,05-Nov-21,13-Dec-18,FH5,FH4,,FH5,DLC,,,,,,,,,,,2,XBO,0
FALSE,2019 Ginetta #6 Team LNT Ginetta G60-LT-P1,Ginetta #6 G60,3460,2019,Ginetta,#6 Team LNT Ginetta G60-LT-P1,Buy Cars Base,FM Update 1,,,,,1-Nov-2023,"380,000",Race,Forza P1,981,P,7.1,10.0,10.0,8.1,,,720,626,1954,2.71,46,2400,TT,V,6,M,RWD,310/R18,310/R18,,Adjustable,none,none,,Europe,U.K.,,,2,L,4,,,3.400,5.400,9.733,213.0,73.7,177.4,1.65,2.30,2.000,13430,25-Oct-23,,25-Oct-23,FM,FM,S,,,,,,,,,,,,,1,XBO,1
FALSE,2019 Ginetta G10 RM,Ginetta G10 RM,3428,2019,Ginetta,G10 RM,DLC,,,,,,,,Factory,Track Toys,,,,,,,,,,,,,,,,,,,,,,,,,,,Europe,U.K.,,,,,4,,,,,,,,,,,,,,,,FH5,FH5,,DLC,,,,,,,,,,,,1,XBO,0
FALSE,2019 Ginetta G40 Junior,Ginetta G40 Jr,3429,2019,Ginetta,G40 Junior,Buy Cars Base,FM Update 8,,,,,22-May-2024,"164,000",Race,G40 Junior Spec,300,E,1.0,2.8,2.8,1.6,,,100,103,1904,19.04,52,1800,NA,Inline,4,F,RWD,195/R15,195/R15,,Forza,"194, 212, 232, 245, 350, 394I, 475","T, PDS",,Europe,U.K.,,,2,R,4,,,9.000,24.818,16.283,117.9,108.2,279.8,1.14,1.10,15.818,,15-May-24,,12-Jun-24,FM,FM,S,,,,,,,,,,,,,1,XBO,1
FALSE,2019 Ginetta G55 GT4,Ginetta G55 GT4,3427,2019,Ginetta,G55 GT4,Buy Cars DLC,FM Car Pass,Gift w/DLC,,,,,"275,000",Race,Forza GT4,723,S,3.4,5.3,5.4,4.7,,,380,320,2569,6.76,50,3700,NA,V,6,F,RWD,235/R18,270/R18,,Adjustable,none,none,,Europe,U.K.,,,2,L,4,,,4.200,8.900,12.167,164.1,92.1,233.6,1.36,1.48,4.700,,10-Apr-24,,10-Apr-24,FM,FM,DLC,,,,,,,,,,,,,1,XBO,1
FALSE,2022 GMC Barbie Movie' HUMMER EV PICKUP,Barbie HUMMER EV,3809,2022,GMC,Barbie Movie' HUMMER EV PICKUP,Autoshow,Series 22 cu,Gift 202307,,Epic,,,"250,000",Livery,Pickups & 4x4s,718,A,3.7,3.5,2.9,5.2,5.6,8.2,1026,932,9063,8.83,50,0,E,E,E,F,AWD,,305,Both,"Bars, Rack",1893,none,E,N. America,U.S.,,Yes,4,L,4,,,3.000,8.100,,106.6,147.0,360.6,0.84,0.84,5.100,13373,,26-Jun-23,26-Jun-23,FH5,FH5,,cu,,,,,,,,,,,,1,XBO,0
FALSE,2022 GMC HUMMER EV Pickup,HUMMER EV Truck,3722,2022,GMC,HUMMER EV Pickup,Seasonal,Series 21 cu,,,Epic,,,"250,000",Factory,Pickups & 4x4s,718,A,3.7,3.5,2.9,5.2,5.6,8.2,1026,932,9063,8.83,50,0,E,E,E,F,AWD,,305,no,"Bars, Rack",1893,none,E,N. America,U.S.,,,4,L,4,,,3.000,8.100,,106.6,148.0,361.5,0.84,0.84,5.100,13362,,15-Jun-23,15-Jun-23,FH5,FH5,,cu,,,,,,,,,,,,1,XBO,0
FALSE,1992 GMC Typhoon,GMC Typhoon,1394,1992,GMC,Typhoon,Seasonal,Series 22 cu,,,Epic,,,"250,000",Factory,Vans & Utility,538,C,5.2,2.6,4.4,5.1,2.5,5.7,280,360,3800,13.57,57,4300,T,V,6,F,AWD,,245,Both,Forza,"415, 475, 640, 805, 850, 1750",TT,eng,N. America,U.S.,,,3,L,4,,,5.317,16.200,,144.9,157.1,400.3,0.82,0.81,10.883,11832,,06-Jul-23,01-Nov-11,FH5,FM4,,cu,cu,,,,,,,DLC,,,,3,XBO,0
FALSE,1991 GMC Syclone,GMC Syclone,1294,1991,GMC,Syclone,Seasonal,Series 22 cu,,,Epic,,,"250,000",Factory,Vans & Utility,548,C,5.3,2.6,4.3,5.4,2.6,5.7,280,360,3613,12.90,63,4300,T,V,6,F,AWD,,245,Both,Forza,"415, 475, 640, 805, 850, 1750",TT,eng,N. America,U.S.,,,2,L,4,,,4.584,13.700,,147.9,156.1,399.3,0.82,0.83,9.116,11780,,29-Jun-23,14-Oct-11,FH5,FM4,,cu,cu,,FH3,FM6,,FM5,,FM4,,,,6,XBO,0
FALSE,1983 GMC Vandura G-1500,GMC Vandura,1531,1983,GMC,Vandura G-1500,"Autoshow, WS",,,,Common,,,"25,000",Factory,Vans & Utility,226,D,3.6,2.1,4.0,2.3,2.2,6.5,165,275,5049,30.60,55,5733,NA,V,8,F,RWD,,225,no,Aftermarket,"415, 475d, 640, 700V, 800, 1750","TT, PDS, CS",stock,N. America,U.S.,,,V,L,4,,"Heavy, DVG, ?RPC, IMC",12.600,71.467,18.117,101.1,181.1,440.4,0.71,0.70,58.867,11940,,05-Nov-21,04-Sep-12,FH5,FM4,,FH5,FH4,FM7,FH3,FM6,,DLC,DLC,DLC,,,,8,XBO,0
FALSE,1970 GMC Jimmy,GMC K5 Jimmy,2613,1970,GMC,Jimmy,Barn Find,,,,Legendary,,,"75,000",Factory,Pickups & 4x4s,521,C,4.4,3.1,3.4,4.5,3.6,9.1,300,335,4007,13.36,55,5665,NA,V,8,F,RWD,,225,no,Aftermarket,"415, 475d, 800, 850, 1750","TT, PDS, CS",stock,N. America,U.S.,,,V,L,4,,,6.382,18.982,18.117,122.0,149.9,371.9,0.87,0.86,12.600,13233,,05-Nov-21,05-Nov-21,FH5,FH5,,FH5,,,,,,,,,,,,1,XBO,0
FALSE,2022 Gordon Murray Automotive T.50,GMA T.50,3599,2022,Gordon Murray Automotive,T.50,Buy Cars Base,FM Update 2,,,,,13-Dec-2023,"403,000",Factory,Modern Exotic GT,859,R,8.2,6.2,6.1,6.3,,,655,344,2242,3.42,42,4000,NA,V,12,M,RWD,235/34R19,295/30R20,,Forza,none,TT,,Europe,U.K.,,,2,C,4,,,3.300,6.000,9.733,229.4,93.4,235.3,1.35,1.68,2.700,13450,07-Dec-23,12-Dec-23,07-Dec-23,FM,FH5,S,cu,,,,,,,,,,,,2,XBO,1
FALSE,2012 Gumpert Apollo Enraged,,,2012,Gumpert,Apollo Enraged,,,,,,,,,Factory,Super,890,R2,,,,,,,769,678,2921,3.80,,,,V,8,M,RWD,,,,,,,,Europe,Germany,,,2,L,4,,,,,,,,,,,,11970,,,23-Oct-12,FH1,FH1,,,,,,,,,DLC,,,,,1,360,0
FALSE,2010 Gumpert Apollo S,,,2010,Gumpert,Apollo S,,,,,,,,,Factory,Super,749,R3,,,,,,,691,645,2976,4.31,,,,V,8,M,RWD,,,,,,,,Europe,Germany,,,2,L,4,,,3.800,,,189.6,,,,,,11630,,,10-May-10,FH1,FM3,,,,,,,,,FH1,FM4,DLC,,,3,360,0
FALSE,1985 HDT VK Commodore Group A,Holden VK '85,2584,1985,HDT,VK Commodore Group A,Buy Cars Base,FM Update 15,Challenge Hub,,Rare,,,"63,000",Factory,Sport Touring Classics,550,C,5.1,2.7,4.2,3.7,2.6,5.0,263,308,2954,11.23,56,4987,NA,V,8,F,RWD,,225,Both,Forza,"276, 415, 640, 788, 825","TT, PDS",stock,Europe,Australia,,,4,R,4,,,7.000,16.500,15.000,144.8,119.8,310.0,1.03,0.98,9.500,12660,11-Dec-24,25-Aug-22,07-Feb-17,FM,FH3,S,cu,FH4,FM7,DLC,,,,,,,,,5,XBO,1
FALSE,2021 Hennessey Venom F5,Venom F5,3600,2021,Hennessey,Venom F5,DLC Autoshow,FH5 Hot Wheels,HW Mission,,Legendary,,,"3,000,000",Factory,Hypercars,964,S2,10.0,8.7,9.6,6.8,7.3,4.2,1817,1193,3053,1.68,45,6555,TT,V,8,M,RWD,,345,Both,Forza,none,none,no,N. America,U.S.,,,2,L,4,,,2.488,3.988,,303.8,85.7,195.9,1.31,1.55,1.500,13316,,19-Jul-22,19-Jul-22,FH5,FH5,,DLC,,,,,,,,,,,,1,XBO,0
FALSE,2019 Hennessey Camaro Exorcist,Exorcist '19,3284,2019,Hennessey,Camaro Exorcist,Reward,FM Update 14,,,Legendary,,,"238,000",Tuner,Modern Exotic GT,725,S,7.4,3.9,3.7,4.9,6.0,4.6,1000,883,3867,3.87,55,6161,PDS,V,8,F,RWD,305/R19,325/R19,Rear,Forza,"565, 640, 788, 825",none,no,N. America,U.S.,,,2,L,4,,,2.100,5.400,9.570,220.1,98.0,249.1,1.21,1.25,3.300,13375,04-Dec-24,20-Jul-23,20-Jul-23,FM,FH5,R,cu,,,,,,,,,,,,2,XBO,1
FALSE,2019 Hennessey VelociRaptor 6x6,VelociRaptor '19,3189,2019,Hennessey,VelociRaptor 6x6,"Autoshow, WS",,,,Legendary,,,"350,000",Tuner,Pickups & 4x4s,634,B,5.2,4.5,4.0,5.5,2.8,10.0,600,622,6697,11.16,97,3496,TT,V,6,F,AWD,,305,no,Bed,"850, 914, 1750",none,eng,N. America,U.S.,,,4,L,6,,Heavy,4.784,12.983,,144.1,166.8,376.6,0.87,0.86,8.199,13157,,05-Nov-21,14-Oct-20,FH5,FH4,,FH5,cu,,,,,,,,,,,2,XBO,0
FALSE,2012 Hennessey Venom GT,Hennessey Venom,1532,2012,Hennessey,Venom GT,"Autoshow, WS",,,,Legendary,,,"1,200,000",Factory,Hypercars,911,S2,9.8,7.8,7.4,6.8,7.4,4.1,1200,1155,2685,2.24,42,6162,TT,V,8,M,RWD,,345,no,Forza,none,none,no,N. America,U.S.,,,2,L,4,,"OR, ?WFRC",2.500,5.300,9.583,267.3,85.5,209.6,1.19,1.33,2.800,11891,,05-Nov-21,01-May-12,FH5,FM4,,FH5,FH4,FM7,FH3,FM6,FH2,FM5,FH1,DLC,,,,9,XBO,0
FALSE,1966 Hillman Imp,Hillman Imp,,1966,Hillman,Imp,DLC store,,,,Common,,,"25,000",Factory,Cult Cars,100,D,4.3,3.8,4.0,3.7,5.6,,55,56,1647,29.95,42,875,NA,Inline,4,R,RWD,,155,Yes,WB / Rally / Police lights,"196, 300","T, PDS",stock,Europe,U.K.,,,2,R,4,,RPC,17.700,999.999,,88.8,211.7,na,0.68,0.68,982.299,13070,,,15-Jan-19,FH4,FH4,,,DLC,,,,,,,,,,,1,XBO,0
FALSE,2017 Holden #22 Walkinshaw Performance VF Commodore,Holden #22 VF,2796,2017,Holden,#22 Walkinshaw Performance VF Commodore,Buy Cars Base,,,,,,,"296,000",Race,Forza AUS,785,S,5.0,5.5,5.5,5.9,,,620,479,3109,5.01,53,5000,NA,V,8,F,RWD,280/R18,280/R18,,Adjustable,none,none,stock,Asia,Australia,Holden Commodore,,4,R,4,,,3.316,6.500,11.100,185.9,90.6,224.2,1.36,1.50,3.184,12799,05-Oct-23,,29-Sep-17,FM,FM7,FM,,,FM7,,,,,,,,,,2,XBO,1
FALSE,2016 Holden #22 HRT Sharkbite VF Commodore,#22 Holden '16,,2016,Holden,#22 HRT Sharkbite VF Commodore,,,,,,,,,Race,Supercars Championship,785,S,6.8,6.4,6.5,8.7,,,620,479,3109,5.01,53,5000,NA,V,8,F,RWD,,,,,,,stock,Europe,Australia,,,4,R,4,x,,3.300,6.485,,183.2,125.9,294.2,1.35,1.48,3.185,12584,,,23-Sep-16,FM7,FH3,,,,FM7,DLC,,,,,,,,,2,XBO,0
FALSE,2015 Holden #1 Red Bull Racing Australia VF Commodore,#1 VF Commodore,,2015,Holden,#1 Red Bull Racing Australia VF Commodore,,,,,,,,,Race,V8 Supercars,,,6.4,6.4,6.5,8.7,,,620,479,3109,5.01,53,,NA,V,8,F,RWD,,,,,,,stock,Europe,Australia,,,4,R,4,,,3.300,6.500,,175.0,108.3,263.4,1.35,1.48,3.200,12353,,,15-Sep-15,FM6,FM6,,,,,,FM6,,,,,,,,1,XBO,0
FALSE,2015 Holden #14 Freightliner Racing VF Commodore,#14 Holden VF,,2015,Holden,#14 Freightliner Racing VF Commodore,,,,,,,,,Livery,Supercars Championship,785,S,6.8,6.4,6.5,8.7,,,620,479,3109,5.01,53,,NA,V,8,F,RWD,,,,,,,stock,Europe,Australia,,,4,R,4,,,3.300,6.500,,183.2,122.3,292.2,1.35,1.48,3.200,12354,,,15-Sep-15,FM7,FM6,,,,FM7,,FM6,,,,,,,,2,XBO,0
FALSE,2015 Holden #22 Holden Racing Team VF Commodore,#22 Holden '15,,2015,Holden,#22 Holden Racing Team VF Commodore,,,,,,,,,Livery,Supercars Championship,785,S,6.8,6.4,6.5,8.7,,,620,479,3109,5.01,53,,NA,V,8,F,RWD,,,,,,,stock,Europe,Australia,,,4,R,4,,,3.300,6.485,,183.2,125.9,294.2,1.35,1.48,3.185,12355,,,15-Sep-15,FM7,FM6,,,,FM7,,FM6,,,,,,,,2,XBO,0
FALSE,2015 Holden #97 Tekno Autosports VF Commodore,#97 Holden VF,,2015,Holden,#97 Tekno Autosports VF Commodore,,,,,,,,,Livery,Supercars Championship,785,S,6.8,6.4,6.5,8.7,,,620,479,3109,5.01,53,,NA,V,8,F,RWD,,,,,,,stock,Europe,Australia,,,4,R,4,,,3.300,6.485,,183.2,125.9,294.2,1.35,1.48,3.185,12356,,,15-Sep-15,FM7,FM6,,,,FM7,,FM6,,,,,,,,2,XBO,0
FALSE,2013 Holden #10 Holden Xbox Racing Team Commodore VF,#10 VF Commodore,2118,2013,Holden,#10 Holden Xbox Racing Team Commodore VF,Reward,FM Update 15,,,,,,"600,000",Race,Forza AUS,781,S,4.8,5.5,5.5,5.8,8.0,,620,479,3109,5.01,55,5000,NA,V,8,F,RWD,280/R18,280/R18,,Adjustable,none,none,stock,Europe,Australia,,,4,R,4,,,3.316,6.500,11.133,183.4,91.4,226.3,1.36,1.50,3.184,12094,01-Jan-24,,01-Apr-14,FM,FM5,R,,,,,,,DLC,,,,,,2,XBO,1
FALSE,2011 Holden #1 Toll Holden Racing Team Commodore VE,,,2011,Holden,#1 Toll Holden Racing Team Commodore VE,,,,,,,,,Race,V8 Supercars,765,S,6.8,6.8,6.0,8.9,7.8,,620,442,2987,4.82,53,5000,NA,V,8,F,RWD,,,,,,,stock,Europe,Australia,,,4,R,4,,,3.285,6.784,,179.7,98.0,239.1,1.32,1.48,3.499,11781,,,14-Oct-11,FM5,FM4,,,,,,,,FM5,,FM4,,,,2,XBO,0
FALSE,2011 Holden #11 Pepsi Max Crew Commodore VE,,,2011,Holden,#11 Pepsi Max Crew Commodore VE,,,,,,,,,Livery,V8 Supercars,709,R3,,,,,,,620,442,2987,4.82,,,,,8,F,RWD,,,,,,,,Europe,Australia,,,4,R,4,,,3.800,,,186.6,,,,,,11782,,,14-Oct-11,FM4,FM4,,,,,,,,,,FM4,,,,1,360,0
FALSE,2011 Holden #33 Fujitsu Facing GRM Commodore VE,,,2011,Holden,#33 Fujitsu Facing GRM Commodore VE,,,,,,,,,Livery,V8 Supercars,709,R3,,,,,,,620,442,2987,4.82,,,,,8,F,RWD,,,,,,,,Europe,Australia,,,4,R,4,,,3.800,,,186.6,,,,,,11783,,,14-Oct-11,FM4,FM4,,,,,,,,,,FM4,,,,1,360,0
FALSE,2011 Holden #8 Team BOC Commodore VE,,,2011,Holden,#8 Team BOC Commodore VE,,,,,,,,,Livery,V8 Supercars,709,R3,,,,,,,620,442,2987,4.82,,,,,8,F,RWD,,,,,,,,Europe,Australia,,,4,R,4,,,3.800,,,186.6,,,,,,11784,,,14-Oct-11,FM4,FM4,,,,,,,,,,FM4,,,,1,360,0
FALSE,2011 Holden #88 TeamVodafone Commodore VE,,,2011,Holden,#88 TeamVodafone Commodore VE,,,,,,,,,Livery,V8 Supercars,709,R3,,,,,,,620,442,2987,4.82,,,,,8,F,RWD,,,,,,,,Europe,Australia,,,4,R,4,,,3.800,,,186.6,,,,,,11785,,,14-Oct-11,FM4,FM4,,,,,,,,,,FM4,,,,1,360,0
FALSE,2009 Holden #2 Toll Holden Racing Team Commodore VE,,,2009,Holden,#2 Toll Holden Racing Team Commodore VE,,,,,,,,,Livery,V8 Supercars,717,R3,,,,,,,620,442,2987,4.82,,,,,8,F,RWD,,,,,,,,Europe,Australia,,,4,R,4,,,3.800,7.500,,,,,,,,11521,,,27-Oct-09,FM3,FM3,,,,,,,,,,,FM3,,,1,360,0
FALSE,2009 Holden #33 Garry Rogers Team Commodore VE,,,2009,Holden,#33 Garry Rogers Team Commodore VE,,,,,,,,,Livery,V8 Supercars,717,R3,,,,,,,620,,2987,4.82,,,,,,F,RWD,,,,,,,,Europe,Australia,,,4,R,4,,,,,,,,,,,,11522,,,27-Oct-09,FM3,FM3,,,,,,,,,,,FM3,,,1,360,0
FALSE,2009 Holden #39 Supercheap Auto Racing Commodore VE,,,2009,Holden,#39 Supercheap Auto Racing Commodore VE,,,,,,,,,Livery,V8 Supercars,717,R3,,,,,,,620,,2987,4.82,,,,,,F,RWD,,,,,,,,Europe,Australia,,,4,R,4,,,,,,,,,,,,11523,,,27-Oct-09,FM3,FM3,,,,,,,,,,,FM3,,,1,360,0
FALSE,2009 Holden #51 Sprint Gas Racing Commodore VE,,,2009,Holden,#51 Sprint Gas Racing Commodore VE,,,,,,,,,Livery,V8 Supercars,717,R3,,,,,,,620,,2987,4.82,,,,,,F,RWD,,,,,,,,Europe,Australia,,,4,R,4,,,,,,,,,,,,11524,,,27-Oct-09,FM3,FM3,,,,,,,,,,,FM3,,,1,360,0
FALSE,2009 Holden HSV w427,Holden W427,,2009,Holden,HSV w427,,,,,,,,,Factory,Sport Touring Icons,542,B,7.1,4.6,4.6,8.0,,,504,472,4122,8.18,53,,NA,V,8,F,RWD,,,,,,,stock,Europe,Australia,,,4,R,4,,,4.619,10.720,,183.4,139.0,351.4,1.08,1.05,6.101,11621,,,09-Apr-10,FM7,FM3,,,,FM7,,,,,,FM4,DLC,,,3,XBO,0
FALSE,1991 Holden HSV Commodore Group A SV,Holden VN '91,2587,1991,Holden,HSV Commodore Group A SV,Buy Cars Base,FM Update 15,,,,,12/25/2024,"66,000",Factory,Sport Touring Classics,388,D,4.1,1.9,2.0,2.4,,,288,303,3439,11.94,56,5000,NA,V,8,F,RWD,235/R17,235/R17,,Forza,"333, 350, 415, 525, 640, 788, 825","TT, PDS",,Europe,Australia,,,4,R,4,,,6.200,15.319,13.950,158.6,114.4,303.8,1.05,1.02,9.119,,18-Dec-24,,18-Dec-24,FM,FM,S,,,,,,,,,,,,,1,XBO,1
FALSE,1988 Holden VL Commodore Group A SV,Holden VL '88,2203,1988,Holden,VL Commodore Group A SV,Buy Cars Base,,,,Rare,,,"60,000",Factory,Sport Touring Classics,359,D,3.1,1.7,1.8,2.4,,,241,280,3120,12.95,56,4987,NA,V,8,F,RWD,,205,Both,Forza,"276, 415, 640, 788, 825","TT, PDS",stock,Asia,Australia,Holden Commodore,,4,R,4,,,6.500,15.500,,156.9,183.0,442.4,0.80,0.81,9.000,12417,05-Oct-23,,01-Dec-15,FM,FM6,FM,,cu,FM7,FH3,DLC,,,,,,,,5,XBO,1
FALSE,1977 Holden Torana A9X,Holden Torana 77,1533,1977,Holden,Torana A9X,Buy Cars Base,,,,Rare,,,"51,000",Factory,Vintage Sport Compact,298,E,1.4,1.0,1.1,2.6,,,216,295,2608,12.07,59,5047,NA,V,8,F,RWD,,195,Rear,Hood,"276, 415, 640, 788, 825","TT, PDS, CS",stock,Asia,Australia,,,2,R,4,,,6.984,16.483,14.733,135.4,162.9,402.4,0.80,0.79,9.499,12408,05-Oct-23,05-Nov-21,03-Nov-15,FM,FM6,FM,FH5,FH4,FM7,FH3,DLC,,,,,,,,6,XBO,1
FALSE,1977 Holden Torana A9X Forza Edition,,,1977,Holden,Torana A9X Forza Edition,,,,,,,,,Upgraded,Historic Road Racing,471,C,5.3,4.9,4.8,7.5,,,278,350,2608,9.38,58,,PDS,V,8,F,RWD,,,,,,,eng,Europe,Australia,,,2,R,4,,,7.024,16.523,,143.6,137.9,350.2,1.13,1.05,9.499,12800,,,29-Sep-17,FM7,FM7,,,,FE,,,,,,,,,,1,XBO,0
FALSE,1977 Holden Torana Horizon Edition,,,1977,Holden,Torana Horizon Edition,,,,,,,,,Upgraded,Classic Muscle,577,C,5.0,5.8,5.9,7.0,6.9,,216,295,2520,11.67,59,5047,NA,V,8,F,RWD,,,,,,,stock,Europe,Australia,,,2,R,4,,,,,,,,,,,.000,12587,,,23-Sep-16,FH3,FH3,,,,,HE,,,,,,,,,1,XBO,0
FALSE,1974 Holden Sandman HQ panel van,Holden Sandman,2510,1974,Holden,Sandman HQ panel van,"Autoshow, WS",,,,Common,,,"55,000",Factory,Vans & Utility,501,C,4.8,2.6,4.0,3.8,3.1,5.8,240,315,3280,13.67,52,5047,NA,V,8,F,RWD,,205,Rear,Preset Hood Roof Bed,"415, 475d, 640, 805, 700V, 1750","TT, PDS",stock,Europe,Australia,,,3,R,4,,OR,6.000,16.983,16.900,129.7,169.1,416.2,0.79,0.78,10.983,12586,,05-Nov-21,23-Sep-16,FH5,FH3,,FH5,FH4,FM7,FH3,,,,,,,,,4,XBO,0
FALSE,1973 Holden HQ Monaro GTS 350,Holden Monaro 73,2417,1973,Holden,HQ Monaro GTS 350,Buy Cars Base,,,,Common,,,"63,000",Factory,Vintage Muscle,321,D,1.3,1.1,1.2,2.6,,,275,360,3150,11.45,55,5740,NA,V,8,F,RWD,,205,Rear,Hood,"302, 415, 425, 565, 640, 788, 825","TT, PDS",stock,Asia,Australia,Holden Monaro,,2,R,4,,,6.883,16.000,15.700,133.0,168.4,417.5,0.79,0.79,9.117,12422,05-Oct-23,05-Nov-21,05-Jan-16,FM,FM6,FM,FH5,FH4,FM7,FH3,DLC,,,,,,,,6,XBO,1
FALSE,1968 Holden Monaro GTS 327,Holden Monaro 68,1511,1968,Holden,Monaro GTS 327,Buy Cars Base,,,,,,,"47,000",Factory,Street Drag Racers,282,E,1.3,1.0,1.0,2.4,,,249,325,3280,13.17,57,5400,NA,V,8,F,RWD,,,,Hood,"302, 415, 425, 565, 640, 788, 825","TT, PDS",stock,Asia,Australia,Holden Monaro,,2,R,4,,,7.581,18.581,,136.6,151.0,382.6,0.93,0.85,11.000,12874,05-Oct-23,,15-Feb-18,FM,FM7,FM,,,DLC,,,,,,,,,,2,XBO,1
FALSE,1951 Holden 50-2106 FX Ute,Holden Ute,,1951,Holden,50-2106 FX Ute,,,,,,,,,Factory,Hot Rod Revival,135,E,3.1,3.4,3.3,3.2,3.4,,60,99,2282,38.03,58,2171,NA,Inline,6,F,RWD,,,,,,,stock,Europe,Australia,,,2,R,4,,,19.04,999.999,,83.9,145.4,na,0.92,0.83,980.963,12585,,,23-Sep-16,FM7,FH3,,,,FM7,FH3,,,,,,,,,2,XBO,0
FALSE,1951 Holden FX Sedan,Holden FX '51,,1951,Holden,FX Sedan,,,,,,,,,Factory,Cult Classics,100,D,3.0,3.0,3.5,3.2,3.5,,60,99,2231,37.18,58,2171,NA,Inline,6,F,RWD,,,,,,,stock,Europe,Australia,,,4,R,4,,,19.000,999.999,,84.2,213.8,na,0.68,0.67,980.999,12686,,,06-Jun-17,FH3,FH3,,,,,DLC,,,,,,,,,1,XBO,0
FALSE,2025 Honda IndyCar,Honda Indy '25,4208,2025,Honda,IndyCar,Buy Cars Base,,,,,,,"440,000",Race,indyCar,993,P,8.2,10.0,10.0,7.1,,,795,354,2001,2.52,41,2200,TT,V,6,M,RWD,/R15,/R15,,Adjustable,none,none,,Asia,Japan,,,1,C,4,,,3.200,5.100,9.167,229.0,75.3,176.4,1.70,2.36,1.900,,,,,FM,FM,G,,,,,,,,,,,,,1,XBO,1
FALSE,2020 Honda #73 LA Honda World Racing Civic,Honda #73 Civic,3545,2020,Honda,#73 LA Honda World Racing Civic,Buy Cars Base,,,,,,,"265,000",Race,Forza Touring Cars,693,A,2.9,5.3,5.4,4.3,,,340,310,2877,8.46,60,2000,T,Inline,4,F,FWD,265/R18,265/R18,,Adjustable,none,none,,Asia,Japan,Honda Civic,,5,L,4,,,4.500,9.700,12.467,156.0,97.0,238.3,1.35,1.46,5.200,13406,05-Oct-23,,05-Oct-23,FM,FM,FM,,,,,,,,,,,,,1,XBO,1
FALSE,2019 Honda #15 Rahal Letterman Lanigan Racing Dallara,,,2019,Honda,#15 Rahal Letterman Lanigan Racing Dallara,,,,,,,,,Race,IndyCar,,,,,,,,,,,,,,,,,,,,,,,,,,,N. America,U.S.,,,1,C,4,,,,,,,,,,,,13088,,,01-May-19,FM7,FM7,,,,cu,,,,,,,,,,1,XBO,0
FALSE,2019 Honda #9 Chip Ganassi Racing Dallara,,,2019,Honda,#9 Chip Ganassi Racing Dallara,,,,,,,,,Race,IndyCar,,,,,,,,,,,,,,,,,,,,,,,,,,,N. America,U.S.,,,1,C,4,,,,,,,,,,,,13089,,,01-May-19,FM7,FM7,,,,cu,,,,,,,,,,1,XBO,0
FALSE,2018 Honda Civic Type R,Honda Civic '18,2870,2018,Honda,Civic Type R,Buy Cars Base,,,,Common,,,"89,000",Factory,Modern Hot Hatch,571,B,4.9,2.8,3.1,3.5,,,306,295,3117,10.19,62,1996,T,Inline,4,F,FWD,,245,Both,Forza,"350, 375, 394I, 475, 630",none,eng,Asia,Japan,Honda Civic,,5,L,4,,,4.928,11.517,13.083,185.2,125.3,315.5,0.96,1.02,6.589,12891,05-Oct-23,05-Nov-21,03-May-18,FM,FM7,FM,FH5,cu,cu,,,,,,,,,,4,XBO,1
FALSE,2018 Honda Odyssey,,,2018,Honda,Odyssey,,,,,,,,,Factory,Forza Specials,298,E,5.5,3.9,3.9,6.3,,,280,262,4562,16.29,55,,NA,V,6,F,FWD,,,,,,,stock,Asia,Japan,,,5,L,4,,,6.700,17.900,,147.5,159.2,365.3,0.98,0.93,11.200,12886,,,19-Apr-18,FM7,FM7,,,,DLC,,,,,,,,,,1,XBO,0
FALSE,2017 Honda #5 Schmidt Peterson Motorsport IndyCar,#5 Honda IndyCar,,2017,Honda,#5 Schmidt Peterson Motorsport IndyCar,,,,,,,,,Race,IndyCar,999,X,8.7,8.6,8.9,9.8,,,680,298,1570,2.31,42,,TT,V,6,M,RWD,,,,,,,no,Asia,Japan,,,1,C,4,,,3.500,5.400,,239.3,84.1,189.2,1.74,2.40,1.900,12801,,,29-Sep-17,FM7,FM7,,,,FM7,,,,,,,,,,1,XBO,0
FALSE,2017 Honda #9 Chip Ganassi Racing IndyCar,#9 Honda IndyCar,,2017,Honda,#9 Chip Ganassi Racing IndyCar,,,,,,,,,Livery,IndyCar,999,X,8.7,8.6,8.9,9.8,,,680,298,1570,2.31,42,,TT,V,6,M,RWD,,,,,,,no,Asia,Japan,,,1,C,4,,,3.500,5.400,,239.3,84.1,189.2,1.74,2.40,1.900,12802,,,29-Sep-17,FM7,FM7,,,,FM7,,,,,,,,,,1,XBO,0
FALSE,2016 Honda Civic Coupe ,Honda Civic Coupe,3069,2016,Honda,Civic Coupe ,Seasonal,,,,Epic,,,"155,000",Race,Rally Monsters,861,S1,5.0,5.8,5.6,9.2,8.4,7.3,600,531,2746,4.58,55,1996,TT,Inline,4,F,AWD,,235,Both,Rally lights,300,none,no,Asia,Japan,,,2,L,4,,,1.913,5.015,,139.7,95.0,234.8,1.17,1.29,3.102,13025,,05-Nov-21,18-Oct-18,FH5,FH4,,FH5,DLC,,,,,,,,,,,2,XBO,0
FALSE,2016 Honda Civic Type R,Honda Civic '16,2163,2016,Honda,Civic Type R,Autoshow,,,,Common,,,"38,000",Factory,Super Hot Hatch,699,B,6.5,4.3,6.0,4.7,4.8,4.6,306,285,3047,9.96,65,1996,T,Inline,4,F,FWD,,235,no,Forza,none,none,eng,Asia,Japan,Civic,,5,R,4,,DD,5.533,12.836,,178.3,128.5,325.1,0.94,0.98,7.303,12661,,05-Nov-21,07-Feb-17,FH5,FH3,,FH5,FH4,FM7,DLC,,,,,,,,,4,XBO,0
FALSE,2016 Honda Civic Type R Forza Edition,,,2016,Honda,Civic Type R Forza Edition,,,,,,,,,Upgraded,Modern Hot Hatch,500,C,6.0,4.9,5.1,7.2,,,282,272,3073,10.90,65,,T,Inline,4,F,FWD,,,,,,,eng,Asia,Japan,Civic,,5,R,4,,,5.500,12.800,,159.7,151.7,341.1,1.13,1.17,7.300,12803,,,29-Sep-17,FM7,FM7,,,,FE,,,,,,,,,,1,XBO,0
FALSE,2015 Honda #14 AJ Foyt Enterprises IndyCar,,,2015,Honda,#14 AJ Foyt Enterprises IndyCar,,,,,,,,,Livery,IndyCar,,,8.8,8.6,8.9,9.8,,,641,289,1570,2.45,42,,TT,V,6,F,RWD,,,,,,,no,Asia,Japan,,Yes,1,C,4,,,,,,,,,,,.000,12357,,,15-Sep-15,FM6,FM6,,,,,,FM6,,,,,,,,1,XBO,0
FALSE,2015 Honda #15 Rahal Letterman Lanigan Racing IndyCar,,,2015,Honda,#15 Rahal Letterman Lanigan Racing IndyCar,,,,,,,,,Livery,IndyCar,,,8.8,8.6,8.9,9.8,,,641,289,1570,2.45,42,,TT,V,6,F,RWD,,,,,,,no,Asia,Japan,,Yes,1,C,4,,,,,,,,,,,.000,12358,,,15-Sep-15,FM6,FM6,,,,,,FM6,,,,,,,,1,XBO,0
FALSE,2015 Honda #25 Andretti Autosport IndyCar,,,2015,Honda,#25 Andretti Autosport IndyCar,,,,,,,,,Livery,IndyCar,,,8.8,8.6,8.9,9.8,,,641,289,1570,2.45,42,,TT,V,6,F,RWD,,,,,,,no,Asia,Japan,,Yes,1,C,4,,,,,,,,,,,.000,12360,,,15-Sep-15,FM6,FM6,,,,,,FM6,,,,,,,,1,XBO,0
FALSE,2015 Honda #27 Andretti Autosport IndyCar,,,2015,Honda,#27 Andretti Autosport IndyCar,,,,,,,,,Livery,IndyCar,,,8.8,8.6,8.9,9.8,,,641,289,1570,2.45,42,,TT,V,6,F,RWD,,,,,,,no,Asia,Japan,,Yes,1,C,4,,,,,,,,,,,.000,12361,,,15-Sep-15,FM6,FM6,,,,,,FM6,,,,,,,,1,XBO,0
FALSE,2015 Honda #28 Andretti Autosport IndyCar,,,2015,Honda,#28 Andretti Autosport IndyCar,,,,,,,,,Livery,IndyCar,,,8.8,8.6,8.9,9.8,,,641,289,1570,2.45,42,,TT,V,6,F,RWD,,,,,,,no,Asia,Japan,,Yes,1,C,4,,,3.500,5.400,,237.1,76.1,177.8,1.73,2.40,1.900,12362,,,15-Sep-15,FM6,FM6,,,,,,FM6,,,,,,,,1,XBO,0
FALSE,2015 Honda #5 Schmidt Peterson Motorsports IndyCar,,,2015,Honda,#5 Schmidt Peterson Motorsports IndyCar,,,,,,,,,Race,IndyCar,,,8.8,8.6,8.9,9.8,,,641,289,1570,2.45,42,,TT,V,6,F,RWD,,,,,,,no,Asia,Japan,,Yes,1,C,4,,,3.500,5.400,,237.1,76.1,177.8,1.73,2.40,1.900,12363,,,15-Sep-15,FM6,FM6,,,,,,FM6,,,,,,,,1,XBO,0
FALSE,2015 Honda #7 Schmidt Peterson Motorsports IndyCar,,,2015,Honda,#7 Schmidt Peterson Motorsports IndyCar,,,,,,,,,Livery,IndyCar,,,8.8,8.6,8.9,9.8,,,641,289,1570,2.45,42,,TT,V,6,F,RWD,,,,,,,no,Asia,Japan,,Yes,1,C,4,,,,,,,,,,,.000,12365,,,15-Sep-15,FM6,FM6,,,,,,FM6,,,,,,,,1,XBO,0
FALSE,2015 Honda Ridgeline Baja Trophy Truck,Honda Trophy '15,2745,2015,Honda,Ridgeline Baja Trophy Truck,Seasonal,Series 18 cu,,,Epic,,,"500,000",Race,Unlimited Offroad,703,A,5.2,4.8,3.5,5.0,3.6,9.2,550,470,4700,8.55,58,3500,TT,V,6,F,RWD,,315,no,none,"805, 552, 850, 1750",none,no,Asia,Japan,,,2,L,4,,"DvG, HH",4.132,9.982,13.367,142.6,130.6,321.4,0.88,0.87,5.850,12845,,16-Mar-23,07-Nov-17,FH5,FM7,,cu,FH4,DLC,,,,,,,,,,3,XBO,0
FALSE,2014 Honda #2 Castrol Honda Civic WTCC,#2 Honda Civic,,2014,Honda,#2 Castrol Honda Civic WTCC,,,,,,,,,Race,Forza Touring Cars,750,S,6.1,6.5,6.7,8.0,,,380,292,2491,6.56,55,,T,Inline,4,F,FWD,,,,,,,no,Asia,Japan,,,5,L,4,,,4.924,9.224,,164.1,122.4,280.6,1.38,1.55,4.300,12359,,,15-Sep-15,FM7,FM6,,,,FM7,,FM6,,,,,,,,2,XBO,0
FALSE,2014 Honda #5 Zengo Motorsport Civic WTCC,#5 Honda Civic,,2014,Honda,#5 Zengo Motorsport Civic WTCC,,,,,,,,,Livery,Forza Touring Cars,750,S,6.1,6.5,6.7,8.0,,,380,295,2491,6.56,55,,T,Inline,4,F,FWD,,,,,,,no,Asia,Japan,,,5,L,4,,,4.924,9.224,,164.1,122.4,280.6,1.38,1.55,4.300,12364,,,15-Sep-15,FM7,FM6,,,,FM7,,FM6,,,,,,,,2,XBO,0
FALSE,2014 Honda Civic Si,Honda Civic '14,,2014,Honda,Civic Si,,,,,,,,,Factory,Sport Compact,339,D,5.6,4.1,4.4,6.5,,,205,174,2877,14.03,61,,NA,Inline,4,F,FWD,,,,,,,stock,Asia,Japan,Civic,,2,L,4,,,6.700,17.200,,145.8,119.9,308.4,1.05,1.01,10.500,12088,,,04-Feb-14,FM7,FM5,,,,FM7,,FM6,,cu,,,,,,3,XBO,0
FALSE,2013 Honda #15 Rahal Letterman Dallara DW12,,,2013,Honda,#15 Rahal Letterman Dallara DW12,,,,,,,,,Race,Modern Indy,999,X,8.6,8.9,8.1,9.8,8.4,,680,298,1534,2.26,42,2200,TT,V,6,M,RWD,,,,,,,,Asia,Japan,,,1,C,4,,,3.500,6.500,,229.1,74.8,178.6,1.65,2.27,3.000,12069,,,22-Nov-13,FM5,FM5,,,,,,,,FM5,,,,,,1,XBO,0
FALSE,2013 Honda #9 Target Chip Ganassi Dallara DW12,,,2013,Honda,#9 Target Chip Ganassi Dallara DW12,,,,,,,,,Livery,Modern Indy,,,,,,,,,680,298,1534,2.26,,,,V,6,M,RWD,,,,,,,,Asia,Japan,,,1,C,4,,,3.500,,,229.1,,,,,,12070,,,22-Nov-13,FM5,FM5,,,,,,,,FM5,,,,,,1,XBO,0
FALSE,2013 Honda Civic Si Coupe,,,2013,Honda,Civic Si Coupe,,,,,,,,,Factory,Sports,383,C,,,,,,,201,170,2877,14.31,,,,,4,F,FWD,,,,,,,,Asia,Japan,,,2,L,4,,,6.185,,,149.4,,,,,,11852,,,03-Jan-12,FH1,FM4,,,,,,,,,cu,DLC,,,,2,360,0
FALSE,2012 Honda HPD Fit,,,2012,Honda,HPD Fit,,,,,,,,,Factory,Economy,199,E,,,,,,,117,106,2489,21.27,,,,Inline,4,F,FWD,,,,,,,,Asia,Japan,,,5,L,4,,,,,,,,,,,,12001,,,15-Jan-13,FH1,FH1,,,,,,,,,cu,,,,,1,360,0
FALSE,2011 Honda #33 Level 5 Motorsports Lola,,,2011,Honda,#33 Level 5 Motorsports Lola,,,,,,,,,Race,P2,947,R1,,,,,,,450,406,1819,4.04,,,,,6,M,RWD,,,,,,,,Asia,Japan,,,2,R,4,,,3.100,,,199.8,,,,,,11851,,,03-Jan-12,FM4,FM4,,,,,,,,,,DLC,,,,1,360,0
FALSE,2011 Honda CR-Z EX,,,2011,Honda,CR-Z EX,,,,,,,,,Factory,Hatch,189,F,,,,,,,122,128,2654,21.75,,,,,4,F,FWD,,,,,,,,Asia,Japan,,,2,R,4,,,8.800,,,124.0,,,,,,11716,,,13-Oct-11,FM4,FM4,,,,,,,,,,DLC,,,,1,360,0
FALSE,2010 Honda Mugen Civic Type-R 3D,,,2010,Honda,Mugen Civic Type-R 3D,,,,,,,,,Tuner,Hatch,446,B,,,,,,,237,158,2718,11.47,,,,,4,F,FWD,,,,,,,,Asia,Japan,,,3,R,4,,,5.900,,,152.5,,,,,,11615,,,08-Mar-10,FM4,FM3,,,,,,,,,,FM4,DLC,,,2,360,0
FALSE,2009 Honda Fit Sport,,,2009,Honda,Fit Sport,,,,,,,,,Factory,Economy,212,E,,,,,,,117,106,2520,21.54,,,,,4,F,FWD,,,,,,,,Asia,Japan,,,5,L,4,,,8.500,,,120.6,,,,,,11525,,,27-Oct-09,FM4,FM3,,,,,,,,,,FM4,FM3,,,2,360,0
FALSE,2009 Honda S2000 CR,Honda S2000 '09,2005,2009,Honda,S2000 CR,Buy Cars Base,,,,Common,,,"53,000",Factory,Modern Sport Compact,405,C,3.0,2.2,2.5,2.4,,,237,162,2813,11.87,49,2157,NA,Inline,4,F,RWD,,255,Both,Forza,"350, 375, 394I, 415, 565, 630","T, CS",stock,Asia,Japan,,,2,L,4,,"OT, ?MvT, RPC, SS",5.284,13.683,13.150,156.8,145.8,359.9,0.95,0.98,8.399,12071,05-Oct-23,05-Nov-21,22-Nov-13,FM,FM5,FM,FH5,FH4,FM7,FH3,FM6,FH2,FM5,,,,,,8,XBO,1
FALSE,2007 Honda Civic Type-R ,Honda Civic '07,625,2007,Honda,Civic Type-R ,Autoshow,,,,Common,,,"20,000",Factory,Hot Hatch,574,C,5.3,3.7,5.4,4.0,3.2,5.2,198,142,2965,14.97,60,1998,NA,Inline,4,F,FWD,,225,no,Aftermarket,300,"T, PDS",stock,Asia,Japan,Civic,,3,R,4,,"RPC, DD",6.315,17.617,14.800,143.3,143.9,358.0,0.92,0.97,11.302,11385,,05-Nov-21,22-Sep-07,FH5,FM2,,FH5,FH4,FM7,,FM6,,FM5,,FM4,FM3,DLC,,8,XBO,0
FALSE,2006 Honda Civic Si Coupe,,,2006,Honda,Civic Si Coupe,,,,,,,,,Factory,Hatch,371,C,,,,,,,197,139,2880,14.62,,,,,4,F,FWD,,,,,,,,Asia,Japan,,,2,L,4,,,6.800,,,143.7,,,,,,11384,,,22-Sep-07,FM4,FM2,,,,,,,,,,FM4,FM3,DLC,,3,360,0
FALSE,2005 Honda #18 Takata Dome NSX,,,2005,Honda,#18 Takata Dome NSX,,,,,,,,,Race,SGT500,859,R2,,,,,,,500,428,2601,5.20,,,,,6,M,RWD,,,,,,,,Asia,Japan,,,2,R,4,,,3.500,,,184.8,,,,,,11077,,,03-May-05,FM4,FM1,,,,,,,,,,FM4,FM3,FM2,FM1,4,360,0
FALSE,2005 Honda #8 ARTA NSX,,,2005,Honda,#8 ARTA NSX,,,,,,,,,Livery,SGT500,816,R2,,,,,,,500,,2601,5.20,,,,,,M,RWD,,,,,,,,Asia,Japan,,,2,R,4,,,,,,,,,,,,11078,,,03-May-05,FM3,FM1,,,,,,,,,,,FM3,FM2,FM1,3,360,0
FALSE,2005 Honda NSX-R,Honda NSX-R '05,411,2005,Honda,NSX-R,Buy Cars Base,,,,Epic,,,"83,000",Factory,Sport GT Icons,524,B,4.4,2.7,3.0,3.3,,,290,225,2800,9.66,43,3179,NA,V,6,M,RWD,,255,Both,Forza,"375, 562, 630, 788","T, TT, PDS, CS",stock,Asia,Japan,Acura NSX,,2,R,4,,FF,4.600,11.200,13.400,175.7,123.2,305.9,0.96,1.02,6.600,11091,05-Oct-23,05-Nov-21,03-May-05,FM,FM1,FM,FH5,HTF,FM7,FH3,FM6,,FM5,,FM4,FM3,FM2,FM1,11,XBO,1
FALSE,2005 Honda NSX-R GT,Honda NSX-R GT,569,2005,Honda,NSX-R GT,Seasonal,,,,Epic,,,"500,000",Factory,Retro Sports Cars,725,A,6.4,5.6,6.7,5.6,4.4,4.5,276,224,2800,10.14,43,3179,NA,V,6,M,RWD,,255,Both,Forza,"321, 415, 300, 475(3L), 573, 850","T, TT, PDS, CS",stock,Asia,Japan,NSX,,2,R,4,,,4.500,10.600,,177.0,115.6,278.6,1.10,1.22,6.100,11285,,05-Nov-21,29-May-07,FH5,FM2,,FH5,DLC,,,,,,FH1,Uni,FM3,FM2,,6,XBO,0
FALSE,2005 Honda Team Forza NSX-R,Honda NSX-R TF,,2005,Honda,Team Forza NSX-R,DLC promo,,,,,,,,Upgraded,Modern Sport Legends,,,6.7,5.1,5.4,7.9,,,301,234,2800,9.30,43,,NA,V,6,M,RWD,,,,,,,stock,Asia,Japan,,,2,R,4,,,4.600,11.200,,179.6,115.5,289.5,1.17,1.23,6.600,12164,,,30-Sep-14,FM6,FH2,,,,,,DLC,DLC,,,,,,,2,XBO,0
FALSE,2004 Honda Accord Coupe EX,,,2004,Honda,Accord Coupe EX,,,,,,,,,Factory,,,D1,,,,,,,,,,#DIV/0!,,,,,,F,FWD,,,,,,,,Asia,Japan,,,2,L,4,,,,,,,,,,,.000,11079,,,03-May-05,FM1,FM1,,,,,,,,,,,,,FM1,1,360,0
FALSE,2004 Honda Civic Type R,Honda Civic '04,302,2004,Honda,Civic Type R,Buy Cars Base,,,,Common,,,"51,000",Factory,Modern Hot Hatch,379,D,2.5,1.8,2.1,2.2,,,212,149,2624,12.38,61,1998,NA,Inline,4,F,FWD,,205,Both,Aftermarket,"212, 250, 350, 375, 394I, 475","T, CS",stock,Asia,Japan,Honda Civic,,2,R,4,,DD,6.200,15.417,15.182,150.7,142.5,359.1,0.90,0.92,9.217,11083,05-Oct-23,05-Nov-21,03-May-05,FM,FM1,FM,FH5,HTF,FM7,FH3,FM6,FH2,FM5,FH1,FM4,FM3,FM2,FM1,13,XBO,1
FALSE,2004 Honda Mugen Civic Type-R,,,2004,Honda,Mugen Civic Type-R,,,,,,,,,Tuner,Hatch,412,C,,,,,,,240,156,2775,11.56,,,,,4,F,FWD,,,,,,,,Asia,Japan,,,3,R,4,,,6.100,,,155.7,,,,,,11088,,,03-May-05,FM4,FM1,,,,,,,,,,Uni,FM3,FM2,FM1,4,360,0
FALSE,2004 Honda Wings West Civic Si,,,2004,Honda,Wings West Civic Si,,,,,,,,,Tuner,,384,C4,,,,,,,,,,#DIV/0!,,,,,,F,FWD,,,,,,,,Asia,Japan,,,3,L,4,,,,,,,,,,,,11095,,,03-May-05,FM2,FM1,,,,,,,,,,,,FM2,FM1,2,360,0
FALSE,2003 Honda #16 G'ZOX NSX,,,2003,Honda,#16 G'ZOX NSX,,,,,,,,,Livery,SGT500,814,R2,,,,,,,500,,2601,5.20,,,,,,M,RWD,,,,,,,,Asia,Japan,,,2,R,4,,,,,,,,,,,,11076,,,03-May-05,FM3,FM1,,,,,,,,,,,FM3,FM2,FM1,3,360,0
FALSE,2003 Honda Mugen S2000,,,2003,Honda,Mugen S2000,,,,,,,,,Tuner,,554,,,,,,,,,,,#DIV/0!,,,,,,,,,,,,,,,Asia,Japan,,,2,L,4,,,,,,,,,,,,11090,,,03-May-05,FM2,FM1,,,,,,,,,,,,FM2,FM1,2,360,0
FALSE,2003 Honda S2000,Honda S2000,427,2003,Honda,S2000,"Autoshow, WS",,,,Common,,,"25,000",Factory,Modern Sports Cars,630,B,6.0,3.3,5.4,4.2,3.7,5.0,247,161,2756,11.16,50,1997,NA,Inline,4,F,RWD,,225,Both,Preset / WB,"321, 415, 300, 805","T, PDS, CS",stock,Asia,Japan,,,2,L,4,,RPC,6.200,15.600,,164.0,149.3,369.0,0.91,0.93,9.400,11094,,05-Nov-21,03-May-05,FH5,FM1,,FH5,DLC,,,,,,FH1,FM4,FM3,FM2,FM1,7,XBO,0
FALSE,2002 Honda Integra Type-R,,,2002,Honda,Integra Type-R,,,,,,,,,Factory,Sports,391,C,,,,,,,217,152,2624,12.09,,,,,4,F,FWD,,,,,,,,Asia,Japan,,,2,R,4,,,6.100,,,149.6,,,,,,11086,,,03-May-05,FH1,FM1,,,,,,,,,FH1,FM4,FM3,FM2,FM1,5,360,0
FALSE,2002 Honda Mugen Integra Type-R,,,2002,Honda,Mugen Integra Type-R,,,,,,,,,Tuner,Sports,435,B,,,,,,,217,152,2601,11.99,,,,,4,F,FWD,,,,,,,,Asia,Japan,,,2,R,4,,,6.300,,,153.7,,,,,,11089,,,03-May-05,FM4,FM1,,,,,,,,,,Uni,FM3,FM2,FM1,4,360,0
FALSE,2001 Honda S2000 F&F Edition,2001 S2000 FF,,2001,Honda,S2000 F&F Edition,,,,,,,,,Tuner,? none/Japanese Street,,,6.5,5.1,5.4,7.9,,,330,222,2813,8.52,49,,CS,Inline,4,F,RWD,,,,,,,no,Asia,Japan,,Yes,2,L,4,,,4.900,10.900,,174.3,117.6,291.9,1.18,1.22,6.000,12241,,,15-Jun-15,FM6,FH2,,,,,,DLC,DLC,,,,,,,2,XBO,0
FALSE,2000 Honda Aerogear Integra Type-R,,,2000,Honda,Aerogear Integra Type-R,,,,,,,,,Tuner,,500,,,,,,,,,,,#DIV/0!,,,,,,F,RWD,,,,,,,,Asia,Japan,,,2,R,4,,,,,,,,,,,,11080,,,03-May-05,FM2,FM1,,,,,,,,,,,,FM2,FM1,2,360,0
FALSE,2000 Honda Integra Type-R,,,2000,Honda,Integra Type-R,,,,,,,,,Factory,Sports,393,C,,,,,,,197,134,2639,13.40,,,,,4,F,FWD,,,,,,,,Asia,Japan,,,2,R,4,,,6.215,,,151.3,,,,,,11087,,,03-May-05,FM4,FM1,,,,,,,,,,FM4,FM3,FM2,FM1,4,360,0
FALSE,2000 Honda Prelude Type SH,Honda Prelude,2817,2000,Honda,Prelude Type SH,Buy Cars Base,,,,,,,"35,000",Factory,Early Sport Compact,312,D,2.0,1.5,1.7,2.1,,,200,156,3042,15.21,63,2200,NA,Inline,4,F,FWD,,,,Aftermarket,"212, 350, 375, 394I, 475, 630","T, PDS, CS",stock,Asia,Japan,,,2,L,4,,,6.517,10.518,,143.8,156.6,350.7,1.02,0.98,4.001,11093,05-Oct-23,,03-May-05,FM,FM1,FM,,,FM7,,,,,,FM4,FM3,FM2,FM1,6,XBO,1
FALSE,1999 Honda Civic Si Coupe,,,1999,Honda,Civic Si Coupe,,,,,,,,,Factory,Sports,279,D,,,,,,,160,111,2560,16.00,,,,,4,F,FWD,,,,,,,,Asia,Japan,,,2,L,4,,,7.400,,,135.1,,,,,,11082,,,03-May-05,FM4,FM1,,,,,,,,,,FM4,FM3,FM2,FM1,4,360,0
FALSE,1997 Honda Civic Type R,Honda Civic '97,1273,1997,Honda,Civic Type R,Buy Cars Base,,,,Common,,,"49,000",Factory,Hot Hatch Icons,348,D,2.6,1.6,1.9,2.2,,,182,118,2403,13.20,62,1595,NA,Inline,4,F,FWD,,195,no,Aftermarket,"212, 250, 350, 375, 394I, 475","T, CS",stock,Asia,Japan,Honda Civic,,3,R,4,,RPC,5.714,17.518,15.000,151.0,150.0,375.7,0.87,0.89,11.804,11786,05-Oct-23,05-Nov-21,14-Oct-11,FM,FM4,FM,FH5,FH4,FM7,FH3,FM6,FH2,FM5,,FM4,,,,9,XBO,1
FALSE,1997 Honda Civic Type R Forza Edition,,,1997,Honda,Civic Type R Forza Edition,,,,,,,,,Upgraded,Hot Hatch Icons,450,C,5.4,5.1,5.4,6.6,,,195,133,2582,13.24,60,,NA,Inline,4,F,FWD,,255,,,,,stock,Asia,Japan,Civic,,3,R,4,,,7.200,20.700,,138.0,155.2,354.1,1.04,1.02,13.500,12804,,,29-Sep-17,FM7,FM7,,,,FE,,,,,,,,,,1,XBO,0
FALSE,1995 Honda CR-X Del Sol SiR,,,1995,Honda,CR-X Del Sol SiR,,,,,,,,,Factory,Economy,280,D,,,,,,,170,117,2491,14.65,,,,,4,F,FWD,,,,,,,,Asia,Japan,,,2,R,4,,,7.200,,,131.7,,,,,,11084,,,03-May-05,FM4,FM1,,,,,,,,,,FM4,FM3,FM2,FM1,4,360,0
FALSE,1994 Honda Civic 1.5 VTi,,,1994,Honda,Civic 1.5 VTi,,,,,,,,,Factory,Hatch,260,E,,,,,,,128,102,2271,17.74,,,,,4,F,FWD,,,,,,,,Asia,Japan,,,3,R,4,,,8.417,,,130.6,,,,,,11081,,,03-May-05,FM4,FM1,,,,,,,,,,FM4,FM3,FM2,FM1,4,360,0
FALSE,1994 Honda Do-Luck NSX,,,1994,Honda,Do-Luck NSX,,,,,,,,,Tuner,,604,B,,,,,,,,,,#DIV/0!,,,,,,M,RWD,,,,,,,,Asia,Japan,,,2,R,4,,,,,,,,,,,,11284,,,29-May-07,FM2,FM2,,,,,,,,,,,,FM2,,1,360,0
FALSE,1994 Honda Prelude Si,Honda Prelude 94,2121,1994,Honda,Prelude Si,Autoshow,,,,Common,,,"20,000",Factory,Retro Hot Hatch,521,C,5.0,3.1,4.7,3.7,3.1,5.4,160,156,2870,17.94,62,2259,NA,Inline,4,F,FWD,,205,Both,Forza,"321, 212, 300","T, PDS",stock,Asia,Japan,,,2,L,4,,,7.200,20.700,15.800,137.0,145.7,373.6,0.88,0.89,13.500,12089,,05-Nov-21,04-Feb-14,FH5,FM5,,FH5,cu,FM7,,FM6,,cu,,,,,,5,XBO,0
FALSE,1992 Honda NSX-R,Honda NSX-R '92,412,1992,Honda,NSX-R,Buy Cars Base,,,,Epic,,,"90,000",Factory,Sport GT Icons,502,B,4.0,2.5,2.8,3.2,,,276,217,2712,9.83,42,2977,NA,V,6,M,RWD,,225,no,WB RB,"375, 562, 630, 788","TT, PDS, CS",stock,Asia,Japan,Acura NSX,,2,R,4,,MvT,4.700,11.600,13.000,171.0,127.7,315.9,1.07,1.13,6.900,11092,05-Oct-23,05-Nov-21,03-May-05,FM,FM1,FM,FH5,FH4,FM7,FH3,FM6,FH2,FM5,,FM4,FM3,FM2,FM1,12,XBO,1
FALSE,1991 Honda CR-X SiR,Honda CR-X '91,320,1991,Honda,CR-X SiR,Buy Cars Base,,,,Common,,,"42,000",Factory,Hot Hatch Icons,305,D,1.9,1.7,2.1,1.7,,,158,112,2161,13.68,62,1595,NA,Inline,4,F,FWD,,195,no,Aftermarket,"212, 350, 375, 475, 630","T, PDS, CS",stock,Asia,Japan,Honda Civic,,3,R,4,,RPC,7.200,20.718,15.483,142.0,152.5,384.7,0.89,0.88,13.518,11085,05-Oct-23,05-Nov-21,03-May-05,FM,FM1,FM,FH5,FH4,FM7,,FM6,DLC,,Uni,FM4,FM3,FM2,FM1,11,XBO,1
FALSE,1986 Honda Civic Si,Honda Civic '86,,1986,Honda,Civic Si,,,,,,,,,Factory,Hot Hatch Genesis,241,E,4.1,3.6,3.8,5.2,,,91,93,1955,21.48,61,,NA,Inline,4,F,FWD,,,,,,,stock,Asia,Japan,Civic,,3,L,4,,,9.100,96.300,,109.4,118.1,318.6,0.99,0.89,87.200,12000,,,15-Jan-13,FM7,FH1,,,,FM7,,FM6,cu,,DLC,,,,,4,XBO,0
FALSE,1984 Honda Civic CRX Mugen,Honda Civic '84,2119,1984,Honda,Civic CRX Mugen,Seasonal,,Midnight Battle,,Epic,,,"40,000",Tuner,Retro Hot Hatch,499,D,4.8,2.6,4.7,3.0,1.8,4.6,120,92,1819,15.16,62,1488,NA,Inline,4,F,FWD,,205,Both,Forza,"212, 182, 306, 415, 300","T, PDS",stock,Asia,Japan,Civic,,3,L,4,,MvT,7.900,24.000,15.900,134.7,160.5,398.4,0.87,0.87,16.100,12087,,05-Nov-21,04-Feb-14,FH5,FM5,,FH5,cu,FM7,,,FH2,cu,,,,,,5,XBO,0
FALSE,1974 Honda Civic RS,Honda Civic '74,1568,1974,Honda,Civic RS,Autoshow,,,,Common,,,"25,000",Factory,Retro Hot Hatch,368,D,3.9,2.4,4.2,2.4,3.0,5.1,76,75,1620,21.32,60,1169,NA,Inline,4,F,FWD,,155,Both,Preset / WB,"212, 182, 306, 415, 300","T, PDS",stock,Asia,Japan,,,3,R,4,,RPC,9.634,46.047,,109.2,164.8,419.8,0.81,0.82,36.413,13048,,05-Nov-21,13-Dec-18,FH5,FH4,,FH5,DLC,,,,,,,,,,,2,XBO,0
FALSE,1970 Honda S800,Honda S800 '70,2205,1970,Honda,S800,Buy Cars Base,,,,Rare,,,"14,000",Factory,Sport Coupe Icons,210,E,1.0,1.3,1.2,1.1,,,70,48,1565,22.36,50,791,NA,Inline,4,F,RWD,,155,Both,Aftermarket,"82, 194, 212, 232, 245, 350, 475","T, PDS",stock,Asia,Japan,,Yes,2,L,4,,RPC,13.600,123.200,,102.7,213.2,508.8,0.68,0.67,109.600,12662,05-Oct-23,,07-Feb-17,FM,FH3,FM,,cu,FM7,DLC,,,,,,,,,4,XBO,1
FALSE,1967 Honda RA300,Honda RA300,2265,1967,Honda,RA300,Buy Cars Base,,,,,,,"283,000",Race,Formula 60s,747,S,4.9,4.3,4.1,7.2,,,420,221,1301,3.10,36,3000,NA,V,12,M,RWD,185,245,,,none,none,stock,Asia,Japan,,Yes,2,C,4,,,2.600,5.200,9.783,184.9,98.0,258.5,1.28,1.24,2.600,12400,05-Oct-23,,05-Oct-15,FM,FM6,FM,,,FM7,,DLC,,,,,,,,3,XBO,1
FALSE,2017 Hoonigan Gymkhana 10 Ford Fiesta ST,Hoonigan Fiesta,,2017,Hoonigan,Gymkhana 10 Ford Fiesta ST,Exclusive,,,,Legendary,,,"500,000",Tuner,Rally Monsters,828,S1,5.7,8.4,8.2,9.0,10.0,,375,332,2800,7.47,53,1600,T,Inline,4,F,AWD,,245,no,Adjustable,300,none,,N. America,U.S.,,,3,L,4,,,3.367,8.367,,136.7,141.3,321.3,1.09,1.22,5.000,13037,,,22-Nov-18,FH4,FH4,,,cu,,,,,,,,,,,1,XBO,0
FALSE,2016 Hoonigan Gymkhana 10 Ford Focus RS RX,Gymkhana 10 Focus,3115,2016,Hoonigan,Gymkhana 10 Ford Focus RS RX,"Accolade, WS",,Accolade,,Epic,,,"500,000",Livery,Rally Monsters,864,S1,5.1,6.4,5.7,9.2,10.0,7.2,600,663,2491,4.15,60,1988,T,Inline,4,F,AWD,,225,no,Adjustable,300,none,no,N. America,U.S.,,,3,L,4,,,1.912,5.000,,142.6,88.2,218.1,1.18,1.32,3.088,13042,,05-Nov-21,06-Dec-18,FH5,FH4,,FH5,cu,,,,,,,,,,,2,XBO,0
FALSE,2016 Hoonigan Gymkhana 9 Ford Focus RS RX,Hoonigan Focus,2648,2016,Hoonigan,Gymkhana 9 Ford Focus RS RX,Seasonal,Series 18 cu,,,Legendary,,,"500,000",Tuner,Rally Monsters,864,S1,5.1,6.4,5.8,9.2,10.0,7.2,600,663,2491,4.15,60,1988,T,Inline,4,F,AWD,,225,no,Adjustable,300,none,no,N. America,U.S.,Focus,,3,L,4,,"FF, OR",1.900,5.000,9.850,142.8,86.1,217.9,1.18,1.32,3.100,12642,,02-Mar-23,13-Dec-16,FH5,FH3,,cu,FH4,FM7,DLC,,,,,,,,,4,XBO,0
FALSE,"2016 Hoonigan Gymkhana 9 Ford Focus RS RX ""Welcome Pack""",Focus RS RX WP,,2016,Hoonigan,"Gymkhana 9 Ford Focus RS RX ""Welcome Pack""",DLC store,,,,Legendary,,,"500,000",Upgraded,Rally Monsters,900,S1,6.6,8.6,8.1,10.0,10.0,,600,663,2491,4.15,60,1988,T,Inline,4,F,AWD,,225,no,Adjustable,300,none,,N. America,U.S.,Focus,,3,L,4,,,1.900,5.000,,165.9,123.9,300.3,1.09,1.21,3.100,13147,,,28-Jul-20,FH4,FH4,,,DLC,,,,,,,,,,,1,XBO,0
FALSE,2015 Hoonigan Gymkhana 8 Ford Fiesta ST RX43,Fiesta ST RX43,,2015,Hoonigan,Gymkhana 8 Ford Fiesta ST RX43,DLC store,,,,Legendary,,,"500,000",Tuner,Rally Monsters,885,S1,5.8,8.1,7.8,10.0,10.0,,600,663,2746,4.58,54,1988,TT,Inline,4,F,AWD,,245,no,Adjustable,300,none,no,N. America,U.S.,,,3,L,4,,,1.800,4.400,,137.4,136.6,321.1,1.08,1.18,2.600,13049,,,13-Dec-18,FH4,FH4,,,DLC,,,,,,,,,,,1,XBO,0
FALSE,2003 Hoonigan Holden Commodore Ute,,,2003,Hoonigan,Holden Commodore Ute,,,,,,,,,Tuner,Hoonigan,656,A,7.4,4.9,5.1,8.4,,,576,604,3320,5.76,55,,CS,V,8,F,RWD,,,,,,,no,N. America,U.S.,,,2,L,4,,,3.400,7.300,,202.6,129.1,321.0,1.17,1.13,3.900,12690,,,10-Aug-17,FM7,FM7,,,,DLC,,,,,,,,,,1,XBO,0
FALSE,1994 Hoonigan Ford Escort RS Cosworth WRC 'Cossie V2',Hoonigan Cossie,3370,1994,Hoonigan,Ford Escort RS Cosworth WRC 'Cossie V2',Autoshow,,Starter Showcase,,Epic,,,"500,000",Factory,Rally Monsters,783,A,5.5,5.9,6.1,7.7,4.0,7.4,371,368,2822,7.61,52,1994,T,Inline,4,F,AWD,,245,Both,Adjustable,none,none,no,N. America,U.S.,,,2,L,4,,,3.100,7.700,,153.2,96.7,239.9,1.10,1.24,4.600,13234,,05-Nov-21,05-Nov-21,FH5,FH5,,FH5,,,,,,,,,,,,1,XBO,0
FALSE,1992 Hoonigan Mazda RX-7 Twerkstallion,Twerkstallion,2732,1992,Hoonigan,Mazda RX-7 Twerkstallion,"Car Mastery, Seasonal",,,,Epic,,,"50,000",Tuner,Drift Cars,799,A,8.3,4.5,5.8,4.6,4.7,3.8,600,590,2866,4.78,53,5328,T,V,8,F,RWD,,265,no,Forza,"200(1.3L), 690",none,eng,N. America,U.S.,RX,,2,L,4,,OR,4.073,8.069,11.750,225.7,128.0,312.8,1.06,1.10,3.996,12696,,05-Nov-21,15-Aug-17,FH5,FH3,,FH5,FH4,DLC,DLC,,,,,,,,,4,XBO,0
FALSE,1991 Hoonigan Gymkhana 10 Ford Escort Cosworth Group A,Hoonigan Group A,2984,1991,Hoonigan,Gymkhana 10 Ford Escort Cosworth Group A,"Autoshow, WS",,,,Epic,,,"500,000",Tuner,Rally Monsters,862,S1,7.8,5.3,6.2,9.1,8.7,7.6,620,600,2690,4.34,55,1994,T,Inline,4,F,AWD,,225,no,none,300,none,,N. America,U.S.,,,2,L,4,,,2.500,5.247,,213.8,97.0,243.1,1.14,1.23,2.747,13028,,05-Nov-21,02-Nov-18,FH5,FH4,,FH5,DLC,,,,,,,,,,,2,XBO,0
FALSE,1991 Hoonigan Rauh-Welt Begriff Porsche 911 Turbo,Hoonigan Porsche,2736,1991,Hoonigan,Rauh-Welt Begriff Porsche 911 Turbo,"Car Mastery, Seasonal",,,,Rare,,,"160,000",Tuner,Retro Supercars,811,S1,6.7,5.3,7.7,7.2,4.1,4.0,385,400,2976,7.73,40,3299,T,Flat,6,R,RWD,,315,no,Adjustable,"493(30k), 493(34k)",TT,eng,N. America,U.S.,,,2,L,4,,OR,4.080,9.779,12.033,187.3,104.7,258.5,1.23,1.32,5.699,12697,,05-Nov-21,15-Aug-17,FH5,FH3,,FH5,HTF,DLC,DLC,,,,,,,,,4,XBO,0
FALSE,1986 Hoonigan Ford RS200 Evolution,Hoonigan RS200,3119,1986,Hoonigan,Ford RS200 Evolution,"Autoshow, WS",,,,Epic,,,"500,000",Tuner,Rally Monsters,904,S2,7.6,5.3,6.5,9.5,5.1,8.3,750,590,2494,3.33,50,2137, T,Inline,4,M,AWD,,275,no,Forza,"300, 850",none,eng,N. America,U.S.,,,2,L,4,,,2.600,4.917,,212.7,100.4,250.0,1.22,1.36,2.317,13056,,05-Nov-21,27-Dec-18,FH5,FH4,,FH5,cu,,,,,,,,,,,2,XBO,0
FALSE,"1979 Hoonigan Baldwin Motorsports ""Loki"" K5 Blazer",Baldwin Blazer,,1979,Hoonigan,"Baldwin Motorsports ""Loki"" K5 Blazer",,,,,,,,,Tuner,Extreme Offroad,747,A,5.1,6.6,7.4,8.4,8.1,,650,600,3500,5.38,60,7243,NA,V,8,F,RWD,,,,,none,"TT, PDS",,N. America,U.S.,,,3,L,4,,,,,,,,,,,,12691,,,15-Aug-17,FH3,FH3,,,,,DLC,,,,,,,,,1,XBO,0
FALSE,1978 Hoonigan Ford Escort RS1800,Hoonigan Escort,2730,1978,Hoonigan,Ford Escort RS1800,"Autoshow, WS",,,,Epic,,,"300,000",Tuner,Rally Monsters,820,S1,6.2,6.3,6.7,5.7,6.1,4.2,333,246,1846,5.54,54,2548,NA,Inline,4,F,RWD,,345,no,Rally lights,415,T,stock,N. America,U.S.,,,2,L,4,,OR,4.284,10.100,11.800,171.5,104.3,250.0,1.15,1.25,5.816,12695,,05-Nov-21,15-Aug-17,FH5,FH3,,FH5,FH4,DLC,DLC,,,,,,,,,4,XBO,0
FALSE,1977 Hoonigan Gymkhana 10 Ford F-150 'Hoonitruck',Hoonigan F-150,2982,1977,Hoonigan,Gymkhana 10 Ford F-150 'Hoonitruck',"Autoshow, WS",,,,Epic,,,"500,000",Tuner,Drift Cars,896,S1,6.2,6.7,6.5,7.9,8.7,5.7,914,702,3210,3.51,57,3500,TT,V,6,F,AWD,,315,no,none,914,none,no,N. America,U.S.,,,2,L,4,,,2.500,5.017,,172.5,84.7,214.7,1.27,1.35,2.517,13029,,05-Nov-21,02-Nov-18,FH5,FH4,,FH5,DLC,,,,,,,,,,,2,XBO,0
FALSE,1974 Hoonigan Ford Bronco,Hoonigan Bronco,,1974,Hoonigan,Ford Bronco,Exclusive,,,,Epic,,,"200,000",Factory,Offroad,721,A,5.8,6.2,6.5,8.4,10.0,,435,400,3705,8.52,54,4951,NA,V,8,F,AWD,,315,no,none,"526, 850, 1000, 914","T, TT, PDS",stock,N. America,U.S.,,Yes,2,L,4,,,7.028,14.022,,137.2,237.5,465.2,0.86,0.85,6.994,13161,,,08-Dec-20,FH4,FH4,,,cu,,,,,,,,,,,1,XBO,0
FALSE,1973 Hoonigan Volkswagen Baja Beetle Class 5/1600 'Scumbug',Hoonigan Scumbug,3553,1973,Hoonigan,Volkswagen Baja Beetle Class 5/1600 'Scumbug',DLC,FH5 Rally Adv,,,Rare,,,"300,000",Race,Buggies,524,C,3.7,4.2,5.3,3.4,5.5,9.8,146,166,2190,15.00,44,2110,NA,Inline,4,R,RWD,,270,no,none,"212, 278, 305, 330, 493(34k)",T,stock,N. America,U.S.,,,2,L,4,,,5.700,22.603,,102.8,143.5,349.4,0.91,0.90,16.903,13344,,29-Mar-23,29-Mar-23,FH5,FH5,,DLC,,,,,,,,,,,,1,XBO,0
FALSE,1972 Hoonigan Chevrolet Napalm Nova,Hoonigan Nova,2729,1972,Hoonigan,Chevrolet Napalm Nova,"Autoshow, WS",,,,Rare,,,"50,000",Tuner,Classic Muscle,731,A,6.7,4.7,5.2,5.0,5.3,5.0,475,520,3566,7.51,55,7439,NA,V,8,F,RWD,,295,Both,Hood,"475d, 640, 800, 1500","TT, PDS",stock,N. America,U.S.,,,2,L,4,,"OR, ?MvT",4.100,9.717,12.550,185.4,123.7,303.1,0.95,0.94,5.617,12693,,05-Nov-21,15-Aug-17,FH5,FH3,,FH5,HTF,DLC,DLC,,,,,,,,,4,XBO,0
FALSE,"1965 Hoonigan Ford ""Hoonicorn"" Mustang",Hoonicorn,2734,1965,Hoonigan,"Ford ""Hoonicorn"" Mustang","Autoshow, WS",,,,Epic,,,"500,000",Tuner,Drift Cars,951,S2,9.2,5.9,6.7,10.0,7.4,5.5,1400,1200,2998,2.14,50,6718,TT,V,8,F,AWD,,295,no,none,none,none,no,N. America,U.S.,Mustang,,2,L,4,,OR,1.814,3.137,8.450,253.8,94.3,235.7,1.26,1.35,1.323,12694,,05-Nov-21,15-Aug-17,FH5,FH3,,FH5,FH4,DLC,DLC,,,,,,,,,4,XBO,0
FALSE,1965 Hoonigan Gymkhana 10 Ford Hoonicorn Mustang,Hoonicorn V2,3006,1965,Hoonigan,Gymkhana 10 Ford Hoonicorn Mustang,Seasonal,,,,Epic,,,"500,000",Livery,Drift Cars,952,S2,8.8,5.9,6.6,10.0,7.7,5.4,1400,1200,2998,2.14,50,6718,TT,V,8,F,AWD,,295,no,none,none,none,no,N. America,U.S.,Mustang,,2,L,4,,OR,1.814,2.897,,263.5,95.7,239.4,1.26,1.34,1.083,13026,,05-Nov-21,23-Oct-18,FH5,FH4,,FH5,cu,,,,,,,,,,,2,XBO,0
FALSE,1955 Hoonigan Chevrolet Bel Air,Hoonigan Bel Air,1459,1955,Hoonigan,Chevrolet Bel Air,"Autoshow, WS",,Accolade,,Rare,,,"76,000",Tuner,Rods and Customs,621,B,5.7,3.0,3.8,4.1,3.1,6.4,410,390,3567,8.70,57,5822,NA,V,8,F,RWD,,275,Front,Hood,"415, 475d, 425, 640, 800, 1500, 1750","TT, PDS",stock,N. America,U.S.,,,2,L,4,,OR,6.211,13.101,13.033,157.8,167.9,415.6,0.82,0.81,6.890,12692,,05-Nov-21,15-Aug-17,FH5,FH3,,FH5,FH4,DLC,DLC,,,,,,,,,4,XBO,0
FALSE,2018 Hot Wheels 2JetZ,2JetZ,3405,2018,Hot Wheels,2JetZ,"WS, Seasonal",Series 9 cu,HW Mission,,Legendary,,,"250,000",Tuner,Rods and Customs,854,S1,6.7,5.4,5.9,6.9,7.6,3.9,639,636,1740,2.72,43,2997,T,Inline,6,M,RWD,,275,no,none,none,none,eng,N. America,U.S.,,,1,C,4,,,3.583,6.134,,184.0,107.4,260.9,1.23,1.30,2.551,13167,,23-Jun-22,22-Feb-21,FH5,FH4,,cu,DLC,,,,,,,,,,,2,XBO,0
FALSE,2013 Hot Wheels Baja Bone Shaker,Baja Bone Shaker,3702,2013,Hot Wheels,Baja Bone Shaker,DLC Autoshow,FH5 Hot Wheels,,,Legendary,,,"150,000",Tuner,Unlimited Offroad,700,B,4.6,5.3,5.4,6.9,7.6,10.0,520,540,4409,8.48,53,5740,PDS,V,8,F,AWD,,355,no,none,"475d, 850, 1500, 1750",NA,eng,N. America,U.S.,,,2,L,4,,,3.953,8.912,,167.4,133.9,350.0,0.88,0.88,4.959,13317,,19-Jul-22,19-Jul-22,FH5,FH5,,DLC,,,,,,,,,,,,1,XBO,0
FALSE,2012 Hot Wheels Bad to the Blade,Hot Wheels BTTB,3704,2012,Hot Wheels,Bad to the Blade,DLC,FH5 Hot Wheels,HW Mission,,Epic,,,"200,000",Tuner,Extreme Track Toys,998,S2,6.8,10.0,10.0,9.2,10.0,4.3,650,320,1598,2.46,40,3478,NA,,4,M,RWD,,415,no,Adjustable,750,none,stock,N. America,U.S.,,,1,C,4,,,2.250,4.300,,188.6,70.8,159.4,1.96,2.77,2.050,13318,,19-Jul-22,19-Jul-22,FH5,FH5,,DLC,,,,,,,,,,,,1,XBO,0
FALSE,2012 Hot Wheels Rip Rod,Rip Rod,2751,2012,Hot Wheels,Rip Rod,"WS, Seasonal",Series 9 cu,HW Mission,,Legendary,,,"300,000",Tuner,Unlimited Buggies,715,A,5.4,4.3,4.9,6.0,6.2,8.6,200,140,1500,7.50,43,2000,NA,Inline,2,M,RWD,,215,no,Forza,"300, 475",T,stock,N. America,U.S.,,,1,C,4,,,6.020,15.524,13.567,148.1,134.2,339.9,0.93,0.92,9.504,12679,,23-Jun-22,09-May-17,FH5,FH3,,cu,cu,cu,DLC,,,,,,,,,4,XBO,0
FALSE,2011 Hot Wheels Bone Shaker,Bone Shaker,2575,2011,Hot Wheels,Bone Shaker,Autoshow,,Accolade,,Legendary,,,"150,000",Tuner,Rods and Customs,790,A,6.0,4.9,5.2,5.7,6.2,4.2,402,398,2205,5.49,65,5740,NA,V,8,F,RWD,,375,no,Forza,"475d, 800, 850",none,stock,N. America,U.S.,,,2,L,4,,,3.985,8.962,12.717,165.8,118.3,287.3,1.11,1.13,4.977,12456,,05-Nov-21,03-May-16,FH5,FM6,,FH5,cu,cu,DLC,DLC,,,,,,,,5,XBO,0
FALSE,2005 Hot Wheels Ford Mustang,HW Ford Mustang,2576,2005,Hot Wheels,Ford Mustang,"WS, Seasonal",Series 9 cu,HW Mission,,Legendary,,,"300,000",Tuner,Track Toys,819,S1,6.8,6.4,8.4,6.1,4.6,3.9,489,458,3300,6.75,55,4610,PDS,V,8,F,RWD,,295,Both,Adjustable,"526, 800, 850, 1500",none,eng,N. America,U.S.,Mustang,,2,L,4,,,4.479,9.330,12.700,185.0,94.1,214.0,1.57,1.75,4.851,12457,,23-Jun-22,03-May-16,FH5,FM6,,cu,cu,cu,DLC,DLC,,,,,,,,5,XBO,0
FALSE,2000 Hot Wheels Deora II,Hot Wheels Deora,3703,2000,Hot Wheels,Deora II,DLC,FH5 Hot Wheels,Expansion,,Legendary,,,"5,000,000",Tuner,Rods and Customs,800,A,6.5,5.4,6.8,6.4,6.2,4.3,760,625,4409,5.80,45,5163,PDS,V,8,R,RWD,,285,none,none,"475d, 640, 800, 1500",TT,eng,N. America,U.S.,,,1,L,4,,,6.227,15.200,,181.6,111.6,274.5,1.09,1.14,8.973,13319,,19-Jul-22,19-Jul-22,FH5,FH5,,DLC,,,,,,,,,,,,1,XBO,0
FALSE,1972 Hot Wheels Chevrolet LUV,Hot Wheels LUV,,1972,Hot Wheels,Chevrolet LUV,DLC store,,,,Legendary,,,"100,000",Tuner,Rods and Customs,663,B,6.1,5.4,5.2,7.0,8.2,,400,500,3200,8.00,28,6425,PDS,V,8,M,RWD,,275,Front,none,"415, 640, 850",none,eng,N. America,U.S.,,Yes,2,L,4,,,5.300,12.600,,147.2,159.0,402.2,0.81,0.81,7.300,13168,,,22-Feb-21,FH4,FH4,,,DLC,,,,,,,,,,,1,XBO,0
FALSE,1970 Hot Wheels Chevrolet Corvette ZR-1 50th Anniversary Original Version,,,1970,Hot Wheels,Chevrolet Corvette ZR-1 50th Anniversary Original Version,,,,,,,,,Tuner,Forza Specials,,,,,,,,,461,558,3483,7.56,51,,NA,V,8,F,RWD,,,,,,,stock,N. America,U.S.,,,2,L,4,,,,,,,,,,,,13031,,,06-Nov-18,FM7,FM7,,,,cu,,,,,,,,,,1,XBO,0
FALSE,1970 Hot Wheels Pontiac Firebird Trans Am Custom,HW Trans Am,3706,1970,Hot Wheels,Pontiac Firebird Trans Am Custom,Seasonal,Series 23 cu,,,Legendary,,,"300,000",Tuner,Track Toys,894,S1,6.3,6.9,6.5,6.7,7.4,3.4,1062,612,3126,2.94,49,6560,NA,V,8,F,RWD,,305,Both,none,none,"TT, PDS, CS",stock,N. America,U.S.,,,2,L,4,,,3.100,5.800,,175.2,81.7,198.3,1.58,1.65,2.700,13376,,27-Jul-23,27-Jul-23,FH5,FH5,,cu,,,,,,,,,,,,1,XBO,0
FALSE,1969 Hot Wheels Chevrolet Camaro Super Sport Coupe 50th Anniversary Original Version,,,1969,Hot Wheels,Chevrolet Camaro Super Sport Coupe 50th Anniversary Original Version,,,,,,,,,Tuner,Forza Specials,,,,,,,,,460,465,3320,7.22,56,,NA,V,8,F,RWD,,,,,,,stock,N. America,U.S.,,,2,L,4,,,,,,,,,,,,13030,,,06-Nov-18,FM7,FM7,,,,cu,,,,,,,,,,1,XBO,0
FALSE,1969 Hot Wheels International-Harvester Loadstar C0-1600,Hot Wheels C0,,1969,Hot Wheels,International-Harvester Loadstar C0-1600,DLC store,,,,Legendary,,,"100,000",Tuner,Rods and Customs,563,C,5.2,6.1,5.2,6.0,7.0,,485,432,2998,6.18,51,5822,PDS,V,8,M,RWD,,315,no,Forza,"526, 850",none,eng,N. America,U.S.,,,2,L,4,,,3.888,10.888,,112.2,155.1,364.9,0.82,0.81,7.000,13170,,,22-Feb-21,FH4,FH4,,,DLC,,,,,,,,,,,1,XBO,0
FALSE,1969 Hot Wheels Twin Mill,Twin Mill,2750,1969,Hot Wheels,Twin Mill,"WS, Seasonal",,,,Legendary,,,"110,000",Tuner,Rods and Customs,798,A,8.6,4.5,5.2,4.9,5.2,3.8,1401,1400,4696,3.35,57,16453,PDS,V,16,F,RWD,,305,no,Forza,none,none,no,N. America,U.S.,,,2,L,4,,Heavy,2.500,5.300,11.367,232.0,123.6,300.8,1.01,1.02,2.800,12680,,05-Nov-21,09-May-17,FH5,FH3,,FH5,cu,cu,DLC,,,,,,,,,4,XBO,0
FALSE,1963 Hot Wheels Volkswagen Beetle 50th Anniversary Original Version,,,1963,Hot Wheels,Volkswagen Beetle 50th Anniversary Original Version,,,,,,,,,Tuner,Forza Specials,,,,,,,,,165,162,1760,10.67,43,,NA,Flat,4,R,RWD,,,,,,,stock,N. America,U.S.,,,2,L,4,,,,,,,,,,,,13032,,,06-Nov-18,FM7,FM7,,,,cu,,,,,,,,,,1,XBO,0
FALSE,1957 Hot Wheels Nash Metropolitan Custom,Hot Wheels Metro,3407,1957,Hot Wheels,Nash Metropolitan Custom,"WS, Seasonal",Series 9 cu,HW Mission,,Legendary,,,"250,000",Tuner,Rods and Customs,631,B,5.6,3.0,4.1,4.0,4.0,4.4,350,400,2250,6.43,55,5001,NA,V,8,F,RWD,,165,no,Forza,850,none,stock,N. America,U.S.,,,2,L,4,,,5.126,10.945,,153.3,174.1,421.3,0.81,0.80,5.819,13171,,14-Jul-22,22-Feb-21,FH5,FH4,,cu,DLC,,,,,,,,,,,2,XBO,0
FALSE,1957 Hot Wheels Studebaker Golden Hawk 'Dream Roadster',HW Studebaker,,1957,Hot Wheels,Studebaker Golden Hawk 'Dream Roadster',DLC store,,,,Legendary,,,"100,000",Tuner,Rods and Customs,701,A,6.2,5.9,5.3,6.3,7.6,,528,510,3362,6.37,50,4601,NA,V,8,F,RWD,,295,no,Forza,"415, 640","TT, PDS",stock,N. America,U.S.,,Yes,2,L,4,,,4.000,8.700,,148.8,160.3,384.1,0.84,0.84,4.700,13172,,,22-Feb-21,FH4,FH4,,,DLC,,,,,,,,,,,1,XBO,0
FALSE,1949 Hot Wheels Ford F-5 Dually Custom Hot Rod,HW Dually '49,3252,1949,Hot Wheels,Ford F-5 Dually Custom Hot Rod,"WS, Seasonal",Series 9 cu,HW Mission,,Legendary,,,"250,000",Tuner,Rods and Customs,630,B,4.6,3.9,5.2,5.1,5.4,5.3,400,687,4660,11.65,52,7275,T,V,8,F,RWD,,475,no,none,"475d, 800, 850",none,eng,N. America,U.S.,,,2,L,4,,,5.090,15.043,,129.3,134.1,334.7,0.96,0.96,9.953,13169,,23-Jun-22,22-Feb-21,FH5,FH4,,cu,DLC,,,,,,,,,,,2,XBO,0
FALSE,2014 HSV GEN-F GTS,Holden GEN-F '14,2131,2014,HSV,GEN-F GTS,Buy Cars Base,,,,Rare,,,"98,000",Factory,Modern Sport Touring,560,B,5.7,2.7,2.5,4.0,,,577,545,4147,7.19,53,6162,PDS,V,8,F,RWD,,275,no,Forza,"565, 640, 788, 825",none,eng,Asia,Australia,Holden Commodore,,4,R,4,,,4.326,9.660,12.530,188.3,127.6,314.8,0.93,0.94,5.334,12588,05-Oct-23,05-Nov-21,23-Sep-16,FM,FH3,FM,FH5,FH4,FM7,FH3,,,,,,,,,5,XBO,1
FALSE,2014 HSV Limited Edition Gen-F GTS Maloo,HSV Maloo,2422,2014,HSV,Limited Edition Gen-F GTS Maloo,Buy Cars Base,FM Update 15,,,Common,,,"100,000",Factory,Modern Sport Touring,568,B,4.7,2.8,2.5,3.8,4.6,4.4,577,545,4034,6.99,55,6162,PDS,V,8,F,RWD,255/R20,275/R20,no,Roo bars,"565, 640, 788, 825",none,eng,Europe,Australia,,,2,R,4,,,4.100,9.000,12.617,180.1,125.3,304.0,0.95,0.97,4.900,12589,01-Jan-24,05-Nov-21,23-Sep-16,FM,FH3,S,FH5,FH4,FM7,FH3,,,,,,,,,5,XBO,1
FALSE,2011 HSV GTS,HSV GTS,1396,2011,HSV,GTS,Reward,FM Update 15,,,Rare,,,"85,000",Factory,Modern Sport Touring,503,B,4.7,2.5,2.4,3.3,7.6,,436,405,3918,8.99,53,6162,NA,V,8,F,RWD,245/R20,275/R20,Both,Forza,"565,640, 788, 825","TT, PDS, CS",stock,Europe,Australia,,,4,R,4,,,4.800,11.181,12.667,176.5,109.5,280.9,1.10,1.07,6.381,11863,01-Jan-24,,07-Feb-12,FM,FM4,R,,cu,FM7,,FM6,,FM5,,DLC,,,,6,XBO,1
FALSE,1996 HSV GTSR,Holden GTSR '96,2582,1996,HSV,GTSR,Buy Cars Base,,,,Rare,,,"79,000",Factory,Sport Touring Classics,416,C,3.6,1.9,2.0,2.7,,,308,350,3591,11.66,56,5737,NA,V,8,F,RWD,,235,Both,Forza,"415, 425, 565, 640, 788, 825","TT, PDS",stock,Asia,Australia,Holden Commodore,,4,R,4,,,5.600,13.900,,158.4,186.8,440.0,0.86,0.91,8.300,12637,05-Oct-23,,06-Dec-16,FM,FH3,FM,,cu,FM7,DLC,,,,,,,,,4,XBO,1
FALSE,1952 Hudson Hornet,Hudson Hornet,,1952,Hudson,Hornet,Exclusive,,,,Rare,,,"66,000",Factory,Rods and Customs,305,D,5.0,4.3,4.2,4.8,6.5,,160,260,3550,22.19,54,5049,NA,V,6,F,RWD,,185,Yes,Forza,"415, 640, 485, 700",PDS,stock,N. America,U.S.,,,2,L,4,,,12.100,39.979,,110.9,208.4,504.7,0.70,0.69,27.879,11917,,,03-Jul-12,FH4,FM4,,,cu,,,,,,,DLC,,,,2,XBO,0
FALSE,2006 Hummer H1 Alpha,Hummer H1,1345,2006,Hummer,H1 Alpha,"Autoshow, WS",,,,Rare,,,"112,000",Factory,Pickups & 4x4s,354,D,4.2,2.4,2.9,2.0,2.5,8.6,300,520,8114,27.05,52,6599,T,V,8,F,AWD,,315,no,bars,"415, 475d, 640, 700V, 800, 850, 1750",none,eng,N. America,U.S.,,,5,L,4,,"DVG, OR, ?HH",13.000,45.000,17.033,120.4,154.8,400.0,0.79,0.78,32.000,11787,,05-Nov-21,14-Oct-11,FH5,FM4,,FH5,HTF,FM7,FH3,FM6,FH2,DLC,,FM4,,,,8,XBO,0
FALSE,2006 Hummer H1 Alpha Open Top,Hummer Open Top,,2006,Hummer,H1 Alpha Open Top,Exclusive,,,,Rare,,,"250,000",Factory,Offroad,382,D,5.1,5.0,5.4,4.1,6.5,,300,525,7558,25.19,50,6599,T,V,8,F,AWD,,315,no,bars,"415, 640, 700V, 850",none,eng,N. America,U.S.,,Yes,4,L,4,,HH,10.600,38.017,,113.9,222.8,483.7,0.82,0.82,27.417,11996,,,04-Dec-12,FH4,FH1,,,cu,,,,,,DLC,,,,,2,XBO,0
FALSE,2023 Hyundai IONIQ 5 N,IONIQ 5 N '23,3827,2023,Hyundai,IONIQ 5 N,Reward,FM Update 17,,,,,,"105,000",Factory,Modern Hot Hatch,683,A,3.2,2.7,2.6,4.5,,,641,567,4881,7.61,50,0,E,E,E,M,AWD,275/R21,275/R21,,Forza,none,none,,Asia,Korea,,,4,L,4,,,3.300,7.500,11.517,163.9,105.8,275.7,1.11,1.09,4.200,,05-Mar-25,27-Jun-24,27-Jun-24,FM,FH5,R,cu,,,,,,,,,,,,2,XBO,1
FALSE,2022 Hyundai Elantra N,Elantra N '22,3862,2022,Hyundai,Elantra N,Buy Cars Base,FM Update 17,,,,,12-Mar-2025,"57,000",Factory,Modern Sport Compact,480,C,3.8,2.2,2.5,3.0,,,276,289,3296,11.94,64,2000,T,Inline,4,F,FWD,245/R19,245/R19,,"WB, Aftermarket","350, 375, 394, 475, 630",none,,Asia,Korea,,,4,L,4,,,5.300,12.683,13.800,167.2,110.5,287.1,1.11,1.08,7.383,,05-Mar-25,,05-Mar-25,FM,FM,S,,,,,,,,,,,,,1,XBO,1
FALSE,2022 Hyundai IONIQ 6,IONIQ6 '22,3828,2022,Hyundai,IONIQ 6,Seasonal,,,,,,,,Factory,Super Saloons,,,,,,,,,,,,,,,,,,,,,,,,,,,Asia,Korea,,,,,,,,,,,,,,,,,,,,,FH5,FH5,,cu,,,,,,,,,,,,1,XBO,0
FALSE,2022 Hyundai Kona N,Hyundai Kona '22,3820,2022,Hyundai,Kona N,Seasonal,,,,,,,,Factory,Sports Utility Heroes,,,,,,,,,,,,,,,,,,,,,,,,,,,Asia,Korea,,,,,,,,,,,,,,,,,,,,,FH5,FH5,,cu,,,,,,,,,,,,1,XBO,0
FALSE,2022 Hyundai N Vision 74,N Vision 74 '22,3829,2022,Hyundai,N Vision 74,Seasonal,,,,,,,,Factory,Track Toys,,,,,,,,,,,,,,,,,,,,,,,,,,,Asia,Korea,,,,,,,,,,,,,,,,,,,,,FH5,FH5,,cu,,,,,,,,,,,,1,XBO,0
FALSE,2021 Hyundai #98 Bryan Herta Autosport Elantra N,#98 Elantra,3676,2021,Hyundai,#98 Bryan Herta Autosport Elantra N,Buy Cars Base,FM Update 17,Challenge Hub,,,,,"259,000",Race,Forza Touring Cars,670,A,3.2,5.0,5.1,4.0,,,350,332,3120,8.91,59,2000,T,Inline,4,F,FWD,265,265,,Adjustable,none,none,,Asia,Korea,,,4,L,4,,,4.800,11.200,13.233,160.5,93.5,232.4,1.33,1.45,6.400,,10-Feb-25,02-May-24,02-May-24,FM,FH5,S,cu,,,,,,,,,,,,2,XBO,1
FALSE,2021 Hyundai i20 N,Hyundai i20 N,3928,2021,Hyundai,i20 N,Buy Cars Base,FM Update 17,,,,,,"48,000",Factory,Modern Hot Hatch,438,C,2.3,2.4,2.7,2.6,,,201,224,2624,13.05,63,1600,T,Inline,4,F,FWD,215,215,,Aftermarket,"212,350, 375, 394, 475, 630",none,,Asia,Korea,,,5,R,4,,,6.100,15.281,13.933,148.4,108.5,278.4,1.13,1.11,9.181,,10-Feb-25,,10-Feb-25,FM,FM,S,,,,,,,,,,,,,1,XBO,1
FALSE,2020 Hyundai #98 Bryan Herta Autosport Veloster N,#98 Veloster,3532,2020,Hyundai,#98 Bryan Herta Autosport Veloster N,Buy Cars Base,,,,,,21-Aug-2025,"265,000",Race,Forza Touring Cars,692,A,3.3,5.2,5.4,4.3,,,350,339,2899,8.28,59,1998,T,Inline,4,F,FWD,265/R18,265/R18,,Adjustable,none,none,,Asia,Korea,Hyundai Veloster,,3,L,4,,,4.417,10.200,12.617,162.5,98.7,240.4,1.35,1.49,5.783,13407,05-Oct-23,,05-Oct-23,FM,FM,FM,,,,,,,,,,,,,1,XBO,1
FALSE,2020 Hyundai i30 N,Hyundai i30 N,3678,2020,Hyundai,i30 N,Buy Cars Base,FM Update 17,,,,,19-Feb-2025,"54,000",Factory,Modern Hot Hatch,466,C,3.4,2.5,2.5,2.8,,,271,279,3150,11.62,63,1998,T,Inline,4,F,FWD,235/R19,235/R19,,Aftermarket,"212, 350, 375, 394, 475, 630",none,,Asia,Korea,,,5,L,4,,,6.000,14.900,13.567,163.6,108.7,282.9,1.10,1.09,8.900,,12-Feb-25,22-Feb-24,22-Feb-24,FM,FH5,S,cu,,,,,,,,,,,,2,XBO,1
FALSE,2019 Hyundai Veloster N,Veloster N '19,2872,2019,Hyundai,Veloster N,Buy Cars Base,,,,Epic,,,"54,000",Factory,Modern Hot Hatch,468,C,3.6,2.6,2.7,2.7,,,275,260,3106,11.29,64,1998,T,Inline,4,F,FWD,,235,no,Forza,"350, 375, 394I, 475, 630",none,eng,Asia,Korea,Hyundai Veloster,,3,L,4,,,6.218,15.119,13.817,165.6,135.3,347.6,0.91,0.91,8.901,12862,05-Oct-23,05-Nov-21,16-Jan-18,FM,FM7,FM,FH5,FH4,cu,,,,,,,,,,4,XBO,1
FALSE,2019 Hyundai Veloster N Forza Edition,Veloster FE '19,3802,2019,Hyundai,Veloster N Forza Edition,Buy Cars DLC,FM VIP,Gift w/DLC,,,,,"60,000",Upgraded,Modern Hot Hatch,497,C,2.8,3.3,3.5,2.6,,,276,261,3183,11.53,64,1998,T,Inline,4,F,FWD,235,235,,Adjustable,none,none,,Asia,Korea,Hyundai Veloster,,3,L,4,,,6.200,15.100,13.700,154.3,105.6,263.9,1.19,1.22,8.900,13408,05-Oct-23,,05-Oct-23,FM,FM,DLC,,,,,,,,,,,,,1,XBO,1
FALSE,2019 Hyundai Veloster Turbo,,,2019,Hyundai,Veloster Turbo,,,,,,,,,Factory,Modern Hot Hatch,381,D,5.6,4.4,4.6,6.5,,,201,195,2899,14.42,62,,T,Inline,4,F,FWD,,,,,,,eng,Asia,Korea,,,3,L,4,,,6.000,14.600,15.400,160.8,150.7,338.2,1.07,1.05,8.600,12863,,,16-Jan-18,FM7,FM7,,,,cu,,,,,,,,,,1,XBO,0
FALSE,2013 Hyundai Genesis Coupe,,,2013,Hyundai,Genesis Coupe,,,,,,,,,Factory,Sports,414,B,,,,,,,348,295,3563,10.24,,3800,NA,V,6,F,RWD,,,,,,,,Asia,Korea,,,3,L,4,,,,,,,,,,,,11971,,,23-Oct-12,FH1,FH1,,,,,,,,,FH1,,,,,1,360,0
FALSE,2013 Hyundai Genesis Coupe 3.8 Track,Hyundai Genesis,,2013,Hyundai,Genesis Coupe 3.8 Track,,,,,,,,,Factory,Asian Sports Cars,698,B,6.7,6.9,6.4,7.7,7.3,,348,295,3433,9.86,56,3778,NA,V,6,F,RWD,,,,,,,stock,Asia,Korea,,,2,L,4,,,5.300,13.200,,179.7,136.4,334.8,1.09,1.05,7.900,11928,,,07-Aug-12,FH3,FM4,,,,,FH3,FM6,FH2,FM5,,DLC,,,,5,XBO,0
FALSE,2013 Hyundai Veloster Turbo,Veloster Turbo,,2013,Hyundai,Veloster Turbo,,201201 Hyundai,,,,,,,Factory,Modern Hot Hatch,343,D,5.5,4.1,4.4,6.3,,,201,195,2767,13.77,64,,T,Inline,4,F,FWD,,,,,,,eng,Asia,Korea,,,3,L,4,,,7.500,20.000,14.983,145.9,150.6,342.8,1.06,1.00,12.500,11856,,,09-Jan-12,FM7,FM4,,,,FM7,,FM6,FH2,FM5,,cu,,,,5,XBO,0
FALSE,2011 Hyundai #67 Rhys Millen Racing Veloster,,,2011,Hyundai,#67 Rhys Millen Racing Veloster,,201201 Hyundai,,,,,,,Race,Hatch,693,S,,,,,,,500,600,2866,5.73,,,,,4,F,AWD,,,,,,,,Asia,Korea,,,3,L,4,,,3.100,,,147.1,,,,,,11855,,,09-Jan-12,FM4,FM4,,,,,,,,,,cu,,,,1,360,0
FALSE,2011 Hyundai ix20,,,2011,Hyundai,ix20,,,,,,,,,Factory,City,114,F,,,,,,,89,101,2795,31.40,,,,,4,F,FWD,,,,,,,,Asia,Korea,,,5,L,4,,,12.500,,,104.6,,,,,,11789,,,14-Oct-11,FM4,FM4,,,,,,,,,,FM4,,,,1,360,0
FALSE,2010 Hyundai Forza 3 Genesis Coup,,,2010,Hyundai,Forza 3 Genesis Coup,,,,,,,,,Upgraded,Coupe,856,R2,,,,,,,663,638,2400,3.62,,,,,,F,RWD,,,,,,,,Asia,Korea,,,,L,4,,,,,,,,,,,,11586,,,17-Nov-09,FM3,FM3,,,,,,,,,,,cu,,,1,360,0
FALSE,2010 Hyundai Forza Motorsport Genesis Coupe,,,2010,Hyundai,Forza Motorsport Genesis Coupe,,,,,,,,,Race,SGT500,859,R2,,,,,,,500,376,2400,4.80,,,,,8,F,RWD,,,,,,,,Asia,Korea,,,,L,4,,,3.700,,,172.0,,,,,,11788,,,14-Oct-11,FM4,FM4,,,,,,,,,,FM4,,,,1,360,0
FALSE,2010 Hyundai Genesis Coupe,,,2010,Hyundai,Genesis Coupe,,,,,,,,,Factory,Sports,411,C,,,,,,,306,266,3549,11.60,,,,,6,F,RWD,,,,,,,,Asia,Korea,,,,L,4,,,5.900,,,169.2,,,,,,11526,,,27-Oct-09,FM4,FM3,,,,,,,,,,FM4,FM3,,,2,360,0
FALSE,2010 Hyundai HKS Genesis Coupe ,,,2010,Hyundai,HKS Genesis Coupe ,,,,,,,,,Tuner,Coupe,497,B,,,,,,,440,417,3512,7.98,,,,,4,F,RWD,,,,,,,,Asia,Korea,,,,L,4,,,4.800,10.217,,,,,,,,11587,,,17-Nov-09,FM3,FM3,,,,,,,,,,,cu,,,1,360,0
FALSE,2010 Hyundai Rhys Millen Racing Genesis Coupe,,,2010,Hyundai,Rhys Millen Racing Genesis Coupe,,,,,,,,,Race,Super,670,S,,,,,,,638,626,2665,4.18,,,,,6,F,RWD,,,,,,,,Asia,Korea,,,2,L,4,,,3.500,,,163.9,,,,,,11588,,,17-Nov-09,FM4,FM3,,,,,,,,,,FM4,cu,,,2,360,0
FALSE,2003 Hyundai Tiburon GT,,,2003,Hyundai,Tiburon GT,,,,,,,,,Factory,,,D3,,,,,,,,,,#DIV/0!,,,,,,F,FWD,,,,,,,,Asia,Korea,,,2,L,4,,,,,,,,,,,.000,11096,,,03-May-05,FM1,FM1,,,,,,,,,,,,,FM1,1,360,0
FALSE,2003 Hyundai Tuscani Elisa,,,2003,Hyundai,Tuscani Elisa,,,,,,,,,Factory,Sports,289,D,,,,,,,167,101,3050,18.26,,,,,6,F,FWD,,,,,,,,Asia,Korea,,,2,L,4,,,7.600,,,138.8,,,,,,11286,,,29-May-07,FM4,FM2,,,,,,,,,,FM4,FM3,FM2,,3,360,0
FALSE,2015 Infiniti Q60 Concept,Infiniti Q60,2437,2015,Infiniti,Q60 Concept,"Autoshow, WS",,,,Common,,,"50,000",Factory,Super Saloons,735,A,6.8,4.7,5.6,4.8,5.0,4.6,400,400,3650,9.13,55,3000,TT,V,6,F,RWD,,275,no,Preset / WB,415,none,eng,N. America,U.S.,,,2,L,4,,,4.012,9.100,12.600,187.4,125.4,306.2,0.95,0.98,5.088,12401,,05-Nov-21,05-Oct-15,FH5,FM6,,FH5,FH4,FM7,FH3,DLC,,,,,,,,5,XBO,0
FALSE,2014 Infiniti Q50 Eau Rouge,Infiniti Q50 '14,2166,2014,Infiniti,Q50 Eau Rouge,Buy Cars Base,,,,Rare,,,"123,000",Factory,Sport Luxury,663,A,7.3,2.9,2.6,4.8,,,560,442,4023,7.18,57,3800,TT,V,6,F,AWD,,255,Both,,"603, 630, 788",none,no,N. America,U.S.,,,4,L,4,,,3.800,8.617,11.333,210.9,162.5,370.9,0.91,0.93,4.817,12117,05-Oct-23,,12-Aug-14,FM,FM5,FM,,FH4,FM7,FH3,FM6,,cu,,,,,,6,XBO,1
FALSE,2014 Infiniti Q50S,,,2014,Infiniti,Q50S,,,,,,,,,Factory,Executive Sport,423,C,6.7,,4.3,7.2,9.5,,328,269,3675,11.20,40,3500,NA,V,6,F,RWD,,,,,,,stock,N. America,U.S.,,,4,L,4,,,2.850,5.470,,183.2,71.2,173.2,1.70,2.42,2.620,12118,,,12-Aug-14,FM5,FM5,,,,,,,,cu,,,,,,1,XBO,0
FALSE,2013 Infiniti #77 Schmidt Peterson Motorsports Dallara IPS Indy Lights,,,2013,Infiniti,#77 Schmidt Peterson Motorsports Dallara IPS Indy Lights,,,,,,,,,Race,-,423,C,6.7,4.3,4.3,7.2,7.6,,420,300,1530,3.64,55,3700,NA,V,8,M,RWD,,,,,,,stock,N. America,U.S.,,Yes,1,C,4,,,5.483,13.483,,176.3,117.5,296.2,1.07,1.04,8.000,12101,,,30-May-14,FM5,FM5,,,,,,,,DLC,,,,,,1,360,0
FALSE,2012 Infiniti IPL G Coupe,Infiniti IPL '12,1663,2012,Infiniti,IPL G Coupe,Buy Cars Base,,,,,,,"72,000",Factory,Modern Sport Touring,442,C,4.3,2.3,2.3,2.8,,,348,276,3718,10.68,54,3696,NA,V,6,F,RWD,,,,,"250, 415, 565, 630, 690, 788","TT, CS",stock,N. America,U.S.,Infiniti G,,2,L,4,,,5.418,12.918,13.550,170.7,140.3,349.7,1.08,1.05,7.500,11972,05-Oct-23,,23-Oct-12,FM,FH1,FM,,,FM7,FH3,FM6,,FM5,FH1,,,,,6,XBO,1
FALSE,2008 Infiniti G37 Coupe Sport,,,2008,Infiniti,G37 Coupe Sport,,,,,,,,,Factory,Sports,442,B,,,,,,,330,270,3668,11.12,,,,,6,F,RWD,,,,,,,,N. America,U.S.,,,2,L,4,,,5.300,,,179.1,,,,,,11527,,,27-Oct-09,FM4,FM3,,,,,,,,,,FM4,FM3,,,2,360,0
FALSE,2003 Infiniti G35 Coupe,Infiniti G35 '03,350,2003,Infiniti,G35 Coupe,Buy Cars Base,,,,,,,"73,000",Factory,Sport Touring Classics,415,C,4.4,2.1,2.3,2.6,,,280,270,3435,12.27,53,3500,NA,V,6,F,RWD,,,,Aftermarket,"250, 415, 565, 630, 690, 788","TT, PDS, CS",stock,N. America,U.S.,Infiniti G,,2,L,4,,,6.100,14.919,14.600,175.0,135.2,344.2,1.08,1.04,8.819,11097,05-Oct-23,,03-May-05,FM,FM1,FM,,,FM7,,,,,,FM4,FM3,FM2,FM1,6,XBO,1
FALSE,1970 International Scout 800A,IH Scout 800A,2558,1970,International,Scout 800A,"Autoshow, WS",,,,Common,,,"40,000",Factory,Pickups & 4x4s,384,D,4.1,2.1,3.0,2.7,3.6,7.8,193,273,3615,18.73,56,4982,NA,V,8,F,AWD,,195,no,Bed,"415, 475d, 640, 700V, 850, 1750",PDS,stock,N. America,U.S.,,opt,2,L,4,,"DVG, AWW, ?WW",15.269,34.778,19.600,116.0,174.6,444.8,0.75,0.75,19.509,12643,,05-Nov-21,13-Dec-16,FH5,FH3,,FH5,FH4,FM7,DLC,,,,,,,,,4,XBO,0
FALSE,2019 Italdesign DaVinci Concept,DaVinci,3320,2019,Italdesign,DaVinci Concept,DLC Autoshow,FH5 Italian Exotics,Gift w/DLC,,Rare,,,"150,000",Factory,GT Cars,809,S1,7.1,4.7,5.2,6.8,7.5,5.2,750,774,5071,6.76,49,0,E,E,E,M,AWD,,285,Both,Forza,none,none,E,Europe,Italy,,,2,L,4,,,5.700,9.826,,200.8,110.2,297.7,0.94,0.95,4.126,13381,,15-Aug-23,15-Aug-23,FH5,FH5,,DLC,,,,,,,,,,,,1,XBO,0
FALSE,2018 Italdesign Zerouno,ID Zerouno '18,3194,2018,Italdesign,Zerouno,Seasonal,,,,Legendary,,,"2,400,000",Factory,Hypercars,869,S1,7.6,8.0,7.7,9.2,8.9,4.9,602,413,3362,5.58,42,5204,NA,V,10,M,AWD,,305,Both,Sport,"700V, 750","TT, CS",stock,Europe,Italy,,,2,L,4,,HR,2.900,6.250,,210.9,87.0,201.2,1.24,1.43,3.350,13108,,05-Nov-21,27-Aug-19,FH5,FH4,,FH5,cu,,,,,,,,,,,2,XBO,0
FALSE,2020 Jaguar F-Type SVR,Jag F-TYPE SVR,3697,2020,Jaguar,F-Type SVR,Seasonal,,,,,,,,Factory,GT Cars,,,,,,,,,,,,,,,,,,,,,,,,,,,Europe,U.K.,,,,,,,,,,,,,,,,,,,,,FH5,FH5,,cu,,,,,,,,,,,,1,XBO,0
FALSE,2019 Jaguar XE SV Project 8,Jag. XE P8 '19,3602,2019,Jaguar,XE SV Project 8,DLC,,,,,,,,Factory,Track Toys,,,,,,,,,,,,,,,,,,,,,,,,,,,Europe,U.K.,,,,,,,,,,,,,,,,,,,,,FH5,FH5,,DLC,,,,,,,,,,,,1,XBO,0
FALSE,2018 Jaguar I-PACE,Jaguar I-PACE,2841,2018,Jaguar,I-PACE,"Autoshow, WS",,,,Rare,,,"87,000",Factory,Sports Utility Heroes,705,A,4.5,3.7,4.9,4.5,4.7,5.8,394,513,4868,12.36,50,0,E,E,E,F,AWD,,255,Both,Forza,none,none,E,Europe,U.K.,,,4,L,4,,Heavy,4.500,13.000,,130.7,126.3,334.7,0.90,0.90,8.500,13154,,05-Nov-21,26-Aug-20,FH5,FH4,,FH5,cu,,,,,,,,,,,2,XBO,0
FALSE,2017 Jaguar F-PACE S,Jaguar F-PACE S,2571,2017,Jaguar,F-PACE S,"Autoshow, WS",,,,Common,,,"55,000",Factory,Sports Utility Heroes,674,B,6.0,3.8,5.0,5.4,4.8,6.5,380,332,4015,10.57,50,2995,PDS,V,6,F,AWD,,265,no,Preset / Offroad,"510, 300, 805",none,eng,Europe,U.K.,,,5,L,4,,,5.135,13.068,13.267,164.1,131.5,335.9,0.92,0.91,7.933,12638,,05-Nov-21,06-Dec-16,FH5,FH3,,FH5,FH4,FM7,DLC,,,,,,,,,4,XBO,0
FALSE,2016 Jaguar F-TYPE Project 7,Jaguar Project 7,2492,2016,Jaguar,F-TYPE Project 7,"Accolade, WS",,Accolade,,Epic,,,"190,000",Factory,Track Toys,786,A,7.0,6.5,6.3,5.1,5.4,4.3,567,516,3571,6.30,53,5000,PDS,V,8,F,RWD,,295,no,Forza,"602, 700V, 750, 800",none,eng,Europe,U.K.,,Yes,2,L,4,,"OR, OT, ?BRG, SS",3.788,8.072,12.417,190.2,101.7,247.7,1.01,1.06,4.284,12447,,05-Nov-21,05-Apr-16,FH5,FM6,,FH5,FH4,FM7,FH3,DLC,,,,,,,,5,XBO,0
FALSE,2016 Jaguar F-TYPE Project 7 Forza Edition,Jaguar P7 FE,,2016,Jaguar,F-TYPE Project 7 Forza Edition,,,,,,,,,Upgraded,Sport Coupe,674,A,6.8,5.7,5.6,8.3,,,549,500,3488,6.35,53,,PDS,V,8,F,RWD,,,,,,,eng,Europe,U.K.,,Yes,2,L,4,,,3.800,8.116,,180.0,125.1,315.1,1.23,1.26,4.316,12805,,,29-Sep-17,FM7,FM7,,,,FE,,,,,,,,,,1,XBO,0
FALSE,2016 Jaguar F-TYPE Project 7 Horizon Edition,,,2016,Jaguar,F-TYPE Project 7 Horizon Edition,,,,,,,,,Upgraded,Extreme Track Toys,830,S1,7.2,9.1,7.5,8.3,8.0,,567,516,3571,6.30,53,5000,PDS,V,8,F,RWD,,S1,,,,,eng,Europe,U.K.,,Yes,2,L,4,,,,,,,,,,,.000,12590,,,23-Sep-16,FH3,FH3,,,,,HE,,,,,,,,,1,XBO,0
FALSE,2016 Jaguar F-TYPE Project 7 PreOrder,,,2016,Jaguar,F-TYPE Project 7 PreOrder,DLC promo,,,,,,,,Upgraded,Extreme Track Toys,900,S1,7.6,9.6,8.1,8.8,8.3,,567,516,2897,5.11,52,5000,,V,8,F,RWD,,,,,,,eng,Europe,U.K.,,Yes,2,L,4,,,3.800,8.100,,204.7,119.3,294.0,1.18,1.33,4.300,12591,,,23-Sep-16,FH3,FH3,,,,,DLC,,,,,,,,,1,XBO,0
FALSE,2015 Jaguar F-TYPE R Coupé,Jag. F-Type R 15,2162,2015,Jaguar,F-TYPE R Coupé,Buy Cars Base,,,,Rare,,,"124,000",Factory,Modern Sport Coupe,646,A,6.4,3.2,2.9,4.7,,,550,502,3638,6.61,52,5000,PDS,V,8,F,RWD,,295,no,,"565, 603, 630, 788",none,eng,Europe,U.K.,Jaguar F-Type,,2,L,4,,,3.588,7.686,11.800,205.1,104.2,255.7,0.97,1.01,4.098,12181,05-Oct-23,05-Nov-21,07-Oct-14,FM,FH2,FM,FH5,FH4,FM7,FH3,FM6,DLC,,,,,,,7,XBO,1
FALSE,2015 Jaguar F-TYPE R Coupe F&F Edition,Jaguar F-Type FF,,2015,Jaguar,F-TYPE R Coupe F&F Edition,,,,,,,,,Tuner,Fast & Furious,641,A,7.6,5.0,5.1,8.4,,,550,502,3638,6.61,52,,PDS,V,8,F,RWD,,295,,Forza,650,none,eng,Europe,U.K.,,,2,L,4,,,3.600,7.700,11.833,205.8,126.5,320.3,1.14,1.14,4.100,12806,,,29-Sep-17,FM7,FM7,,,,DLC,,,,,,,,,,1,XBO,0
FALSE,2015 Jaguar XE-S,Jaguar XE-S,2570,2015,Jaguar,XE-S,"Autoshow, WS",,,,Common,,,"57,000",Factory,Super Saloons,671,B,6.8,3.7,5.5,4.7,4.8,4.9,340,332,3787,11.14,53,2995,PDS,V,6,F,RWD,,265,Both,Forza,805,none,eng,Europe,U.K.,,,4,R,4,,,4.487,11.485,13.100,183.6,140.9,349.2,0.92,0.94,6.998,12669,,05-Nov-21,07-Mar-17,FH5,FH3,,FH5,FH4,FM7,DLC,,,,,,,,,4,XBO,0
FALSE,2015 Jaguar XFR-S,Jag. XRF-S '15,2185,2015,Jaguar,XFR-S,Buy Cars Base,,,,Rare,,,"106,000",Factory,Sport Luxury,570,B,6.6,2.9,2.6,4.0,,,550,502,4380,7.96,54,5000,PDS,V,8,F,RWD,,295,no,,"565, 630, 788",none,eng,Europe,U.K.,,,5,R,4,,,3.887,9.085,12.550,204.6,133.0,331.5,0.94,0.96,5.198,12207,05-Oct-23,05-Nov-21,03-Mar-15,FM,FH2,FM,FH5,FH4,FM7,FH3,FM6,DLC,,,,,,,7,XBO,1
FALSE,2015 Jaguar XKR-S GT,Jag. XKR-S GT '15,2235,2015,Jaguar,XKR-S GT,Buy Cars Base,,,,Epic,,,"124,000",Factory,Modern Sport Touring,646,A,6.1,3.6,3.3,4.7,,,542,501,3977,7.34,54,5000,PDS,V,8,F,RWD,,305,Both,,"565, 603, 630, 788",none,eng,Europe,U.K.,,,2,L,4,,,4.114,8.616,11.967,196.2,104.5,252.4,0.98,1.04,4.502,12366,05-Oct-23,27-Jan-22,15-Sep-15,FM,FM6,FM,cu,HTF,FM7,FH3,FM6,,,,,,,,6,XBO,1
FALSE,2014 Jaguar #14 Emil Frey GT3 Jaguar XK,#14 Jaguar XK,,2014,Jaguar,#14 Emil Frey GT3 Jaguar XK,,,,,,,,,Race,Forza GT,832,R,6.6,7.0,7.1,8.9,,,600,442,2822,4.70,50,,NA,V,8,F,RWD,,325,,,none,none,stock,Europe,U.K.,,,2,L,4,,,3.100,6.000,11.100,180.4,109,257.4,1.45,1.06,2.900,12486,,,12-Jul-16,FM7,FM6,,,,FM7,,DLC,,,,,,,,2,XBO,0
FALSE,2012 Jaguar XKR-S,Jaguar XKR-S '12,1496,2012,Jaguar,XKR-S,"Autoshow, WS",,,,Rare,,,"100,000",Factory,GT Cars,756,A,7.5,4.3,6.1,4.9,5.1,4.4,542,501,3865,7.13,53,5000,PDS,V,8,F,RWD,,295,no,Forza,"602, 805, 750, 800",TT,eng,Europe,U.K.,,,2,L,4,,,4.100,8.400,12.233,204.7,132.0,326.7,0.97,1.01,4.300,11879,,05-Nov-21,03-Apr-12,FH5,FM4,,FH5,FH4,FM7,,,FH2,FM5,FH1,DLC,,,,7,XBO,0
FALSE,2010 Jaguar #33 RSR XKR GT,,,2010,Jaguar,#33 RSR XKR GT,,,,,,,,,Race,GT2,752,R3,,,,,,,521,450,2745,5.27,,,,,8,F,RWD,,,,,,,,Europe,U.K.,,,2,L,4,,,4.016,,,181.3,,,,,,11616,,,08-Mar-10,FM4,FM3,,,,,,,,,,FM4,DLC,,,2,360,0
FALSE,2010 Jaguar C-X75,Jaguar C-X75,3055,2010,Jaguar,C-X75,"Autoshow, WS",,,,Legendary,,,"1,500,000",Factory,Modern Supercars,880,S1,8.1,8.0,7.8,9.4,10.0,4.1,890,738,3750,4.21,45,1603,T,Inline,4,M,AWD,,325,no,Forza,none,none,no,Europe,U.K.,,,2,L,4,,,2.900,5.600,,223.2,87.3,215.0,1.13,1.25,2.700,12983,,05-Nov-21,28-Sep-18,FH5,FH4,,FH5,DLC,,,,,,,,,,,2,XBO,0
FALSE,2010 Jaguar XFR,,,2010,Jaguar,XFR,,,,,,,,,Factory,Sedan,501,A,,,,,,,510,461,4414,8.65,,,,,8,F,RWD,,,,,,,,Europe,U.K.,,,2,L,4,,,4.300,,,202.5,,,,,,11594,,,08-Dec-09,FM4,FM3,,,,,,,,,,FM4,DLC,,,2,360,0
FALSE,2009 Jaguar XKR-S,,,2009,Jaguar,XKR-S,,,,,,,,,Factory,Sports,524,A,,,,,,,420,413,3880,9.24,,,,,8,F,RWD,,,,,,,,Europe,U.K.,,,2,R,4,,,4.200,,,185.2,,,,,,11528,,,27-Oct-09,FM4,FM3,,,,,,,,,,FM4,FM3,,,2,360,0
FALSE,2007 Jaguar XK Coupe,,,2007,Jaguar,XK Coupe,,,,,,,,,Factory,,563,B,,,,,,,,,,#DIV/0!,,,,,,F,RWD,,,,,,,,Europe,U.K.,,,2,R,4,,,,,,,,,,,,11287,,,29-May-07,FM2,FM2,,,,,,,,,,,,FM2,,1,360,0
FALSE,1993 Jaguar XJ220,Jag. XJ220 '93,489,1993,Jaguar,XJ220,Buy Cars Base,,,,Legendary,,,"154,000",Factory,Exotic GT Classics,700,A,7.0,3.6,3.8,5.5,,,542,473,3241,5.98,42,3498,TT,V,6,M,RWD,,345,no,,"562, 603, 630, 788",none,eng,Europe,U.K.,Jaguar XJ,,2,L,4,,"OR, ?WFRC",3.800,8.000,,208.2,112.5,277.7,1.12,1.20,4.200,11099,05-Oct-23,05-Nov-21,03-May-05,FM,FM1,FM,FH5,Barn,FM7,FH3,FM6,DLC,,,FM4,FM3,FM2,FM1,11,XBO,1
FALSE,1993 Jaguar XJ220 Forza Edition,Jaguar XJ220 FE,,1993,Jaguar,XJ220 Forza Edition,,,,,,,,,Upgraded,Rise of the Supercar,750,S,7.6,5.8,6.0,8.9,,,568,496,2954,5.20,42,,TT,V,6,M,RWD,,,,,"562, 650",none,eng,Europe,U.K.,,,2,L,4,,,3.800,8.000,,203.7,124,295.9,1.28,1.33,4.200,12807,,,29-Sep-17,FM7,FM7,,,,FE,,,,,,,,,,1,XBO,0
FALSE,1993 Jaguar XJ220 Horizon Edition,Jaguar XJ220 HE,,1993,Jaguar,XJ220 Horizon Edition,,,,,,,,,Upgraded,Retro Super Cars,859,S1,8.2,9.0,7.7,8.7,8.4,,542,473,3241,5.98,42,2855,TT,V,6,M,RWD,,S1,,,,,eng,Europe,U.K.,,,2,L,4,,WFC,,,,,,,,,.000,12593,,,23-Sep-16,FH3,FH3,,,,,HE,,,,,,,,,1,XBO,0
FALSE,1993 Jaguar XJ220S TWR,Jag. XJ220S '93,3293,1993,Jaguar,XJ220S TWR,Buy Cars Base,,,,Rare,,,"334,000",Factory,Exotic GT Classics,786,S,7.9,4.2,4.5,6.4,,,680,526,2379,3.50,42,3498,TT,V,6,M,RWD,,345,Both,,"562, 603, 630, 788",none,eng,Europe,U.K.,Jaguar XJ,,2,L,4,,,2.885,5.983,,224.9,109.6,262.9,1.20,1.35,3.098,13268,05-Oct-23,13-Jan-22,13-Jan-22,FM,FH5,FM,DLC,,,,,,,,,,,,2,XBO,1
FALSE,1991 Jaguar Sport XJR-15,Jag. XJR-15 '91,3287,1991,Jaguar,Sport XJR-15,Buy Cars Base,,,,Legendary,,,"285,000",Factory,Exotic GT Classics,740,S,6.5,3.7,4.1,5.6,,,450,420,2315,5.14,48,5990,NA,V,12,M,RWD,245,335,Both,Forza,"565, 603, 640","TT, PDS",stock,Europe,U.K.,Jaguar XJ,,2,R,4,,,3.800,7.183,,207.7,109.8,258.8,1.23,1.49,3.383,13235,05-Oct-23,05-Nov-21,05-Nov-21,FM,FH5,FM,FH5,,,,,,,,,,,,2,XBO,1
FALSE,1990 Jaguar XJ-S,Jaguar XJ-S,,1990,Jaguar,XJ-S,,,,,Common,,,"25,000",Factory,Cult Cars,557,C,6.8,4.8,4.7,4.8,5.7,,299,318,3968,13.27,55,5354,NA,V,12,F,RWD,,235,no,Forza,none,"TT, PDS",stock,Europe,U.K.,,,2,R,4,,RPC,8.600,17.300,16.319,166.3,192.2,461.6,0.77,0.76,8.700,12448,,,05-Apr-16,FH4,FM6,,,FH4,FM7,FH3,DLC,,,,,,,,4,XBO,0
FALSE,1988 Jaguar #1 Jaguar Racing XJR-9,Jag. #1 XJR-9,2826,1988,Jaguar,#1 Jaguar Racing XJR-9,Buy Cars Base,,,,,,8-May-2024,"373,000",Race,GTP/C,969,P,6.2,10.0,10.0,8.8,,,750,610,1942,2.59,40,7000,NA,V,12,M,RWD,290/R17,360/R18,,Adjustable,none,none,stock,Europe,U.K.,,,2,R,4,,,2.400,5.000,9.000,202.4,76.9,192.1,1.71,2.47,2.600,12808,05-Oct-23,,29-Sep-17,FM,FM7,FM,,,FM7,,,,,,,,,,2,XBO,1
FALSE,1988 Jaguar #60 Castrol Jaguar Racing XJR-9,#60 Jaguar XJR-9,,1988,Jaguar,#60 Castrol Jaguar Racing XJR-9,,,,,,,,,Livery,Early Prototype Racers,981,P,7.5,8.8,8.9,9.8,,,750,610,1942,2.59,40,,NA,V,12,M,RWD,,360,,,none,none,stock,Europe,U.K.,,,2,R,4,,,2.400,4.948,9.717,202.6,92.2,203.5,1.71,2.44,2.548,12441,,,15-Mar-16,FM7,FM6,,,,FM7,,DLC,,,,,,,,2,XBO,0
FALSE,1983 Jaguar #44 Group 44 XJR-5,Jag. #44 XJR-15,2800,1983,Jaguar,#44 Group 44 XJR-5,Buy Cars Base,,,,,,,"349,000",Race,GTP/C,928,P,7.2,9.2,9.9,7.5,,,525,430,2030,3.87,45,5300,NA,V,12,M,RWD,280,355,,Adjustable,none,none,stock,Europe,U.K.,,,2,R,4,,,3.800,6.600,9.833,212.6,77.8,186.0,1.64,2.26,2.800,12879,05-Oct-23,,05-Mar-18,FM,FM7,FM,,,DLC,,,,,,,,,,2,XBO,1
FALSE,1966 Jaguar XJ13,Jaguar XJ13,3415,1966,Jaguar,XJ13,DLC Autoshow,FH5 Car Pass,Gift w/DLC,,Rare,,,"18,000,000",Factory,Classic Racers,779,A,7.6,4.0,4.9,5.1,4.4,4.2,502,378,2557,5.09,44,4994,NA,V,12,M,RWD,,285,Front,Forza,750,TT,stock,Europe,U.K.,,Yes,2,R,4,,,3.600,8.100,,209.8,129.2,329.7,0.99,1.03,4.500,13267,,06-Jan-22,06-Jan-22,FH5,FH5,,DLC,,,,,,,,,,,,1,XBO,0
FALSE,1964 Jaguar Lightweight E-Type,Jaguar LW E-Type,2992,1964,Jaguar,Lightweight E-Type,"Autoshow, WS",,,,Legendary,,,"7,500,000",Factory,Classic Racers,688,B,6.3,3.4,4.4,4.7,4.4,4.6,340,314,2292,6.74,50,3781,NA,Inline,6,F,RWD,,255,no,Forza,"321, 510, 602, 805","T, TT, CS",stock,Europe,U.K.,,,2,R,4,,HR,4.087,9.867,,174.2,147.2,366.9,0.92,0.91,5.780,12984,,05-Nov-21,28-Sep-18,FH5,FH4,,FH5,FH4,,,,,,,,,,,2,XBO,0
FALSE,1961 Jaguar E-type,Jag. E-Type,336,1961,Jaguar,E-type,Buy Cars Base,,,,Epic,,,"87,000",Factory,Vintage Le Mans Sportscars,304,D,1.5,1.3,1.5,1.9,,,265,260,2900,10.94,47,3781,NA,Inline,6,F,RWD,,195,no,,"333, 350, 415, 425, 565, 640, 788",T,stock,Europe,U.K.,,,2,R,4,,,7.382,19.000,15.600,144.3,165.0,412.3,0.79,0.79,11.618,11098,05-Oct-23,05-Nov-21,03-May-05,FM,FM1,FM,FH5,HTF,FM7,FH3,FM6,FH2,FM5,FH1,FM4,FM3,FM2,FM1,13,XBO,1
FALSE,1959 Jaguar Mk II 3.8,Jag. Mk II '59,2559,1959,Jaguar,Mk II 3.8,Buy Cars Base,,,,Epic,,,"49,000",Race,Sport Coupe Icons,252,E,1.0,1.0,1.0,1.6,,,220,240,3360,15.27,57,3781,NA,Inline,6,F,RWD,,185,no,,"276, 333, 375, 394I, 415, 425, 603, 630, 788","T, PDS",stock,Europe,U.K.,,,4,R,4,,,8.500,25.118,16.100,124.1,165.6,405.5,0.78,0.78,16.618,12592,05-Oct-23,05-Nov-21,23-Sep-16,FM,FH3,FM,FH5,FH4,FM7,FH3,,,,,,,,,5,XBO,1
FALSE,1956 Jaguar D-Type,Jag. D-Type,1301,1956,Jaguar,D-Type,Buy Cars Base,,,,Legendary,,,"138,000",Race,Vintage Le Mans Sportscars,493,C,4.7,2.3,2.9,2.3,,,245,242,2100,8.57,54,3442,NA,Inline,6,F,RWD,195/R16,205/R16,no,Forza,none,"T, PDS",stock,Europe,U.K.,,Yes,2,R,4,,"CS, HR",4.700,12.085,13.685,180.5,99.0,275.3,1.17,1.09,7.385,11663,05-Oct-23,05-Nov-21,29-Oct-10,FM,FM3,FM,FH5,FH4,FM7,FH3,FM6,FH2,DLC,FH1,FM4,DLC,,,11,XBO,1
FALSE,1954 Jaguar XK120 SE,Jaguar XK120,,1954,Jaguar,XK120 SE,,,,,Epic,,,"120,000",Factory,Rare Classics,469,D,5.8,4.4,4.5,5.7,7.1,,210,220,3015,14.36,47,3442,NA,Inline,6,F,RWD,,190,no,Lights/hood,"321, 510, 602","T, PDS",stock,Europe,U.K.,,Yes,2,L,4,,WFRC,7.000,19.300,14.983,137.6,199.1,499.2,0.71,0.70,12.300,11918,,,03-Jul-12,FH4,FM4,,,FH4,FM7,FH3,FM6,FH2,,,DLC,,,,6,XBO,0
FALSE,1953 Jaguar C-Type,Jaguar C-Type,3097,1953,Jaguar,C-Type,DLC store,,,,Legendary,,,"5,000,000",Factory,Classic Racers,495,D,6.4,4.0,4.1,5.2,6.6,,225,243,2127,9.45,50,3442,NA,Inline,6,F,RWD,,185,no,Forza,"321, 510, 602","T, PDS",stock,Europe,U.K.,,,2,R,4,,HR,8.000,17.150,,152.7,183.0,461.5,0.71,0.70,9.150,13039,,05-Dec-23,29-Nov-18,FH5,FH4,,cu,DLC,,,,,,,,,,,2,XBO,0
FALSE,2015 James Bond Edition Aston Martin DB10 ,AM DB10 JB,,2015,James Bond Edition,Aston Martin DB10 ,DLC store,,,,Epic,,,"220,000",Factory,Modern Super Cars,814,S1,7.7,8.0,7.4,6.9,8.5,,500,412,3400,6.80,51,4735,NA,V,8,F,RWD,,305,no,Forza,750,PDS,stock,Europe,U.K.,,,2,R,4,,,4.200,9.017,,200.4,127.1,313.8,1.06,1.13,4.817,12986,,,28-Sep-18,FH4,FH4,,,DLC,,,,,,,,,,,1,XBO,0
FALSE,1999 James Bond Edition BMW Z8 ,BMW Z8 JB,,1999,James Bond Edition,BMW Z8 ,DLC store,,,,Rare,,,"150,000",Factory,Retro Sports Cars,720,A,6.9,5.7,6.3,6.3,8.0,,394,369,3494,8.87,51,4941,NA,V,6,F,RWD,,275,Both,Forza,"414, 510, 602, 500, 700",TT,stock,Europe,U.K.,,Yes,2,L,4,,,4.500,10.615,13.000,172.7,167.6,411.1,0.91,0.93,6.115,11790,,,14-Oct-11,FH4,FM4,,,DLC,FM7,,FM6,,DLC,,FM4,,,,5,XBO,0
FALSE,1986 James Bond Edition Aston Martin V8 ,AM V8 JB,,1986,James Bond Edition,Aston Martin V8 ,DLC store,,,,Epic,,,"200,000",Factory,Retro Sports Cars,620,B,6.9,4.9,5.3,5.7,6.8,,432,395,4008,9.28,51,5340,NA,V,8,F,RWD,,255,no,Forza,"510, 602","TT, PDS",stock,Europe,U.K.,,,2,R,4,,,5.200,12.800,,172.6,191.0,465.9,0.81,0.82,7.600,12989,,,28-Sep-18,FH4,FH4,,,DLC,,,,,,,,,,,1,XBO,0
FALSE,1981 James Bond Edition Citroen 2CV6 ,Citroen 2CV6 JB,,1981,James Bond Edition,Citroen 2CV6 ,DLC store,,,,Rare,,,"80,000",Factory,Cult Cars,100,D,4.1,3.8,3.9,4.1,4.8,,60,72,1730,28.83,60,1299,NA,Flat,4,F,FWD,,125,Front,Forza,"330, 475","T, CS",stock,Europe,U.K.,,,4,L,4,,,13.300,999.999,,85.3,199.8,na,0.66,0.65,986.699,12990,,,28-Sep-18,FH4,FH4,,,DLC,,,,,,,,,,,1,XBO,0
FALSE,1977 James Bond Edition Lotus Esprit S1 ,Lotus Esprit JB,,1977,James Bond Edition,Lotus Esprit S1 ,DLC store,,,,Legendary,,,"550,000",Factory,Retro Super Cars,541,C,5.7,5.1,5.6,5.6,6.8,,160,140,2101,13.13,44,1973,NA,Inline,4,M,RWD,,205,no,Bond,"321, 212, 300",T,stock,Europe,U.K.,,,2,R,4,,,7.400,20.000,,131.9,178.9,443.7,0.84,0.87,12.600,12991,,,28-Sep-18,FH4,FH4,,,DLC,,,,,,,,,,,1,XBO,0
FALSE,1974 James Bond Edition AMC Hornet X Hatchback,AMC Hornet '74,,1974,James Bond Edition,AMC Hornet X Hatchback,DLC store,,,,Common,,,"35,000",Factory,Classic Muscle,414,D,5.7,4.2,4.3,5.1,6.4,,175,285,3100,17.71,55,5900,NA,V,8,F,RWD,,180,no,Hood,"415, 640, 700","TT, PDS",stock,Europe,U.K.,,,2,L,4,,,8.100,21.600,,130.6,205.9,508.1,0.71,0.70,13.500,12985,,,28-Sep-18,FH4,FH4,,,DLC,,,,,,,,,,,1,XBO,0
FALSE,1964 James Bond Edition Aston Martin DB5 ,AM DB5 JB,,1964,James Bond Edition,Aston Martin DB5 ,DLC store,,,,Legendary,,,"650,000",Tuner,Rare Classics,618,B,6.3,4.7,5.0,5.7,7.2,,325,288,3230,9.94,51,3995,NA,Inline,6,F,RWD,,210,no,Forza,"510, 602",T,stock,Europe,U.K.,,,2,R,4,,,8.179,19.200,,152.9,194.4,484.9,0.73,0.73,11.021,12987,,,28-Sep-18,FH4,FH4,,,DLC,,,,,,,,,,,1,XBO,0
FALSE,2020 Jeep Gladiator Rubicon,Jeep Gladiator,3255,2020,Jeep,Gladiator Rubicon,"Autoshow, WS",,,,Common,,,"45,000",Factory,Pickups & 4x4s,456,D,4.8,2.5,3.0,3.6,3.2,8.4,285,260,5073,17.80,53,3604,NA,V,6,F,AWD,,285,no,Bed / open top,1750,PDS,stock,N. America,U.S.,,Yes,4,L,4,,,7.200,21.100,,128.6,158.1,397.9,0.76,0.76,13.900,13176,,05-Nov-21,05-May-21,FH5,FH4,,FH5,cu,,,,,,,,,,,2,XBO,0
FALSE,2018 Jeep Grand Cherokee Trackhawk,Jeep Trackhawk,3164,2018,Jeep,Grand Cherokee Trackhawk,"Autoshow, WS",,,,Common,,,"73,000",Factory,Sports Utility Heroes,749,A,6.9,4.9,5.1,8.5,7.8,5.6,707,645,5350,7.57,57,6116,PDS,V,8,F,AWD,,295,no,Preset / lights,"800, 1750",none,no,N. America,U.S.,,,5,L,4,,Heavy,3.516,8.200,11.517,183.3,112.8,285.6,0.92,0.91,4.684,12854,,05-Nov-21,05-Dec-17,FH5,FM7,,FH5,HTF,DLC,,,,,,,,,,3,XBO,0
FALSE,2016 Jeep Trailcat,Jeep Trailcat,2742,2016,Jeep,Trailcat,"Autoshow, WS",,"Accolade, Gift 202201 Halo livery",,Rare,,,"75,000",Factory,Unlimited Offroad,744,A,6.2,4.0,3.9,5.5,4.1,10.0,707,650,4600,6.51,55,6166,PDS,V,8,F,AWD,,325,no,Bars / Bed,"707, 800, 850, 1750",none,no,N. America,U.S.,,,2,L,4,,AWW. ?HH,3.894,8.469,11.600,170.6,139.9,364.1,0.91,0.90,4.575,12681,,05-Nov-21,09-May-17,FH5,FH3,,FH5,HTF,FM7,DLC,,,,,,,,,4,XBO,0
FALSE,2014 Jeep Grand Cherokee SRT,Cherokee '14,2108,2014,Jeep,Grand Cherokee SRT,"Autoshow, WS",,,,Common,,,"80,000",Factory,Sports Utility Heroes,680,B,6.0,4.0,4.1,6.0,5.8,6.7,470,465,5150,10.96,54,6417,NA,V,8,F,AWD,,295,no,Preset / Offroad,"475d, 640, 700V, 800, 1750","TT, PDS",stock,N. America,U.S.,,,5,L,4,,Heavy,4.600,11.900,12.800,165.6,131.9,330.1,0.91,0.91,7.300,12182,,05-Nov-21,07-Oct-14,FH5,FH2,,FH5,FH4,FM7,FH3,FM6,DLC,,,,,,,6,XBO,0
FALSE,2013 Jeep Wrangler Unlimited F&F Edition,,,2013,Jeep,Wrangler Unlimited F&F Edition,,,,,,,,,Tuner,Offroad,800,A,5.7,,7.2,8.1,,,570,837,4630,8.12,50,2776,,,,F,AWD,,,,,,,,N. America,U.S.,,,5,L,4,,,7.000,,,156.4,,,,,,12218,,,07-Apr-15,FH2,FH2,,,,,,,DLC,,,,,,,1,XBO,0
FALSE,2012 Jeep Grand Cherokee SRT8,,,2012,Jeep,Grand Cherokee SRT8,,,,,,,,,Factory,SUV,390,C,,,,,,,465,465,5265,11.32,,6400,NA,V,8,F,AWD,,,,,,,,N. America,U.S.,,,5,L,4,,,,,,,,,,,,11973,,,23-Oct-12,FH1,FH1,,,,,,,,,FH1,,,,,1,360,0
FALSE,2012 Jeep Wrangler Rubicon,Jeep Wrangler,1522,2012,Jeep,Wrangler Rubicon,"Autoshow, WS",,,,Common,,,"50,000",Factory,Pickups & 4x4s,463,D,4.6,2.4,3.1,4.0,3.2,8.0,285,260,4132,14.50,50,3604,NA,V,6,F,AWD,,255,no,Bumpers / bars,"415, 850, 1750",PDS,stock,N. America,U.S.,,,3,L,4,,"AWW, ?WW",6.700,20.582,14.867,127.2,159.3,406.6,0.78,0.77,13.882,11892,,05-Nov-21,01-May-12,FH5,FM4,,FH5,FH4,FM7,FH3,,FH2,,DLC,DLC,,,,7,XBO,0
FALSE,2012 Jeep Wrangler Rubicon Traffic,,,2012,Jeep,Wrangler Rubicon Traffic,Horizon Promo,,,,,,,,Traffic,,,,,,,,,,,,,,,,,,,,,,,,,,,,,,,,,,,,,,,,,,,,,,13207,,,04-Nov-21,FH5,FH5,,HP,,,,,,,,,,,,1,XBO,0
FALSE,2009 Jeep Grand Cherokee SRT8,Cherokee '09,,2009,Jeep,Grand Cherokee SRT8,,,,,,,,,Factory,Modern SUV,418,C,6.2,4.1,3.9,7.0,,,493,494,4363,8.85,53,,NA,V,8,F,AWD,,285,,,,,stock,N. America,U.S.,,,5,L,4,,,4.482,12.000,13.183,167.2,151.0,376.5,0.99,0.93,7.518,11642,,,08-Jun-10,FM7,FM3,,,,FM7,,,,FM5,,FM4,DLC,,,4,XBO,0
FALSE,1991 Jeep Grand Wagoneer,Jeep Wagoneer,,1991,Jeep,Grand Wagoneer,,,,,,,,,Factory,Vintage Off-roaders,220,E,3.9,3.6,3.7,4.6,4.6,,144,280,4499,31.24,55,5899,NA,V,8,F,AWD,,,,,,,stock,N. America,U.S.,,,5,L,4,,Heavy,11.450,51.850,17.433,105.3,135.9,349.8,0.96,0.90,40.400,12226,,,05-May-15,FM7,FH2,,,,FM7,FH3,FM6,DLC,,,,,,,4,XBO,0
FALSE,1976 Jeep CJ5 Renegade,Jeep CJ5,2511,1976,Jeep,CJ5 Renegade,"Autoshow, WS",,,,Common,,,"60,000",Factory,Pickups & 4x4s,431,D,3.7,2.6,3.0,4.3,5.3,7.6,151,245,2271,15.04,53,4981,NA,V,8,F,AWD,,205,no,Bumpers / bars,"415, 475d, 640, 700V, 850","TT, PDS",stock,N. America,U.S.,,Yes,2,L,4,,"AWW, ?WW, SS",7.281,22.971,14.600,104.3,160.9,397.6,0.79,0.78,15.690,12627,,05-Nov-21,04-Oct-16,FH5,FH3,,FH5,FH4,FM7,DLC,,,,,,,,,4,XBO,0
FALSE,"1976 Jeep CJ5 Renegade ""Welcome Pack""",Jeep CJ5 WP,,1976,Jeep,"CJ5 Renegade ""Welcome Pack""",DLC Store,,,,Legendary,,,"60,000",Upgraded,Offroad,700,B,5.6,5.6,6.1,7.7,9.0,,322,324,2271,7.05,53,4981,,V,8,F,AWD,,235,no,Bumpers/bars,"415, 640, 700V, 850","TT, PDS",,N. America,U.S.,,Yes,2,L,4,,,7.322,23.032,,133.9,178.7,429.0,0.80,0.80,15.710,13148,,,28-Jul-20,FH4,FH4,,,DLC,,,,,,,,,,,1,XBO,0
FALSE,2020 Jimco #179 Hammerhead Class 1,#179 Hammerhead,3604,2020,Jimco,#179 Hammerhead Class 1,DLC,FH5 Rally Adv,,,Rare,,,"150,000",Race,Unlimited Buggies,763,A,5.7,4.5,2.4,6.3,6.3,8.8,850,800,3968,4.67,42,7819,NA,V,8,M,RWD,,325,no,none,"800, 850",none,stock,N. America,U.S.,,,2,L,4,,,3.239,5.813,,151.8,140.9,355.3,0.90,0.89,2.574,13345,,29-Mar-23,29-Mar-23,FH5,FH5,,DLC,,,,,,,,,,,,1,XBO,0
FALSE,2019 Jimco #240 Fastball Racing Spec Trophy Truck,#240 Jimco TT,3605,2019,Jimco,#240 Fastball Racing Spec Trophy Truck,DLC,FH5 Rally Adv,,,Epic,,,"350,000",Race,Unlimited Offroad,623,B,4.5,5.2,2.9,3.8,2.9,9.4,495,450,5100,2.45,47,6162,NA,V,8,F,RWD,,325,no,none,"800, 850",none,stock,N. America,U.S.,,,2,L,4,,,3.700,7.130,,148.8,128.8,316.1,0.88,0.88,3.430,13346,,29-Mar-23,29-Mar-23,FH5,FH5,,DLC,,,,,,,,,,,,1,XBO,0
FALSE,2010 Joss JT1,,,2010,Joss,JT1,,,,,,,,,Factory,Super,718,R3,,,,,,,500,442,2072,4.14,,6800,NA,V,8,M,RWD,,,,,,,,,Australia,,,2,R,4,,,3.000,,,198.6,,,,,,11631,,,10-May-10,FH1,FM3,,,,,,,,,DLC,FM4,DLC,,,3,360,0
FALSE,2023 KIA EV6 GT,KIA EV6 GT '23,3864,2023,KIA,EV6 GT,Seasonal,,,,,,,,Factory,Sports Utility Heroes,,,,,,,,,,,,,,,,,,,,,,,,,,,Asia,Korea,,,,,,,,,,,,,,,,,,,,,FH5,FH5,,cu,,,,,,,,,,,,1,XBO,0
FALSE,2018 Kia Stinger,Kia Stinger,,2018,Kia,Stinger,,,,,Common,,,"46,000",Factory,Super Saloons,715,A,7.3,5.9,6.0,6.2,7.8,,365,376,3750,10.27,53,3342,TT,V,6,F,RWD,,255,no,Forza,"415, 542",none,eng,Asia,Korea,,,4,L,4,,,4.900,11.616,13.200,183.2,167.0,397.2,0.87,0.88,6.716,12875,,,15-Feb-18,FH4,FM7,,,FH4,DLC,,,,,,,,,,2,XBO,0
FALSE,2011 Kia cee'd,,,2011,Kia,cee'd,,,,,,,,,Factory,Modern FWD Hatch,270,D,4.4,4.1,4.3,4.9,4.8,,123,114,2784,22.63,63,1600,NA,Inline,4,F,FWD,,,,,,,stock,Asia,Korea,,,5,R,4,,,10.100,37.600,,115.8,102.5,283.7,1.07,1.02,27.500,11791,,,14-Oct-11,FM5,FM4,,,,,,,,FM5,,FM4,,,,2,XBO,0
FALSE,2010 Kia Forte Koup SX,,,2010,Kia,Forte Koup SX,,,,,,,,,Factory,Sports,284,D,,,,,,,173,168,2933,16.95,,,,,4,F,FWD,,,,,,,,Asia,Korea,,,2,L,4,,,7.100,,,140.9,,,,,,11653,,,03-Jul-10,FM4,FM3,,,,,,,,,,FM4,DLC,,,2,360,0
FALSE,2020 Koenigsegg Jesko,Koe. Jesko '20,3315,2020,Koenigsegg,Jesko,Buy Cars Base,,,,Legendary,,,"450,000",Factory,Modern Hypercars,941,P,10.0,6.3,6.3,7.8,,,1602,1105,3131,1.95,45,5065,TT,V,8,M,RWD,,325,Both,Forza,"565, 640,788",none,no,Europe,Sweden,Koenigsegg Jesko,,2,L,4,,HR,2.800,4.613,,284.4,84.4,194.9,1.33,1.60,1.813,13162,05-Oct-23,05-Nov-21,08-Dec-20,FM,FH4,FM,FH5,cu,,,,,,,,,,,3,XBO,1
FALSE,2017 Koenigsegg Agera RS,Koe. Agera '17,2910,2017,Koenigsegg,Agera RS,Buy Cars Base,,,,Legendary,,,"430,000",Factory,Modern Hypercars,905,P,10.0,5.6,5.5,7.8,,,1341,1010,3075,2.29,44,5065,TT,V,8,M,RWD,,345,Both,Forza,"565, 640, 788",none,no,Europe,Sweden,,,2,L,4,,HR,2.786,4.662,,275.4,83.7,189.5,1.33,1.60,1.876,12992,05-Oct-23,05-Nov-21,28-Sep-18,FM,FH4,FM,FH5,DLC,,,,,,,,,,,3,XBO,1
FALSE,2016 Koenigsegg Regera,Regera,2526,2016,Koenigsegg,Regera,"Autoshow, WS",,,,Legendary,,,"1,900,000",Factory,Hypercars,966,S2,9.1,9.2,7.9,5.8,6.2,4.2,1500,1474,3589,2.39,45,5000,TT,V,8,M,RWD,,345,no,Adjustable,none,none,no,Europe,Sweden,,,2,L,4,,CS,2.786,5.085,10.167,247.4,79.0,185.1,1.30,1.51,2.299,12594,,05-Nov-21,23-Sep-16,FH5,FH3,,FH5,FH4,FM7,DLC,,,,,,,,,4,XBO,0
FALSE,2015 Koenigsegg One:1,Koenigsegg One,2188,2015,Koenigsegg,One:1,Buy Cars Base,FM Update 18,,,Legendary,,,"2,800,000",Factory,Modern Hypercars,983,S2,10.0,10.0,9.5,7.0,7.5,4.3,1341,1010,2998,2.24,44,5065,TT,V,8,M,RWD,,345,no,Adjustable,1341,none,no,Europe,Sweden,,,2,L,4,,"CS, HR",2.700,4.537,9.550,275.2,82.8,186.8,1.33,1.62,1.837,12418,,05-Nov-21,01-Dec-15,FM,FM6,S,FH5,FH4,FM7,FH3,DLC,,,,,,,,6,XBO,1
FALSE,2011 Koenigsegg Agera,Koenigsegg Agera,1397,2011,Koenigsegg,Agera,Seasonal,Series 13 cu,,,Legendary,,,"1,500,000",Factory,Hypercars,894,S1,9.7,7.7,7.5,6.1,6.5,4.5,946,811,3164,3.34,45,5032,TT,V,8,M,RWD,,345,no,Forza,none,none,no,Europe,Sweden,,,2,L,4,,WFRC,2.880,5.573,10.217,261.3,95.8,229.9,1.09,1.29,2.693,11717,,20-Oct-22,13-Oct-11,FH5,FM4,,cu,FH4,FM7,FH3,FM6,FH2,FM5,DLC,DLC,,,,9,XBO,0
FALSE,2009 Koenigsegg CCX-R Edition,,,2009,Koenigsegg,CCX-R Edition,,,,,,,,,Factory,Super,851,R2,,,,,,,1018,796,3148,3.09,,,,,8,M,RWD,,,,,,,,Europe,Sweden,,,2,L,4,,,,,,,,,,,,11974,,,23-Oct-12,FH1,FH1,,,,,,,,,FH1,,,,,1,360,0
FALSE,2008 Koenigsegg CCGT,Koenigsegg CCGT,1007,2008,Koenigsegg,CCGT,"WS, Seasonal",,,,Legendary,,,"1,000,000",Race,Extreme Track Toys,965,S2,7.8,10.0,10.0,6.8,7.1,3.9,610,442,2425,3.98,50,4700,NA,V,8,M,RWD,,310,Both,Adjustable,"750, 1341",CS,stock,Europe,Sweden,,,2,L,4,,,3.361,5.962,,213.9,68.3,150.5,1.77,2.24,2.601,11397,,05-Nov-21,07-Dec-07,FH5,FM2,,FH5,cu,,,,,,,FM4,FM3,DLC,,5,XBO,0
FALSE,2006 Koenigsegg CCX,Koenigsegg CCX,1275,2006,Koenigsegg,CCX,Exclusive,,,,Legendary,,,"250,000",Factory,Hypercars,870,S1,8.8,7.6,6.9,6.1,8.8,,806,678,2937,3.64,45,4712,PDS,V,8,M,RWD,255/35R19,335/30R20,Both,Forza,"750, 1341",none,no,Europe,Sweden,,,2,L,4,,,4.011,6.927,,242.4,96.4,234.0,1.09,1.24,2.916,11664,,11-Jan-24,29-Oct-10,FH5,FM3,,cu,cu,,,,,,,FM4,DLC,,,4,XBO,0
FALSE,2002 Koenigsegg CC8S,Koenigsegg CC8S,294,2002,Koenigsegg,CC8S,"Autoshow, WS",,,,Epic,,,"400,000",Factory,Hypercars,846,S1,8.7,6.4,7.6,6.1,3.8,4.7,564,469,2811,4.98,45,4700,CS,V,8,M,RWD,,335,Both,Forza,"750, 1341",TT,eng,Europe,Sweden,,,2,L,4,,,3.486,7.117,,239.1,109.2,266.2,1.09,1.22,3.631,11100,,05-Nov-21,03-May-05,FH5,FM1,,FH5,DLC,,,,,,,FM4,FM3,FM2,FM1,6,XBO,0
FALSE,2020 KTM X-Bow GT2,KTM X-Bow GT2,3492,2020,KTM,X-Bow GT2,Buy Cars Base,FM Update 1,,,,,14-Nov-2023,"316,000",Race,Modern Factory Racecars,849,R,5.1,6.6,6.8,6.7,,,600,531,2509,4.18,44,2500,T,Inline,5,M,RWD,300/R18,310/R18,,Adjustable,none,none,,Europe,Austria,KTM X-Bow,,2,L,4,,,2.900,5.500,10.517,189.4,80.9,204.4,1.47,1.68,2.600,13422,11-Oct-23,10-Oct-23,10-Oct-23,FM,FH5,S,DLC,,,,,,,,,,,,2,XBO,1
FALSE,2018 KTM X-Bow GT4,KTM X-Bow GT4,3035,2018,KTM,X-Bow GT4,Buy Cars Base,,,,Epic,,,"284,000",Race,Forza GT4,750,S,2.5,7.3,7.3,4.9,,,326,295,2260,6.93,45,1984,T,Inline,4,M,RWD,270/R18,300/R18,Both,Adjustable,none,none,no,Europe,Austria,KTM X-Bow,,2,L,4,,,3.800,8.900,12.167,152.1,85.0,210.7,1.48,1.80,5.100,12897,05-Oct-23,03-Mar-22,10-Jul-18,FM,FM7,FM,cu,cu,DLC,,,,,,,,,,4,XBO,1
FALSE,2013 KTM X-Bow R,KTM X-Bow R '13,1653,2013,KTM,X-Bow R,Buy Cars Base,,,,Rare,,,"134,000",Factory,Track Toys,685,A,2.0,5.4,5.3,4.6,,,295,295,1786,6.05,40,1984,T,Inline,4,M,RWD,,255,no,Forza,"350, 375, 394I, 475, 630",none,eng,Europe,Austria,KTM X-Bow,Yes,2,L,4,,"OT, ?SS",3.900,6.500,11.533,144.4,102.1,237.5,1.20,1.47,2.600,12072,05-Oct-23,05-Nov-21,22-Nov-13,FM,FM5,FM,FH5,FH4,FM7,FH3,FM6,FH2,FM5,,,,,,8,XBO,1
FALSE,2024 Lamborghini Revuelto,Revuelto '24,3891,2024,Lamborghini,Revuelto,Buy Cars Base,FM Update 18,,,,,,"375,000",Factory,Modern Exotic GT,834,R,8.5,4.5,4.3,7.9,,,1001,739,4047,4.04,44,6500,NA,V,12,M,AWD,265/R,355/R,,Forza,"603, 630",TT,,Europe,Italy,,,2,L,4,,,2.400,5.100,9.567,234.9,99.2,241.7,1.25,1.34,2.700,,10-Mar-25,25-Apr-25,10-Mar-25,FM,FM,S,,,,,,,,,,,,,1,XBO,1
FALSE,2024 Lamborghini SC63,Lambo. SC63 '24,3874,2024,Lamborghini,SC63,Buy Cars Base,FM Update 18,,,,,,"366,000",Factory,Forza Proto-H,956,P,6.9,9.9,9.9,8.2,,,670,464,2436,3.64,40,3800,TT,V,8,M,RWD,,,,Adjustable,none,none,,Europe,Italy,,,2,L,4,,,2.600,5.200,9.850,211.1,78.7,180.3,1.62,2.28,2.600,,12-Mar-25,,12-Mar-25,FM,FM,S,,,,,,,,,,,,,1,XBO,1
FALSE,2023 Lamborghini Huracán Tecnica,Huracán Tecnica,3753,2023,Lamborghini,Huracán Tecnica,DLC Autoshow,FH5 Italian Exotics,Gift w/DLC,,Legendary,,,"250,000",Factory,Modern Supercars,850,S1,7.3,7.6,6.9,6.9,7.2,4.8,630,416,3401,5.40,41,5204,NA,V,10,M,RWD,,305,Both,Forza,"700V, 750","TT, PDS",stock,Europe,Italy,,,2,L,4,,,2.589,5.600,,201.9,91.9,219.9,1.15,1.29,3.011,13382,,15-Aug-23,15-Aug-23,FH5,FH5,,DLC,,,,,,,,,,,,1,XBO,0
FALSE,2022 Lamborghini Huracán EVO Spyder,Huracán Spyder,3759,2022,Lamborghini,Huracán EVO Spyder,Reward,FM Update 12,,,,,,"220,000",Factory,Modern Sport GT,736,S,6.3,3.9,3.6,5.5,,,630,442,3935,6.25,43,5200,NA,V,10,M,AWD,245/R20,305/R20,,Forza,"565, 603, 788","TT,CS",,Europe,Italy,,Yes,2,L,4,,,2.944,5.770,10.233,220.3,102.7,252.3,1.53,1.96,2.826,,02-Oct-24,,02-Oct-24,FM,FM,R,,,,,,,,,,,,,1,XBO,1
FALSE,2021 Lamborghini Aventador LP 780-4 Ultimae,L. Aventador '21,3775,2021,Lamborghini,Aventador LP 780-4 Ultimae,Seasonal,,,,,,,,Factory,Hypercars,,,,,,,,,,,,,,,,,,,,,,,,,,,Europe,Italy,,,,,,,,,,,,,,,,,,,,,FH5,FH5,,cu,,,,,,,,,,,,1,XBO,0
FALSE,2021 Lamborghini Countach LPI 800-4,L. Countach '21,3774,2021,Lamborghini,Countach LPI 800-4,Reward,FM Update 18,,,,,,"338,000",Factory,Modern Hypercars,780,S,7.1,4.1,3.8,6.8,,,808,556,4116,5.09,43,6500,NA,V,12,M,AWD,255,355,,Forza,"603, 630",TT,,Europe,Italy,,,2,L,4,,,2.500,5.500,10.217,220.6,103.0,259.7,1.22,1.26,3.000,,02-Apr-25,23-May-24,23-May-24,FM,FH5,R,cu,,,,,,,,,,,,2,XBO,1
FALSE,2020 Lamborghini Essenza SCV12,L. Essenza SCV12,3606,2020,Lamborghini,Essenza SCV12,Buy Cars Base,,,,Legendary,,,"346,000",Factory,Modern Factory Racecars,923,P,7.2,8.3,8.2,6.9,,,818,590,3190,3.90,41,6498,NA,V,12,M,RWD,285/R19,355/R20,Both,Adjustable,none,none,stock,Europe,Italy,,,2,L,4,,,2.500,4.800,9.850,214.6,81.0,192.9,1.53,1.96,2.300,13383,05-Oct-23,15-Aug-23,15-Aug-23,FM,FH5,FM,DLC,,,,,,,,,,,,2,XBO,1
FALSE,2020 Lamborghini Huracán EVO,L. Huracán E '20,3371,2020,Lamborghini,Huracán EVO,Buy Cars Base,,,,Rare,,,"291,000",Factory,Modern Sport GT,752,S,6.3,4.1,3.8,5.8,,,630,442,3671,5.83,42,5204,NA,V,10,M,AWD,,305,Both,,"565, 603, 630, 788","TT, CS",stock,Europe,Italy,Lamborghini Huracan,,2,L,4,,,2.600,5.600,10.484,199.3,92.8,224.4,1.29,1.40,3.000,13266,05-Oct-23,30-Dec-21,30-Dec-21,FM,FH5,FM,DLC,,,,,,,,,,,,2,XBO,1
FALSE,2020 Lamborghini Huracán STO,L. Huracán S '20,3672,2020,Lamborghini,Huracán STO,Buy Cars Base,,,,Legendary,,14-Nov-2023,"305,000",Factory,Modern Sport GT,766,S,6.0,5.0,4.7,6.4,,,630,416,3334,5.29,41,5204,NA,V,10,M,RWD,245,305/R20,Both,S//R,"565, 603, 788","TT, PDS",stock,Europe,Italy,Lamborghini Huracan,,2,L,4,,,2.600,5.600,10.484,199.3,92.8,224.4,1.29,1.40,3.000,13353,05-Oct-23,27-Apr-23,27-Apr-23,FM,FH5,FM,cu,,,,,,,,,,,,2,XBO,1
FALSE,2020 Lamborghini SC20,Lambo SC20,3673,2020,Lamborghini,SC20,DLC Autoshow,FH5 Italian Exotics,Gift w/DLC,,Legendary,,,"2,500,000",Factory,Hypercars,884,S1,7.5,8.2,7.6,9.8,9.1,5.3,759,531,3638,4.79,42,6498,NA,V,12,M,AWD,,355,Both,Forza,750,TT,stock,Europe,Italy,,Yes,2,L,4,,,2.819,5.800,,210.2,81.9,196.0,1.28,1.46,2.981,13384,,15-Aug-23,15-Aug-23,FH5,FH5,,DLC,,,,,,,,,,,,1,XBO,0
FALSE,2020 Lamborghini Sián Roadster,Lambo Sián R,3608,2020,Lamborghini,Sián Roadster,Seasonal,Series 15 cu,Gift 202212,,Legendary,,,"3,500,000",Factory,Hypercars,881,S1,8.8,8.1,8.1,8.3,8.1,4.6,808,556,3827,4.74,43,6498,NA,V,12,M,AWD,,355,Both,Forza,750,none,stock,Europe,Italy,,Yes,2,L,4,,,2.800,5.518,,241.4,84.5,200.9,1.25,1.35,2.718,13331,,04-Jan-23,04-Jan-23,FH5,FH5,,cu,,,,,,,,,,,,1,XBO,0
FALSE,2019 Lamborghini Sián FKP 37,L. Sián '19,3633,2019,Lamborghini,Sián FKP 37,Buy Cars Base,,,,,,,"345,000",Factory,Modern Hypercars,806,R,7.6,4.4,4.2,7.0,,,808,556,4171,5.16,43,6500,NA,V,12,M,AWD,255,355,,Forza,"603, 630",TT,,Europe,Italy,,,2,L,4,,,2.719,5.400,10.100,239.0,101.7,253.0,1.26,1.30,2.681,13409,05-Oct-23,,05-Oct-23,FM,FM,FM,,,,,,,,,,,,,1,XBO,1
FALSE,2019 Lamborghini Urus,Urus '19,3120,2019,Lamborghini,Urus,"Autoshow, WS",,Accolade,,Rare,,,"150,000",Factory,Sports Utility Heroes,767,A,7.1,6.2,5.6,6.1,5.1,6.1,641,626,4850,7.57,52,3996,TT,V,8,F,AWD,,325,Both,Light bar,"602, 700",none,eng,Europe,Italy,,,5,L,4,,Heavy,3.400,8.600,,196.4,92.7,230.7,1.04,1.05,5.200,13050,,05-Nov-21,13-Dec-18,FH5,FH4,,FH5,DLC,,,,,,,,,,,2,XBO,0
FALSE,2018 Lamborghini #63 Squadra Corse Huracán Super Trofeo Evo,L. #63 Huracán,3239,2018,Lamborghini,#63 Squadra Corse Huracán Super Trofeo Evo,Buy Cars DLC,FM Car Pass,Gift w/DLC,,Legendary,,,"400,000",Race,Super Trofeo,824,R,5.0,6.5,6.6,6.1,6.7,4.7,612,420,2995,4.89,42,5204,NA,V,10,M,RWD,300,310,Front,Adjustable,none,none,stock,Europe,Italy,Lamborghini Huracan,,2,L,4,,,3.000,5.900,10.567,186.2,88.9,216.7,1.44,1.67,2.900,13385,04-Jan-24,15-Aug-23,15-Aug-23,FM,FH5,DLC,DLC,,,,,,,,,,,,2,XBO,1
FALSE,2018 Lamborghini Aventador SVJ,L. Aventador '18,3289,2018,Lamborghini,Aventador SVJ,Buy Cars Base,,,,Legendary,,,"363,000",Factory,Modern Exotic GT,823,R,7.3,5.0,4.9,7.1,,,759,531,3827,5.04,43,6498,NA,V,12,M,AWD,,355,Both,,"603, 630",TT,stock,Europe,Italy,Lamborghini Aventador,,2,L,4,,,2.800,5.818,,222.7,82.5,198.6,1.28,1.47,3.018,13265,05-Oct-23,26-Dec-21,26-Dec-21,FM,FH5,FM,cu,,,,,,,,,,,,2,XBO,1
FALSE,2018 Lamborghini Huracán Performante,L. Huracán '18,3217,2018,Lamborghini,Huracán Performante,Buy Cars Base,,,,Epic,,,"319,000",Factory,Modern Sport GT,781,S,6.3,4.6,4.4,6.2,,,630,442,3429,5.44,43,5204,NA,V,10,M,AWD,,305,Both,,"565, 603, 630, 788","TT, CS",stock,Europe,Italy,Lamborghini Huracan,,2,L,4,,,2.300,5.400,,209.0,85.6,201.5,1.25,1.42,3.100,13126,05-Oct-23,05-Nov-21,13-Jan-20,FM,FH4,FM,FH5,cu,,,,,,,,,,,3,XBO,1
FALSE,2016 Lamborghini Aventador Superveloce,Aventador '16,2479,2016,Lamborghini,Aventador Superveloce,Buy Cars Base,FM Update 2,,,Epic,,29-Nov-2023,"323,000",Factory,Modern Exotic GT,785,S,7.1,4.4,4.2,4.7,8.0,5.0,740,508,3868,5.23,43,6498,NA,V,12,M,AWD,,355,no,Safety Lights,none,TT,stock,Europe,Italy,Lamborghini Aventador,,2,L,4,,,2.700,5.900,10.500,218.2,125.2,279.2,1.25,1.33,3.200,12595,23-Nov-23,05-Nov-21,23-Sep-16,FM,FH3,S,FH5,FH4,FM7,DLC,,,,,,,,,5,XBO,1
FALSE,2016 Lamborghini Centenario LP 770-4,L. Centenario 16,2616,2016,Lamborghini,Centenario LP 770-4,Buy Cars Base,,,,Legendary,,,"341,000",Factory,Modern Exotic GT,803,R,7.2,4.5,4.4,6.9,,,759,508,3889,5.12,43,6498,NA,V,12,M,AWD,,355,no,,"603, 630",TT,stock,Europe,Italy,Lamborghini Aventador,,2,L,4,,"FF, HR",2.800,5.367,10.200,228.6,80.9,190.9,1.28,1.48,2.567,12596,05-Oct-23,05-Nov-21,23-Sep-16,FM,FH3,FM,FH5,FH4,FM7,FH3,,,,,,,,,5,XBO,1
FALSE,2015 Lamborghini #63 Squadra Corse Huracan LP620-2 Super Trofeo,#63 Lambo Super,2379,2015,Lamborghini,#63 Squadra Corse Huracan LP620-2 Super Trofeo,Buy Cars Base,FM Update 3,,,,,18-Jan-2024,"305,000",Race,Super Trofeo,815,R,4.1,6.6,6.4,6.4,9.1,,612,420,2995,4.89,42,5200,NA,V,10,M,RWD,305/R18,315/R18,,Adjustable,none,none,stock,Europe,Italy,Lamborghini Huracan,,2,L,4,,,3.000,6.100,10.500,175.5,91.6,221.7,1.43,1.63,3.100,12369,11-Jan-24,,15-Sep-15,FM,FM6,S,,,FM7,DLC,Uni,,,,,,,,4,XBO,1
FALSE,2014 Lamborghini #14 GMG Racing LP 570-4 Super Trofeo,#14 Lambo Super,,2014,Lamborghini,#14 GMG Racing LP 570-4 Super Trofeo,,,,,,,,,Race,Forza GT,816,R,7.0,6.6,6.8,8.7,,,562,398,3086,5.49,43,,NA,V,10,M,AWD,,305,,,none,none,stock,Europe,Italy,Gallardo,,2,L,4,,,3.290,7.000,10.800,189.7,121.4,264.5,1.40,1.57,3.710,12367,,,15-Sep-15,FM7,FM6,,,,FM7,,FM6,,,,,,,,2,XBO,0
FALSE,2014 Lamborghini #18 DragonSpeed Gallardo LP 570-4 Super Trofeo,#18 Lambo Super,,2014,Lamborghini,#18 DragonSpeed Gallardo LP 570-4 Super Trofeo,,,,,,,,,Livery,Forza GT,816,R,7.0,6.6,6.8,8.7,,,562,398,3086,5.49,43,,NA,V,10,M,AWD,,305,,,none,none,stock,Europe,Italy,Gallardo,,2,L,4,,,3.290,7.000,10.800,189.7,121.4,264.5,1.40,1.57,3.710,12368,,,15-Sep-15,FM7,FM6,,,,FM7,,FM6,,,,,,,,2,XBO,0
FALSE,2014 Lamborghini Huracán LP 610-4,Lambo Huracán,2164,2014,Lamborghini,Huracán LP 610-4,Buy Cars Base,FM Update 6,,,Epic,,10-Apr-2024,"303,000",Factory,Modern Sport GT,763,S,6.7,4.0,3.8,6.2,7.4,5.0,602,413,3423,5.69,43,5204,NA,V,10,M,AWD,245/R20,305/R20,no,Widebody,"565, 603, 788",TT,stock,Europe,Italy,Lamborghini Huracan,,2,L,4,,,2.500,5.700,10.400,214.0,108.9,262.8,1.22,1.26,3.200,12165,03-Apr-24,05-Nov-21,30-Sep-14,FM,FH2,S,FH5,FH4,FM7,FH3,FM6,FH2,,,,,,,7,XBO,1
FALSE,2014 Lamborghini Huracan LP 610-4 Horizon Edition,Huracan '14 FE,,2014,Lamborghini,Huracan LP 610-4 Horizon Edition,,,,,,,,,Upgraded,Modern Super Cars,891,S1,8.0,9.4,7.7,9.0,10.0,,602,413,3135,5.21,43,5204,NA,V,10,M,AWD,,S1,,,,,stock,Europe,Italy,,,2,L,4,,,,,,,,,,,.000,12598,,,23-Sep-16,FH3,FH3,,,,,HE,,,,,,,,,1,XBO,0
FALSE,2014 Lamborghini Team Forza Huracan LP 610-4,Huracan TF,,2014,Lamborghini,Team Forza Huracan LP 610-4,DLC promo,,,,,,,,Upgraded,Exotic GT,,,7.5,6.1,6.1,8.9,,,621,425,3135,5.05,43,,NA,V,10,M,AWD,,,,,,,stock,Europe,Italy,,,2,L,4,,,2.900,6.250,,203.7,104.9,257.9,1.31,1.39,3.350,12166,,,30-Sep-14,FM6,FH2,,,,,,DLC,DLC,,,,,,,2,XBO,0
FALSE,2014 Lamborghini Urus concept,Lamborghini Urus,,2014,Lamborghini,Urus concept,,,,,Legendary,,,"230,000",Factory,Sports Utility Heroes,774,A,7.4,7.1,6.5,7.0,8.7,,552,553,4400,7.97,52,3993,TT,V,8,F,AWD,,305,no,Preset / Offroad,602,none,eng,Europe,Italy,,,5,L,4,,,3.700,9.200,12.083,188.2,143.5,340.6,0.94,0.94,5.500,12167,,,30-Sep-14,FH4,FH2,,,FH4,FM7,FH3,FM6,DLC,,,,,,,5,XBO,0
FALSE,2013 Lamborghini Veneno,L. Veneno '13,2042,2013,Lamborghini,Veneno,Buy Cars Base,,,,Legendary,,,"374,000",Factory,Modern Hypercars,833,R,7.1,5.6,5.6,6.9,,,740,508,3345,4.52,43,6498,NA,V,12,M,AWD,255/R20,335/R20,no,Forza,"603, 630",TT,stock,Europe,Italy,Lamborghini Aventador,,2,L,4,,"OR, CS, HR",2.700,5.800,10.200,219.3,99.3,238.5,1.35,1.53,3.100,12112,05-Oct-23,05-Nov-21,01-Jul-14,FM,FM5,FM,FH5,FH4,FM7,FH3,DLC,FH2,DLC,,,,,,8,XBO,1
FALSE,2012 Lamborghini Aventador J,L. Aventador '12,1583,2012,Lamborghini,Aventador J,Buy Cars Base,,,,Epic,,,"316,000",Factory,Modern Exotic GT,777,S,6.7,4.2,4.1,6.8,,,700,509,3576,5.11,43,6498,NA,V,12,M,AWD,,355,Both,,"565, 603, 630",TT,stock,Europe,Italy,Lamborghini Aventador,,2,L,4,,HR,2.800,6.100,,216.1,88.2,216.2,1.14,1.23,3.300,11975,05-Oct-23,16-Dec-21,23-Oct-12,FM,FH1,FM,cu,DLC,,,,,,DLC,,,,,4,XBO,1
FALSE,2012 Lamborghini Aventador LP700-4,Aventador '12,1398,2012,Lamborghini,Aventador LP700-4,"Autoshow, WS",,,,Epic,,,"380,000",Factory,Hypercars,847,S1,8.9,7.3,7.1,8.2,7.4,5.0,700,509,4085,5.84,43,6498,NA,V,12,M,AWD,,335,no,Preset / WB,"700V, 750",TT,stock,Europe,Italy,,,2,L,4,,,2.800,6.500,10.567,245.9,88.1,216.0,1.13,1.21,3.700,11833,,05-Nov-21,01-Nov-11,FH5,FM4,,FH5,FH4,FM7,FH3,FM6,FH2,FM5,FH1,DLC,,,,9,XBO,0
FALSE,"2012 Lamborghini Aventador LP700-4 ""Welcome Pack""",Aventador WP,,2012,Lamborghini,"Aventador LP700-4 ""Welcome Pack""",DLC store,,,,Legendary,,,"310,000",Upgraded,Hypercars,900,S1,8.7,10.0,8.4,9.8,10.0,,700,509,3472,4.96,43,6498,NA,V,12,M,AWD,,335,no,Preset / WB,750,TT,stock,Europe,Italy,,,2,L,4,,,2.800,6.500,,230.6,95.4,233.2,1.40,1.50,3.700,13149,,,28-Jul-20,FH4,FH4,,,DLC,,,,,,,,,,,1,XBO,0
FALSE,2012 Lamborghini Aventador LP700-4 Forza Edition,Aventador FE,,2012,Lamborghini,Aventador LP700-4 Forza Edition,Exclusive,,,,FE,Speed Skills,,"560,000",Upgraded,Hypercars,879,S1,8.3,8.1,8.1,9.9,10.0,,700,509,3472,4.96,43,6498,NA,V,12,M,AWD,,405,no,Preset / WB,750,TT,stock,Europe,Italy,,,2,L,4,,,3.000,6.400,,217.1,111.2,283.8,0.98,1.05,3.400,12993,,,28-Sep-18,FH4,FH4,,,FE,,,,,,,,,,,1,XBO,0
FALSE,2012 Lamborghini Gallardo LP 570-4 Spyder Performante,Gallardo Spyder,1601,2012,Lamborghini,Gallardo LP 570-4 Spyder Performante,Seasonal,Series 2 cu,,,Epic,,,"280,000",Factory,Modern Supercars,797,A,7.1,6.6,6.8,6.7,6.3,5.1,562,398,3274,5.83,43,5204,NA,V,10,M,AWD,,345,Both,Forza,750,"TT, CS",stock,Europe,Italy,,Yes,2,L,4,,,3.900,7.800,,195.9,101.6,247.1,1.00,1.08,3.900,11991,,30-Dec-21,06-Nov-12,FH5,FH1,,cu,DLC,,,,,,DLC,,,,,3,XBO,0
FALSE,2011 Lamborghini #08 West Yokohama Gallardo LP560-4,,,2011,Lamborghini,#08 West Yokohama Gallardo LP560-4,,,,,,,,,Race,GT2,759,R3,,,,,,,552,398,2624,4.75,,,,,10,M,RWD,,,,,,,,Europe,Italy,,,2,L,4,,,3.900,,,175.6,,,,,,11853,,,03-Jan-12,FM4,FM4,,,,,,,,,,DLC,,,,1,360,0
FALSE,2011 Lamborghini Gallardo LP 570-4 Superleggera,L. Gallardo '11,1322,2011,Lamborghini,Gallardo LP 570-4 Superleggera,Buy Cars Base,,,,Epic,,,"253,000",Factory,Modern Sport GT,731,S,7.0,3.6,3.7,5.0,,,562,398,3470,6.17,43,5204,NA,V,10,M,AWD,,295,no,,"562, 565, 603, 788",TT. CS,stock,Europe,Italy,,,2,L,4,,,3.000,6.800,11.000,210.6,120.8,295.7,1.02,1.12,3.800,11718,05-Oct-23,05-Nov-21,13-Oct-11,FM,FM4,FM,FH5,FH4,FM7,FH3,FM6,DLC,FM5,FH1,DLC,,,,10,XBO,1
FALSE,2011 Lamborghini Gallardo LP570-4 Superleggera (Day One),,,2011,Lamborghini,Gallardo LP570-4 Superleggera (Day One),DLC promo,,,,,,,,Upgraded,Modern GT,,,,,,,,,562,398,3267,5.81,,,,V,10,M,AWD,,,,,,,,Europe,Italy,,,2,L,4,,,3.019,,,198.8,,,,,,12073,,,22-Nov-13,FM5,FM5,,,,,,,,DLC,,,,,,1,XBO,0
FALSE,2011 Lamborghini Sesto Elemento,Lambo Sesto,1392,2011,Lamborghini,Sesto Elemento,Reward,FM Update 2,Prestige Tour,,Legendary,,,"358,000",Race,Modern Sport GT,819,R,6.5,4.6,4.6,7.2,10.0,4.6,562,398,2202,3.92,43,5204,NA,V,10,M,AWD,235/R,295/R,Both,Forza,"562, 565, 603, 788","TT, CS",stock,Europe,Italy,,,2,L,4,,"OR, HR",2.500,5.200,9.700,207.8,98.7,247.8,1.28,1.37,2.700,11792,07-Dec-23,05-Nov-21,14-Oct-11,FM,FM4,R,FH5,FH4,FM7,cu,,,,DLC,FM4,,,,7,XBO,1
FALSE,2011 Lamborghini Sesto Elemento Forza Edition,Lambo Sesto FE,1392,2011,Lamborghini,Sesto Elemento Forza Edition,"WS, Seasonal",,,,FE,Skills,,"2,750,000",Upgraded,Extreme Track Toys,998,S2,8.4,10.0,10.0,10.0,10.0,5.1,638,424,2039,3.20,43,5204,NA,V,10,M,AWD,,,no,Forza,750,"TT, CS",stock,Europe,Italy,,,2,L,4,,"OR, HR",2.477,5.178,,229.2,68.7,147.4,1.83,2.39,2.701,13236,,05-Nov-21,05-Nov-21,FH5,FH5,,FH5,,,,,,,,,,,,1,XBO,0
FALSE,2010 Lamborghini Murciélago LP 670-4 SV,Lambo Murcielago,1173,2010,Lamborghini,Murciélago LP 670-4 SV,Reward,FM Update 4,Italian Challengers Tour,,Epic,,,"276,000",Factory,Modern Exotic GT,755,S,6.8,4.1,3.9,5.2,4.5,5.0,661,486,3649,5.52,42,6496,NA,V,12,M,AWD,245/R18,335/R18,Both,Bodykit LW,"603, 630, 788",TT,stock,Europe,Italy,,,2,L,4,,,3.200,7.200,11.400,212.2,101.4,253.0,1.23,1.28,4.000,11595,08-Feb-24,05-Nov-21,08-Dec-09,FM,FM3,R,FH5,FH4,FM7,FH3,FM6,FH2,FM5,FH1,FM4,DLC,,,11,XBO,1
FALSE,2009 Lamborghini Reventon Roadster,,,2009,Lamborghini,Reventon Roadster,,,,,,,,,Factory,Open Top,681,S,,,,,,,661,487,3726,5.64,,,,,12,M,AWD,,,,,,,,Europe,Italy,,Yes,2,L,4,,,,,,,,,,,,11976,,,23-Oct-12,FH1,FH1,,,,,,,,,FH1,,,,,1,360,0
FALSE,2008 Lamborghini Revénton,Lambo Revénton,1125,2008,Lamborghini,Revénton,Reward,FM Update 10,,,Legendary,,,"217,000",Factory,Modern Exotic GT,719,S,7.4,3.6,3.5,4.3,4.4,5.1,641,486,4068,6.35,42,6496,NA,V,12,M,AWD,245/R18,335/R18,Both,Forza,"603, 630, 788",TT,stock,Europe,Italy,,,2,L,4,,"OR, CS",3.400,7.800,10.900,231.0,99.2,255.0,1.20,1.21,4.400,11530,31-Jul-24,05-Nov-21,27-Oct-09,FM,FM3,R,FH5,FH4,FM7,FH3,FM6,,DLC,,FM4,FM3,,,9,XBO,1
FALSE,2008 Lamborghini Reventon Forza Edition,Reventon FE,,2008,Lamborghini,Reventon Forza Edition,Exclusive,,,,FE,Credits,,"1,625,000",Upgraded,Modern Super Cars,847,S1,8.2,8.2,7.7,6.7,8.0,,641,486,4068,6.35,42,6496,NA,V,12,M,AWD,,335,no,Preset Adjustable,750,TT,stock,Europe,Italy,,,2,L,4,,"OR, CS",3.400,7.800,,218.9,125.2,308.3,1.08,1.16,4.400,12994,,,28-Sep-18,FH4,FH4,,,FE,,,,,,,,,,,1,XBO,0
FALSE,2007 Lamborghini Gallardo Superleggera,,,2007,Lamborghini,Gallardo Superleggera,,,,,,,,,Factory,Super,675,S,,,,,,,523,376,3434,6.57,,,,,10,M,AWD,,,,,,,,Europe,Italy,,,2,L,4,,,3.500,,,204.9,,,,,,11398,,,07-Dec-07,FM4,FM2,,,,,,,,,,Uni,DLC,DLC,,3,360,0
FALSE,2007 Lamborghini Murcielago LP640,,,2007,Lamborghini,Murcielago LP640,,,,,,,,,Factory,Super,657,S,,,,,,,633,487,4068,6.43,,,,,12,M,AWD,,,,,,,,Europe,Italy,,,2,L,4,,,3.800,,,215.5,,,,,,11410,,,18-Mar-08,FM4,FM2,,,,,,,,,,Uni,FM3,DLC,,3,360,0
FALSE,2006 Lamborghini Miura Concept,,,2006,Lamborghini,Miura Concept,,,,,,,,,Factory,Super,698,S,,,,,,,640,487,3286,5.13,,,,,12,M,AWD,,,,,,,,Europe,Italy,,,2,L,4,,,3.281,,,222.1,,,,,,11386,,,22-Sep-07,FH1,FM2,,,,,,,,,DLC,FM4,FM3,DLC,,4,360,0
FALSE,2005 Lamborghini Gallardo,,,2005,Lamborghini,Gallardo,,,,,,,,,Factory,Super,625,S,,,,,,,500,376,3560,7.12,,,,,10,M,AWD,,,,,,,,Europe,Italy,,,2,L,4,,,4.016,,,198.8,,,,,,11291,,,29-May-07,FM4,FM2,,,,,,,,,,FM4,FM3,FM2,,3,360,0
FALSE,2005 Lamborghini Murcielago,,,2005,Lamborghini,Murcielago,,,,,,,,,Factory,Super,610,S,,,,,,,575,479,4034,7.02,,,,,12,M,AWD,,,,,,,,Europe,Italy,,,2,L,4,,,3.600,,,216.1,,,,,,11292,,,29-May-07,FM4,FM2,,,,,,,,,,FM4,FM3,FM2,,3,360,0
FALSE,1999 Lamborghini Diablo GTR,L. Diablo GTR 99,324,1999,Lamborghini,Diablo GTR,Buy Cars Base,,,,Epic,,,"283,000",Factory,Early Factory Racecars,748,S,6.7,4.9,5.0,4.9,,,590,472,3252,5.51,40,5992,NA,V,12,M,RWD,245/R18,325/R18,Both,Forza,"562, 603, 630, 788","T, TT, PDS, CS",stock,Europe,Italy,Lamborghini Diablo,,2,L,4,,,3.500,8.400,11.600,208.6,95.6,236.0,1.34,1.41,4.900,11289,05-Oct-23,05-Nov-21,29-May-07,FM,FM2,FM,FH5,cu,cu,,,,,,FM4,FM3,FM2,,7,XBO,1
FALSE,1997 Lamborghini Diablo SV,L. Diablo SV '97,325,1997,Lamborghini,Diablo SV,Buy Cars Base,,,,Epic,,,"144,000",Factory,Exotic GT Classics,653,A,6.9,3.0,3.3,4.5,,,530,446,3474,6.55,41,5707,NA,V,12,M,RWD,,335,Both,,"562, 603, 630, 788","T, TT, PDS, CS",stock,Europe,Italy,Lamborghini Diablo,,2,L,4,,,4.300,9.000,12.200,210.8,118.6,289.8,1.09,1.16,4.700,11290,05-Oct-23,05-Nov-21,29-May-07,FM,FM2,FM,FH5,FH4,FM7,FH3,FM6,FH2,FM5,FH1,FM4,FM3,FM2,,12,XBO,1
FALSE,1988 Lamborghini Countach LP5000 QV,L. Countach '88,316,1988,Lamborghini,Countach LP5000 QV,Buy Cars Base,,,,Epic,,,"136,000",Factory,Exotic GT Classics,588,B,4.4,2.7,3.1,3.9,,,455,369,3284,7.22,41,5167,NA,V,12,M,RWD,,345,Both,,"562, 603, 630, 788","TT, CS",stock,Europe,Italy,Lamborghini Countach,,2,L,4,,"WFRC, IMC",4.900,11.922,13.400,186.2,129.8,316.6,1.10,1.15,7.022,11288,05-Oct-23,05-Nov-21,29-May-07,FM,FM2,FM,FH5,FH4,FM7,FH3,FM6,FH2,FM5,FH1,FM4,FM3,FM2,,12,XBO,1
FALSE,1988 Lamborghini Countach LP5000 QV Horizon Edition,,,1988,Lamborghini,Countach LP5000 QV Horizon Edition,,,,,,,,,Upgraded,Retro Super Cars,836,S1,7.1,8.0,7.8,8.3,8.0,,455,369,3284,7.22,41,5167,NA,V,12,M,RWD,,S1,,,,,stock,Europe,Italy,,,2,L,4,,"IMC, WFC",,,,,,,,,.000,12597,,,23-Sep-16,FH3,FH3,,,,,HE,,,,,,,,,1,XBO,0
FALSE,1988 Lamborghini Jalpa,Lambo Jalpa,,1988,Lamborghini,Jalpa,,,,,,,,,Factory,Sport GT Icons,348,D,6.0,4.2,4.5,6.4,7.2,,255,231,3329,13.05,44,3485,NA,V,8,M,RWD,,225,,,"415, 562, 562","TT, PDS",stock,Europe,Italy,,,2,L,4,,,7.260,19.061,14.617,157.9,141.3,348.9,1.07,1.04,11.801,12189,,,04-Nov-14,FM7,FH2,,,,FM7,FH3,FM6,DLC,,,,,,,4,XBO,0
FALSE,1986 Lamborghini LM 002,Lambo LM 002,2176,1986,Lamborghini,LM 002,"Autoshow, WS",,,,Epic,,,"180,000",Factory,Pickups & 4x4s,562,C,5.3,3.2,3.3,2.9,1.8,8.7,450,369,5952,13.23,50,5167,NA,V,12,F,AWD,,325,no,Bed/bars,"475d, 850, 1750","TT, PDS",stock,Europe,Italy,,,5,L,4,,"DVG, OR, ?HH",6.700,20.600,15.333,142.1,158.8,392.8,0.83,0.83,13.900,12205,,05-Nov-21,03-Feb-15,FH5,FH2,,FH5,FH4,FM7,FH3,FM6,DLC,,,,,,,6,XBO,0
FALSE,1973 Lamborghini Espada 400 GT,L. Espada '73,3191,1973,Lamborghini,Espada 400 GT,Buy Cars Base,,,,Rare,,,"96,000",Factory,Vintage Exotic GT,357,D,2.7,1.5,1.7,2.5,,,350,290,3605,10.30,52,3930,NA,V,12,F,RWD,,215,Both,,"415, 562, 565, 603, 630, 788","TT, PDS",stock,Europe,Italy,,,2,L,4,,,6.500,15.100,,159.4,157.4,387.2,0.85,0.87,8.600,13264,05-Oct-23,23-Dec-21,23-Dec-21,FM,FH5,FM,DLC,,,,,,,,,,,,2,XBO,1
FALSE,1972 Lamborghini Jarama S,L. Jarama S '72,2207,1972,Lamborghini,Jarama S,Buy Cars Base,,,,,,,"103,000",Factory,Vintage Exotic GT,377,D,2.8,1.7,1.7,2.8,,,365,300,3389,9.28,53,3929,NA,V,12,F,RWD,,215,Yes,,"415, 562, 565, 603, 630, 788","TT, PDS",stock,Europe,Italy,,,2,L,4,,,7.000,15.000,,154.8,187.2,450.5,0.77,0.76,8.000,13061,05-Oct-23,,03-Jan-19,FM,FH4,FM,,DLC,,,,,,,,,,,2,XBO,1
FALSE,1967 Lamborghini Miura P400,L. Miura '67,637,1967,Lamborghini,Miura P400,Buy Cars Base,,,,Legendary,,,"115,000",Factory,Vintage Exotic GT,402,C,3.5,1.6,1.8,2.9,,,350,272,2848,8.14,44,3939,NA,V,12,M,RWD,,205,Both,,"394I, 415, 562, 565, 603, 630, 788",none,stock,Europe,Italy,,,2,L,4,,WFRC,6.721,14.320,14.600,164.2,159.0,396.9,0.84,0.84,7.599,11387,05-Oct-23,05-Nov-21,22-Sep-07,FM,FM2,FM,FH5,FH4,FM7,FH3,FM6,FH2,FM5,FH1,FM4,DLC,DLC,,12,XBO,1
FALSE,1992 Lancia Delta HF Integrale EVO,Lancia Delta '92,323,1992,Lancia,Delta HF Integrale EVO,Buy Cars Base,FM Update 4,,,Common,,27-Jan-2024,"70,000",Factory,Hot Hatch Icons,309,D,1.6,1.6,1.6,2.0,2.3,6.0,210,224,2954,14.07,63,1995,T,Inline,4,F,AWD,205/R15,205/R15,Both,(Aftermarket),"212, 350, 375, 394I, 475, 630",none,no,Europe,Italy,,,5,L,4,,,5.700,19.400,15.350,138.1,113.7,316.0,1.02,0.98,13.700,11101,17-Jan-24,15-Aug-23,03-May-05,FM,FM1,S,cu,FH4,FM7,FH3,FM6,FH2,,FH1,FM4,FM3,FM2,FM1,12,XBO,1
FALSE,1986 Lancia Delta S4,Lancia Delta S4,1661,1986,Lancia,Delta S4,Seasonal,Series 24 cu,,,Rare,,,"1,000,000",Factory,Retro Rally,682,B,5.0,3.7,4.9,5.5,5.5,7.6,247,214,2646,10.71,45,1759,T,Inline,4,M,AWD,,205,Both,Preset / WB,"300, 375, 475",none,no,Europe,Italy,,,2,L,4,,"WW, HOM",5.500,13.900,,140.5,125.3,315.5,1.00,1.04,8.400,11977,,17-Aug-23,23-Oct-12,FH5,FH1,,cu,FH4,FM7,FH3,FM6,FH2,FM5,FH1,,,,,8,XBO,0
FALSE,1985 Lancia Delta S4 Group B,Lancia Group B,,1985,Lancia,Delta S4 Group B,,,,,,,,,Race,Rally Heroes,766,S,5.6,6.6,6.4,9.3,10.0,,480,361,2116,4.41,45,1759,T,Inline,4,M,AWD,,290,,,562,none,eng,Europe,Italy,,,2,L,4,,,2.393,6.704,10.500,149.9,100.4,243.4,1.32,1.47,4.311,12644,,,13-Dec-16,FM7,FH3,,,,FM7,DLC,,,,,,,,,2,XBO,0
FALSE,1982 Lancia 037 Stradale,Lancia 037,1295,1982,Lancia,037 Stradale,Seasonal,Series 24 cu,,,Rare,,,"750,000",Factory,Retro Rally,647,C,5.2,3.7,5.0,4.5,2.8,7.1,202,172,2540,12.57,44,1995,PDS,Inline,4,M,RWD,,225,,,,T,eng,Europe,Italy,,,2,L,4,,HOM,,,,,,,,,.000,11665,,07-Sep-23,29-Oct-10,FH5,FM3,,cu,FH4,FM7,FH3,FM6,FH2,FM5,DLC,FM4,DLC,,,10,XBO,0
FALSE,1980 Lancia #31 Lancia Corse Beta Montecarlo Turbo,#31 Lancia Turbo,,1980,Lancia,#31 Lancia Corse Beta Montecarlo Turbo,,,,,,,,,Race,GT Racing Reborn,806,R,6.4,6.9,7.0,9.2,,,400,290,1722,4.31,40,,T,Inline,4,M,RWD,,325,,,none,none,no,Europe,Italy,,,2,L,4,,,3.600,7.200,11.300,171.8,93.4,226.9,1.44,1.66,3.600,12409,,,03-Nov-15,FM7,FM6,,,,FM7,,DLC,,,,,,,,2,XBO,0
FALSE,1975 Lancia Stratos HF Group 4,Lancia Group 4,,1975,Lancia,Stratos HF Group 4,,,,,,,,,Race,Rally Heroes,557,A,4.8,5.8,6.0,8.3,8.9,,265,202,1918,7.24,41,2444,NA,V,6,M,RWD,,285,,,"332, 375, 562",T,stock,Europe,Italy,,,2,L,4,,,4.100,10.100,11.933,164.5,112.4,282.9,1.29,1.34,6.000,12645,,,13-Dec-16,FM7,FH3,,,,FM7,DLC,,,,,,,,,2,XBO,0
FALSE,1974 Lancia Stratos HF Stradale,Lancia Stratos,458,1974,Lancia,Stratos HF Stradale,Autoshow,Series 24 cu,,,Rare,,,"550,000",Factory,Classic Rally,590,C,5.3,3.1,4.5,4.8,4.3,6.0,190,165,2161,11.37,46,2418,NA,V,6,M,RWD,,205,Both,Bodykit,"300, 375, 475, 562V8",T,stock,Europe,Italy,,,2,L,4,,"WW, HOM",6.800,17.600,,145.3,157.1,393.2,0.88,0.88,10.800,11102,,15-Aug-23,03-May-05,FH5,FM1,,cu,FH4,FM7,FH3,FM6,FH2,DLC,FH1,FM4,FM3,FM2,FM1,12,XBO,0
FALSE,1968 Lancia Fulvia Coupe Rallye 1.6 HF,Lancia Fulvia,1585,1968,Lancia,Fulvia Coupe Rallye 1.6 HF,,,,,Rare,,,"60,000",Factory,Classic Rally,490,D,5.5,4.7,4.7,5.5,7.0,,130,119,1815,13.96,65,1584,NA,V,4,F,FWD,,175,Both,Rally lights,"212, 300","T, CS",stock,Europe,Italy,,,2,L,4,,WW,9.500,22.000,14.600,125.1,184.2,472.0,0.75,0.74,12.500,12168,,29-Feb-24,30-Sep-14,FH5,FH2,,cu,FH4,FM7,FH3,FM6,FH2,,,,,,,6,XBO,0
FALSE,2020 Land Rover Defender 110 X,LR Defender '20,3414,2020,Land Rover,Defender 110 X,"Autoshow, WS",,,,Common,,,"80,000",Factory,Sports Utility Heroes,534,C,5.4,2.9,3.1,4.7,6.0,7.2,395,406,5260,13.32,55,2996,T,Inline,6,F,AWD,,255,Both,Bars,"550, 805, 850",none,,Europe,U.K.,,,4,L,4,,,6.100,15.600,,150.4,148.0,376.1,0.80,0.79,9.500,13237,,05-Nov-21,05-Nov-21,FH5,FH5,,FH5,,,,,,,,,,,,1,XBO,0
FALSE,2018 Land Rover Range Rover Velar First Edition,Land Rover Velar,3136,2018,Land Rover,Range Rover Velar First Edition,"Autoshow, WS",,,,Rare,,,"85,000",Factory,Sports Utility Heroes,638,B,6.0,3.7,4.1,4.4,4.1,6.9,375,332,4676,12.47,49,2995,PDS,V,8,F,AWD,,265,Both,Rally lights,"550, 602, 805, 700V, 850",none,eng,Europe,U.K.,,,4,R,4,,Heavy,5.700,14.600,,163.2,136.0,344.4,0.90,0.89,8.900,13155,,05-Nov-21,26-Aug-20,FH5,FH4,,FH5,cu,,,,,,,,,,,2,XBO,0
FALSE,2015 Land Rover Range Rover Sport SVR,Range Rover '15,2494,2015,Land Rover,Range Rover Sport SVR,"Autoshow, WS",,,,Rare,,,"133,000",Factory,Sports Utility Heroes,722,A,6.5,4.1,4.0,6.0,6.2,7.2,550,502,5148,9.36,52,5000,PDS,V,8,F,AWD,,295,no,Preset / Offroad,"475d, 602, 700V, 800",none,eng,Europe,U.K.,,,5,R,4,,"AWW, ?WW, DD, HH",4.300,10.500,12.800,178.2,125.2,321.7,0.92,0.92,6.200,12449,,05-Nov-21,05-Apr-16,FH5,FM6,,FH5,FH4,FM7,FH3,DLC,,,,,,,,5,XBO,0
FALSE,2014 Land Rover Range Rover Supercharged,Range Rover '14,,2014,Land Rover,Range Rover Supercharged,,,,,,,,,Factory,Sports Utility Heroes,726,A,6.7,7.0,6.4,7.4,8.5,,510,461,5612,11.00,51,5000,PDS,V,8,F,AWD,,,,,,,eng,Europe,U.K.,,,5,L,4,,Heavy,4.700,11.117,,179.4,146.1,368.3,0.88,0.87,6.417,12192,,,02-Dec-14,FH3,FH2,,,,,FH3,FM6,DLC,,,,,,,3,XBO,0
FALSE,2012 Land Rover Range Rover Supercharged,Range Rover '12,,2012,Land Rover,Range Rover Supercharged,,,,,,,,,Factory,Modern SUV,435,C,6.5,4.0,3.8,6.9,8.1,,503,461,6195,12.32,49,5000,PDS,V,8,F,AWD,,255,,,650,none,eng,Europe,U.K.,,,5,R,4,,,5.121,12.638,12.767,172.2,148.8,385.6,0.94,0.82,7.517,11978,,,23-Oct-12,FM7,FH1,,,,FM7,,,,FM5,FH1,,,,,3,XBO,0
FALSE,2008 Land Rover Range Rover Supercharged,,,2008,Land Rover,Range Rover Supercharged,,,,,,,,,Factory,SUV,357,C,,,,,,,400,420,5842,14.61,,,,,8,F,AWD,,,,,,,,Europe,U.K.,,,5,L,4,,,6.400,,,155.1,,,,,,11531,,,27-Oct-09,FM4,FM3,,,,,,,,,,FM4,FM3,,,2,360,0
FALSE,1997 Land Rover Defender 90,LR Defender,2135,1997,Land Rover,Defender 90,"Autoshow, WS",,,,Common,,,"30,000",Factory,Pickups & 4x4s,366,D,3.8,2.5,3.2,2.7,1.8,8.2,182,232,3902,21.44,52,3950,NA,V,8,F,AWD,,265,no,Preset / Offroad,"510, 602, 805, 850",PDS,stock,Europe,U.K.,,,5,L,4,,"AWW, ?BRG, WW, DD",10.200,38.983,,106.0,172.8,410.3,0.78,0.78,28.783,12169,,05-Nov-21,30-Sep-14,FH5,FH2,,FH5,FH4,FM7,FH3,FM6,DLC,,,,,,,6,XBO,0
FALSE,1973 Land Rover Range Rover,Range Rover '73,2985,1973,Land Rover,Range Rover,"Autoshow, WS",,,,Common,,,"50,000",Factory,Pickups & 4x4s,274,D,3.3,2.5,3.1,2.3,3.5,7.8,135,185,3800,28.15,50,3528,NA,V,8,F,AWD,,205,no,Preset / Offroad,"510, 602, 805, 850",PDS,stock,Europe,U.K.,,,3,R,4,,AWW,13.900,999.999,,94.9,167.2,na,0.74,0.73,986.099,12995,,05-Nov-21,28-Sep-18,FH5,FH4,,FH5,Barn,,,,,,,,,,,2,XBO,0
FALSE,1972 Land Rover Series III,LR Series III,2560,1972,Land Rover,Series III,"Autoshow, WS",,,,Common,,,"20,000",Factory,Pickups & 4x4s,100,D,2.6,2.0,3.0,1.6,2.3,7.2,69,103,3097,44.88,57,2286,NA,Inline,4,F,AWD,,165,no,Offroad,"300, 805, 850","T, PDS",stock,Europe,U.K.,,,3,R,4,,"AWW, ?BRG, WW, RPC",25.179,999.999,,76.0,194.6,na,0.72,0.71,974.820,12670,,05-Nov-21,07-Mar-17,FH5,FH3,,FH5,FH4,FM7,DLC,,,,,,,,,4,XBO,0
FALSE,1972 Land Rover Series III Forza Edition,LR Series III FE,,1972,Land Rover,Series III Forza Edition,Exclusive,,,,FE,Destruction,,"270,000",Upgraded,Pickups & 4x4s,126,D,6.6,5.6,6.3,7.6,8.8,,69,103,3097,44.88,57,2286,NA,Inline,4,F,AWD,,265,no,Preset FE Roof,"300, 550","T, PDS",stock,Europe,U.K.,,,3,R,4,,"BRG, WW",23.612,999.999,,76.9,218.6,na,0.80,0.79,976.387,12996,,,28-Sep-18,FH4,FH4,,,FE,,,,,,,,,,,1,XBO,0
FALSE,2019 LEGO Speed Champions Bugatti Chiron,LEGO Chiron,,2019,LEGO Speed Champions,Bugatti Chiron,DLC Exclusive,,,,Legendary,,,"2,400,000",Tuner,Hypercars,937,S2,10.0,9.0,8.0,9.4,10.0,,1479,1180,4398,2.97,43,7993,TT,W,16,M,AWD,,?,no,none,none,none,,Europe,Denmark,,,2,C,4,,HR,2.400,4.900,,268.0,101.2,232.4,1.29,1.39,2.500,13130,,,10-Feb-20,FH4,FH4,,,cu,,,,,,,,,,,1,XBO,0
FALSE,2019 LEGO Speed Champions McLaren Senna,LEGO Senna,,2019,LEGO Speed Champions,McLaren Senna,DLC Exclusive,,,,Legendary,,,"1,000,000",Tuner,Hypercars,978,S2,8.7,10.0,10.0,9.3,10.0,,789,590,2800,3.55,42,3994,TT,V,8,M,RWD,,?,no,none,789,none,,Europe,Denmark,,,2,C,4,,,2.253,4.686,,217.1,88.6,204.1,1.48,1.82,2.433,13097,,,09-Jun-19,FH4,FH4,,,DLC,,,,,,,,,,,1,XBO,0
FALSE,1987 LEGO Speed Champions Ferrari F40 Competizione,LEGO F40 C,,1987,LEGO Speed Champions,Ferrari F40 Competizione,DLC Exclusive,,,,Legendary,,,"3,000,000",Tuner,Extreme Track Toys,973,S2,8.0,10.0,10.0,8.7,7.1,,690,526,2315,3.36,42,2396,TT,V,8,M,RWD,,?,no,none,none,none,,Europe,Denmark,,,2,C,4,,HR,3.700,8.100,,214.4,96.5,218.1,1.56,1.87,4.400,13096,,,09-Jun-19,FH4,FH4,,,DLC,,,,,,,,,,,1,XBO,0
FALSE,1974 LEGO Speed Champions Porsche 911 Turbo 3.0,LEGO Porsche 911,,1974,LEGO Speed Champions,Porsche 911 Turbo 3.0,DLC Exclusive,,,,Legendary,,,"500,000",Tuner,Extreme Track Toys,898,S1,7.6,10.0,9.4,8.5,9.8,,491,434,2641,5.38,40,2994,T,Flat,6,F,AWD,,?,no,none,none,TT,,Europe,Denmark,,,2,C,4,,,5.700,13.000,,195.8,97.0,226.9,1.44,1.64,7.300,13106,,,01-Aug-19,FH4,FH4,,,DLC,,,,,,,,,,,1,XBO,0
FALSE,1967 LEGO Speed Champions Mini Cooper S Rally,LEGO Mini Cooper,,1967,LEGO Speed Champions,Mini Cooper S Rally,DLC Exclusive,,,,Legendary,,,"500,000",Tuner,Rally Monsters,831,S1,6.4,8.3,8.1,8.8,10.0,,375,332,2800,7.47,50,1600,T,,,F,AWD,,?,no,none,none,none,,Europe,Denmark,,,2,C,4,,,10.500,65.119,,161.1,115.9,286.7,1.13,1.23,54.619,13098,,,09-Jun-19,FH4,FH4,,,DLC,,,,,,,,,,,1,XBO,0
FALSE,2021 Lexus LC 500,Lexus LC 500 '21,3520,2021,Lexus,LC 500,Buy Cars Base,,,,Rare,,,"94,000",Factory,Sport Luxury,542,B,5.8,2.7,2.6,3.6,,,471,398,4266,9.06,54,4969,NA,V,8,F,RWD,,275,Both,,"565, 603, 630, 788","TT, PDS",stock,N. America,U.S.,,,2,L,4,,,4.600,10.400,,190.8,132.0,324.8,0.93,0.97,5.800,13351,05-Oct-23,13-Apr-23,13-Apr-23,FM,FH5,FM,cu,,,,,,,,,,,,2,XBO,1
FALSE,2020 Lexus #14 VASSER SULLIVAN RC F GT3,Lexus #14 RC F,3457,2020,Lexus,#14 VASSER SULLIVAN RC F GT3,Buy Cars DLC,FM Car Pass,Gift w/DLC,,,,,"295,000",Race,Forza GT3,784,S,4.7,6.2,6.3,5.4,,,500,405,3119,6.24,50,5400,NA,V,8,F,RWD,310/R18,310/R18,,Adjustable,none,none,,N. America,U.S.,Lexus RC F,,2,L,4,,,3.800,7.800,11.417,182.8,87.0,215.2,1.43,1.61,4.000,,27-Mar-24,,27-Mar-24,FM,FH5,DLC,DLC,,,,,,,,,,,,2,XBO,1
FALSE,2020 Lexus RC F Track Edition,Lexus RC F T '20,3546,2020,Lexus,RC F Track Edition,Buy Cars Base,,,,Rare,,,"101,000",Factory,Modern Sport Coupe,575,B,5.8,3.3,3.0,3.8,,,472,395,3781,8.01,55,4969,NA,V,8,F,RWD,,275,Both,,"565, 603, 630, 788","TT, PDS",stock,N. America,U.S.,Lexus RC F,,2,L,4,,,3.986,9.483,,193.2,101.6,241.8,1.06,1.12,5.497,13302,05-Oct-23,30-Jun-22,30-Jun-22,FM,FH5,FM,DLC,,,,,,,,,,,,2,XBO,1
FALSE,2015 Lexus RC F,Lexus RC F '15,2175,2015,Lexus,RC F,Buy Cars Base,,,,Rare,,,"94,000",Factory,Modern Sport Coupe,542,B,6.4,2.7,2.8,3.4,,,467,388,3957,8.47,55,4969,NA,V,8,F,RWD,,275,Both,,"565, 603, 630, 788","TT, PDS",stock,N. America,U.S.,Lexus RC F,,2,L,4,,,4.386,9.984,,182.9,120.6,293.7,0.96,0.99,5.598,12206,05-Oct-23,05-Nov-21,03-Feb-15,FM,FH2,FM,FH5,cu,,FH3,FM6,DLC,,,,,,,6,XBO,1
FALSE,2014 Lexus IS 350 F Sport,Lexus IS 350 '14,2097,2014,Lexus,IS 350 F Sport,Buy Cars Base,,,,,,,"67,000",Factory,Modern Sport Touring,417,C,4.3,2.0,2.1,2.8,,,306,277,3593,11.74,54,3456,NA,V,6,F,RWD,,,,Forza,"375, 460, 603, 630, 788","TT, PDS",stock,N. America,U.S.,Lexus IS,,4,L,4,,,6.000,14.400,,172.9,136.4,337.9,1.06,1.02,8.400,12370,05-Oct-23,,15-Sep-15,FM,FM6,FM,,,,FH3,FM6,,,,,,,,3,XBO,1
FALSE,2013 Lexus GS350 F Sport,Lexus GS350 '13,1535,2013,Lexus,GS350 F Sport,Buy Cars Base,,,,,,,"75,000",Factory,Sport Luxury,459,C,4.7,2.1,2.3,2.7,,,306,277,3970,12.97,52,3456,NA,V,6,F,AWD,,,,,"375, 460, 603, 630, 788","TT, PDS",stock,N. America,U.S.,,,4,L,4,,,5.781,14.082,,177.1,120.2,306.9,1.07,1.04,8.301,11929,05-Oct-23,,07-Aug-12,FM,FM4,FM,,,,FH3,FM6,FH2,DLC,,DLC,,,,6,XBO,1
FALSE,2012 Lexus LFA Nurburgring Edition,,,2012,Lexus,LFA Nurburgring Edition,,,,,,,,,Factory,Super,680,S,,,,,,,562,354,3183,5.66,,,,V,10,F,RWD,,,,,,,,N. America,U.S.,,,2,L,4,,,,,,,,,,,,11998,,,01-Jan-13,FH1,FH1,,,,,,,,,DLC,,,,,1,360,0
FALSE,2011 Lexus CT200h,,,2011,Lexus,CT200h,,,,,,,,,Factory,Sedan,195,F,,,,,,,134,169,3131,23.37,,,,,4,F,FWD,,,,,,,,N. America,U.S.,,,5,L,4,,,10.415,,,127.0,,,,,,11794,,,14-Oct-11,FM4,FM4,,,,,,,,,,FM4,,,,1,360,0
FALSE,2010 Lexus #1 Petronas Tom's SC430,,,2010,Lexus,#1 Petronas Tom's SC430,,,,,,,,,Livery,SGT500,857,R2,,,,,,,475,357,2425,5.11,,,,,8,F,RWD,,,,,,,,N. America,U.S.,,,2,R,4,,,3.500,,,182.6,,,,,,11793,,,14-Oct-11,FM4,FM4,,,,,,,,,,FM4,,,,1,360,0
FALSE,2010 Lexus LFA,Lexus LFA '10,1260,2010,Lexus,LFA,Reward,FM Launch,BC Enthusiast Tour,,Epic,,,"131,000",Factory,Modern Sport GT,697,A,6.0,4.1,3.9,5.0,,,552,354,3263,5.91,48,4805,NA,V,10,F,RWD,265/R20,265/R20,Both,Street,"562, 565, 603, 788",TT,stock,N. America,U.S.,,,2,L,4,,,3.700,7.818,11.800,199.3,103.9,259.1,1.23,1.27,4.118,11666,05-Oct-23,05-Nov-21,29-Oct-10,FM,FM3,R,FH5,cu,,FH3,FM6,FH2,FM5,FH1,FM4,DLC,,,10,XBO,1
FALSE,2009 Lexus IS F,Lexus IS F,,2009,Lexus,IS F,Exclusive,,,,Rare,,,"250,000",Factory,Super Saloons,737,A,7.5,6.1,6.1,6.1,7.7,,416,371,3780,9.09,54,4969,NA,V,8,F,RWD,,255,Both,Forza,"510, 500, 602, 552","TT, CS",stock,N. America,U.S.,IS,,4,L,4,,,4.400,10.215,,191.8,167.3,388.9,0.88,0.90,5.815,11535,,,27-Oct-09,FH4,FM3,,,cu,,FH3,FM6,,FM5,FH1,FM4,FM3,,,7,XBO,0
FALSE,2008 Lexus #25 Eclipse Advan SC430,,,2008,Lexus,#25 Eclipse Advan SC430,,,,,,,,,Livery,SGT500,857,R2,,,,,,,475,357,2425,5.11,,,,,8,F,RWD,,,,,,,,N. America,U.S.,,,2,R,4,,,3.500,,,182.6,,,,,,11532,,,27-Oct-09,FM4,FM3,,,,,,,,,,FM4,FM3,,,2,360,0
FALSE,2008 Lexus #36 Petronas Tom's SC430,,,2008,Lexus,#36 Petronas Tom's SC430,,,,,,,,,Livery,SGT500,828,R2,,,,,,,499,,2425,4.86,,,,,,F,RWD,,,,,,,,Europe,England,,,2,R,4,,,,,,,,,,,,11533,,,27-Oct-09,FM3,FM3,,,,,,,,,,,FM3,,,1,360,0
FALSE,2008 Lexus #6 Eneos SC430,,,2008,Lexus,#6 Eneos SC430,,,,,,,,,Race,SGT500,857,R2,,,,,,,475,357,2425,5.11,,,,,8,F,RWD,,,,,,,,N. America,U.S.,,,2,R,4,,,3.500,,,182.6,,,,,,11534,,,27-Oct-09,FM4,FM3,,,,,,,,,,FM4,FM3,,,2,360,0
FALSE,2006 Lexus IS350,,,2006,Lexus,IS350,,,,,,,,,Factory,Sedan,397,C,,,,,,,306,277,3527,11.53,,,,,6,F,RWD,,,,,,,,N. America,U.S.,,,4,L,4,,,6.000,,,165.9,,,,,,11294,,,29-May-07,FM4,FM2,,,,,,,,,,FM4,FM3,FM2,,3,360,0
FALSE,2003 Lexus Foose Design IS430 Project Car,,,2003,Lexus,Foose Design IS430 Project Car,,,,,,,,,Tuner,,602,B,,,,,,,,,,#DIV/0!,,,,,,F,RWD,,,,,,,,N. America,U.S.,,,4,L,4,,,,,,,,,,,,11293,,,29-May-07,FM2,FM2,,,,,,,,,,,,FM2,,1,360,0
FALSE,2003 Lexus IS300,,,2003,Lexus,IS300,,,,,,,,,Factory,Sedan,342,D,,,,,,,215,218,3307,15.38,,,,,6,F,RWD,,,,,,,,N. America,U.S.,,,4,L,4,,,7.100,,,157.4,,,,,,11103,,,03-May-05,FM4,FM1,,,,,,,,,,FM4,FM3,FM2,FM1,4,360,0
FALSE,2002 Lexus SC430,,,2002,Lexus,SC430,,,,,,,,,Factory,Sports,373,C,,,,,,,282,309,3836,13.60,,,,,8,F,RWD,,,,,,,,N. America,U.S.,,,2,L,4,,,5.900,,,164.6,,,,,,11104,,,03-May-05,FM4,FM1,,,,,,,,,,FM4,FM3,FM2,FM1,4,360,0
FALSE,1997 Lexus SC300,Lexus SC300,1351,1997,Lexus,SC300,"Autoshow, WS",,,,Rare,,,"25,000",Factory,Retro Sports Cars,555,C,5.6,3.0,5.1,4.0,3.1,5.5,225,210,3560,15.82,53,2997,NA,Inline,6,F,RWD,,215,Both,Aftermarket,"415, 327, 805, 690","T, TT, CS",stock,N. America,U.S.,,,2,L,4,,"RPC, TC",7.418,19.419,,152.6,153.4,383.6,0.87,0.87,12.001,11719,,05-Nov-21,13-Oct-11,FH5,FM4,,FH5,,,FH3,FM6,,,,DLC,,,,4,XBO,0
FALSE,2016 Ligier #11 Euro International JS P3,Ligier #11 JS P3,3365,2016,Ligier,#11 Euro International JS P3,Buy Cars DLC,FM Car Pass,Gift w/DLC,,,,,"319,000",Race,Forza P3,897,R,3.9,9.1,9.3,6.7,,,420,391,2215,5.27,42,5000,NA,V,8,M,RWD,300/R18,310/R18,,Adjustable,none,none,,Europe,France,,,2,L,4,,,3.118,6.500,10.700,169.9,78.2,195.1,1.60,2.16,3.382,,24-Apr-24,,24-Apr-24,FM,FM,DLC,,,,,,,,,,,,,1,XBO,1
FALSE,2017 Lincoln Continental,Continental '17,,2017,Lincoln,Continental,,,,,,,,,Factory,Sport Luxury,437,C,7.0,4.0,4.1,7.0,3.2,,400,400,4547,11.37,56,,TT,V,6,F,AWD,,255,,,"415, 562",none,eng,N. America,U.S.,,,4,L,4,,,5.281,12.782,13.133,181.7,138.7,344.4,1.00,0.98,7.501,12880,,,05-Mar-18,FM7,FM7,,,,DLC,,,,,,,,,,1,XBO,0
FALSE,1962 Lincoln Continental,Continental '62,1586,1962,Lincoln,Continental,Seasonal,,,,,,,,Factory,Sedan,214,E,,,,,,,300,465,4929,16.43,,,,,8,F,RWD,,,,,,,,N. America,U.S.,,,4,L,4,,,10.500,,,143.7,,,,,,11930,,30-Nov-23,07-Aug-12,FH5,FM4,,cu,,,,,,,,DLC,,,,2,360,0
FALSE,2014 Local Motors Rally Fighter,Rally Fighter,2146,2014,Local Motors,Rally Fighter,"Autoshow, WS",,,,Rare,,,"100,000",Factory,Unlimited Offroad,716,A,6.0,4.0,3.8,4.5,3.6,10.0,430,424,3800,8.84,50,6162,NA,V,8,F,RWD,,285,no,Rally lights / roof,"415, 475d, 640, 700V, 800, 850","TT, PDS",stock,N. America,U.S.,,,2,L,4,,"DVG, OR",5.464,14.853,13.917,163.1,149.3,371.6,0.90,0.89,9.389,12170,,05-Nov-21,30-Sep-14,FH5,FH2,,FH5,FH4,FM7,FH3,FM6,FH2,,,,,,,6,XBO,0
FALSE,2014 Local Motors Rally Fighter F&F Edition,Fally Fighter FF,,2014,Local Motors,Rally Fighter F&F Edition,,,,,,,,,Tuner,Fast & Furious,502,B,6.7,4.0,4.0,8.2,,,630,577,3885,6.17,50,,PDS,V,8,F,RWD,,,,,"650, 825, ",TT,eng,N. America,U.S.,,,2,L,4,,,4.820,9.619,12.167,175.9,121.0,311.7,1.01,0.94,4.799,12809,,,29-Sep-17,FM7,FM7,,,,DLC,,,,,,,,,,1,XBO,0
FALSE,1969 Lola #10 Simoniz Special T163,Lola #10 T163,2312,1969,Lola,#10 Simoniz Special T163,Buy Cars Base,,,,,,24-Apr-2024,"314,000",Race,Prototype Group Racing,840,R,5.7,6.0,6.2,9.3,,,615,560,2006,3.26,40,7000,NA,V,8,M,RWD,265,345,,Adjustable,none,none,stock,Europe,U.K.,,Yes,2,R,4,,,2.350,4.700,9.283,197.9,81.8,213.7,1.43,1.59,2.350,12371,05-Oct-23,,15-Sep-15,FM,FM6,FM,,,FM7,,FM6,,,,,,,,3,XBO,1
FALSE,1969 Lola #6 Sunoco T70 MkIIIB,Lola #6 T70,2423,1969,Lola,#6 Sunoco T70 MkIIIB,Buy Cars Base,,,,Epic,,,"300,000",Race,Prototype Group Racing,798,S,5.2,5.9,6.2,7.1,,,460,395,2139,4.65,36,4995,NA,V,8,M,RWD,265,380,no,Adjustable,none,none,stock,Europe,U.K.,,,2,R,4,,,3.000,6.700,10.133,192.7,116.6,287.6,1.09,1.09,3.700,12663,05-Oct-23,05-Nov-21,07-Feb-17,FM,FH3,FM,FH5,FH4,FM7,cu,,,,,,,,,5,XBO,1
FALSE,2023 Lotus Emira,Lotus Emira '23,3716,2023,Lotus,Emira,Buy Cars Base,,,,Rare,,,"113,000",Factory,Modern Sport GT,600,B,4.6,3.7,3.7,3.7,,,400,310,3097,7.74,45,3456,PDS,V,6,M,RWD,,,,,"375, 394I, 475, 562, 630, 788",TT,eng,Europe,U.K.,,,2,L,4,,,4.184,10.000,,178.5,110.4,269.8,1.11,1.19,5.816,13364,05-Oct-23,20-Jun-23,20-Jun-23,FM,FH5,FM,DLC,,,,,,,,,,,,2,XBO,1
FALSE,2020 Lotus Evija,Lotus Evija '20,3449,2020,Lotus,Evija,Buy Cars Base,,,,Legendary,,,"427,000",Factory,Modern Exotic GT,931,P,6.7,4.7,4.8,4.6,,,1973,1253,3704,1.88,48,0,E,E,E,M,AWD,,325,Both,,none,none,E,Europe,U.K.,,,2,L,4,,HR,2.700,4.519,,220.9,69.2,167.5,1.29,1.48,1.819,13238,05-Oct-23,05-Nov-21,05-Nov-21,FM,FH5,FM,FH5,,,,,,,,,,,,2,XBO,1
FALSE,2018 Lotus Evora GT430,Evora GT430,3906,2018,Lotus,Evora GT430,Reward,FM Update 18,,,,,,"136,000",Factory,Modern Sport Coupe,695,A,5.3,4.2,4.4,4.7,,,430,325,2864,6.66,41,3500,PDS,V,6,M,RWD,245/R19,295/R20,,Forza,"375, 562, 565, 630, 788",TT,,Europe,U.K.,,,2,R,4,,,3.877,8.676,11.500,187.8,98.7,264.4,1.27,1.33,4.799,,12-Mar-25,,12-Mar-25,FM,FM,R,,,,,,,,,,,,,1,XBO,1
FALSE,2016 Lotus 3-Eleven,Lotus 3-Eleven,2541,2016,Lotus,3-Eleven,Buy Cars Base,,,,Epic,,22-May-2024,"255,000",Factory,Track Toys,734,S,3.9,4.9,4.7,6.5,,,410,308,2138,5.21,36,3456,PDS,V,6,M,RWD,,265,no,,"375, 475, 562, 630, 788",none,no,Europe,U.K.,Lotus Elise,Yes,2,L,4,,"OT, ?SS",3.300,7.000,11.033,182.0,97.7,233.3,1.17,1.35,3.700,12687,05-Oct-23,05-Nov-21,06-Jun-17,FM,FH3,FM,FH5,FH4,FM7,DLC,,,,,,,,,5,XBO,1
FALSE,2015 Lotus E23,Lotus E23,,2015,Lotus,E23,,,,,,,,,Race,Modern Grand Prix,,,8.1,9.8,9.8,9.6,,,932,508,1548,1.66,46,,T,V,6,M,RWD,,,,,,,no,Europe,U.K.,,Yes,1,C,4,,,2.460,4.020,,216.7,75.8,167.6,1.85,2.95,1.560,12373,,,15-Sep-15,FM6,FM6,,,,,,FM6,,,,,,,,1,XBO,0
FALSE,2013 Lotus E21,,,2013,Lotus,E21,,,,,,,,,Race,Modern GP,999,X,7.5,10.0,10.0,10.0,9.1,,750,221,1422,1.90,46,2400,NA,V,8,M,RWD,,,,,,,stock,Europe,U.K.,,Yes,1,C,4,,,2.800,4.500,,200.2,66.0,141.9,2.00,3.53,1.700,12074,,,22-Nov-13,FM5,FM5,,,,,,,,FM5,,,,,,1,XBO,0
FALSE,2012 Lotus Exige S,Lotus Exige S,1523,2012,Lotus,Exige S,"Autoshow, WS",,Accolade,,Rare,,,"85,000",Factory,Modern Sports Cars,754,A,6.4,5.4,6.3,6.5,6.2,4.8,345,295,2593,7.52,41,3456,PDS,V,6,M,RWD,,265,Both,Rally lights,"510, 475(3L), 602",T,eng,Europe,U.K.,,Yes,2,L,4,,BRG,4.000,9.600,12.033,176.8,120.1,292.8,1.01,1.10,5.600,11999,,05-Nov-21,01-Jan-13,FH5,FH1,,FH5,FH4,FM7,FH3,FM6,FH2,FM5,DLC,,,,,8,XBO,0
FALSE,2011 Lotus Evora S,Lotus Evora '11,2165,2011,Lotus,Evora S,Buy Cars Base,,,,Rare,,,"110,000",Factory,Modern Sport Coupe,588,B,4.6,3.2,3.3,3.8,,,346,295,3168,9.16,39,3456,PDS,V,6,M,RWD,,275,no,,"375, 562, 565, 630, 788",T,eng,Europe,U.K.,,,2,R,4,,,4.300,10.400,12.433,180.5,149.3,363.6,0.92,0.98,6.100,11979,05-Oct-23,,23-Oct-12,FM,FH1,FM,,FH4,FM7,FH3,FM6,DLC,,FH1,,,,,7,XBO,1
FALSE,2009 Lotus 2-Eleven,Lotus 2-Eleven,1187,2009,Lotus,2-Eleven,Exclusive,,,,Rare,,,"130,000",Factory,Track Toys,813,S1,6.2,9.9,9.3,7.4,8.9,,252,179,1642,6.52,38,1796,PDS,Inline,4,M,RWD,,225,no,Adjustable,"321, 300, 475",none,eng,Europe,U.K.,,Yes,2,L,4,,SS,3.800,8.919,12.200,153.0,107.8,260.1,1.31,1.49,5.119,11605,,07-Dec-23,12-Jan-10,FH5,FM3,,cu,FH4,FM7,FH3,FM6,FH2,FM5,FH1,FM4,DLC,,,10,XBO,0
FALSE,2009 Lotus Evora,,,2009,Lotus,Evora,,,,,,,,,Factory,Sports,493,B,,,,,,,276,252,2976,10.78,,,,,6,M,RWD,,,,,,,,Europe,U.K.,,,2,L,4,,,4.900,,,169.8,,,,,,11536,,,27-Oct-09,FM4,FM3,,,,,,,,,,FM4,FM3,,,2,360,0
FALSE,2009 Lotus Evora Type 124 Endurance Racecar,,,2009,Lotus,Evora Type 124 Endurance Racecar,,,,,,,,,Race,Super,694,S,,,,,,,400,302,2756,6.89,40,3500,,V,6,M,RWD,,305,,,,,,Europe,U.K.,,,2,L,4,,,4.000,8.717,,184.8,,,,,4.717,11643,,,08-Jun-10,FM4,FM3,,,,,,,,,,FM4,DLC,,,2,360,0
FALSE,2006 Lotus Exige Cup 240,,,2006,Lotus,Exige Cup 240,,,,,,,,,Factory,Superlight,528,A,,,,,,,243,174,2050,8.44,,,,,4,M,RWD,,,,,,,,Europe,U.K.,,,2,R,4,,,,,,,,,,,,11296,,,29-May-07,FH1,FM2,,,,,,,,,FH1,FM4,FM3,FM2,,4,360,0
FALSE,2005 Lotus Elise,,,2005,Lotus,Elise,,,,,,,,,Factory,,,C2,,,,,,,,,,#DIV/0!,,,,,,M,RWD,,,,,,,,Europe,U.K.,,,2,R,4,,,,,,,,,,,.000,11106,,,03-May-05,FM1,FM1,,,,,,,,,,,,,FM1,1,360,0
FALSE,2005 Lotus Elise 111S,Lotus Elise '05,,2005,Lotus,Elise 111S,Exclusive,,,,Rare,,,"45,000",Factory,Retro Sports Cars,650,B,5.7,7.0,7.0,6.3,7.8,,156,129,1777,11.39,39,1796,NA,Inline,4,M,RWD,,225,no,Forza,"321, 300, 475","T, PDS",stock,Europe,U.K.,,,2,R,4,,SS,5.000,14.500,14.200,134.1,151.1,358.8,0.94,1.03,9.500,11107,,,03-May-05,FH4,FM1,,,FH4,FM7,FH3,FM6,,,,FM4,FM3,FM2,FM1,8,XBO,0
FALSE,2005 Lotus Exige,,,2005,Lotus,Exige,,,,,,,,,Factory,,571,B,,,,,,,,,,#DIV/0!,,,,,,M,RWD,,,,,,,,Europe,U.K.,,,2,L,4,,,,,,,,,,,.000,11109,,,03-May-05,FM2,FM1,,,,,,,,,,,,FM2,FM1,2,360,0
FALSE,2005 Lotus Exige Espionage,,,2005,Lotus,Exige Espionage,,,,,,,,,Tuner,,,,,,,,,,,,,#DIV/0!,,,,,,,,,,,,,,,Europe,U.K.,,,2,R,4,,,,,,,,,,,,11297,,,29-May-07,FM2,FM2,,,,,,,,,,,,Uni,,1,360,0
FALSE,2003 Lotus Elise 135R,,,2003,Lotus,Elise 135R,,,,,,,,,Factory,,491,C,,,,,,,,,,#DIV/0!,,,,,,M,RWD,,,,,,,,Europe,U.K.,,,2,R,4,,,,,,,,,,,,11295,,,29-May-07,FM2,FM2,,,,,,,,,,,,FM2,,1,360,0
FALSE,2002 Lotus Esprit V8,Lotus Esprit '02,335,2002,Lotus,Esprit V8,Buy Cars Base,,,,Rare,,,"115,000",Factory,Sport GT Icons,579,B,5.1,2.7,3.0,4.0,,,350,295,2851,8.15,43,3506,TT,V,8,M,RWD,,285,Both,,"562, 565, 630, 788",none,eng,Europe,U.K.,,,2,R,4,,,4.800,10.518,13.000,186.1,153.3,369.1,0.93,0.98,5.718,11108,05-Oct-23,14-Mar-24,03-May-05,FM,FM1,FM,cu,FH4,FM7,FH3,FM6,DLC,DLC,,FM4,FM3,FM2,FM1,12,XBO,1
FALSE,2000 Lotus 340R,Lotus 340R,2405,2000,Lotus,340R,,,,,Rare,,,"40,000",Factory,Retro Sports Cars,706,A,5.6,7.8,7.6,7.1,8.5,,177,126,1485,8.39,37,1796,NA,Inline,4,M,RWD,,225,no,Forza,"321, 300","T, CS",stock,Europe,U.K.,,Yes,2,R,4,,"OR, SS",4.600,12.518,13.033,128.4,142.3,335.8,1.00,1.11,7.918,12628,,28-Dec-23,04-Oct-16,FH5,FH3,,cu,FH4,FM7,DLC,,,,,,,,,4,XBO,0
FALSE,1999 Lotus Elise Series 1 Sport 190,Lotus Elise '99,1376,1999,Lotus,Elise Series 1 Sport 190,"Autoshow, WS",,,,Common,,,"81,000",Factory,Retro Sports Cars,711,A,5.3,5.1,6.0,5.8,4.8,4.8,190,140,1477,7.77,39,1796,NA,Inline,4,M,RWD,,225,Both,Forza,"321, 300","T, CS",stock,Europe,U.K.,,Yes,2,L,4,,"OT, ?SS",4.282,10.682,12.367,148.6,119.5,290.3,1.13,1.22,6.400,11795,,05-Nov-21,14-Oct-11,FH5,FM4,,FH5,cu,FM7,,FM6,,DLC,,FM4,,,,6,XBO,0
FALSE,1997 Lotus Elise GT1,Lotus Elise GT1,2825,1997,Lotus,Elise GT1,"Autoshow, WS",,,,Legendary,,,"1,800,000",Race,Retro Supercars,794,A,6.4,7.1,8.1,5.6,3.4,4.6,350,295,2425,6.93,42,3506,TT,V,8,M,RWD,,345,Both,Adjustable,"510, 602",none,eng,Europe,U.K.,,,2,R,4,,CS,4.000,9.600,11.933,175.8,107.5,248.9,1.25,1.52,5.600,12864,,05-Nov-21,16-Jan-18,FH5,FM7,,FH5,Barn,DLC,,,,,,,,,,3,XBO,0
FALSE,1986 Lotus #12 Team Lotus 98T,Lotus #12 98T,3301,1986,Lotus,#12 Team Lotus 98T,Buy Cars DLC,FM Car Pass,Gift w/DLC,,,,,"390,000",Race,Grand Prix Rivals,999,X,7.1,10.0,10.0,8.8,,,900,483,1512,1.68,37,1500,TT,V,6,M,RWD,/R13,/R13,,Adjustable,none,none,,Europe,U.K.,,Yes,1,C,4,,,2.400,3.700,8.433,214.7,78.6,174.7,1.84,2.93,1.300,,03-Apr-24,,03-Apr-24,FM,FM,DLC,,,,,,,,,,,,,1,XBO,1
FALSE,1980 Lotus Esprit Turbo,,,1980,Lotus,Esprit Turbo,,,,,,,,,Factory,Sports,304,D,,,,,,,205,194,2710,13.22,,,,,4,M,RWD,,,,,,,,Europe,U.K.,,,2,R,4,,,6.600,,,147.3,,,,,,11796,,,14-Oct-11,FM4,FM4,,,,,,,,,,FM4,,,,1,360,0
FALSE,1976 Lotus #5 Team Lotus 77,#5 Lotus 77,2266,1976,Lotus,#5 Team Lotus 77,Buy Cars Base,,,,,,,"325,000",Race,Formula 70s,877,R,4.2,7.8,7.9,7.9,,,465,260,1511,3.25,35,3000,NA,V,8,M,RWD,,415,,,,none,stock,Europe,U.K.,,Yes,1,C,4,,,2.500,5.500,9.700,176.8,79.2,192.9,1.60,1.98,3.000,12372,05-Oct-23,,15-Sep-15,FM,FM6,FM,,,FM7,,FM6,,,,,,,,3,XBO,1
FALSE,1971 Lotus Elan Sprint,Lotus Elan '71,330,1971,Lotus,Elan Sprint,Buy Cars Base,,,,Common,,,"54,000",Factory,Vintage Sport Compact,272,E,1.0,1.1,1.3,1.6,,,126,113,1640,13.02,47,1558,NA,Inline,4,F,RWD,,155,Front,,"212, 333, 350, 375, 475, 630",T,stock,Europe,U.K.,,,2,R,4,,"DVG, MM, ?BRG",8.400,26.522,16.000,126.7,167.9,415.3,0.81,0.80,18.122,11105,05-Oct-23,05-Nov-21,03-May-05,FM,FM1,FM,FH5,FH4,FM7,,FM6,,FM5,Uni,FM4,FM3,FM2,FM1,11,XBO,1
FALSE,1967 Lotus Type 49,Lotus Type 49,2024,1967,Lotus,Type 49,Buy Cars Base,,,,,,,"287,000",Race,Formula 60s,761,S,5.4,4.4,4.5,6.3,,,404,258,1333,3.30,44,3000,NA,V,8,M,RWD,,265,,,,none,stock,Europe,U.K.,,Yes,1,C,4,,,3.800,7.200,10.417,217.3,91.9,240.0,1.28,1.26,3.400,12113,05-Oct-23,,01-Jul-14,FM,FM5,FM,,,FM7,,FM6,,DLC,,,,,,4,XBO,1
FALSE,1965 Lotus #1 Team Lotus Type 40,Lotus Type 40,3309,1965,Lotus,#1 Team Lotus Type 40,Buy Cars DLC,FM Car Pass,Gift w/DLC,,,,,"279,000",Race,Vintage Le Mans Prototypes,736,S,5.9,3.8,4.2,6.5,,,451,405,2087,4.63,40,5800,NA,V,8,M,RWD,185/R15,245/R15,,Adjustable,none,none,,Europe,U.K.,,Yes,2,R,4,,,3.100,5.981,10.133,200.3,92.1,247.6,1.27,1.29,2.881,13440,16-Nov-23,,16-Nov-23,FM,FM,DLC,,,,,,,,,,,,,1,XBO,1
FALSE,1965 Lotus Team Lotus type 35,Lotus Type 35,3268,1965,Lotus,Team Lotus type 35,Buy Cars DLC,FM Car Pass,Gift w/DLC,,,,,"271,000",Race,Formula 60s,710,S,4.4,4.2,4.5,6.1,,,275,210,1309,4.76,43,3000,NA,V,8,M,RWD,230/R13,270/R13,,Adjustable,none,none,,Europe,U.K.,,Yes,1,C,4,,,3.400,7.000,10.950,178.8,89.7,238.6,1.31,1.29,3.600,,14-Feb-24,,14-Feb-24,FM,FM,DLC,,,,,,,,,,,,,1,XBO,1
FALSE,1956 Lotus Eleven,Lotus Eleven,,1956,Lotus,Eleven,,,,,Rare,,,"140,000",Race,Classic Racers,553,C,5.7,5.2,5.7,5.3,6.3,,83,74,1079,13.00,54,1098,NA,Inline,4,F,RWD,,175,no,Forza,"212, 300, 475","T, PDS",stock,Europe,U.K.,,Yes,2,R,4,,,9.000,22.000,16.000,133.4,182.2,437.2,0.80,0.79,13.000,11919,,,03-Jul-12,FH4,FM4,,,FH4,FM7,FH3,FM6,FH2,DLC,,DLC,,,,7,XBO,0
FALSE,2023 Lucid Air Sapphire,Lucid Air,3811,2023,Lucid,Air Sapphire,Exclusive,Series 27 cu,,,,,,,Factory,Super Saloons,,,,,,,,,,,,,,,,,,,,,,,,,,,N. America,U.S.,,,4,L,4,,,,,,,,,,,,13441,,23-Nov-23,23-Nov-23,FH5,FH5,,cu,,,,,,,,,,,,1,XBO,0
FALSE,2022 Lynk & Co 02 Hatchback,Lynk & Co 02 HB,3788,2022,Lynk & Co,02 Hatchback,Seasonal,,,,,,,,Factory,Hot Hatch,,,,,,,,,,,,,,,,,,,,,,,,,,,Asia,China,,,,,,,,,,,,,,,,,,,,,FH5,FH5,,cu,,,,,,,,,,,,1,XBO,0
FALSE,2022 Lynk & Co 05+,Lynk & Co 05+,3787,2022,Lynk & Co,05+,DLC,,,,,,,,Factory,Sports Utility Heroes,,,,,,,,,,,,,,,,,,,,,,,,,,,Asia,China,,,,,,,,,,,,,,,,,,,,,FH5,FH5,,DLC,,,,,,,,,,,,1,XBO,0
FALSE,2021 Lynk & Co 03+,Lynk 03 '21,3677,2021,Lynk & Co,03+,Buy Cars Base,,,,Rare,,,"55,000",Factory,Modern Sport Compact,415,C,3.6,2.3,2.4,2.4,,,251,258,3560,14.18,60,1969,T,Inline,4,F,AWD,,245,Both,,"350, 375, 394I, 475",none,eng,Asia,China,,,4,L,4,,,5.900,15.300,,163.3,132.0,332.2,0.95,1.01,9.400,13327,05-Oct-23,29-Sep-22,29-Sep-22,FM,FH5,FM,cu,,,,,,,,,,,,2,XBO,1
FALSE,2020 Lynk & Co #100 Cyan Racing 03,#100 Lynk&Co 03,3552,2020,Lynk & Co,#100 Cyan Racing 03,Seasonal,Series 14 cu,,,Rare,,,"250,000",Race,Track Toys,800,A,5.5,8.4,7.4,5.0,2.0,4.7,340,312,2910,8.56,62,1969,T,Inline,4,F,FWD,,265,no,Adjustable,"300, 850",none,eng,Asia,China,,,4,L,4,,,5.221,10.900,,152.9,86.8,190.7,1.61,1.95,5.679,13329,,10-Nov-22,10-Nov-22,FH5,FH5,,cu,,,,,,,,,,,,1,XBO,0
FALSE,2020 Lynk & Co #62 Cyan Racing 03,Lynk #62 03,3552,2020,Lynk & Co,#62 Cyan Racing 03,Buy Cars Base,,,,,,,"264,000",Race,Forza Touring Cars,688,A,3.1,5.1,5.3,3.8,,,340,302,2910,8.56,59,1969,T,Inline,4,F,FWD,,,,,none,,,Asia,China,,,4,L,4,,,4.518,9.800,12.683,158.9,102.6,255.5,1.35,1.47,5.282,13410,05-Oct-23,,05-Oct-23,FM,FM,FM,,,,,,,,,,,,,1,XBO,1
FALSE,2017 Maserati Levante S,Maserati Levante,2865,2017,Maserati,Levante S,"Autoshow, WS",,,,Common,,,"85,000",Factory,Sports Utility Heroes,696,B,6.6,4.3,5.0,5.1,2.4,6.4,424,427,4649,10.96,50,2979,TT,V,6,F,AWD,,295,Both,Forza,"602, 660, 805, 562v8",none,eng,Europe,Italy,,,5,L,4,,Heavy,5.100,12.300,12.700,180.3,120.9,309.4,0.92,0.91,7.200,12887,,05-Nov-21,19-Apr-18,FH5,FM7,,FH5,cu,DLC,,,,,,,,,,3,XBO,0
FALSE,2014 Maserati #35 M.Calamia Swiss Team MC Trofeo,#35 Maserati MC,,2014,Maserati,#35 M.Calamia Swiss Team MC Trofeo,,,,,,,,,Race,Forza GT,779,S,7.1,6.5,6.7,8.4,,,488,376,3086,6.32,51,,NA,V,8,F,RWD,,325,,,none,none,stock,Europe,Italy,,,2,L,4,,,3.900,8.000,11.850,192.1,122.8,285.1,1.40,1.52,4.100,12410,,,03-Nov-15,FM7,FM6,,,,FM7,,DLC,,,,,,,,2,XBO,0
FALSE,2014 Maserati Ghibli S F&F Edition,,,2014,Maserati,Ghibli S F&F Edition,,,,,,,,,Tuner,Super Saloons,900,S1,7.9,,7.8,8.7,,,618,619,3990,6.46,50,2979,,,,F,RWD,,,,,,,,Europe,Italy,,,4,L,4,,,4.737,,,212.5,,,,,,12219,,,07-Apr-15,FH2,FH2,,,,,,,DLC,,,,,,,1,XBO,0
FALSE,2014 Maserati Ghibli S Q4,Mas. Ghibli '14,2051,2014,Maserati,Ghibli S Q4,Buy Cars Base,,,,Legendary,,,"104,000",Factory,Sport Luxury,537,B,4.5,2.5,2.5,3.6,,,404,405,4123,10.21,51,2979,TT,V,6,F,AWD,,285,Both,,"333, 375, 562, 603, 630",none,eng,Europe,Italy,Maserati Ghibli,,4,L,4,,,4.700,12.000,12.633,184.0,164.9,389.0,0.89,0.91,7.300,12374,05-Oct-23,,15-Sep-15,FM,FM6,FM,,cu,FM7,FH3,FM6,,,,,,,,5,XBO,1
FALSE,2011 Maserati Quattroporte Sport GT S,,,2011,Maserati,Quattroporte Sport GT S,,,,,,,,,Factory,Sedan,479,B,,,,,,,433,361,4387,10.13,,,,,8,F,RWD,,,,,,,,Europe,Italy,,,4,L,4,,,5.200,,,175.8,,,,,,11880,,,03-Apr-12,FM4,FM4,,,,,,,,,,DLC,,,,1,360,0
FALSE,2010 Maserati Gran Turismo S,Maserati GT-S,1304,2010,Maserati,Gran Turismo S,"Autoshow, WS",,,,Epic,,,"156,000",Factory,GT Cars,702,A,6.9,4.5,6.0,5.4,4.8,5.0,432,361,4146,9.60,47,4691,NA,V,8,F,RWD,,285,no,Forza,"510, 602, 805","TT, CS",stock,Europe,Italy,,,2,L,4,,,4.585,11.500,13.067,187.8,126.9,317.7,0.94,0.97,6.915,11797,,05-Nov-21,14-Oct-11,FH5,FM4,,FH5,FH4,FM7,FH3,FM6,FH2,FM5,FH1,FM4,,,,9,XBO,0
FALSE,2010 Maserati Gran Turismo S Forza Edition,Maserati GTS FE,3568,2010,Maserati,Gran Turismo S Forza Edition,"WS, Seasonal",,,,FE,Clean Skills,,"500,000",Upgraded,Track Toys,900,S1,7.9,9.6,8.9,6.7,7.3,3.8,603,440,3086,5.12,47,5200,NA,V,8,F,RWD,,325,no,Adjustable,none,TT,stock,Europe,Italy,,,2,L,4,,,4.579,11.500,12.700,214.6,86.3,204.4,1.32,1.52,6.921,12810,,05-Nov-21,29-Sep-17,FH5,FM7,,FH5,,FE,,,,,,,,,,2,XBO,0
FALSE,2010 Maserati GranTurismo MC GT4,,,2010,Maserati,GranTurismo MC GT4,,,,,,,,,Factory,Super,674,S,,,,,,,433,361,3086,7.13,,,,,8,F,RWD,,23,,,,,,Europe,Italy,,,2,L,4,,,4.084,,,186.5,,,,,,11840,,,06-Dec-11,FM4,FM4,,,,,,,,,,DLC,,,,1,360,0
FALSE,2008 Maserati GranTurismo,,,2008,Maserati,GranTurismo,,,,,,,,,Factory,Coupe,435,B,,,,,,,405,339,4350,10.74,,,,,8,F,RWD,,,,,,,,Europe,Italy,,,2,L,4,,,4.700,11.716,,,,,,,,11411,,,18-Mar-08,FM3,FM2,,,,,,,,,,,FM3,DLC,,2,360,0
FALSE,2008 Maserati MC12 Versione Corsa,MC12 Corsa '08,3082,2008,Maserati,MC12 Versione Corsa,"Autoshow, WS",,,,Legendary,,,"2,500,000",Race,Extreme Track Toys,961,S2,7.6,10.0,10.0,8.1,8.8,3.9,756,523,2646,3.50,41,5998,NA,V,12,M,RWD,,330,Both,Adjustable,"750, 1036",TT,stock,Europe,Italy,,,2,L,4,,HR,3.278,5.779,,210.2,65.5,148.2,1.77,2.21,2.501,11980,,05-Nov-21,23-Oct-12,FH5,FH1,,FH5,cu,,,,,,FH1,,,,,3,XBO,0
FALSE,2006 Maserati GranSport,,,2006,Maserati,GranSport,,,,,,,,,Factory,Sports,477,B,,,,,,,396,333,3692,9.32,,,,,8,F,RWD,,,,,,,,Europe,Italy,,,2,L,4,,,4.800,,,179.1,,,,,,11301,,,29-May-07,FM4,FM2,,,,,,,,,,FM4,FM3,FM2,,3,360,0
FALSE,2006 Maserati MC12 Corsa,,,2006,Maserati,MC12 Corsa,,,,,,,,,Factory,,999,U,,,,,,,,,,#DIV/0!,,,,,,M,RWD,,,,,,,,Europe,Italy,,,2,L,4,,,,,,,,,,,.000,11415,,,19-Mar-08,FM2,FM2,,,,,,,,,,,,DLC,,1,360,0
FALSE,2005 Maserati #15 JMB Racing MC12,,,2005,Maserati,#15 JMB Racing MC12,,,,,,,,,Race,GT1,824,R2,,,,,,,623,480,2425,3.89,,,,,12,M,RWD,,,,,,,,Europe,Italy,,,2,L,4,,,3.500,,,185.5,,,,,,11298,,,29-May-07,FM4,FM2,,,,,,,,,,FM4,FM3,FM2,,3,360,0
FALSE,2005 Maserati #35 Risi Competizione MC12,,,2005,Maserati,#35 Risi Competizione MC12,,,,,,,,,Livery,GT1,842,R2,,,,,,,623,,2425,3.89,,,,,12,M,RWD,,,,,,,,Europe,Italy,,,2,L,4,,,,,,,,,,,,11299,,,29-May-07,FM3,FM2,,,,,,,,,,,FM3,FM2,,2,360,0
FALSE,2005 Maserati #9 Vitaphone Racing Team MC12,,,2005,Maserati,#9 Vitaphone Racing Team MC12,,,,,,,,,Livery,GT1,845,R2,,,,,,,624,,2425,3.89,,,,,12,M,RWD,,,,,,,,Europe,Italy,,,2,L,4,,,,,,,,,,,,11300,,,29-May-07,FM3,FM2,,,,,,,,,,,FM3,FM2,,2,360,0
FALSE,2004 Maserati MC12,Mas. MC12 '04,391,2004,Maserati,MC12,Buy Cars Base,,,,Epic,,,"304,000",Factory,Exotic GT Classics,759,S,6.9,4.7,4.8,6.1,,,624,480,3142,5.04,41,5998,NA,V,12,M,RWD,,245,no,,"565, 603, 640",TT,stock,Europe,Italy,Maserati MC,,2,L,4,,CS,3.700,7.800,11.300,219.6,128.1,306.8,1.02,1.16,4.100,11302,05-Oct-23,,29-May-07,FM,FM2,FM,,FH4,FM7,FH3,FM6,FH2,DLC,,FM4,FM3,FM2,,10,XBO,1
FALSE,2004 Maserati MC12 Forza Edition,MC12 FE,,2004,Maserati,MC12 Forza Edition,Exclusive,,,,FE,Speed Skills,,"1,250,000",Upgraded,Extreme Track Toys,945,S2,8.4,10.0,10.0,8.8,9.9,,624,480,3142,5.04,41,5998,NA,V,12,M,RWD,,345,no,FE Preset,"700V, 750",TT,stock,Europe,Italy,,,2,L,4,,CS,3.700,7.800,,220.0,98.6,224.4,1.49,1.80,4.100,12997,,,28-Sep-18,FH4,FH4,,,FE,,,,,,,,,,,1,XBO,0
FALSE,1997 Maserati Ghibli Cup,Mas. Ghibli '97,1513,1997,Maserati,Ghibli Cup,Buy Cars Base,,,,,,,"102,000",Factory,Sport Touring Classics,475,C,4.6,2.2,2.4,3.3,,,326,273,3009,9.23,54,2000,TT,V,6,F,RWD,,245,,,"333, 375, 415, 562, 630, 788",none,eng,Europe,Italy,Maserati Ghibli,,2,L,4,,,5.600,13.400,13.367,180.1,139.0,352.3,1.10,1.05,7.800,11907,05-Oct-23,,05-Jun-12,FM,FM4,FM,,,FM7,,FM6,,,,DLC,,,,4,XBO,1
FALSE,1961 Maserati Tipo 61 Birdcage,Mas. Tipo 61,1524,1961,Maserati,Tipo 61 Birdcage,Buy Cars Base,,,,Legendary,,,"163,000",Race,Vintage Le Mans Sportscars,595,B,3.9,2.8,2.8,4.4,,,250,228,1323,5.29,50,2890,NA,Inline,4,F,RWD,185/R16,195/R16,no,Forza,562,"T, PDS",stock,Europe,Italy,,Yes,2,R,4,,"OR, CS, HR, SS",3.900,9.230,11.950,170.3,94.1,269.9,1.18,1.05,5.330,12084,05-Oct-23,,07-Jan-14,FM,FM5,FM,,FH4,FM7,FH3,FM6,FH2,DLC,,,,,,7,XBO,1
FALSE,1957 Maserati 250F,,,1957,Maserati,250F,,,,,,,,,Race,The Birth of Grand Prix,598,B,6.6,4.6,5.0,8.4,,,315,221,1668,5.30,48,,NA,V,12,F,RWD,,,,,,,stock,Europe,Italy,,Yes,1,C,4,,,4.282,8.882,,180.2,108.2,281.1,1.14,1.11,4.600,12846,,,07-Nov-17,FM7,FM7,,,,DLC,,,,,,,,,,1,XBO,0
FALSE,1957 Maserati 300 S,Mas. 300 S,1462,1957,Maserati,300 S,Buy Cars Base,,,,Legendary,,,"157,000",Factory,Vintage Le Mans Sportscars,554,B,3.9,2.6,3.1,3.3,,,260,247,1720,6.62,52,2991,NA,Inline,6,F,RWD,,205,no,,"562, 630","T, PDS",stock,Europe,Italy,,Yes,2,R,4,,HR,4.200,12.000,15.533,149.2,184.6,469.0,0.78,0.77,7.800,11839,05-Oct-23,,06-Dec-11,FM,FM4,FM,,FH4,FM7,FH3,FM6,DLC,,,DLC,,,,7,XBO,1
FALSE,1953 Maserati A6GCS/53 PininFarina Berlinetta,Mas. A6GCS,2506,1953,Maserati,A6GCS/53 PininFarina Berlinetta,Buy Cars Base,,,,Legendary,,,"90,000",Factory,Vintage Le Mans Sportscars,290,E,1.9,1.1,1.3,1.7,,,170,135,1984,11.67,51,1986,NA,Inline,6,F,RWD,,185,no,,"245, 250, 276, 302, 333, 460, 562",PDS,stock,Europe,Italy,,,2,L,4,,HR,6.800,17.600,15.917,129.3,197.6,481.7,0.75,0.74,10.800,12599,05-Oct-23,,23-Sep-16,FM,FH3,FM,,FH4,FM7,FH3,,,,,,,,,4,XBO,1
FALSE,1939 Maserati 8CTF,Mas. 8CTF,2068,1939,Maserati,8CTF,Buy Cars Base,,,,Legendary,,,"243,000",Race,The Birth of Grand Prix,606,A,5.0,2.4,2.9,4.0,,,360,332,1967,5.46,55,2991,PDS,Inline,8,F,RWD,,190,none,,none,none,no,Europe,Italy,,Yes,1,C,4,,HR,4.465,9.943,11.950,178.6,167.6,409.3,0.87,0.86,5.478,12107,05-Oct-23,09-Dec-21,09-Jun-14,FM,FM5,FM,cu,FH4,FM7,,FM6,,DLC,,,,,,6,XBO,1
FALSE,1970 Matra-Simca #146 Equipe Matra-Simca MS650 Tour de France,Matra #146 MS650,3080,1970,Matra-Simca,#146 Equipe Matra-Simca MS650 Tour de France,Buy Cars DLC,FM Car Pass,Gift w/DLC,,,,,"292,000",Race,Vintage Le Mans Prototypes,775,S,5.2,5.0,5.3,6.8,,,410,250,1828,4.46,42,3000,NA,V,12,M,RWD,285/R15,385/R15,,"Wings, lights, cockpit",none,none,,Europe,France,,Yes,2,R,4,,,2.800,6.000,10.350,190.0,85.7,231.8,1.40,1.38,3.200,,17-Apr-24,,17-Apr-24,FM,FM,DLC,,,,,,,,,,,,,1,XBO,1
FALSE,2022 Mazda MX-5 Miata RF,Mazda MX-5 RF,3823,2022,Mazda,MX-5 Miata RF,Buy Cars Base,FM Update 17,,,,,5-Mar-2025,"49,000",Factory,Modern Sport Compact,392,D,2.3,2.4,2.5,2.3,,,181,151,2452,13.55,51,2000,NA,Inline,4,F,RWD,205/R17,205/R17,,"WB, Aftermarket","194, 212, 232, 250, 276, 350, 415, 630, 690","T, PDS, CS",,Asia,Japan,,,2,L,4,,,6.800,16.880,14.500,145.8,114.6,286.2,1.11,1.07,10.080,,19-Feb-25,16-Jul-24,16-Jul-24,FM,FH5,S,cu,,,,,,,,,,,,2,XBO,1
FALSE,2017 Mazda MX-5 Cup,Mazda MX-5 C '17,3798,2017,Mazda,MX-5 Cup,Buy Cars Base,FM Update 2,,,,,29-Nov-2023,"68,000",Race,Forza Specials,477,C,1.6,3.5,3.6,2.3,,,181,151,2374,13.12,50,2374,NA,Inline,4,F,RWD,215/R17,215/R17,,Adjustable,none,none,,Asia,Japan,Mazda MX-5,Yes,2,L,4,,,7.300,16.500,15.233,140.0,102.3,262.0,1.24,1.26,9.200,13442,23-Nov-23,,23-Nov-23,FM,FM,S,,,,,,,,,,,,,1,XBO,1
FALSE,2016 Mazda MX-5,Mazda MX-5 '16,2267,2016,Mazda,MX-5,Buy Cars Base,,,,Common,,,"45,000",Factory,Modern Sport Compact,377,D,1.9,2.2,2.5,2.3,,,155,148,2310,14.90,50,1997,NA,Inline,4,F,RWD,,205,Both,,"194, 212, 232, 250, 276, 350, 415, 630, 690","T, PDS, CS",stock,Asia,Japan,Mazda MX-5,Yes,2,L,4,,"OT, ?SS",6.000,16.800,14.800,148.6,144.0,356.3,0.95,0.98,10.800,12212,05-Oct-23,05-Nov-21,17-Mar-15,FM,FH2,FM,FH5,FH4,FM7,FH3,FM6,DLC,,,,,,,7,XBO,1
FALSE,2016 Mazda MX-5 Forza Edition,Mazda MX-5 FE,,2016,Mazda,MX-5 Forza Edition,,,,,,,,,Upgraded,Sport Compact,517,B,5.2,5.5,5.6,7.3,,,203,194,2061,10.15,50,,NA,Inline,4,F,RWD,,,,,,,stock,Asia,Japan,Miata,,2,L,4,,,6.021,17.300,,139.9,121.9,301.8,1.23,1.24,11.279,12811,,,29-Sep-17,FM7,FM7,,,,FE,,,,,,,,,,1,XBO,0
FALSE,2016 Mazda MX-5 Pringles Edition,,,2016,Mazda,MX-5 Pringles Edition,DLC promo,,,,,,,,Livery,Compact Sport Coupe,,,5.3,4.5,4.8,6.4,,,155,148,2310,14.90,50,,NA,Inline,4,F,RWD,,,,,,,stock,Asia,Japan,Miata,Yes,2,L,4,,,6.000,17.317,,139.6,129.2,317.1,1.12,1.08,11.317,12406,,,17-Oct-15,FM6,FM6,,,,,,DLC,,,,,,,,1,XBO,0
FALSE,2016 Mazda Team Forza MX-5,Mazda MX-5 TF,,2016,Mazda,Team Forza MX-5,DLC promo,,,,,,,,Livery,Compact Sport Coupe,,,5.0,5.0,5.2,6.7,,,165,155,2310,14.00,50,,NA,Inline,4,F,RWD,,,,,,,stock,Asia,Japan,Miata,Yes,2,L,4,,,6.000,16.819,,132.2,125.6,303.9,1.15,1.20,10.819,12306,,,10-Sep-15,FM6,FM6,,,,,,DLC,,,,,,,,1,XBO,0
FALSE,2015 Mazda Formula Mazda,Formula Mazda 15,2083,2015,Mazda,Formula Mazda,Buy Cars Base,,,,,,,"267,000",Race,Formula Mazda Spec,699,A,2.4,5.8,6.2,4.1,,,180,159,1224,6.80,45,1300,NA,Rotary,R2,M,RWD,205,255,,Adjustable,none,none,stock,Asia,Japan,,Yes,1,C,4,no,,3.950,9.620,11.983,149.4,102.9,249.8,1.41,1.64,5.670,12423,05-Oct-23,,05-Jan-16,FM,FM6,FM,,,FM7,,DLC,,,,,,,,3,XBO,1
FALSE,2014 Mazda #70 SpeedSource Lola B12/80,Mazda #70 B12/80,2240,2014,Mazda,#70 SpeedSource Lola B12/80,Buy Cars Base,,,,,,,"361,000",Race,Forza P2,949,P,5.6,10.0,10.0,6.6,,,450,550,2100,4.67,46,2200,TT,Inline,4,M,RWD,,325,,,,none,no,Asia,Japan,,,2,C,4,,,3.000,6.000,10.783,181.4,95.5,212.2,1.70,2.47,3.000,12411,05-Oct-23,,03-Nov-15,FM,FM6,FM,,,FM7,,DLC,,,,,,,,3,XBO,1
FALSE,2013 Mazda #7 Andretti Autosport USF2000,,,2013,Mazda,#7 Andretti Autosport USF2000,,,,,,,,,Race,? none,,,,,,,,,170,140,1190,7.00,,1989,NA,Inline,4,M,RWD,,,,,,,,Asia,Japan,,Yes,1,C,4,,,4.000,,,145.0,,,,,,12114,,,01-Jul-14,FM5,FM5,,,,,,,,DLC,,,,,,1,XBO,0
FALSE,2013 Mazda MX-5,Mazda MX-5 '13,2004,2013,Mazda,MX-5,Buy Cars Base,,,,Common,,,"36,000",Factory,Modern Sport Compact,345,D,2.4,1.9,2.3,2.0,,,167,140,2593,15.53,51,1999,NA,Inline,4,F,RWD,,205,Both,,"194, 212, 232, 250, 276, 350, 415, 630, 690","T, PDS, CS",stock,Asia,Japan,Mazda MX-5,,2,L,4,,DD,6.100,17.300,14.700,131.2,148.5,366.4,0.92,0.95,11.200,12075,05-Oct-23,05-Nov-21,22-Nov-13,FM,FM5,FM,FH5,FH4,FM7,FH3,FM6,FH2,FM5,,,,,,8,XBO,1
FALSE,2013 Mazda MX-5 Cup,Mazda MX-5 Cup,,2013,Mazda,MX-5 Cup,,,,,,,,,Race,Mazda MX-5 Cup Spec,382,D,5.1,5.1,5.3,6.2,,,167,140,2420,14.49,52,,NA,Inline,4,F,RWD,,,,,,,stock,Asia,Japan,Miata,Yes,2,L,4,,,6.100,17.316,,131.7,135.1,336.8,1.20,1.16,11.216,12102,,,30-May-14,FM7,FM5,,,,FM7,,FM6,,DLC,,,,,,3,XBO,0
FALSE,2011 Mazda 2,,,2011,Mazda,2,,,,,,,,,Factory,City,202,E,,,,,,,102,101,2116,20.75,,,,,4,F,FWD,,,,,,,,Asia,Japan,,,5,L,4,,,9.700,,,118.2,,,,,,11654,,,03-Jul-10,FM4,FM3,,,,,,,,,,FM4,DLC,,,2,360,0
FALSE,2011 Mazda RX-8 R3,Mazda RX-8 '11,1426,2011,Mazda,RX-8 R3,Buy Cars Base,,,,Rare,,,"43,000",Factory,Modern Sport Compact,369,D,2.8,2.1,2.3,2.1,,,232,159,3065,13.21,52,1308,NA,Rotary,R2,F,RWD,,225,Both,,"232, 250, 276, 350, 415, 630, 690","T, CS",stock,Asia,Japan,Mazda RX-8,,2,L,4,,,5.900,15.900,14.100,155.6,146.8,358.9,0.93,0.95,10.000,11841,05-Oct-23,05-Nov-21,06-Dec-11,FM,FM4,FM,FH5,FH4,FM7,FH3,FM6,FH2,FM5,,DLC,,,,9,XBO,1
FALSE,2010 Mazda #16 Dyson Racing B09/86,,,2010,Mazda,#16 Dyson Racing B09/86,,,,,,,,,Race,Forza P2,958,R1,,,,,,,525,406,1819,3.46,,,,,4,M,RWD,,,,,,,,Asia,Japan,,,2,R,4,,,3.100,,,196.1,,,,,,11798,,,14-Oct-11,FM4,FM4,,,,,,,,,,FM4,,,,1,XBO,0
FALSE,2010 Mazda #16 Mazda Racing B09/86,Mazda #16 B09/86,1403,2010,Mazda,#16 Mazda Racing B09/86,Buy Cars Base,FM Update 14,,,,,27-Nov-2024,"350,000",Race,Forza P2,939,P,5.1,9.8,9.9,7.3,,,525,406,1973,3.76,45,2000,T,Inline,4,M,RWD,300/R18,310/R18,,Adjustable,none,none,no,Asia,Japan,,,2,R,4,,,3.100,5.700,10.167,186.6,75.9,180.0,1.63,2.27,2.600,12812,20-Nov-24,,29-Sep-17,FM,FM7,S,,,FM7,,,,,,,,,,2,XBO,1
FALSE,2010 Mazda 3 Traffic,,,2010,Mazda,3 Traffic,Horizon Promo,,,,,,,,Traffic,,,,,,,,,,,,,,,,,,,,,,,,,,,,,,,,,,,,,,,,,,,,,,13208,,,04-Nov-21,FH5,FH5,,HP,,,,,,,,,,,,1,XBO,0
FALSE,2010 Mazda Mazdaspeed 3,Mazda 3,,2010,Mazda,Mazdaspeed 3,,,,,,,,,Factory,Modern Hot Hatch,383,D,5.9,4.1,4.9,6.9,,,263,280,3221,12.25,62,2260,T,Inline,4,F,FWD,,225,,,,,no,Asia,Japan,,,5,L,4,,,5.900,14.400,14.300,158.6,158.2,357.4,1.04,1.00,8.500,11644,,,08-Jun-10,FM7,FM3,,,,FM7,FH3,FM6,DLC,FM5,,FM4,DLC,,,7,XBO,0
FALSE,2010 Mazda MX-5 Super20,Mazda MX-5 '10,,2010,Mazda,MX-5 Super20,,,,,,,,,Factory,Sport Compact,484,C,5.6,5.0,5.2,7.2,,,225,180,2586,11.49,52,,PDS,Inline,4,F,RWD,,,,,,,eng,Asia,Japan,Miata,,2,L,4,,,5.200,13.580,,152.0,129.9,319.6,1.18,1.14,8.380,12214,,,17-Mar-15,FM7,FH2,,,,FM7,,,cu,,,,,,,2,XBO,0
FALSE,2010 Mazda MX-5 Superlight,,,2010,Mazda,MX-5 Superlight,,,,,,,,,Factory,Roadster,323,D,,,,,,,125,123,2194,17.55,,,,,4,F,RWD,,,,,,,,Asia,Japan,,Yes,2,L,4,,,8.900,,,136.8,,,,,,11622,,,09-Apr-10,FH1,FM3,,,,,,,,,Uni,FM4,DLC,,,3,360,0
FALSE,2009 Mazda #16 Dyson Racing B09/86,,,2009,Mazda,#16 Dyson Racing B09/86,,,,,,,,,Race,P2,958,R1,,,,,,,525,406,1819,3.46,,,,,4,M,RWD,,,,,,,,Asia,Japan,,,2,R,4,,,3.100,,,195.9,,,,,,11537,,,27-Oct-09,FM4,FM3,,,,,,,,,,FM4,FM3,,,2,360,0
FALSE,2009 Mazda Mazdaspeed 3,,,2009,Mazda,Mazdaspeed 3,,,,,,,,,Factory,Wagon,415,C,,,,,,,263,280,3153,11.99,,,,,4,F,FWD,,,,,,,,Asia,Japan,,,5,L,4,,,5.900,,,155.4,,,,,,11538,,,27-Oct-09,FM4,FM3,,,,,,,,,,FM4,FM3,,,2,360,0
FALSE,2008 Mazda Furai,Mazda Furai,1229,2008,Mazda,Furai,Buy Cars DLC,FM Racing Heroes,Gift w/DLC,,,,,"353,000",Factory,Forza Specials,931,P,5.0,10.0,10.0,7.5,,,466,278,1940,4.16,45,2000,NA,Rotary,3R,M,RWD,270/R18,310/R18,,Adjustable,none,TT,,Asia,Japan,,,2,R,4,,,3.100,5.700,10.033,186.1,79.9,189.8,1.66,2.36,2.600,11617,05-May-25,,08-Mar-10,FM,FM3,DLC,,,,,,,,,FM4,DLC,,,3,XBO,1
FALSE,2007 Mazda MX-5 Roadster Coupe,,,2007,Mazda,MX-5 Roadster Coupe,,,,,,,,,Factory,Roadster,309,D,,,,,,,158,142,2510,15.89,,,,,4,F,RWD,,,,,,,,Asia,Japan,,,2,R,4,,,7.000,,,136.4,,,,,,11540,,,27-Oct-09,FM4,FM3,,,,,,,,,,FM4,FM3,,,2,360,0
FALSE,2005 Mazda Axela Sport 23S,,,2005,Mazda,Axela Sport 23S,,,,,,,,,Factory,Wagon,240,E,,,,,,,168,158,2957,17.60,,,,,4,F,FWD,,,,,,,,Asia,Japan,,,5,R,4,,,7.985,,,130.8,,,,,,11303,,,29-May-07,FM4,FM2,,,,,,,,,,FM4,FM3,FM2,,3,360,0
FALSE,2005 Mazda Mazdaspeed MX-5,Mazda MX-5 '05,2171,2005,Mazda,Mazdaspeed MX-5,"Autoshow, WS",,,,Common,,,"25,000",Factory,Retro Sports Cars,587,C,5.1,3.5,5.5,3.4,3.8,4.6,178,166,2529,14.21,52,1839,T,Inline,4,F,RWD,,205,Both,Forza,"321, 415, 300, 805, 690",none,eng,Asia,Japan,Miata,Yes,2,L,4,,"OT, ?RPC, SS",6.700,18.300,14.450,140.1,146.2,356.3,0.92,0.95,11.600,12211,,05-Nov-21,17-Mar-15,FH5,FH2,,FH5,FH4,FM7,FH3,FM6,DLC,,,,,,,6,XBO,0
FALSE,2004 Mazda 3 Sport,,,2004,Mazda,3 Sport,,,,,,,,,Factory,,,D3,,,,,,,,,,#DIV/0!,,,,,,F,FWD,,,,,,,,Asia,Japan,,,5,L,4,,,,,,,,,,,.000,11110,,,03-May-05,FM1,FM1,,,,,,,,,,,,,FM1,1,360,0
FALSE,2004 Mazda RX-8,,,2004,Mazda,RX-8,,,,,,,,,Factory,,,C4,,,,,,,,,,#DIV/0!,,,,,,F,RWD,,,,,,,,Asia,Japan,,,3,L,4,,,,,,,,,,,.000,11119,,,03-May-05,FM1,FM1,,,,,,,,,,,,,FM1,1,360,0
FALSE,2004 Mazda RX-8 Mazdaspeed,,,2004,Mazda,RX-8 Mazdaspeed,,,,,,,,,Factory,Sports,388,C,,,,,,,250,165,3100,12.40,,,,Rotary,2R,F,RWD,,,,,,,,Asia,Japan,,,2,R,4,,,5.900,,,155.2,,,,,,11120,,,03-May-05,FH1,FM1,,,,,,,,,FH1,FM4,FM3,FM2,FM1,5,360,0
FALSE,2003 Mazda Protege MAZDASPEED,,,2003,Mazda,Protege MAZDASPEED,,,,,,,,,Factory,,,D3,,,,,,,,,,#DIV/0!,,,,,,F,FWD,,,,,,,,Asia,Japan,,,4,L,4,,,,,,,,,,,.000,11115,,,03-May-05,FM1,FM1,,,,,,,,,,,,,FM1,1,360,0
FALSE,2002 Mazda RX-7 Spirit R Type-A,Mazda RX-7 '02,425,2002,Mazda,RX-7 Spirit R Type-A,Buy Cars Base,,,,Rare,,,"84,000",Factory,Early Sport Compact,519,B,4.7,2.6,2.9,3.2,,,276,231,2800,10.14,50,1308,TT,Rotary,R2,F,RWD,,255,Both,,"250, 276, 350, 415, 630, 690",T,eng,Asia,Japan,Mazda RX-7,,2,R,4,,,5.100,12.500,,178.7,132.8,329.5,0.96,0.99,7.400,11308,05-Oct-23,05-Nov-21,29-May-07,FM,FM2,FM,FH5,DLC,,,,,,,Uni,Uni,FM2,,6,XBO,1
FALSE,2002 Mazda RX-7 Spirit-R,,,2002,Mazda,RX-7 Spirit-R,,,,,,,,,Factory,,,B4,,,,,,,,,,#DIV/0!,,,,,,F,RWD,,,,,,,,Asia,Japan,,,2,,4,,,,,,,,,,,.000,11116,,,03-May-05,FM1,FM1,,,,,,,,,,,,,FM1,1,360,0
FALSE,2001 Mazda Mazdaspeed Familia,,,2001,Mazda,Mazdaspeed Familia,,,,,,,,,Factory,Sedan,283,D,,,,,,,168,133,2843,16.92,,,,,4,F,FWD,,,,,,,,Asia,Japan,,,4,R,4,,,6.900,,,138.3,,,,,,11304,,,29-May-07,FM4,FM2,,,,,,,,,,FM4,FM3,FM2,,3,360,0
FALSE,2001 Mazda Mazdaspeed Roadster,,,2001,Mazda,Mazdaspeed Roadster,,,,,,,,,Factory,Roadster,334,D,,,,,,,158,125,2385,15.09,,,,,4,F,RWD,,,,,,,,Asia,Japan,,,2,R,4,,,7.700,,,136.9,,,,,,11305,,,29-May-07,FM4,FM2,,,,,,,,,,FM4,FM3,FM2,,3,360,0
FALSE,2000 Mazda Miata MX-5 1.8i Sport,,,2000,Mazda,Miata MX-5 1.8i Sport,,,,,,,,,Factory,,,D3,,,,,,,,,,#DIV/0!,,,,,,F,RWD,,,,,,,,Asia,Japan,,,2,L,4,,,,,,,,,,,.000,11113,,,03-May-05,FM1,FM1,,,,,,,,,,,,,FM1,1,360,0
FALSE,2000 Mazda MX-5 MAZDASPEED,,,2000,Mazda,MX-5 MAZDASPEED,,,,,,,,,Factory,,,D2,,,,,,,,,,#DIV/0!,,,,,,F,RWD,,,,,,,,Asia,Japan,,,2,L,4,,,,,,,,,,,.000,11114,,,03-May-05,FM1,FM1,,,,,,,,,,,,,FM1,1,360,0
FALSE,1997 Mazda RX-7,Mazda RX-7 '97,424,1997,Mazda,RX-7,Buy Cars Base,,,,Common,,,"77,000",Factory,Early Sport Compact,462,C,4.7,2.2,2.4,2.9,,,261,217,2831,10.85,50,1308,TT,Rotary,R2,F,RWD,,225,Both,,"250, 276, 350, 415, 630, 690",T,eng,Asia,Japan,Mazda RX-7,,2,R,4,,MvT,5.100,14.000,14.000,179.0,145.6,363.9,0.92,0.94,8.900,11307,05-Oct-23,05-Nov-21,29-May-07,FM,FM2,FM,FH5,FH4,FM7,FH3,FM6,FH2,FM5,FH1,FM4,FM3,FM2,,12,XBO,1
FALSE,1995 Mazda AB Flug RX-7,,,1995,Mazda,AB Flug RX-7,,,,,,,,,Tuner,,613,B,,,,,,,,,,#DIV/0!,,,,,,F,RWD,,,,,,,,Asia,Japan,,,2,L,4,,,,,,,,,,,,11111,,,03-May-05,FM2,FM1,,,,,,,,,,,,FM2,FM1,2,360,0
FALSE,1995 Mazda INGS RX-7,,,1995,Mazda,INGS RX-7,,,,,,,,,Tuner,,586,B,,,,,,,,,,#DIV/0!,,,,,,F,RWD,,,,,,,,Asia,Japan,,,2,R,4,,,,,,,,,,,,11112,,,03-May-05,FM2,FM1,,,,,,,,,,,,FM2,FM1,2,360,0
FALSE,1995 Mazda RE-Amemiya RX-7,,,1995,Mazda,RE-Amemiya RX-7,,,,,,,,,Tuner,,846,A,,,,,,,,,,#DIV/0!,,,,,,F,RWD,,,,,,,,Asia,Japan,,,2,R,4,,,,,,,,,,,,11306,,,29-May-07,FM2,FM2,,,,,,,,,,,,FM2,,1,360,0
FALSE,1995 Mazda RX-7 Turbo,,,1995,Mazda,RX-7 Turbo,,,,,,,,,Factory,,,B4,,,,,,,,,,#DIV/0!,,,,,,F,RWD,,,,,,,,Asia,Japan,,,2,,4,,,,,,,,,,,.000,11117,,,03-May-05,FM1,FM1,,,,,,,,,,,,,FM1,1,360,0
FALSE,1994 Mazda MX-5 Miata,Mazda MX-5 '94,1110,1994,Mazda,MX-5 Miata,Buy Cars Base,,,,Common,,5-Jun-2024,"27,000",Factory,Early Sport Compact,287,E,1.0,1.8,2.1,1.6,,,128,110,2330,18.20,51,1839,NA,Inline,4,F,RWD,,185,Both,,"194, 212, 232, 250, 276, 350, 415, 630, 690","T, PDS, CS",stock,Asia,Japan,Mazda MX-5,,2,L,4,,RPC,8.818,26.019,16.618,125.6,165.1,404.7,0.84,0.84,17.201,11539,05-Oct-23,05-Nov-21,27-Oct-09,FM,FM3,FM,FH5,FH4,FM7,FH3,FM6,FH2,FM5,FH1,FM4,FM3,,,11,XBO,1
FALSE,1992 Mazda 323 GT-R,Mazda 323 '92,2209,1992,Mazda,323 GT-R,Buy Cars Base,,,,Common,,,"63,000",Factory,Hot Hatch Icons,382,D,2.1,1.6,1.8,2.5,,,207,184,2668,12.89,62,1840,T,Inline,4,F,AWD,,195,Both,,"276, 350, 375, 475, 630, 690",none,eng,Asia,Japan,,,3,R,4,,,6.700,17.200,,144.7,146.7,374.5,0.88,0.90,10.500,13273,05-Oct-23,10-Feb-22,10-Feb-22,FM,FH5,FM,DLC,,,,,,,,,,,,2,XBO,1
FALSE,1991 Mazda #18 787B,#18 Mazda 787B,,1991,Mazda,#18 787B,,,,,,,,,Livery,Early Prototype Racers,979,P,8.0,8.7,8.9,9.6,,,690,448,1830,2.65,45,2600,NA,Rotary,4R,M,RWD,,,,,690,,stock,Asia,Japan,,,2,R,4,,,2.800,6.100,,215.7,92.9,204.7,1.71,2.44,3.300,12375,,,15-Sep-15,FM7,FM6,,,,FM7,,FM6,,,,,,,,2,XBO,0
FALSE,1991 Mazda #55 Mazda 787B,Mazda #55 787B,1335,1991,Mazda,#55 Mazda 787B,Buy Cars Base,,,,,,,"364,000",Race,GTP/C,954,P,7.2,9.9,10.0,7.7,,,690,448,1995,2.89,45,2600,NA,Rotary,R4,M,RWD,300,355,,Adjustable,690,none,stock,Asia,Japan,,,2,R,4,,,2.800,6.100,9.433,215.5,77.8,187.8,1.68,2.36,3.300,11864,05-Oct-23,,07-Feb-12,FM,FM4,FM,,,FM7,,FM6,,DLC,,DLC,,,,5,XBO,1
FALSE,1991 Mazda #62 RX-7,Mazda #62 RX-7,2334,1991,Mazda,#62 RX-7,Buy Cars Base,,,,,,,"306,000",Race,GTX Sportscars,819,R,5.7,6.0,6.3,6.3,,,640,390,2448,3.83,55,2600,NA,Rotary,R4,F,RWD,320/R17,370/R17,,Adjustable,none,none,stock,Asia,Japan,Mazda RX-7,,2,L,4,,,3.424,6.423,10.367,196.3,90.2,223.6,1.45,1.59,2.999,12419,05-Oct-23,,01-Dec-15,FM,FM6,FM,,,FM7,,DLC,,,,,,,,3,XBO,1
FALSE,1990 Mazda MX-5 Miata,Mazda MX-5 '90,2255,1990,Mazda,MX-5 Miata,Buy Cars Base,,,,,,,"16,000",Factory,Early Sport Compact,268,E,1.0,1.8,1.9,1.5,,,116,100,2210,19.05,51,1600,NA,Inline,4,F,RWD,,185,,,"194, 212, 232, 250, 276, 350, 415, 630, 690","T, PDS, CS",stock,Asia,Japan,Mazda MX-5,,2,L,4,,,9.219,28.419,16.033,117.8,134.4,336.3,1.05,1.01,19.200,12213,05-Oct-23,,17-Mar-15,FM,FH2,FM,,,FM7,,,cu,,,,,,,3,XBO,1
FALSE,1990 Mazda RX-7 Turbo,,,1990,Mazda,RX-7 Turbo,,,,,,,,,Factory,,,D1,,,,,,,,,,#DIV/0!,,,,,,F,RWD,,,,,,,,Asia,Japan,,,2,L,4,,,,,,,,,,,.000,11118,,,03-May-05,FM1,FM1,,,,,,,,,,,,,FM1,1,360,0
FALSE,1990 Mazda Savanna RX-7,Mazda RX-7 '90,423,1990,Mazda,Savanna RX-7,Buy Cars Base,,,,Epic,,,"51,000",Factory,Early Sport Compact,334,D,3.1,1.7,1.8,2.1,,,200,196,2987,14.94,51,1308,T,Rotary,R2,F,RWD,,205,Both,,"250, 276, 350, 415, 630, 690",none,eng,Asia,Japan,Mazda RX-7,,2,R,4,,RPC,6.500,17.300,,156.0,150.6,372.5,0.87,0.89,10.800,11309,05-Oct-23,05-Nov-21,29-May-07,FM,FM2,FM,FH5,FH4,FM7,DLC,,,,,FM4,FM3,FM2,,8,XBO,1
FALSE,1985 Mazda RX-7 GSL-SE,Mazda RX-7 '85,1480,1985,Mazda,RX-7 GSL-SE,Buy Cars Base,,,,Common,,,"25,000",Factory,Early Sport Compact,274,E,1.3,1.4,1.7,1.4,,,135,133,2575,19.07,54,1311,NA,Rotary,R2,F,RWD,,205,Both,,"250, 276, 350, 415, 630, 690",T,stock,Asia,Japan,Mazda RX-7,,2,L,4,,,8.800,25.000,16.200,131.1,196.2,478.2,0.77,0.77,16.200,11881,05-Oct-23,,03-Apr-12,FM,FM4,FM,,cu,FM7,,FM6,,DLC,,DLC,,,,6,XBO,1
FALSE,1973 Mazda RX-3,Mazda RX-3 '73,1514,1973,Mazda,RX-3,Buy Cars Base,,,,Epic,,,"11,000",Factory,Vintage Sport Compact,233,E,1.0,1.0,1.0,1.2,,,110,100,2060,18.73,57,1146,NA,Rotary,R2,F,RWD,,155,Both,,"232, 250, 276, 350, 415, 630, 690",T,stock,Asia,Japan,,,2,L,4,,,9.900,37.500,,120.9,215.5,517.4,0.73,0.72,27.600,12002,05-Oct-23,,05-Feb-13,FM,FH1,FM,,cu,FM7,,FM6,,DLC,DLC,,,,,6,XBO,1
FALSE,1972 Mazda Cosmo 110S Series II,Mazda Cosmo '72,1587,1972,Mazda,Cosmo 110S Series II,Buy Cars Base,,,,Epic,,,"16,000",Factory,Sport Coupe Icons,247,E,1.0,1.0,1.1,1.2,,,128,103,2110,16.48,50,982,NA,Rotary,R2,F,RWD,,155,Rear,,"194, 212, 232, 245, 250, 350, 415, 690",T,stock,Asia,Japan,,,2,R,4,,,7.486,26.630,16.600,126.5,206.2,509.9,0.71,0.70,19.144,12230,05-Oct-23,,02-Jun-15,FM,FH2,FM,,cu,FM7,FH3,FM6,DLC,,,,,,,6,XBO,1
FALSE,2023 McLaren Artura,McL. Artura '23,3668,2023,McLaren,Artura,Reward,FM Update 12,Mid-Engine Tour,,,,,"289,000",Factory,Modern Exotic GT,751,S,7.3,3.9,3.6,6.3,,,670,530,3384,5.05,42,2990,TT,V,6,M,RWD,235/35R19,295/35R20,,Wings,"603, 630, 788",none,,Europe,U.K.,,,2,L,4,,,2.600,5.500,10.300,219.6,100.6,252.7,1.20,1.23,2.900,,09-Oct-24,28-Mar-24,28-Mar-24,FM,FH5,R,cu,,,,,,,,,,,,2,XBO,1
FALSE,2021 McLaren 620R,McL. 620 '21,3655,2021,McLaren,620R,Buy Cars Base,,,,Epic,,,"290,000",Factory,Modern Sport GT,752,S,5.9,4.5,4.2,6.6,,,612,457,3131,5.12,43,3799,TT,V,8,M,RWD,,285,Both,,"565, 630, 788",none,no,Europe,U.K.,McLaren 600 Series,,2,L,4,,,2.774,5.985,,199.1,86.2,204.3,1.23,1.40,3.211,13286,05-Oct-23,07-Apr-22,07-Apr-22,FM,FH5,FM,DLC,,,,,,,,,,,,2,XBO,1
FALSE,2021 McLaren 765LT Coupe,McL. 765 '21,3482,2021,McLaren,765LT Coupe,Buy Cars Base,,,,Epic,,,"371,000",Factory,Modern Sport GT,830,R,7.1,5.1,4.8,7.9,,,755,590,2952,3.91,41,3994,TT,V,8,M,RWD,,305,Both,,"565, 630, 788",none,no,Europe,U.K.,McLaren 700 Series,,2,L,4,,,3.000,5.300,,219.2,81.4,187.7,1.29,1.52,2.300,13284,05-Oct-23,07-Apr-22,07-Apr-22,FM,FH5,FM,cu,,,,,,,,,,,,2,XBO,1
FALSE,2021 McLaren Sabre,McL. Sabre '21,3700,2021,McLaren,Sabre,Buy Cars Base,FM Update 3,,,,,4-Jan-2024,"324,000",Factory,Modern Hypercars,786,S,7.5,4.4,4.1,7.5,,,824,590,3258,3.95,41,4000,TT,V,8,M,RWD,245/R19,305/R20,,Forza,"565, 630, 788",none,,Europe,U.K.,,,2,L,4,,,3.100,5.700,10.250,204.6,98.4,249.3,1.23,1.31,2.600,13457,28-Jan-24,,28-Jan-24,FM,FH5,S,DLC,,,,,,,,,,,,2,XBO,1
FALSE,2020 McLaren GT,McL. GT '20,3437,2020,McLaren,GT,Buy Cars Base,,,,Common,,,"186,000",Factory,Modern Exotic GT,710,S,6.4,3.5,3.4,5.8,,,611,464,3384,5.54,43,3990,TT,V,8,M,RWD,,295,Both,,"565, 630, 788",none,no,Europe,U.K.,,,2,L,4,,,2.775,6.071,10.350,206.1,109.9,271.3,1.10,1.14,3.296,13239,05-Oct-23,05-Nov-21,05-Nov-21,FM,FH5,FM,FH5,,,,,,,,,,,,2,XBO,1
FALSE,2019 McLaren #03 720S GT3,McLaren #03 720S,3157,2019,McLaren,#03 720S GT3,Buy Cars DLC,FM Car Pass,Gift w/DLC,,,,,"302,000",Race,Forza GT3,806,R,4.6,6.4,6.7,6.2,,,520,450,3072,5.91,45,4000,TT,V,8,M,RWD,,,,Adjustable,none,none,,Europe,U.K.,McLaren 700 Series,,2,L,4,,,3.200,7.000,11.450,180.1,84.9,216.1,1.25,1.67,3.800,13443,23-Nov-23,,23-Nov-23,FM,FM,DLC,,,,,,,,,,,,,1,XBO,1
FALSE,2019 McLaren 720S Spider,McL. Spider '19,3154,2019,McLaren,720S Spider,Buy Cars Base,,,,Epic,,,"324,000",Factory,Modern Sport GT,786,S,5.9,4.8,4.4,7.4,,,711,567,3157,4.44,42,3994,TT,V,8,M,RWD,,305,Both,,"565, 630, 788",none,no,Europe,U.K.,McLaren 700 Series,Yes,2,L,4,,,2.858,5.670,,204.8,83.7,191.7,1.25,1.43,2.812,13116,05-Oct-23,05-Nov-21,23-Sep-19,FM,FH4,FM,FH5,cu,,,,,,,,,,,3,XBO,1
FALSE,2019 McLaren Senna GTR,McL. SennaGTR 19,3155,2019,McLaren,Senna GTR,Buy Cars DLC,FM Car Pass,Gift w/DLC,,,,,"337,000",Race,Modern Factory Racecars,908,P,6.4,7.8,7.6,7.9,,,814,590,3008,3.70,42,4000,TT,V,8,M,RWD,285/R19,325/R19,,Adjustable,"565, 630, 788",none,,Europe,U.K.,,,2,L,4,,,2.600,4.900,10.083,204.8,94.2,211.9,1.49,1.86,2.300,,18-Jan-24,,18-Jan-24,FM,FM,DLC,,,,,,,,,,,,,1,XBO,1
FALSE,2019 McLaren Speedtail,Speedtail '19,3156,2019,McLaren,Speedtail,"Autoshow, WS",,,,Legendary,,,"2,250,000",Factory,Hypercars,910,S2,9.6,7.4,7.4,6.8,7.4,3.7,1036,847,3307,3.19,42,3994,TT,V,8,M,RWD,,315,no,Forza,none,none,no,Europe,U.K.,,,2,C,4,,HR,1.981,4.088,,262.8,85.7,207.8,1.24,1.37,2.107,13132,,05-Nov-21,09-Mar-20,FH5,FH4,,FH5,cu,,,,,,,,,,,2,XBO,0
FALSE,2018 McLaren 600LT Coupé,McL. 600 '18,3153,2018,McLaren,600LT Coupé,Buy Cars Base,,,,Epic,,,"292,000",Factory,Modern Sport GT,753,S,6.2,4.2,4.1,6.8,,,591,457,2994,5.07,43,3799,TT,V,8,M,RWD,,285,Both,,"565, 630, 788",none,eng,Europe,U.K.,McLaren 600 Series,,2,L,4,,,2.787,5.985,,201.9,88.3,204.5,1.24,1.40,3.198,13115,05-Oct-23,05-Nov-21,23-Sep-19,FM,FH4,FM,FH5,cu,,,,,,,,,,,3,XBO,1
FALSE,2018 McLaren 720S Coupe,McL. 720 '18,2846,2018,McLaren,720S Coupe,Buy Cars Base,,,,Epic,,,"346,000",Factory,Modern Sport GT,807,R,7.1,4.8,4.6,7.7,,,710,567,3139,4.42,42,3994,TT,V,8,M,RWD,,305,Both,,"565, 630, 788",none,no,Europe,U.K.,McLaren 700 Series,,2,L,4,,,2.773,5.485,10.350,225.7,83.5,193.8,1.26,1.45,2.712,12898,05-Oct-23,05-Nov-21,10-Jul-18,FM,FM7,FM,FH5,FH4,DLC,,,,,,,,,,4,XBO,1
FALSE,2018 McLaren 720S Coupe Preorder Car,McLaren 720S PO,,2018,McLaren,720S Coupe Preorder Car,DLC promo,,,,Epic,,,"340,000",Upgraded,Modern Super Cars,998,S2,9.2,10.0,10.0,8.6,9.8,,901,630,2425,2.69,42,3994,TT,V,8,M,RWD,,305,no,Forza,750,none,no,Europe,U.K.,,,2,L,4,,,2.800,5.500,,232.2,96.8,218.9,1.48,1.82,2.700,12998,,,28-Sep-18,FH4,FH4,,,DLC,,,,,,,,,,,1,XBO,0
FALSE,2018 McLaren Senna,McL. Senna '18,2988,2018,McLaren,Senna,Buy Cars Base,,,,Legendary,,,"404,000",Factory,Modern Hypercars,860,R,7.0,6.3,6.0,7.9,,,789,590,3030,3.84,42,3994,TT,V,8,M,RWD,245/R19,315/R20,no,Forza,"565, 630, 788",none,no,Europe,U.K.,McLaren Senna,,2,L,4,,CS,2.700,5.100,10.083,202.9,100.9,232.9,1.36,1.63,2.400,12999,05-Oct-23,05-Nov-21,28-Sep-18,FM,FM7,FM,FH5,FH4,cu,,,,,,,,,,4,XBO,1
FALSE,2015 McLaren 570S Coupe,McLaren 570S,2472,2015,McLaren,570S Coupe,"Autoshow, WS",,,,Epic,,,"224,000",Factory,Modern Supercars,824,S1,7.3,7.1,6.9,6.3,4.4,4.4,562,442,3016,5.37,42,3799,TT,V,8,M,RWD,,285,Both,Forza,602,none,eng,Europe,U.K.,,,2,L,4,,,3.113,6.314,,201.7,101.7,243.4,1.02,1.13,3.201,12487,,05-Nov-21,12-Jul-16,FH5,FM6,,FH5,FH4,FM7,FH3,DLC,,,,,,,,5,XBO,0
FALSE,2015 McLaren 650S Coupe,McLaren 650S,2189,2015,McLaren,650S Coupe,Reward,FM Update 3,,,Epic,,,"296,000",Factory,Modern Sport GT,756,S,6.7,4.1,3.9,6.4,4.8,4.6,641,500,3148,4.91,42,3799,TT,V,8,M,RWD,235/R19,305/R20,no,Bodykit LW,"565, 630, 788",none,eng,Europe,U.K.,McLaren 600 Series,,2,L,4,,,2.900,5.800,10.300,210.9,101.0,250.5,1.22,1.27,2.900,12193,11-Jan-24,05-Nov-21,02-Dec-14,FM,FH2,R,FH5,FH4,FM7,FH3,FM6,DLC,,,,,,,7,XBO,1
FALSE,2015 McLaren P1 GTR,McL. P1 GTR '15,2481,2015,McLaren,P1 GTR,Buy Cars Base,,,,,,,"339,000",Race,Modern Factory Racecars,911,P,8.4,6.7,6.6,8.6,,,986,738,3186,3.23,41,3799,TT,V,8,M,RWD,285/R19,325/R19,,Adjustable,"565, 630, 788",none,no,Europe,U.K.,McLaren P1,,2,L,4,,,2.400,4.500,9.617,233.4,91.0,221.2,1.43,1.67,2.100,12458,05-Oct-23,,03-May-16,FM,FM6,FM,,,FM7,,DLC,,,,,,,,3,XBO,1
FALSE,2014 McLaren #60 Bhaitech 12C GT3,#60 McLaren 12C,,2014,McLaren,#60 Bhaitech 12C GT3,,,,,,,,,Race,Forza GT,813,R,6.3,7.0,7.1,8.6,,,493,368,2800,5.68,45,,TT,V,8,M,RWD,,325,,,none,none,no,Europe,U.K.,,,2,L,4,,,3.300,7.000,11.433,170.5,108.6,257.2,1.45,1.65,3.700,12377,,,15-Sep-15,FM7,FM6,,,,FM7,,FM6,,,,,,,,2,XBO,0
FALSE,2014 McLaren #98 ART Grand Prix 12C GT3,#98 12C GT3,,2014,McLaren,#98 ART Grand Prix 12C GT3,,,,,,,,,Livery,Modern GT Racing,,,6.3,7.0,7.1,8.6,,,493,368,2800,5.68,45,,TT,V,8,M,RWD,,,,,,,no,Europe,U.K.,,,2,L,4,,,3.300,7.000,,170.4,93.4,228.2,1.45,1.65,3.700,12378,,,15-Sep-15,FM6,FM6,,,,,,FM6,,,,,,,,1,XBO,0
FALSE,2014 McLaren 650S Spider,650S Spider,3087,2014,McLaren,650S Spider,Seasonal,Series 6 cu,,,Epic,,,"420,000",Factory,Modern Supercars,856,S1,7.4,8.0,7.0,6.8,4.8,4.6,641,500,3236,5.05,42,3799,TT,V,8,M,RWD,,305,Both,Preset / WB,750,none,eng,Europe,U.K.,,Toggle,2,L,4,,,2.787,5.785,,205.8,93.5,217.6,1.13,1.26,2.998,13038,,21-Apr-22,22-Nov-18,FH5,FH4,,cu,DLC,,,,,,,,,,,2,XBO,0
FALSE,2013 McLaren P1,McL. P1 '13,1667,2013,McLaren,P1,Buy Cars Base,,,,Legendary,,,"404,000",Factory,Modern Exotic GT,862,R,9.7,5.5,5.4,7.8,,,903,683,3296,3.65,42,3799,TT,V,8,M,RWD,,315,Both,,"565, 630, 788",none,no,Europe,U.K.,McLaren P1,,2,L,4,,"FF, BRG",2.886,5.185,10.367,253.0,82.5,188.9,1.29,1.53,2.299,12078,05-Oct-23,05-Nov-21,22-Nov-13,FM,FM5,FM,FH5,FH4,FM7,FH3,FM6,FH2,FM5,,,,,,8,XBO,1
FALSE,2013 McLaren P1 'Owen's Edition',Owen's McLaren,,2013,McLaren,P1 'Owen's Edition',Private,,,,Legendary,,,"1,200,000",Livery,Hypercars,957,S2,,,,,,,903,664,3296,3.65,42,3799,TT,V,8,M,RWD,,,,,,,,Europe,U.K.,,,2,L,4,,,,,,,,,,,,13113,,,01-Sep-19,FH4,FH4,,,cu,,,,,,,,,,,1,XBO,0
FALSE,2013 McLaren P1 (Ltd. Ed.),,,2013,McLaren,P1 (Ltd. Ed.),DLC promo,,,,,,,,Upgraded,Modern Hypercar,,,,,,,,,903,683,3097,3.43,,,,V,8,M,RWD,,,,,,,,Europe,U.K.,,,2,L,4,,,2.900,,,232.3,,,,,,12079,,,22-Nov-13,FM5,FM5,,,,,,,,DLC,,,,,,1,XBO,0
FALSE,2013 McLaren Team Forza P1,McLaren P1 TF,,2013,McLaren,Team Forza P1,DLC promo,,,,,,,,Upgraded,Modern Hypercar,,,9.2,6.5,6.6,9.4,,,903,663,3296,3.65,42,,TT,V,8,M,RWD,,,,,,,no,Europe,U.K.,,,2,L,4,,,2.916,5.200,,249.1,104.2,257.0,1.35,1.56,2.284,12171,,,30-Sep-14,FM6,FH2,,,,,,DLC,DLC,,,,,,,2,XBO,0
FALSE,2011 McLaren #59 McLaren GT 12C GT3,#59 McLaren 12C,,2011,McLaren,#59 McLaren GT 12C GT3,,,,,,,,,Race,Forza GT,819,R,6.5,6.8,6.9,8.8,,,539,463,2712,5.03,45,,TT,V,8,M,RWD,,310,,,none,none,no,Europe,U.K.,,,2,L,4,,,3.600,7.000,11.367,176.5,111.0,259.7,1.43,1.61,3.400,11920,,,03-Jul-12,FM7,FM4,,,,FM7,,FM6,,,,DLC,,,,3,XBO,0
FALSE,2011 McLaren 12C Coupe,McLaren 12C,1130,2011,McLaren,12C Coupe,Exclusive,,,,Legendary,,,"250,000",Factory,Modern Super Cars,854,S1,8.1,7.8,7.5,7.3,8.9,,592,442,3031,5.12,42,3798,TT,V,8,M,RWD,,305,Both,Forza,"627, 789",none,eng,Europe,U.K.,,,2,L,4,,,3.300,6.500,11.000,212.8,129.5,307.6,0.99,1.09,3.200,11655,,04-Jan-24,03-Jul-10,FH5,FM3,,cu,cu,FM7,,FM6,FH2,FM5,FH1,FM4,DLC,,,9,XBO,0
FALSE,2011 McLaren MP4-12C (livery),,,2011,McLaren,MP4-12C (livery),DLC promo,,,,,,,,Upgraded,Modern GT,,,,,,,,,592,442,2848,4.81,,,,V,8,M,RWD,,,,,,,,Europe,U.K.,,,2,L,4,,,3.300,,,199.8,,,,,,12077,,,22-Nov-13,FM5,FM5,,,,,,,,DLC,,,,,,1,XBO,0
FALSE,1998 McLaren #41 Gulf Team Davidoff McLaren F1 GTR,,,1998,McLaren,#41 Gulf Team Davidoff McLaren F1 GTR,,,,,,,,,Livery,GTS,848,R2,,,,,,,591,388,2017,3.41,,,,,12,M,RWD,,,,,,,,Europe,U.K.,,,2,C,4,,,3.400,,,182.8,,,,,,11541,,,27-Oct-09,FM4,FM3,,,,,,,,,,FM4,FM3,,,2,360,0
FALSE,1997 McLaren #41 Team McLaren F1 GTR,,,1997,McLaren,#41 Team McLaren F1 GTR,,,,,,,,,Livery,GTS,843,R2,,,,,,,591,388,2017,3.41,,,,,12,M,RWD,,,,,,,,Europe,U.K.,,,2,C,4,,,3.419,6.237,,,,,,,,11310,,,29-May-07,FM3,FM2,,,,,,,,,,,FM3,FM2,,2,360,0
FALSE,1997 McLaren #43 Team BMW McLaren F1 GTR,,,1997,McLaren,#43 Team BMW McLaren F1 GTR,,,,,,,,,Race,GTS,848,R2,,,,,,,591,388,2017,3.41,,,,,12,M,RWD,,,,,,,,Europe,U.K.,,,2,C,4,,,3.400,,,182.8,,,,,,11311,,,29-May-07,FM4,FM2,,,,,,,,,,FM4,FM3,FM2,,3,360,0
FALSE,1997 McLaren F1 GT,McL. F1 GT '97,338,1997,McLaren,F1 GT,Buy Cars Base,,,,Legendary,,,"296,000",Factory,Early Factory Racecars,787,S,7.6,5.1,5.4,5.8,,,618,480,2469,4.00,41,6064,NA,V,12,M,RWD,,345,Rear,,"603, 630",TT,stock,Europe,U.K.,McLaren F1,,2,C,4,,HR,3.184,6.900,11.000,226.8,109.2,253.9,1.24,1.51,3.716,11542,05-Oct-23,05-Nov-21,27-Oct-09,FM,FM3,FM,FH5,FH4,FM7,FH3,DLC,DLC,,FH1,FM4,FM3,,,10,XBO,1
FALSE,1993 McLaren F1,McL. F1 '93,1314,1993,McLaren,F1,Buy Cars Base,,,,Legendary,,,"281,000",Factory,Exotic GT Classics,736,S,9.2,3.7,3.9,5.3,,,627,480,2840,4.53,41,6064,NA,V,12,M,RWD,,315,Both,,"603, 630",TT,stock,Europe,U.K.,McLaren F1,,2,C,4,,"WFRC, BRG, HR, HHero",3.400,7.700,11.600,243.3,114.2,277.4,1.14,1.24,4.300,11799,05-Oct-23,05-Nov-21,14-Oct-11,FM,FM4,FM,FH5,FH4,FM7,FH3,FM6,FH2,FM5,DLC,FM4,,,,10,XBO,1
FALSE,1988 McLaren #12 Honda McLaren MP4/4,#12 McLaren MP4,1670,1988,McLaren,#12 Honda McLaren MP4/4,Buy Cars Base,,,,,,,"390,000",Race,Grand Prix Rivals,999,X,6.8,10.0,10.0,10.0,,,675,312,1438,2.13,38,1500,TT,V,6,M,RWD,,380,,,,none,no,Europe,U.K.,,Yes,1,C,4,,,3.021,4.689,9.067,208.4,81.8,167.4,1.96,3.29,1.668,12412,05-Oct-23,,03-Nov-15,FM,FM6,FM,,,FM7,,DLC,,,,,,,,3,XBO,1
FALSE,1976 McLaren #11 Team McLaren M23,#11 McLaren M23,1672,1976,McLaren,#11 Team McLaren M23,Buy Cars Base,,,,,,,"321,000",Race,Formula 70s,865,R,4.4,7.6,7.7,8.1,,,465,260,1631,3.51,34,3000,NA,V,8,M,RWD,,380,,,,none,stock,Europe,U.K.,,Yes,1,C,4,,,2.500,4.900,9.633,180.5,80.9,193.1,1.58,1.97,2.400,12076,05-Oct-23,,22-Nov-13,FM,FM5,FM,,,FM7,,FM6,,FM5,,,,,,4,XBO,1
FALSE,1969 McLaren #4 McLaren Cars M8B,McLaren #4 M8B,1457,1969,McLaren,#4 McLaren Cars M8B,Buy Cars Base,,,,,,,"320,000",Race,Prototype Group Racing,860,R,7.2,6.1,6.5,9.1,,,635,575,1832,2.89,40,7000,NA,V,8,M,RWD,245,355,,Adjustable,none,none,stock,Europe,U.K.,,Yes,2,R,4,,,3.200,6.700,9.750,190.7,88.1,214.0,1.41,1.61,3.500,12376,05-Oct-23,,15-Sep-15,FM,FM6,FM,,,FM7,,FM6,,,,,,,,3,XBO,1
FALSE,1966 McLaren #4 Bruce McLaren Motor Racing M1B,McLaren #4 M1B,3270,1966,McLaren,#4 Bruce McLaren Motor Racing M1B,Buy Cars Base,,,,,,,"302,000",Race,Prototype Group Racing,805,R,6.1,5.1,5.3,8.0,,,526,442,1849,3.52,41,5400,NA,V,8,M,RWD,230/R15,294/R15,,Adjustable,none,none,,Europe,U.K.,,Yes,2,R,4,,,4.100,6.200,9.567,202.8,84.5,220.7,1.36,1.43,2.100,13411,05-Oct-23,,05-Oct-23,FM,FM,FM,,,,,,,,,,,,,1,XBO,1
FALSE,1966 McLaren M2B,McLaren M2B,1671,1966,McLaren,M2B,Buy Cars Base,,,,,,,"275,000",Race,Formula 60s,725,S,3.5,4.7,4.7,6.6,,,300,221,1179,3.93,42,3000,NA,V,8,M,RWD,,305,,,,none,stock,Europe,U.K.,,Yes,1,C,4,,,3.318,7.420,10.617,195.4,90.3,237.9,1.30,1.27,4.102,12379,05-Oct-23,,15-Sep-15,FM,FM6,FM,,,FM7,,FM6,,,,,,,,3,XBO,1
FALSE,2021 Mercedes-AMG Mercedes-AMG ONE,M-AMG ONE '21,3650,2021,Mercedes-AMG,Mercedes-AMG ONE,Buy Cars Base,,,,Legendary,,,"417,000",Factory,Modern Hypercars,912,P,7.6,6.0,6.1,10.0,,,877,535,3737,4.26,49,1600,T,V,6,M,AWD,285/R19,335/R20,no,Forza,none,none,no,Europe,Germany,,,2,L,4,,HR,2.000,4.300,9.820,221.7,90.8,222.7,1.39,1.61,2.300,13240,05-Oct-23,05-Nov-21,05-Nov-21,FM,FH5,FM,FH5,,,,,,,,,,,,2,XBO,1
FALSE,2021 Mercedes-AMG SL 63,M-AMG SL 63 '21,3617,2021,Mercedes-AMG,SL 63,Seasonal,,,,,,,,Factory,Super Saloons,,,,,,,,,,,,,,,,,,,,,,,,,,,Europe,Germany,,,,,,,,,,,,,,,,,,,,,FH5,FH5,,cu,,,,,,,,,,,,1,XBO,0
FALSE,2020 Mercedes-AMG GT Black Series,M-AMG GT '20,3616,2020,Mercedes-AMG,GT Black Series,Buy Cars Base,,,,Epic,,,"334,000",Factory,Modern Sport GT,801,R,6.1,5.3,4.9,6.8,,,720,590,3616,5.02,48,3982,TT,V,8,F,RWD,,335,Both,Adjustable,"333, 565, 630, 788",none,eng,Europe,Germany,Mercedes GT,,2,L,4,,,2.887,5.986,,203.9,84.3,194.5,1.29,1.47,3.099,13371,05-Oct-23,22-Jun-23,22-Jun-23,FM,FH5,FM,cu,,,,,,,,,,,,2,XBO,1
FALSE,2018 Mercedes-AMG E 63 S,M-AMG E 63 '18,3250,2018,Mercedes-AMG,E 63 S,Buy Cars Base,,,,Epic,,,"132,000",Factory,Sport Luxury,676,A,6.7,2.8,2.5,5.6,,,603,626,4515,7.49,55,3982,TT,V,8,F,AWD,,295,Both,Aftermarket,"333, 565, 603, 630, 788",none,eng,Europe,Germany,Mercedes E Class,,4,L,4,,Heavy,3.000,7.000,,208.3,120.0,301.0,0.95,0.98,4.000,13137,05-Oct-23,05-Nov-21,06-Apr-20,FM,FH4,FM,FH5,cu,,,,,,,,,,,3,XBO,1
FALSE,2018 Mercedes-AMG GT 4-Door Coupé,AMG GT Coupe '18,3064,2018,Mercedes-AMG,GT 4-Door Coupé,Buy Cars Base,,,,Epic,,,"134,000",Factory,Sport Luxury,684,A,7.4,2.8,2.6,5.4,,,630,663,4508,7.16,52,3982,TT,V,8,F,AWD,,315,Both,Forza,"333, 565, 630, 788",none,eng,Europe,Germany,Mercedes GT,,4,L,4,,Heavy,3.100,7.600,,217.5,120.1,305.0,0.93,0.95,4.500,13083,05-Oct-23,05-Nov-21,09-Apr-19,FM,FH4,FM,FH5,cu,,,,,,,,,,,3,XBO,1
FALSE,2018 Mercedes-AMG GT3,M-AMG GT3,3197,2018,Mercedes-AMG,GT3,Buy Cars DLC,FM Car Pass,Gift w/DLC,,,,,"305,000",Race,Forza GT3,817,R,5.0,6.4,6.7,6.1,,,542,442,3031,5.59,48,6200,NA,V,8,F,RWD,,,,Adjustable,none,none,,Europe,Germany,Mercedes GT,,2,L,4,,,3.000,6.600,10.833,186.1,86.5,211.8,1.45,1.68,3.600,13444,30-Nov-23,,30-Nov-23,FM,FH5,DLC,DLC,,,,,,,,,,,,2,XBO,1
FALSE,2017 Mercedes-AMG GT R,AMG GT R '17,2654,2017,Mercedes-AMG,GT R,Buy Cars Base,,,,Epic,,,"240,000",Factory,Modern Sport GT,728,S,6.5,4.5,4.3,5.7,,,577,516,3428,5.94,47,3982,TT,V,8,F,RWD,,325,no,WB bodykit,"333, 565, 630, 788",none,eng,Europe,Germany,Mercedes GT,,2,L,4,,AvM,3.600,7.800,11.450,201.0,94.7,222.8,1.14,1.23,4.200,12639,05-Oct-23,05-Nov-21,06-Dec-16,FM,FH3,FM,FH5,FH4,FM7,DLC,,,,,,,,,5,XBO,1
FALSE,2017 Mercedes-AMG GT R Preorder Car,M-B AMG GTR PO,,2017,Mercedes-AMG,GT R Preorder Car,DLC promo,,,,Epic,,,"295,000",Upgraded,Super GT,900,S1,7.9,9.1,8.5,7.8,9.3,,621,551,2976,4.79,47,2976,TT,V,8,F,RWD,,325,no,adjustable rear only,"602, 750",none,eng,Europe,Germany,AMG,,2,L,4,,AvM,3.600,7.800,,199.2,111.5,266.3,1.23,1.38,4.200,13000,,,28-Sep-18,FH4,FH4,,,DLC,,,,,,,,,,,1,XBO,0
FALSE,2016 Mercedes-AMG C 63 S Coupé,AMG C 63 '16,2471,2016,Mercedes-AMG,C 63 S Coupé,Buy Cars Base,,,,Rare,,,"113,000",Factory,Modern Sport Touring,601,A,5.5,3.3,2.9,4.4,,,503,516,3968,7.89,53,3982,TT,V,8,F,RWD,,285,no,LBWorks bodykit,"333, 565, 630, 788",none,eng,Europe,Germany,Mercedes C Class,,2,L,4,,AvM,3.927,8.829,12.383,191.6,113.1,274.6,0.96,1.00,4.902,12420,05-Oct-23,05-Nov-21,01-Dec-15,FM,FM6,FM,FH5,FH4,FM7,FH3,DLC,,,,,,,,6,XBO,1
FALSE,2016 Mercedes-AMG C 63 S Coupé Forza Edition,M-AMG C 63 FE,3803,2016,Mercedes-AMG,C 63 S Coupé Forza Edition,Buy Cars DLC,FM VIP,Gift w/DLC,,,,,"138,000",Upgraded,Modern Sport Touring,700,A,5.2,4.5,4.2,5.0,,,516,530,3601,6.98,53,4000,TT,V,8,F,RWD,,,,Adjustable,none,none,eng,Europe,Germany,Mercedes C Class,,2,L,4,,,3.800,8.800,,178.6,135.4,331.4,1.23,1.25,5.000,12813,05-Oct-23,,29-Sep-17,FM,FM7,DLC,,,FE,,,,,,,,,,2,XBO,1
FALSE,2016 Mercedes-AMG C 63 S Coupe PreOrder Edition,,,2016,Mercedes-AMG,C 63 S Coupe PreOrder Edition,DLC promo,,,,,,,,Upgraded,Super Saloons,800,A,7.3,8.8,7.2,8.2,8.0,,503,516,3968,7.89,53,3982,TT,V,8,F,RWD,,,,,,,eng,Europe,Germany,AMG,,2,L,4,,AvM,,,,,,,,,.000,12600,,,23-Sep-16,FH3,FH3,,,,,DLC,,,,,,,,,1,XBO,0
FALSE,2015 Mercedes-AMG GT S,M-B AMG GT,2242,2015,Mercedes-AMG,GT S,Seasonal,Series 8 cu,,,Rare,,,"250,000",Factory,Super GT,797,A,7.0,7.0,6.7,6.2,6.6,4.8,503,479,3627,7.21,47,3987,TT,V,8,F,RWD,,295,Both,Forza,602,none,no,Europe,Germany,AMG,,2,L,4,,?,3.600,8.400,,192.9,96.6,228.6,1.10,1.16,4.800,12380,,09-Jun-22,15-Sep-15,FH5,FM6,,cu,FH4,FM7,FH3,FM6,,,,,,,,5,XBO,0
FALSE,2015 Mercedes-AMG GT S F&F Edition,M-B AMG GT FF,,2015,Mercedes-AMG,GT S F&F Edition,,,,,,,,,Tuner,Fast & Furious,649,A,6.7,5.2,5.2,8.2,,,503,479,3627,7.21,47,,TT,V,8,F,RWD,,295,,,"562, 650",,eng,Europe,Germany,AMG,,2,L,4,,,3.600,8.400,11.917,192.1,126.1,317.6,1.18,1.18,4.800,12814,,,29-Sep-17,FM7,FM7,,,,DLC,,,,,,,,,,1,XBO,0
FALSE,2018 Mercedes-Benz X-Class,M-B X-Class,3063,2018,Mercedes-Benz,X-Class,"Autoshow, WS",,,,Common,,,"65,000",Factory,Pickups & 4x4s,368,D,4.2,2.8,3.2,2.4,4.2,7.8,188,332,4764,25.34,58,2298,TT,Inline,4,F,AWD,,255,Both,remove runners,"510, 602, 805, 700V, 850",none,eng,Europe,Germany,,,4,L,4,,Heavy,11.000,37.017,,115.9,152.9,384.9,0.79,0.79,26.017,13084,,05-Nov-21,09-Apr-19,FH5,FH4,,FH5,cu,,,,,,,,,,,2,XBO,0
FALSE,2017 Mercedes-Benz #33 Mac Tools Ciceley Motorsports A-Class (A45),MB #33 A45,2875,2017,Mercedes-Benz,#33 Mac Tools Ciceley Motorsports A-Class (A45),Buy Cars Base,,,,,,,"267,000",Race,Forza Touring Cars,698,A,3.2,5.1,5.2,4.3,,,334,292,2778,8.32,58,2000,T,Inline,4,F,FWD,245,245,,Adjustable,none,none,no,Europe,Germany,Mercedes A Class,,5,R,4,,,3.987,9.584,13.000,168.2,128.3,287.8,1.35,1.51,5.597,12815,05-Oct-23,,29-Sep-17,FM,FM7,FM,,,FM7,,,,,,,,,,2,XBO,1
FALSE,"2017 Mercedes-Benz E 350 D 4Matic All-Terrain ""Project E-AT""",Mercedes E 350 D,,2017,Mercedes-Benz,"E 350 D 4Matic All-Terrain ""Project E-AT""",Exclusive,,,,Epic,,,"250,000",Factory,Offroad,578,C,5.7,5.3,5.6,5.9,9.0,,258,457,4542,17.60,51,2987,T,V,6,F,AWD,,255,Both,Rally lights / remove tire,"355, 577, 300, 850",none,eng,Europe,Germany,,,5,R,4,,HH,6.016,18.417,,133.8,860.8,"1,119.5",0.78,0.77,12.401,13101,,,01-Jul-19,FH4,FH4,,,cu,,,,,,,,,,,1,XBO,0
FALSE,2015 Mercedes-Benz #24 Tankpool24 Racing Truck,#24 M-B Truck,2424,2015,Mercedes-Benz,#24 Tankpool24 Racing Truck,"Autoshow, WS",,,,Epic,,,"500,000",Race,Trucks,702,A,5.1,5.0,5.6,5.4,5.8,5.0,1080,3685,12125,11.23,60,12800,T,Inline,6,M,RWD,,575,no,Forza,2400,none,no,Europe,Germany,,,2,L,4/6,,"DVG, OR, ?HH",5.434,13.943,13.333,143.4,105.2,262.6,1.10,1.09,8.509,12488,,05-Nov-21,12-Jul-16,FH5,FM6,,FH5,FH4,FM7,,DLC,,,,,,,,4,XBO,0
FALSE,2015 Mercedes-Benz #24 Tankpool24 Racing Truck Forza Edition,#24 M-B Truck FE,2497,2015,Mercedes-Benz,#24 Tankpool24 Racing Truck Forza Edition,"WS, Seasonal",,,,FE,Destruction,,"750,000",Upgraded,Unlimited Offroad,800,A,6.1,5.3,3.3,8.8,10.0,9.7,1743,3685,10472,6.01,55,12800,T,Inline,6,M,AWD,,395,no,Forza,none,none,no,Europe,Germany,,,2,L,4/6,,DVG,5.178,13.611,,170.6,134.9,308.2,0.93,0.92,8.433,13241,,05-Nov-21,05-Nov-21,FH5,FH5,,FH5,,,,,,,,,,,,1,XBO,0
FALSE,2015 Mercedes-Benz #4 Erebus Motorsport E63 AMG V8 Supercar,#4 M-B E63 AMG,,2015,Mercedes-Benz,#4 Erebus Motorsport E63 AMG V8 Supercar,,,,,,,,,Race,V8 Supercars,,,6.6,6.4,6.5,8.7,,,630,475,3109,4.93,53,,NA,V,8,F,RWD,,,,,,,stock,Europe,Germany,,,4,R,4,,,3.300,6.500,,180.7,106.8,261.4,1.35,1.48,3.200,12382,,,15-Sep-15,FM6,FM6,,,,,,FM6,,,,,,,,1,XBO,0
FALSE,2015 Mercedes-Benz #9 Erebus Motorsport E63 AMG V8 Supercar,#9 M-B E63 AMG,,2015,Mercedes-Benz,#9 Erebus Motorsport E63 AMG V8 Supercar,,,,,,,,,Livery,Supercars Championship,785,S,6.8,6.4,6.5,8.7,,,630,475,3109,4.93,53,,NA,V,8,F,RWD,,280,,,none,none,stock,Europe,Germany,,,4,R,4,,,3.285,6.500,11.500,185.3,123.7,293.1,1.35,1.48,3.215,12384,,,15-Sep-15,FM7,FM6,,,,FM7,,FM6,,,,,,,,2,XBO,0
FALSE,2014 Mercedes-Benz #33 WIX Racing A-Class,#33 A-Class,,2014,Mercedes-Benz,#33 WIX Racing A-Class,,,,,,,,,Race,Global Touring Cars,,,6.3,6.3,6.5,8.1,,,330,286,2425,7.35,58,,T,Inline,4,F,FWD,,,,,,,no,Europe,Germany,,,5,L,4,,,3.986,9.584,,168.3,90.9,231.9,1.35,1.51,5.598,12381,,,15-Sep-15,FM6,FM6,,,,,,FM6,,,,,,,,1,XBO,0
FALSE,2014 Mercedes-Benz #84 HTP Motorsport SLS AMG GT3,#84 M-B SLS GT3,,2014,Mercedes-Benz,#84 HTP Motorsport SLS AMG GT3,,,,,,,,,Race,Forza GT,808,R,6.7,6.8,6.9,8.6,,,550,442,2954,5.37,48,,NA,V,8,F,RWD,,310,,,none,none,stock,Europe,Germany,AMG,,2,L,4,,,3.400,7.300,11.517,184.5,118.8,271.7,1.43,1.62,3.900,12383,,,15-Sep-15,FM7,FM6,,,,FM7,,FM6,,,,,,,,2,XBO,0
FALSE,2014 Mercedes-Benz G 63 AMG 6x6,M-B G 63 6x6,3107,2014,Mercedes-Benz,G 63 AMG 6x6,"Autoshow, WS",,,,Epic,,,"525,000",Factory,Pickups & 4x4s,606,B,5.6,4.1,3.6,4.0,6.6,9.3,536,560,9050,16.88,47,5461,TT,V,8,F,AWD,,315,no,Bars / bed,"577, 850, 1750",none,eng,Europe,Germany,,,4,L,6,,Heavy,7.800,21.376,,154.5,129.7,324.5,0.90,0.89,13.576,13102,,05-Nov-21,01-Jul-19,FH5,FH4,,FH5,cu,,,,,,,,,,,2,XBO,0
FALSE,2014 Mercedes-Benz Unimog U5023,M-B Unimog,2986,2014,Mercedes-Benz,Unimog U5023,"Autoshow, WS",,,,Rare,,,"100,000",Factory,Trucks,103,D,2.8,2.7,3.3,1.3,3.0,8.7,228,663,15432,67.68,53,5132,T,Inline,4,M,AWD,,395,no,Bars / bed,"475d, 1080, 2400",none,no,Europe,Germany,,,2,L,4,,"DVG, OR, ?HH",27.216,999.999,,77.7,148.4,F,0.79,0.79,972.783,13002,,05-Nov-21,28-Sep-18,FH5,FH4,,FH5,FH4,,,,,,,,,,,2,XBO,0
FALSE,2013 Mercedes-Benz A 45 AMG,MB A 45 '13,1658,2013,Mercedes-Benz,A 45 AMG,Buy Cars Base,,,,Rare,,,"91,000",Factory,Modern Hot Hatch,529,B,3.9,2.4,2.2,3.5,,,355,326,3263,9.19,60,1991,T,Inline,4,F,AWD,,235,no,Forza,"350, 394I, 475, 603, 630",none,no,Europe,Germany,Mercedes A Class,,5,L,4,,"AvM, DD",4.300,10.600,12.533,183.9,129.9,320.9,0.93,0.96,6.300,12085,05-Oct-23,05-Nov-21,07-Jan-14,FM,FM5,FM,FH5,FH4,FM7,FH3,FM6,FH2,DLC,,,,,,8,XBO,1
FALSE,2013 Mercedes-Benz A 45 AMG Forza Edition,M-B A45 FE,,2013,Mercedes-Benz,A 45 AMG Forza Edition,,,,,,,,,Upgraded,Modern Hot Hatch,499,C,6.4,4.7,4.9,7.1,,,273,255,3153,11.55,59,,T,Inline,4,F,AWD,,,,,,,eng,Europe,Germany,AMG,,5,L,4,,,4.284,10.586,,169.5,154.0,342.4,1.12,1.09,6.302,12816,,,29-Sep-17,FM7,FM7,,,,FE,,,,,,,,,,1,XBO,0
FALSE,2013 Mercedes-Benz A 45 AMG Horizon Edition,,,2013,Mercedes-Benz,A 45 AMG Horizon Edition,,,,,,,,,Upgraded,Super Hot Hatch,773,A,7.0,8.3,6.9,7.7,9.2,,355,332,3263,9.19,60,1991,T,Inline,4,F,AWD,,A,,,,,no,Europe,Germany,AMG,,5,L,4,,AvM,,,,,,,,,.000,12601,,,23-Sep-16,FH3,FH3,,,,,HE,,,,,,,,,1,XBO,0
FALSE,2013 Mercedes-Benz A45 AMG (Day One livery),,,2013,Mercedes-Benz,A45 AMG (Day One livery),DLC promo,,,,,,,,Livery,Super Hot Hatch,700,B,6.9,,6.2,7.6,,,355,332,3263,9.19,60,1991,,,,F,AWD,,,,,,,,Europe,Germany,,,5,L,4,,,4.300,,,184.0,,,,,,12172,,,30-Sep-14,FH2,FH2,,,,,,,DLC,,,,,,,1,XBO,0
FALSE,2013 Mercedes-Benz E 63 AMG,M-B E63,2021,2013,Mercedes-Benz,E 63 AMG,"Autoshow, WS",,Accolade,,Rare,,,"105,000",Factory,Super Saloons,751,A,7.7,4.5,6.0,7.0,7.8,5.2,577,590,4277,7.41,55,5461,TT,V,8,F,AWD,,285,no,Forza,602,none,eng,Europe,Germany,AMG,,4,L,4,,DD,3.400,8.000,11.600,211.0,121.0,310.1,0.93,0.96,4.600,12091,,05-Nov-21,04-Mar-14,FH5,FM5,,FH5,FH4,FM7,FH3,FM6,FH2,DLC,,,,,,7,XBO,0
FALSE,2013 Mercedes-Benz G 65 AMG,M-B G 65,1627,2013,Mercedes-Benz,G 65 AMG,"Autoshow, WS",,Accolade,,Rare,,,"350,000",Factory,Pickups & 4x4s,639,B,5.9,3.2,3.2,6.6,8.0,8.0,603,737,5688,9.43,55,5980,TT,V,12,F,AWD,,275,no,Preset / Offroad,"850, 1750",none,no,Europe,Germany,AMG,,5,L,4,,"AWW, ?AvM, WW, HH, DD",5.300,11.500,12.250,164.5,145.5,371.7,0.80,0.79,6.200,12007,,05-Nov-21,05-Mar-13,FH5,FH1,,FH5,FH4,FM7,FH3,FM6,FH2,FM5,DLC,,,,,8,XBO,0
FALSE,2012 Mercedes-Benz C 63 AMG Coupé Black Series,MB C 63 '12,1500,2012,Mercedes-Benz,C 63 AMG Coupé Black Series,Buy Cars Base,,,,Rare,,,"112,000",Factory,Modern Sport Touring,619,A,5.8,3.0,2.9,4.5,,,510,457,3854,7.56,54,6208,NA,V,8,F,RWD,,285,Both,LBWorks bodykit,none,"TT, PDS",stock,Europe,Germany,Mercedes C Class,,2,L,4,,AvM,4.272,8.969,,206.7,130.4,309.0,0.97,1.01,4.697,11908,05-Oct-23,05-Nov-21,05-Jun-12,FM,FM4,FM,FH5,FH4,FM7,FH3,FM6,FH2,FM5,FH1,DLC,,,,10,XBO,1
FALSE,2012 Mercedes-Benz C 63 AMG Coupe Black Series Forza Edition,M-B C63 FE,,2012,Mercedes-Benz,C 63 AMG Coupe Black Series Forza Edition,,,,,,,,,Upgraded,Sport Touring,675,A,7.5,5.3,5.3,8.5,,,549,493,3752,6.83,54,,NA,V,8,F,RWD,,,,,,,stock,Europe,Germany,AMG,,2,L,4,,,4.154,8.849,,200.7,150.9,357.7,1.19,1.18,4.695,12817,,,29-Sep-17,FM7,FM7,,,,FE,,,,,,,,,,1,XBO,0
FALSE,2012 Mercedes-Benz C 63 AMG Coupe Black Series Horizon Edition,,,2012,Mercedes-Benz,C 63 AMG Coupe Black Series Horizon Edition,,,,,,,,,Upgraded,Super Saloons,846,S1,7.9,9.0,7.6,8.4,8.2,,510,457,3854,7.56,54,6208,NA,V,8,F,RWD,,S1,,,,,stock,Europe,Germany,AMG,,2,L,4,,AvM,,,,,,,,,.000,12602,,,23-Sep-16,FH3,FH3,,,,,HE,,,,,,,,,1,XBO,0
FALSE,2012 Mercedes-Benz S65 AMG,,,2012,Mercedes-Benz,S65 AMG,,,,,,,,,Factory,Sedan,552,A,,,,,,,621,737,5016,8.08,,,,,12,F,RWD,,,,,,,,Europe,Germany,,,4,L,4,,,,,,,,,,,,11981,,,23-Oct-12,FH1,FH1,,,,,,,,,FH1,,,,,1,360,0
FALSE,2012 Mercedes-Benz SLK 55 AMG,MB SLK 55 '12,1525,2012,Mercedes-Benz,SLK 55 AMG,Buy Cars Base,,,,Rare,,,"96,000",Factory,Modern Sport Coupe,551,B,6.1,2.3,2.3,4.0,,,415,398,3527,8.50,50,5461,NA,V,8,F,RWD,225,245,Both,Forza,"333, 565, 603, 630, 788","TT, PDS",stock,Europe,Germany,,,2,L,4,,AvM,4.500,10.400,12.433,198.2,134.5,323.4,0.95,0.98,5.900,11921,05-Oct-23,05-Nov-21,03-Jul-12,FM,FM4,FM,FH5,FH4,FM7,FH3,FM6,FH2,FM5,,DLC,,,,9,XBO,1
FALSE,2011 Mercedes-Benz #35 Black Falcon SLS AMG GT3,#35 M-B SLS GT3,,2011,Mercedes-Benz,#35 Black Falcon SLS AMG GT3,,,,,,,,,Race,Forza GT,808,R,6.7,6.8,6.9,8.6,,,550,442,2954,5.37,48,,NA,V,8,F,RWD,,310,,,none,none,stock,Europe,Germany,AMG,,2,L,4,,,3.209,6.855,11.517,184.5,116.7,261.8,1.47,1.67,3.646,11882,,,03-Apr-12,FM7,FM4,,,,FM7,,FM6,,,,DLC,,,,3,XBO,0
FALSE,2011 Mercedes-Benz SLS AMG,MB SLS AMG '11,1202,2011,Mercedes-Benz,SLS AMG,Buy Cars Base,,,,Epic,,6-Mar-2024,"129,000",Factory,Modern Sport GT,688,A,6.8,3.6,3.4,5.2,,,571,479,3571,6.25,47,6208,NA,V,8,F,RWD,265/R19,295/R20,no,Safety Light bar,"565, 603, 640, 788","TT, PDS",stock,Europe,Germany,Mercedes GT,,2,L,4,,AvM,3.600,7.700,11.600,212.0,118.8,279.3,1.19,1.18,4.100,11667,05-Oct-23,05-Nov-21,29-Oct-10,FM,FM3,FM,FH5,FH4,FM7,FH3,FM6,FH2,FM5,DLC,FM4,DLC,,,11,XBO,1
FALSE,2010 Mercedes-Benz C63 AMG,,,2010,Mercedes-Benz,C63 AMG,,,,,,,,,Factory,Sedan,507,A,,,,,,,451,443,3920,8.69,,,,,8,F,RWD,,,,,,,,Europe,Germany,,,4,L,4,,,3.900,,,195.0,,,,,,11656,,,03-Jul-10,FM4,FM3,,,,,,,,,,FM4,DLC,,,2,360,0
FALSE,2010 Mercedes-Benz CL 65 AMG,,,2010,Mercedes-Benz,CL 65 AMG,,,,,,,,,Factory,Sports,522,A,,,,,,,604,738,4938,8.18,,,,,12,F,RWD,,,,,,,,Europe,Germany,,,2,L,4,,,3.800,,,215.5,,,,,,11657,,,03-Jul-10,FM4,FM3,,,,,,,,,,FM4,DLC,,,2,360,0
FALSE,2010 Mercedes-Benz E 63 AMG,,,2010,Mercedes-Benz,E 63 AMG,,,,,,,,,Factory,Sedan,517,A,,,,,,,519,465,4167,8.03,,,,,8,F,RWD,,,,,,,,Europe,Germany,,,4,L,4,,,4.000,,,207.0,,,,,,11623,,,09-Apr-10,FM4,FM3,,,,,,,,,,FM4,DLC,,,2,360,0
FALSE,2010 Mercedes-Benz SLK 55 AMG,,,2010,Mercedes-Benz,SLK 55 AMG,,,,,,,,,Factory,Roadster,507,A,,,,,,,355,376,3472,9.78,,,,,8,F,RWD,,,,,,,,Europe,Germany,,,2,L,4,,,4.900,,,188.5,,,,,,11645,,,08-Jun-10,FM4,FM3,,,,,,,,,,FM4,DLC,,,2,360,0
FALSE,2009 Mercedes-Benz A200 Turbo Coupe,,,2009,Mercedes-Benz,A200 Turbo Coupe,,,,,,,,,Factory,,,,,,,,,,190,206,2877,15.14,,,,,4,F,FWD,,,,,,,,Europe,Germany,,,3,L,4,,,7.484,,,142.5,,,,,-7.484,11543,,,27-Oct-09,FH3,FM3,,,,,HP,,,,,FM4,FM3,,,3,360,0
FALSE,2009 Mercedes-Benz ML 63 AMG,M-B ML 63,,2009,Mercedes-Benz,ML 63 AMG,,,,,,,,,Factory,Modern SUV,508,B,6.5,4.3,4.1,7.5,,,532,491,4999,9.40,52,,NA,V,8,F,AWD,,295,,,"562, 825","TT, PDS",stock,Europe,Germany,AMG,,5,L,4,,,4.520,11.219,13.000,175.7,134.8,343.8,1.02,0.97,6.699,11545,,,27-Oct-09,FM7,FM3,,,,FM7,,,,,FH1,FM4,FM3,,,4,XBO,0
FALSE,2009 Mercedes-Benz SL 65 AMG Black Series,MB SL 65 '09,1090,2009,Mercedes-Benz,SL 65 AMG Black Series,Buy Cars Base,,,,Epic,,,"129,000",Factory,Modern Sport GT,684,A,7.1,3.2,3.2,5.1,,,661,738,4215,6.38,52,5980,TT,V,12,F,RWD,265,325,no,Forza,"603, 630",none,no,Europe,Germany,Mercedes SL,,2,L,4,,AvM,3.913,7.915,11.800,214.7,139.1,339.4,0.96,1.02,4.002,11546,05-Oct-23,13-Jul-23,27-Oct-09,FM,FM3,FM,cu,FH4,FM7,FH3,FM6,FH2,DLC,FH1,FM4,FM3,,,11,XBO,1
FALSE,2009 Mercedes-Benz SL 65 AMG Black Series Forza Edition,M-B SL65 FE,,2009,Mercedes-Benz,SL 65 AMG Black Series Forza Edition,Exclusive,,,,FE,Drift Skills,,"460,000",Upgraded,Super GT,820,S1,8.2,7.3,7.0,6.7,8.3,,661,738,4215,6.38,52,5980,TT,V,12,F,RWD,,325,no,Forza,none,none,no,Europe,Germany,AMG,,2,L,4,,AvM?,3.913,7.915,,214.7,139.0,339.3,0.96,1.02,4.002,13001,,,28-Sep-18,FH4,FH4,,,FE,,,,,,,,,,,1,XBO,0
FALSE,2009 Mercedes-Benz SLR Stirling Moss,,,2009,Mercedes-Benz,SLR Stirling Moss,,,,,,,,,Factory,Roadster,636,S,,,,,,,650,604,3419,5.26,,,,,8,F,RWD,,,,,,,,Europe,Germany,,Yes,2,L,4,,,3.600,,,216.1,,,,,,11596,,,08-Dec-09,FM4,FM3,,,,,,,,,,FM4,DLC,,,2,360,0
FALSE,2008 Mercedes-Benz Mercedes-AMG #4 C-Class Touring Car,,,2008,Mercedes-Benz,Mercedes-AMG #4 C-Class Touring Car,,,,,,,,,Race,GTC,834,R2,,,,,,,475,391,2315,4.87,,,,,8,F,RWD,,,,,,,,Europe,Germany,,,4,L,4,,,2.900,,,180.2,,,,,,11544,,,27-Oct-09,FM4,FM3,,,,,,,,,,FM4,FM3,,,2,360,0
FALSE,2006 Mercedes-Benz E 55 AMG Wagon,M-B E 55 AMG,3178,2006,Mercedes-Benz,E 55 AMG Wagon,Seasonal,,,,,,,,Factory,Retro Saloons,,,,,,,,,,,,,,,,,,,,,,,,,,,Europe,Germany,,,,,,,,,,,,,,,,,,,,,FH5,FH5,,cu,,,,,,,,,,,,1,XBO,0
FALSE,2005 Mercedes-Benz CL65 AMG,,,2005,Mercedes-Benz,CL65 AMG,,,,,,,,,Factory,,,A2,,,,,,,,,,#DIV/0!,,,,,,F,RWD,,,,,,,,Europe,Germany,,,2,L,4,,,,,,,,,,,.000,11125,,,03-May-05,FM1,FM1,,,,,,,,,,,,,FM1,1,360,0
FALSE,2005 Mercedes-Benz SLR,Mercedes SLR,,2005,Mercedes-Benz,SLR,,,,,,,,,Factory,Ultimate Grand Tourer,,,8.0,5.0,5.0,8.5,,,617,575,3860,6.26,51,,PDS,V,8,F,RWD,,,,,,,eng,Europe,Germany,AMG,,2,L,4,,,3.500,7.500,,215.6,121.4,309.0,1.13,1.15,4.000,11127,,,03-May-05,FM6,FM1,,,,,,FM6,FH2,FM5,DLC,FM4,FM3,FM2,FM1,8,XBO,0
FALSE,2004 Mercedes-Benz C 32 AMG,MB C 32 '04,286,2004,Mercedes-Benz,C 32 AMG,Buy Cars Base,,,,,,,"83,000",Factory,Sport Touring Classics,470,C,5.1,2.2,2.2,3.4,,,349,332,3605,10.33,54,3200,PDS,V,6,F,RWD,225,245,,Forza,"375, 394I, 460, 565, 603, 640",none,eng,Europe,Germany,Mercedes C Class,,4,L,4,,,5.100,12.200,13.600,185.6,143.6,362.7,1.07,1.04,7.100,11124,05-Oct-23,,03-May-05,FM,FM1,FM,,,FM7,HP,,,,,FM4,FM3,FM2,FM1,7,XBO,1
FALSE,2003 Mercedes-Benz #3 CLK-DTM,,,2003,Mercedes-Benz,#3 CLK-DTM,,,,,,,,,Race,,,GTS,,,,,,,,,,#DIV/0!,,,,,,F,RWD,,,,,,,,Europe,Germany,,,2,L,4,,,,,,,,,,,.000,11122,,,03-May-05,FM1,FM1,,,,,,,,,,,,,FM1,1,360,0
FALSE,2003 Mercedes-Benz CLK55 AMG Coupe,,,2003,Mercedes-Benz,CLK55 AMG Coupe,,,,,,,,,Factory,Sports,462,B,,,,,,,366,376,3635,9.93,,,,,8,F,RWD,,,,,,,,Europe,Germany,,,2,L,4,,,4.686,,,188.8,,,,,,11126,,,03-May-05,FM4,FM1,,,,,,,,,,FM4,FM3,FM2,FM1,4,360,0
FALSE,1998 Mercedes-Benz #11 D2 CLK-GTR,,,1998,Mercedes-Benz,#11 D2 CLK-GTR,,,,,,,,,Race,,,P1,,,,,,,,,,#DIV/0!,,,,,,F,RWD,,,,,,,,Europe,Germany,,,2,L,4,,,,,,,,,,,.000,11121,,,03-May-05,FM1,FM1,,,,,,,,,,,,,FM1,1,360,0
FALSE,1998 Mercedes-Benz AMG CLK GTR,MB CLK GTR '98,568,1998,Mercedes-Benz,AMG CLK GTR,Reward,FM Update 10,,,Legendary,,,"298,000",Factory,Early Factory Racecars,759,S,6.2,4.9,5.0,5.7,5.1,4.2,622,539,3175,5.10,42,6898,NA,V,12,M,RWD,295,345,no,Forza,"603, 630",TT,stock,Europe,Germany,,,2,L,4,,"OR, ?AvM, HR, HHero",3.783,8.081,10.800,207.8,108.0,255.1,1.22,1.40,4.298,11312,31-Jul-24,05-Nov-21,29-May-07,FM,FM2,R,FH5,FH4,FM7,FH3,FM6,,DLC,DLC,FM4,FM3,FM2,,11,XBO,1
FALSE,1998 Mercedes-Benz AMG CLK GTR Forza Edition,M-B CLK-GTR FE,2948,1998,Mercedes-Benz,AMG CLK GTR Forza Edition,"WS, Seasonal",,,,FE,Speed Skills,,"2,250,000",Upgraded,Extreme Track Toys,998,S2,7.8,10.0,10.0,8.2,9.0,3.7,1000,590,2315,2.32,42,6898,NA,V,12,M,RWD,,345,no,Adjustable,none,TT,stock,Europe,Germany,,,2,L,4,,HR,3.773,8.100,,217.6,73.6,167.6,1.81,2.31,4.327,13242,,05-Nov-21,05-Nov-21,FH5,FH5,,FH5,,,,,,,,,,,,1,XBO,0
FALSE,1992 Mercedes-Benz 500 E,M-B 500 E,3175,1992,Mercedes-Benz,500 E,Seasonal,,,,,,,,Factory,Retro Saloons,,,,,,,,,,,,,,,,,,,,,,,,,,,Europe,Germany,,,,,,,,,,,,,,,,,,,,,FH5,FH5,,cu,,,,,,,,,,,,1,XBO,0
FALSE,1990 Mercedes-Benz 190E 2.5-16 Evolution II,MB 190E '90,1296,1990,Mercedes-Benz,190E 2.5-16 Evolution II,Buy Cars Base,,,,Rare,,,"82,000",Factory,Sport Touring Classics,400,D,3.0,2.7,2.8,2.4,,,235,181,2954,12.57,53,2976,NA,Inline,4,F,RWD,245,245,no,Forza,"333, 375, 415, 603, 630","T, CS",stock,Europe,Germany,Mercedes C Class,,4,L,4,,HHero,7.100,18.000,15.500,168.4,147.8,369.6,0.88,0.88,10.900,11676,05-Oct-23,05-Nov-21,14-Dec-10,FM,FM3,FM,FH5,FH4,FM7,FH3,FM6,FH2,FM5,,FM4,DLC,,,10,XBO,1
FALSE,1989 Mercedes-Benz #63 Sauber-Mercedes C 9,MB #63 C9,1560,1989,Mercedes-Benz,#63 Sauber-Mercedes C 9,Buy Cars Base,,,,,,,"367,000",Race,GTP/C,959,P,8.4,9.7,10.0,8.3,,,800,600,2159,2.70,45,5000,TT,V,8,M,RWD,325,345,,Adjustable,none,none,no,Europe,Germany,,,2,R,4,,,2.700,4.900,9.450,229.2,79.4,186.5,1.67,2.32,2.200,11931,05-Oct-23,,07-Aug-12,FM,FM4,FM,,,FM7,,,,,,DLC,,,,3,XBO,1
FALSE,1987 Mercedes-Benz AMG Hammer Coupe,AMG Hammer Coupe,3176,1987,Mercedes-Benz,AMG Hammer Coupe,"Autoshow, WS",,,,Common,,,"165,000",Factory,Retro Saloons,681,B,7.2,3.8,5.5,4.2,3.0,4.7,379,417,3640,9.60,53,5953,NA,V,8,F,RWD,,235,Both,Widebody,"602, 850, 622","TT, PDS",stock,Europe,Germany,,,2,L,4,,,5.000,12.000,,195.7,133.4,336.3,1.02,1.02,7.000,13158,,05-Nov-21,03-Nov-20,FH5,FH4,,FH5,cu,,,,,,,,,,,2,XBO,0
FALSE,1987 Mercedes-Benz AMG Hammer Wagon,AMG Hammer Wagon,3177,1987,Mercedes-Benz,AMG Hammer Wagon,DLC,,,,,,,,Factory,,,,,,,,,,,,,,,,,,,,,,,,,,,,Europe,Germany,,,,,4,,,,,,,,,,,,,,,,FH5,FH5,,DLC,,,,,,,,,,,,1,XBO,0
FALSE,1972 Mercedes-Benz 300 SEL 6.3,M-B 300 SEL,,1972,Mercedes-Benz,300 SEL 6.3,,,,,,,,,Race,Early Sport Touring,299,E,5.9,3.6,3.8,6.4,6.6,,300,435,4010,13.37,55,6329,NA,V,8,F,RWD,,215,,,"415, 562, 650","TT, CS",stock,Europe,Germany,,,4,L,4,,,6.900,18.400,14.733,152.1,143.1,366.5,0.97,0.92,11.500,11883,,,03-Apr-12,FM7,FM4,,,,FM7,cu,,,,,DLC,,,,3,XBO,0
FALSE,1967 Mercedes-Benz 280 SL,M-B 280 SL,1619,1967,Mercedes-Benz,280 SL,Exclusive,,,,Epic,,,"150,000",Factory,Rare Classics,448,D,5.6,4.8,4.6,4.8,7.0,,180,193,3120,17.33,53,2778,NA,Inline,6,F,RWD,,175,Yes,Forza,"321, 510, 300, 485","T, CS",stock,Europe,Germany,,Yes,2,L,4,,SS,10.083,23.573,16.818,129.5,191.0,469.7,0.72,0.71,13.490,12442,,18-Jan-24,15-Mar-16,FH5,FM6,,cu,cu,FM7,FH3,DLC,,,,,,,,5,XBO,0
FALSE,1955 Mercedes-Benz 300 SLR,MB 300 SLR,1559,1955,Mercedes-Benz,300 SLR,Buy Cars Base,,,,Legendary,,,"143,000",Factory,Vintage Le Mans Sportscars,533,B,4.7,2.5,3.1,3.3,,,310,234,2442,7.88,42,2982,NA,Inline,8,F,RWD,195,205,Both,Forza,none,none,stock,Europe,Germany,Mercedes 300,Yes,2,L,4,,HR,4.544,10.555,12.467,188.5,159.2,395.2,0.91,0.91,6.011,11941,05-Oct-23,16-Aug-22,04-Sep-12,FM,FM4,FM,cu,FH4,FM7,,FM6,,,,DLC,,,,6,XBO,1
FALSE,1954 Mercedes-Benz 300 SL Coupé,MB 300 SL '54,251,1954,Mercedes-Benz,300 SL Coupé,Buy Cars Base,,,,Legendary,,,"79,000",Factory,Sport Coupe Icons,291,E,2.0,1.1,1.3,1.9,,,241,217,2960,12.28,48,2996,NA,Inline,6,F,RWD,175,175,no,Forza,"245, 276, 333, 350, 394I, 460, 603, 630, 788",T,stock,Europe,Germany,Mercedes 300,,2,L,4,,WFRC,8.279,21.180,16.018,144.3,174.3,437.6,0.78,0.78,12.901,11123,05-Oct-23,05-Nov-21,03-May-05,FM,FM1,FM,FH5,FH4,FM7,FH3,FM6,FH2,FM5,FH1,FM4,FM3,FM2,FM1,13,XBO,1
FALSE,1939 Mercedes-Benz W154,MB W154,2069,1939,Mercedes-Benz,W154,Buy Cars Base,,,,Legendary,,,"237,000",Race,The Birth of Grand Prix,583,B,5.8,2.1,2.7,3.2,,,483,361,2892,5.99,50,2963,PDS,V,12,F,RWD,155,200,no,nonadjustable,none,none,no,Europe,Germany,,Yes,1,C,4,x,HR,3.800,8.486,11.717,215.4,169.3,420.7,0.85,0.84,4.686,12402,05-Oct-23,05-Nov-21,05-Oct-15,FM,FM6,FM,FH5,FH4,FM7,,DLC,,,,,,,,5,XBO,1
FALSE,1929 Mercedes-Benz SSK,M-B SSK,3026,1929,Mercedes-Benz,SSK,"Autoshow, WS",,,,Legendary,,,"7,500,000",Factory,Rare Classics,256,D,4.1,1.9,3.6,3.0,1.8,5.5,200,332,3725,18.63,52,7065,PDS,Inline,6,F,RWD,,175,no,Side skirts/fenders,"321, 510, 602, 805, 483",none,eng,Europe,Germany,,,2,R,4,,HR,13.975,52.972,,114.0,181.8,446.4,0.68,0.67,38.997,13071,,05-Nov-21,15-Jan-19,FH5,FH4,,FH5,DLC,,,,,,,,,,,2,XBO,0
FALSE,1990 Mercury #15 Whistler Radar Cougar XR-7,Mercury #15 XR-7,2333,1990,Mercury,#15 Whistler Radar Cougar XR-7,Buy Cars Base,,,,,,,"304,000",Race,GTX Sportscars,812,R,5.9,5.6,5.9,5.8,,,675,560,2648,3.92,50,5500,NA,V,8,F,RWD,315/R16,350/R16,,Adjustable,none,none,stock,N. America,U.S.,,,2,L,4,,,3.700,6.900,10.500,199.7,89.7,223.2,1.40,1.53,3.200,12432,05-Oct-23,,28-Jan-16,FM,FM6,FM,,,FM7,,DLC,,,,,,,,3,XBO,1
FALSE,1970 Mercury Cougar Eliminator,Mercury Cougar,1280,1970,Mercury,Cougar Eliminator,Buy Cars Base,,,,Rare,,,"80,000",Factory,Vintage Muscle,369,D,1.0,1.1,1.3,3.1,,,335,440,3435,10.25,59,6997,NA,V,8,F,RWD,,215,Both,,"302, 425, 460, 565, 640, 788, 825","TT, PDS",stock,N. America,U.S.,,,2,L,4,,,6.100,13.000,13.934,123.2,207.8,502.4,0.73,0.73,6.900,11800,05-Oct-23,,14-Oct-11,FM,FM4,FM,,cu,FM7,,FM6,,FM5,,FM4,,,,6,XBO,1
FALSE,1970 Mercury Cyclone Spoiler,Mercury Cyclone,3206,1970,Mercury,Cyclone Spoiler,DLC Autoshow,FH5 Car Pass,Gift w/DLC,,Rare,,,"35,000",Factory,Classic Muscle,491,D,5.8,2.2,3.6,3.1,2.8,4.9,370,450,3947,10.67,57,7030,NA,V,8,F,RWD,,225,Both,Hood,"475d, 526, 640, 485, 800, 850, 1500","TT, PDS",stock,N. America,U.S.,,,2,L,4,,,6.200,14.300,,158.1,176.3,435.2,0.76,0.75,8.100,13261,,02-Dec-21,02-Dec-21,FH5,FH5,,DLC,,,,,,,,,,,,1,XBO,0
FALSE,1949 Mercury Coupe,Mercury Coupe,,1949,Mercury,Coupe,,,,,Common,,,"45,000",Factory,Rods and Customs,158,D,4.6,3.7,3.9,4.4,6.3,,110,200,3375,30.68,55,4185,NA,V,8,F,RWD,,185,Yes,Preset / Hood,"415, 640, 700","TT, PDS, CS",stock,N. America,U.S.,,,2,L,4,,,16.500,45.120,18.083,99.7,215.2,F,0.66,0.65,28.620,12173,,,30-Sep-14,FH4,FH2,,,FH4,FM7,FH3,FM6,DLC,,,,,,,5,XBO,0
FALSE,1986 Merkur #11 MAC Tools XR4Ti,Merkur #11 XR4Ti,3028,1986,Merkur,#11 MAC Tools XR4Ti,Buy Cars Base,,,,,,,"303,000",Race,GTX Sportscars,807,R,5.7,5.9,6.2,5.6,,,600,560,2578,4.30,54,6000,NA,V,8,F,RWD,330,355,,Adjustable,none,none,stock,N. America,U.S.,,,2,L,4,,,4.000,7.400,11.167,195.9,103.0,248.5,1.42,1.55,3.400,13020,05-Oct-23,,02-Oct-18,FM,FM7,FM,,,cu,,,,,,,,,,2,XBO,1
FALSE,2023 Meyers Manx 2.0,Meyers Manx 2.0,3795,2023,Meyers,Manx 2.0,Exclusive,Series 26 cu,,,,,,,Factory,Buggies,,,,,,,,,,,,,,,,,,,,,,,,,,,N. America,U.S.,,Yes,2,L,4,,,,,,,,,,,,13427,,19-Oct-23,19-Oct-23,FH5,FH5,,cu,,,,,,,,,,,,1,XBO,0
FALSE,1971 Meyers Manx,Meyers Manx,2416,1971,Meyers,Manx,"WS, Seasonal",,Gift 202208,,Epic,,,"35,000",Factory,Cult Cars,291,D,3.1,2.6,4.3,2.9,5.3,5.9,60,82,1235,20.58,35,1585,NA,Flat,4,R,RWD,,185,no,Bars,"278, 330, 493(34k)","T, PDS",stock,N. America,U.S.,,Yes,2,L,4,,"DVG, MM, OR, OT, ?SS",11.971,999.999,17.150,89.3,165.8,F,0.82,0.82,988.028,12603,,05-Nov-21,23-Sep-16,FH5,FH3,,FH5,FH4,FM7,FH3,,,,,,,,,4,XBO,0
FALSE,1971 Meyers Manx Forza Edition,Meyers Manx FE,3570,1971,Meyers,Manx Forza Edition,"WS, Seasonal",,,,FE,Destruction,,"500,000",Upgraded,Track Toys,800,A,5.2,7.7,6.8,8.2,9.3,3.8,250,225,1102,4.41,40,2664,NA,,,R,RWD,,275,no,Bars,"330, 493(34k)","T, PDS",stock,N. America,U.S.,,Yes,2,L,4,,"DvG, OR, SS",11.950,6.600,,146.2,90.2,220.1,1.23,1.23,-5.350,13243,,05-Nov-21,05-Nov-21,FH5,FH5,,FH5,,,,,,,,,,,,1,XBO,0
FALSE,2023 MG Cyberster,MG Cyberster,3793,2023,MG,Cyberster,DLC,,,,,,,,Factory,,,,,,,,,,,,,,,,,,,,,,,,,,,,Europe,U.K.,,,,,4,,,,,,,,,,,,,,,,FH5,FH5,,DLC,,,,,,,,,,,,1,XBO,0
FALSE,2022 MG MG7,MG MG7,3794,2022,MG,MG7,Seasonal,,,,,,,,Factory,Super Saloons,,,,,,,,,,,,,,,,,,,,,,,,,,,Europe,U.K.,,,,,,,,,,,,,,,,,,,,,FH5,FH5,,cu,,,,,,,,,,,,1,XBO,0
FALSE,2021 MG MG6 XPower,MG MG6 '21,3689,2021,MG,MG6 XPower,Buy Cars Base,,,,Rare,,,"88,000",Factory,Modern Sport Touring,518,B,4.2,2.8,2.9,3.1,,,300,354,3395,11.32,57,1490,T,Inline,4,F,FWD,,245,Both,,"350, 394I, 475",none,eng,Europe,U.K.,,,4,L,4,,,5.400,11.800,,167.9,113.7,288.9,1.05,1.11,6.400,13332,05-Oct-23,12-Jan-23,12-Jan-23,FM,FH5,FM,cu,,,,,,,,,,,,2,XBO,1
FALSE,2020 MG #20 MG6 XPower,MG #20 MG6,3537,2020,MG,#20 MG6 XPower,Buy Cars Base,FM Update 2,,,Rare,,13-Dec-2023,"268,000",Race,Forza Touring Cars,716,S,3.1,5.4,5.5,4.7,2.0,4.7,340,302,2910,8.56,59,1998,T,Inline,4,F,FWD,,265,Both,Adjustable,,none,eng,Europe,U.K.,,,4,L,4,,,4.400,9.500,12.150,159.0,100.2,243.6,1.36,1.50,5.100,13333,07-Dec-23,12-Jan-23,12-Jan-23,FM,FH5,S,cu,,,,,,,,,,,,2,XBO,1
FALSE,2015 MG MG3,MG MG3,2173,2015,MG,MG3,Seasonal,Series 4 cu,,,Rare,,,"250,000",Factory,Hot Hatch,444,D,4.0,3.4,5.0,2.8,2.2,5.4,105,101,2546,24.25,61,1498,NA,Inline,4,F,FWD,,195,Both,Forza,"212, 196, 300","T, CS",stock,Europe,U.K.,,,5,R,4,,,10.400,37.511,,112.0,155.1,381.0,0.90,0.95,27.111,13277,,24-Feb-22,24-Feb-22,FH5,FH5,,cu,,,,,,,,,,,,1,XBO,0
FALSE,2005 MG XPower SV-R,MG SV-R '05,3271,2005,MG,XPower SV-R,DLC Autoshow,FH5 Car Pass,Gift w/DLC,,Rare,,,"50,000",Factory,Retro Sports Cars,694,B,6.3,4.5,5.6,4.7,4.2,5.1,385,376,3395,8.82,54,5000,NA,V,8,F,RWD,,265,Both,Forza,"475d, 526, 640, 805, 800, 850, 627","T, TT, PDS",stock,Europe,U.K.,,,2,L,4,,,5.700,14.000,,172.6,134.1,322.6,0.96,1.03,8.300,13274,,24-Feb-22,24-Feb-22,FH5,FH5,,DLC,,,,,,,,,,,,1,XBO,0
FALSE,1986 MG Metro 6R4,MG Metro 6R4,2147,1986,MG,Metro 6R4,"Accolade, WS",,Accolade,,Legendary,,,"125,000",Race,Rally Monsters,811,S1,4.6,5.8,5.9,8.8,8.2,7.5,410,270,2271,5.54,45,2991,NA,V,6,M,AWD,,320,no,Adjustable,"510, 542(3.5L)","TT, CS",stock,Europe,U.K.,,,3,R,4,,"DVG, AWW, ?WW, HHero",3.106,8.099,,133.3,99.2,240.8,1.13,1.27,4.993,12385,,05-Nov-21,15-Sep-15,FH5,FH2,,FH5,FH4,,FH3,FM6,DLC,,,,,,,5,XBO,0
FALSE,1986 MG Metro 6R4 Horizon Edition,,,1986,MG,Metro 6R4 Horizon Edition,,,,,,,,,Upgraded,Rally Monsters,900,S1,4.7,9.9,8.2,9.1,10.0,,410,270,2271,5.54,45,2991,,,,M,AWD,,,,,,,eng,Europe,U.K.,,,3,R,4,,HH,,,,,,,,,.000,12604,,,23-Sep-16,FH3,FH3,,,,,HE,,,,,,,,,1,XBO,0
FALSE,1984 MG Metro 6R4,,,1984,MG,Metro 6R4,,,,,,,,,Race,,868,S1,4.7,10.0,8.2,8.9,10.0,,410,270,2271,5.54,45,2991,NA,V,6,M,AWD,,11,,,,,stock,Europe,U.K.,,,3,R,4,,,,,,,,,,,,12194,,,15-Dec-14,FH2,FH2,,,,,,,DLC,,,,,,,1,XBO,0
FALSE,1966 MG MGB GT,MG MGB '66,1589,1966,MG,MGB GT,Buy Cars Base,,,,Legendary,,,"29,000",Factory,Vintage Sport Compact,226,E,1.0,1.0,1.1,1.1,,,95,110,2360,24.84,50,1798,NA,Inline,4,F,RWD,,165,no,,"194, 245, 250, 333, 350, 375, 394I, 460, 475","T, PDS",stock,Europe,U.K.,,,2,L,4,,,12.800,47.030,,111.0,197.4,495.3,0.71,0.71,34.230,11942,05-Oct-23,,04-Sep-12,FM,FM4,FM,,Barn,,,,,,,DLC,,,,3,XBO,1
FALSE,1958 MG MGA Twin-Cam,MG MGA '58,1487,1958,MG,MGA Twin-Cam,Buy Cars Base,,,,Rare,,,"37,000",Factory,Sport Coupe Icons,224,E,1.0,1.0,1.1,1.0,,,108,104,2192,20.30,54,1588,NA,Inline,4,F,RWD,,165,no,,"194, 245, 250, 333, 350, 375, 394I, 460, 475","T, PDS",stock,Europe,U.K.,,Yes,3,L,4,,,13.300,41.082,17.373,108.6,213.7,521.3,0.68,0.67,27.782,11909,05-Oct-23,,05-Jun-12,FM,FM4,FM,,FH4,Uni,,,,,,DLC,,,,4,XBO,1
FALSE,1938 MG TA Midget,MG TA '38,,1938,MG,TA Midget,DLC store,,,,Rare,,,"50,000",Factory,Classic Sports Cars,100,D,3.9,3.9,3.9,3.6,5.0,,50,67,1822,36.44,55,1292,NA,Inline,4,F,RWD,,135,no,Forza,"196, 300",T,stock,Europe,U.K.,,,3,R,4,,,23.100,999.999,,77.4,210.7,F,0.66,0.65,976.899,13055,,,20-Dec-18,FH4,FH4,,,DLC,,,,,,,,,,,1,XBO,0
FALSE,2021 MINI John Cooper Works GP,MINI JCW GP '21,3534,2021,MINI,John Cooper Works GP,Buy Cars Base,,,,Rare,,,"89,000",Factory,Modern Hot Hatch,570,B,3.5,2.8,2.6,3.9,,,302,332,2855,9.45,64,1998,T,Inline,4,F,FWD,,225,Both,,"350, 375, 394I, 475, 630",none,no,Europe,U.K.,MINI Cooper,,2,L,4,,,5.115,10.115,,162.6,124.4,312.9,0.96,1.02,5.000,13287,05-Oct-23,14-Apr-22,14-Apr-22,FM,FH5,FM,DLC,,,,,,,,,,,,2,XBO,1
FALSE,2018 MINI John Cooper Works Convertible,Mini Convertible,,2018,MINI,John Cooper Works Convertible,Exclusive,,,,Legendary,,,"250,000",Factory,Hot Hatch,639,B,6.2,6.1,5.9,5.8,7.3,,228,236,3065,13.44,59,1998,T,Inline,4,F,FWD,,205,Both,Forza,300,none,no,Europe,U.K.,,Yes,2,L,4,,,6.300,15.900,,150.0,150.1,378.0,0.87,0.86,9.600,13091,,,07-May-19,FH4,FH4,,,cu,,,,,,,,,,,1,XBO,0
FALSE,2018 MINI John Cooper Works Countryman ALL4,Mini Countryman,3131,2018,MINI,John Cooper Works Countryman ALL4,"Autoshow, WS",,,,Common,,,"38,500",Factory,Sports Utility Heroes,537,C,5.1,3.0,5.0,3.8,5.3,5.7,228,258,3653,16.02,58,1998,T,Inline,4,F,AWD,,225,Both,Forza,300,none,no,Europe,U.K.,,,5,L,4,,,6.215,18.016,,140.9,142.7,368.9,0.85,0.84,11.801,13092,,05-Nov-21,07-May-19,FH5,FH4,,FH5,cu,,,,,,,,,,,2,XBO,0
FALSE,2018 MINI X-Raid John Cooper Works Buggy,Mini JCW Buggy,3132,2018,MINI,X-Raid John Cooper Works Buggy,"Autoshow, WS",,,,Epic,,,"250,000",Factory,Offroad,632,B,4.5,4.9,3.7,4.9,6.6,10.0,340,590,4328,12.73,43,2993,TT,Inline,6,M,RWD,,315,no,Adjustable,"300, 805, 850",none,eng,Europe,U.K.,,,2,L,4,,,4.518,14.319,,125.0,136.7,337.1,0.87,0.86,9.801,13093,,05-Nov-21,07-May-19,FH5,FH4,,FH5,cu,,,,,,,,,,,2,XBO,0
FALSE,2013 MINI X-Raid ALL4 Racing Countryman,MINI X-Raid,2148,2013,MINI,X-Raid ALL4 Racing Countryman,"WS, Seasonal",,,,Epic,,,"250,000",Race,Offroad,632,B,3.3,4.1,4.7,5.2,8.4,8.1,307,516,4299,14.00,55,2993,TT,Inline,6,F,AWD,,245,no,none,"510, 805, 850",none,no,Europe,U.K.,,,3,L,4,,"AWW, ?BRG, WW",5.216,999.999,14.050,95.3,115.6,F,0.86,0.85,994.783,12197,,05-Nov-21,16-Dec-14,FH5,FH2,,FH5,FH4,FM7,FH3,,DLC,,,,,,,5,XBO,0
FALSE,2012 MINI John Cooper Works Coupe,,,2012,MINI,John Cooper Works Coupe,,,,,,,,,Factory,Sports,363,C,,,,,,,208,185,2734,13.14,,,,,4,F,FWD,,,,,,,,Europe,Germany,,,2,L,4,,,,,,,,,,,,11984,,,23-Oct-12,FH1,FH1,,,,,,,,,Uni,,,,,1,360,0
FALSE,2012 MINI John Cooper Works GP,MINI JCW GP '12,2003,2012,MINI,John Cooper Works GP,Buy Cars Base,,,,Rare,,,"57,000",Factory,Modern Hot Hatch,428,C,2.5,2.6,2.5,2.6,,,215,206,2557,11.89,61,1598,T,Inline,4,F,FWD,,215,no,,"350, 375, 394I, 475, 630",none,no,Europe,U.K.,MINI Cooper,,3,L,4,,DD,5.916,14.517,14.200,150.0,131.1,337.3,0.92,0.91,8.601,12103,05-Oct-23,05-Nov-21,30-May-14,FM,FM5,FM,FH5,FH4,FM7,FH3,FM6,FH2,DLC,,,,,,8,XBO,1
FALSE,2012 MINI John Cooper Works GP Forza Edition,Mini JCW '12 FE,,2012,MINI,John Cooper Works GP Forza Edition,,,,,,,,,Upgraded,Modern Hot Hatch,498,C,5.5,5.1,5.2,7.3,,,242,233,2587,10.69,60,,T,Inline,4,F,FWD,,,,,,,eng,Europe,U.K.,,,3,L,4,,,5.954,14.636,,147.6,136.4,308.3,1.15,1.17,8.682,12818,,,29-Sep-17,FM7,FM7,,,,FE,,,,,,,,,,1,XBO,0
FALSE,2012 MINI John Cooper Works GP Horizon Edition,,,2012,MINI,John Cooper Works GP Horizon Edition,,,,,,,,,Upgraded,Hot Hatch,702,A,5.6,8.2,6.8,7.2,7.2,,215,206,2557,11.89,61,1598,T,Inline,4,F,FWD,,,,,,,no,Europe,U.K.,,,3,L,4,,,,,,,,,,,.000,12606,,,23-Sep-16,FH3,FH3,,,,,HE,,,,,,,,,1,XBO,0
FALSE,2011 MINI Cooper S,,,2011,MINI,Cooper S,,,,,,,,,Factory,Hatch,342,C,,,,,,,181,177,2679,14.80,,,,,4,F,FWD,,,,,,,,Europe,Germany,,,3,R,4,,,,,,,,,,,,11982,,,23-Oct-12,FH1,FH1,,,,,,,,,FH1,,,,,1,360,0
FALSE,2011 MINI John Cooper Works Clubman,,,2011,MINI,John Cooper Works Clubman,,,,,,,,,Factory,Hatch,381,C,,,,,,,208,192,2833,13.62,,,,,4,F,FWD,,,,,,,,Europe,Germany,,,3,L,4,,,5.700,,,150.8,,,,,,11720,,,13-Oct-11,FM4,FM4,,,,,,,,,,DLC,,,,1,360,0
FALSE,2010 MINI Coupe Concept,,,2010,MINI,Coupe Concept,,,,,,,,,Factory,Coupe,309,D,,,,,,,208,206,2729,13.12,,,,,4,F,FWD,,,,,,,,Europe,England,,,2,L,4,,,,,,,,,,,,11628,,,13-Apr-10,FM3,FM3,,,,,,,,,,,DLC,,,1,360,0
FALSE,2009 MINI John Cooper Works,Mini JCW '09,1098,2009,MINI,John Cooper Works,"Autoshow, WS",,,,Common,,,"25,000",Factory,Hot Hatch,598,C,5.4,3.8,5.0,4.1,4.1,4.7,208,192,2701,12.99,62,1598,T,Inline,4,F,FWD,,205,no,Preset WB Aftermkt,300,none,eng,Europe,U.K.,,,3,L,4,,RPC,6.016,14.817,14.400,149.3,133.9,338.3,0.90,0.94,8.801,11547,,05-Nov-21,27-Oct-09,FH5,FM3,,FH5,FH4,FM7,HP,FM6,,FM5,,FM4,FM3,,,8,XBO,0
FALSE,2003 MINI Cooper S,,,2003,MINI,Cooper S,,,,,,,,,Factory,Hatch,315,D,,,,,,,163,155,2730,16.75,,,,,4,F,FWD,,,,,,,,Europe,Germany,,,3,L,4,,,7.700,,,138.9,,,,,,11128,,,03-May-05,FM4,FM1,,,,,,,,,,FM4,FM3,FM2,FM1,4,360,0
FALSE,1965 MINI Cooper S,MINI Cooper '65,1662,1965,MINI,Cooper S,Buy Cars Base,,,,Rare,,,"19,000",Factory,Vintage Sport Compact,219,E,1.0,1.3,1.1,1.2,,,75,80,1480,19.73,60,1275,NA,Inline,4,F,FWD,,145,no,,"82, 194, 212, 350, 475, 630","T, PDS",stock,Europe,U.K.,MINI Cooper,,2,R,4,,"BRG, DVG, MM, AWW, IMC, UHero",10.556,999.999,18.118,99.3,173.3,F,0.75,0.74,989.443,11983,05-Oct-23,05-Nov-21,23-Oct-12,FM,FH1,FM,FH5,FH4,FM7,FH3,FM6,FH2,FM5,FH1,,,,,9,XBO,1
FALSE,1965 MINI Cooper S Forza Edition,Mini '65 FE,2699,1965,MINI,Cooper S Forza Edition,Seasonal,Series 5 cu,,,FE,Stunt Skills,,"500,000",Upgraded,Super Hot Hatch,800,A,5.6,5.0,6.9,7.9,9.2,4.6,235,173,1433,6.10,52,0,E,E,E,F,AWD,,185,no,none,none,none,stock,Europe,U.K.,,,2,R,4,,,10.500,65.000,,150.1,114.7,276.4,1.21,1.20,54.500,12819,,03-Mar-22,29-Sep-17,FH5,FM7,,cu,,FE,,,,,,,,,,2,XBO,0
FALSE,1965 MINI Cooper S Horizon Edition,,,1965,MINI,Cooper S Horizon Edition,,,,,,,,,Upgraded,Classic Rally,549,C,3.7,6.6,6.6,5.6,6.2,,75,80,1480,19.73,60,1275,NA,Inline,4,F,FWD,,C,,,,,stock,Europe,U.K.,,,2,R,4,,,,,,,,,,,.000,12605,,,23-Sep-16,FH3,FH3,,,,,HE,,,,,,,,,1,XBO,0
FALSE,2010 Mitsubishi Colt Ralliart,,,2010,Mitsubishi,Colt Ralliart,,,,,,,,,Factory,Hatch,307,D,,,,,,,147,155,2337,15.90,,,,,4,F,FWD,,,,,,,,Asia,Japan,,,3,R,4,,,7.400,,,127.5,,,,,,11658,,,03-Jul-10,FM4,FM3,,,,,,,,,,FM4,DLC,,,2,360,0
FALSE,2008 Mitsubishi GameStation Lancer Evo X GSR,,,2008,Mitsubishi,GameStation Lancer Evo X GSR,DLC promo,,,,,,,,Livery,,,,,,,,,,,,,,,,,,,,,,,,,,,,Asia,Japan,,,4,R,4,,,,,,,,,,,,11548,,,27-Oct-09,FM3,FM3,,,,,,,,,,,DLC,,,1,360,0
FALSE,2008 Mitsubishi Lancer Evolution X GSR,Mit. Evo X '08,1009,2008,Mitsubishi,Lancer Evolution X GSR,Buy Cars Base,,,,Rare,,,"73,000",Factory,Modern Sport Compact,496,C,3.0,2.8,2.8,3.2,,,305,315,3395,11.13,60,1998,T,Inline,4,F,AWD,,245,Both,,"350, 375, 394I, 475, 565, 630",none,eng,Asia,Japan,Mitsubishi Lancer,,4,R,4,,"AWW, ?EvI, TC",5.016,13.400,13.783,156.8,133.7,340.2,0.92,0.93,8.384,11412,05-Oct-23,05-Nov-21,18-Mar-08,FM,FM2,FM,FH5,cu,FM7,FH3,FM6,FH2,FM5,FH1,FM4,FM3,DLC,,12,XBO,1
FALSE,2008 Mitsubishi Lancer Evolution X GSR 'Welcome Pack',Lancer GSR WP,3683,2008,Mitsubishi,Lancer Evolution X GSR 'Welcome Pack',DLC Autoshow,FH5 Welcome Pack,Gift w/DLC,,Common,,,"43,000",Upgraded,Modern Rally,800,A,7.1,4.1,5.8,9.2,4.6,8.1,583,522,3395,5.82,60,1998,T,Inline,4,F,AWD,,275,no,Safety Lights / aftermkt,"415, 300",none,eng,Asia,Japan,Evo,,4,R,4,,"EvI, TC",5.000,13.400,,198.8,110.2,279.4,1.12,1.13,8.400,13244,,05-Nov-21,05-Nov-21,FH5,FH5,,DLC,,,,,,,,,,,,1,XBO,0
FALSE,2008 Mitsubishi Lancer Evolution X GSR LCE Livery,,,2008,Mitsubishi,Lancer Evolution X GSR LCE Livery,DLC promo,,,,,,,,Livery,Sedan,437,B,,,,,,,305,314,3395,11.13,,,,,4,F,AWD,,,,,,,,Asia,Japan,,,4,R,4,,,,,,,,,,,,11985,,,23-Oct-12,FH1,FH1,,,,,,,,,DLC,,,,,1,360,0
FALSE,2006 Mitsubishi Eclipse GT,,,2006,Mitsubishi,Eclipse GT,,,,,,,,,Factory,Sports,352,C,,,,,,,263,260,3470,13.19,,,,,6,F,FWD,,,,,,,,Asia,Japan,,,2,L,4,,,5.800,,,147.5,,,,,,11313,,,29-May-07,FM4,FM2,,,,,,,,,,FM4,FM3,FM2,,3,360,0
FALSE,2006 Mitsubishi HKS Time Attack Evolution,,,2006,Mitsubishi,HKS Time Attack Evolution,,,,,,,,,Tuner,Sedan,711,R3,,,,,,,592,506,2359,3.98,,,,,4,F,AWD,,,,,,,,Asia,Japan,,,2,R,4,,,2.500,,,170.1,,,,,,11315,,,29-May-07,FM4,FM2,,,,,,,,,,Uni,FM3,FM2,,3,360,0
FALSE,2006 Mitsubishi Lancer Evolution IX MR,Mit. Evo IX '06,374,2006,Mitsubishi,Lancer Evolution IX MR,Buy Cars Base,,,,Rare,,,"74,000",Factory,Modern Sport Compact,490,C,3.7,2.7,2.7,2.9,,,286,289,3285,11.49,60,1997,T,Inline,4,F,AWD,,235,Both,,"375, 475, 565, 630",none,eng,Asia,Japan,Mitsubishi Lancer,,4,L,4,,"AWW, ?EvI, TC",4.600,12.400,13.400,162.4,137.2,348.0,0.91,0.93,7.800,11316,05-Oct-23,05-Nov-21,29-May-07,FM,FM2,FM,FH5,cu,FM7,FH3,FM6,,,,FM4,FM3,FM2,,9,XBO,1
FALSE,2005 Mitsubishi #1 Sierra Sierra Enterprises Lancer Evolution Time Attack,#1 Evolution TA,3554,2005,Mitsubishi,#1 Sierra Sierra Enterprises Lancer Evolution Time Attack,Buy Cars Base,FM Update 20,,,,,,"356,000",Race,Forza Specials,640,P,4.5,7.8,8.0,10.0,,,949,703,2770,2.92,54,2200,T,Inline,4,F,AWD,295/R18,295/R18,,Adjustable,none,none,,Asia,Japan,,,4,L,4,,,2.500,4.400,9.100,183.2,84.8,202.5,1.51,1.94,1.900,,05-May-25,09-May-24,09-May-24,FM,FH5,S,cu,,,,,,,,,,,,2,XBO,1
FALSE,2004 Mitsubishi Lancer Evolution VIII FQ-330,,,2004,Mitsubishi,Lancer Evolution VIII FQ-330,,,,,,,,,Factory,,,B2,,,,,,,,,,#DIV/0!,,,,,,F,AWD,,,,,,,,Asia,Japan,,,4,R,4,,,,,,,,,,,.000,11135,,,03-May-05,FM1,FM1,,,,,,,,,,,,,FM1,1,360,0
FALSE,2004 Mitsubishi Lancer Evolution VIII GSR,,,2004,Mitsubishi,Lancer Evolution VIII GSR,,,,,,,,,Factory,,536,C,,,,,,,,,,#DIV/0!,,,,,,F,AWD,,,,,,,,Asia,Japan,,,4,,4,,,,,,,,,,,.000,11136,,,03-May-05,FM2,FM1,,,,,,,,,,,,FM2,FM1,2,360,0
FALSE,2004 Mitsubishi Lancer Evolution VIII MR,Mit. Evo VIII 04,378,2004,Mitsubishi,Lancer Evolution VIII MR,Buy Cars Base,,,,Rare,,,"77,000",Factory,Early Sport Compact,496,C,3.2,2.8,2.8,3.0,,,277,295,3086,11.14,60,1997,T,Inline,4,F,AWD,,235,Both,,"350, 375, 394I, 475, 565, 630",none,eng,Asia,Japan,Mitsubishi Lancer,,4,R,4,,"AWW, ?EvI, TC",4.800,12.719,13.400,168.7,134.4,344.8,0.92,0.93,7.919,11317,05-Oct-23,05-Nov-21,29-May-07,FM,FM2,FM,FH5,cu,FM7,FH3,FM6,FH2,FM5,DLC,FM4,FM3,FM2,,12,XBO,1
FALSE,2003 Mitsubishi Eclipse GTS,,,2003,Mitsubishi,Eclipse GTS,,,,,,,,,Factory,Sports,249,E,,,,,,,210,205,3241,15.43,,,,,6,F,FWD,,,,,,,,Asia,Japan,,,2,L,4,,,7.600,,,137.9,,,,,,11131,,,03-May-05,FM4,FM1,,,,,,,,,,FM4,FM3,FM2,FM1,4,360,0
FALSE,2003 Mitsubishi Sparco Lancer Evolution VIII,,,2003,Mitsubishi,Sparco Lancer Evolution VIII,,,,,,,,,Tuner,,797,A,,,,,,,,,,#DIV/0!,,,,,,F,AWD,,,,,,,,Asia,Japan,,,4,L,4,,,,,,,,,,,,11138,,,03-May-05,FM2,FM1,,,,,,,,,,,,FM2,FM1,2,360,0
FALSE,2000 Mitsubishi Lancer Evolution VI TME,,,2000,Mitsubishi,Lancer Evolution VI TME,,,,,,,,,Factory,,,C2,,,,,,,,,,#DIV/0!,,,,,,F,AWD,,,,,,,,Asia,Japan,,,4,R,4,,,,,,,,,,,.000,11134,,,03-May-05,FM2,FM1,,,,,,,,,,,,Uni,FM1,2,360,0
FALSE,1999 Mitsubishi Lancer Evolution VI GSR,Mit. Evo VI '99,375,1999,Mitsubishi,Lancer Evolution VI GSR,Buy Cars Base,,,,Rare,,,"82,000",Factory,Early Sport Compact,496,C,2.7,2.6,2.7,3.1,,,280,300,2822,10.08,58,1997,T,Inline,4,F,AWD,,225,Both,,"350, 375, 394I, 475, 565, 630",none,eng,Asia,Japan,Mitsubishi Lancer,,4,R,4,,"HHero, AWW, ?EvI, TC, MvT",4.400,11.200,13.300,154.6,133.0,343.1,0.92,0.94,6.800,11133,05-Oct-23,05-Nov-21,03-May-05,FM,FM1,FM,FH5,cu,FM7,FH3,FM6,FH2,FM5,FH1,FM4,FM3,FM2,FM1,13,XBO,1
FALSE,1999 Mitsubishi MINE's CP9A Lancer Evolution VI,,,1999,Mitsubishi,MINE's CP9A Lancer Evolution VI,,,,,,,,,Tuner,,727,A,,,,,,,,,,#DIV/0!,,,,,,F,AWD,,,,,,,,Asia,Japan,,,4,R,4,,,,,,,,,,,,11137,,,03-May-05,FM2,FM1,,,,,,,,,,,,FM2,FM1,2,360,0
FALSE,1998 Mitsubishi FTO GP Version R,Mit. FTO '98,349,1998,Mitsubishi,FTO GP Version R,Buy Cars Base,,,,,,,"50,000",Factory,Early Sport Compact,355,D,2.9,1.6,2.0,2.0,,,197,147,2519,12.79,62,2000,NA,V,6,F,FWD,205/R16,205/R16,,Forza,"212, 250, 350, 394I, 475","T, TT, PDS",,Asia,Japan,,,2,R,4,,,6.900,17.800,15.400,155.0,,,1.06,1.01,10.900,11132,05-Oct-23,,03-May-05,FM,FM1,FM,cu,,,,,,,,FM4,FM3,FM2,FM1,6,XBO,1
FALSE,1997 Mitsubishi 3000GT VR-4,,,1997,Mitsubishi,3000GT VR-4,,,,,,,,,Factory,,,C2,,,,,,,,,,#DIV/0!,,,,,,F,AWD,,,,,,,,Asia,Japan,,,2,L,4,,,,,,,,,,,.000,11129,,,03-May-05,FM1,FM1,,,,,,,,,,,,,FM1,1,360,0
FALSE,1997 Mitsubishi GTO,Mit. GTO '97,357,1997,Mitsubishi,GTO,Buy Cars Base,,,,Common,,,"74,000",Factory,Early Sport Compact,451,C,4.2,2.2,2.4,2.6,,,320,315,3737,11.68,61,2972,TT,V,6,F,AWD,,245,Both,,"375, 562, 603, 630, 788",none,eng,Asia,Japan,Mitsubishi GTO,,2,R,4,,"MvT, RPC",5.700,14.400,14.200,166.6,139.8,352.0,0.89,0.91,8.700,11314,05-Oct-23,05-Nov-21,29-May-07,FM,FM2,FM,FH5,cu,FM7,,FM6,,DLC,,FM4,FM3,FM2,,9,XBO,1
FALSE,1997 Mitsubishi Montero Evolution,Montero Evo,2652,1997,Mitsubishi,Montero Evolution,DLC,,,,,,,,Factory,,,,,,,,,,,,,,,,,,,,,,,,,,,,Asia,Japan,,,,,4,,,,,,,,,,,,,,,,FH5,FH5,,DLC,,,,,,,,,,,,1,XBO,0
FALSE,1995 Mitsubishi Eclipse GS F&F Edition,1995 Eclipse FF,,1995,Mitsubishi,Eclipse GS F&F Edition,,,,,,,,,Tuner,? none/Japanese Street,,,6.5,4.7,5.0,7.5,,,355,310,3199,9.01,59,,T,Inline,4,F,FWD,,,,,,,no,Asia,Japan,Eclipse,,2,L,4,,,5.500,11.700,,174.9,106.2,280.7,1.10,1.16,6.200,12242,,,15-Jun-15,FM6,FH2,,,,,,DLC,DLC,,,,,,,2,XBO,0
FALSE,1995 Mitsubishi Eclipse GSX,Mit. Eclipse '95,327,1995,Mitsubishi,Eclipse GSX,Buy Cars Base,,,,Common,,,"52,000",Factory,Early Sport Compact,352,D,3.4,1.6,2.0,2.0,,,210,214,3200,15.24,59,1997,T,Inline,4,F,AWD,,215,Both,,"350, 375, 475, 630",none,eng,Asia,Japan,Mitsubishi Eclipse,,2,L,4,,IMC,7.000,19.000,15.382,158.4,146.6,380.0,0.86,0.87,12.000,11130,05-Oct-23,05-Nov-21,03-May-05,FM,FM1,FM,FH5,cu,FM7,DLC,FM6,,FM5,,FM4,FM3,FM2,FM1,11,XBO,1
FALSE,1995 Mitsubishi Lancer Evolution III GSR,Mit. Evo III '95,3886,1995,Mitsubishi,Lancer Evolution III GSR,Buy Cars Base,FM Update 10,,,,,,"80,000",Factory,Early Sport Compact,449,C,3.1,1.8,2.0,3.0,,,267,228,2778,10.40,59,1997,T,Inline,4,F,AWD,205/R15,205/R15,,Rally Hood,"350, 375, 394I, 475, 565",none,,Asia,Japan,Mitsubishi Lancer,,4,R,4,,,4.900,13.320,13.000,158.8,111.1,286.2,1.05,1.03,8.420,,31-Jul-24,12-Sep-24,31-Jul-24,FM,FH5,S,cu,,,,,,,,,,,,2,XBO,1
FALSE,1992 Mitsubishi Galant VR-4,Mit. Galant '92,1381,1992,Mitsubishi,Galant VR-4,Buy Cars Base,,,,Rare,,,"51,000",Factory,Early Sport Compact,341,D,2.2,1.4,1.5,2.2,,,237,224,3269,13.79,58,1997,T,Inline,4,F,AWD,,195,Both,,"350, 375, 394I, 475",none,eng,Asia,Japan,,,2,R,4,,RPC,6.000,17.019,13.717,148.0,147.0,380.9,0.83,0.84,11.019,11893,05-Oct-23,16-Feb-23,01-May-12,FM,FM4,FM,cu,cu,FM7,FH3,FM6,DLC,,,DLC,,,,8,XBO,1
FALSE,1992 Mitsubishi Galant VR-4 Traffic,,,1992,Mitsubishi,Galant VR-4 Traffic,Autoshow,,,,,,,,Traffic,,,,,,,,,,,,,,,,,,,,,,,,,,,,,,,,,,,,,,,,,,,,,,13209,,,04-Nov-21,FH5,FH5,,HP,,,,,,,,,,,,1,XBO,0
FALSE,1988 Mitsubishi Starion ESI-R,Starion ESI-R,1297,1988,Mitsubishi,Starion ESI-R,"Autoshow, WS",,,,Rare,,,"20,000",Factory,Retro Sports Cars,549,C,5.2,2.9,5.0,4.2,3.5,5.3,188,234,3087,16.42,53,2555,T,Inline,4,F,RWD,,255,Both,Forza,"280, 415, 300, 805, 850",none,eng,Asia,Japan,,,2,L,4,,,8.300,20.000,16.200,142.1,152.3,384.1,0.87,0.88,11.700,11801,,05-Nov-21,14-Oct-11,FH5,FM4,,FH5,cu,FM7,,,,,,FM4,,,,4,XBO,0
FALSE,2018 Morgan Aero GT,Morgan Aero GT,3094,2018,Morgan,Aero GT,DLC store,,,,Rare,,,"160,000",Factory,Track Toys,811,S1,7.2,7.9,7.9,7.1,8.7,,362,361,2692,7.44,52,4799,NA,V,8,F,RWD,,245,Yes,Forza,"510, 602, 750","TT, PDS",stock,Europe,U.K.,,Yes,2,R,4,,,4.100,9.517,,184.0,133.7,320.1,1.14,1.25,5.417,13057,,14-Dec-23,27-Dec-18,FH5,FH4,,cu,DLC,,,,,,,,,,,2,XBO,0
FALSE,2014 Morgan 3 Wheeler,Morgan 3 Wheeler,2562,2014,Morgan,3 Wheeler,"Autoshow, WS",,,,Common,,,"50,000",Factory,Cult Cars,488,D,4.0,2.9,3.2,3.3,3.2,4.2,82,103,1200,14.63,61,1983,NA,V,2,F,RWD,,155,no,Forza,"321, 300",none,stock,Europe,U.K.,,Yes,2,L,3,,"MM, OR, OT, ?DvG, SS",5.789,20.220,,113.5,175.3,422.0,0.77,0.77,14.431,12640,,05-Nov-21,06-Dec-16,FH5,FH3,,FH5,FH4,,DLC,,,,,,,,,3,XBO,0
FALSE,2010 Morgan Aero SuperSports,Morgan Aero,,2010,Morgan,Aero SuperSports,,,,,Epic,,,"160,000",Factory,Modern Sports Cars,766,A,7.1,6.3,6.3,6.6,8.3,,362,361,2740,7.57,50,4799,NA,V,8,F,RWD,,245,Yes,Forza,"510, 602","TT, PDS",stock,Europe,U.K.,,Yes,2,L,4,,OR,4.214,9.700,,179.7,162.5,384.4,0.91,0.91,5.486,11646,,,08-Jun-10,FH4,FM3,,,FH4,,,,,,,FM4,DLC,,,3,XBO,0
FALSE,1965 Morris Mini-Traveller,Morris Traveller,3142,1965,Morris,Mini-Traveller,Seasonal,Series 14 cu,,,Common,,,"250,000",Factory,Vans & Utility,100,D,2.4,2.0,3.5,1.5,2.0,5.0,34,44,1486,43.71,58,848,NA,Inline,4,F,FWD,,145,Both,Rally lights,"212, 300","T, PDS",stock,Europe,U.K.,,,3,R,4,,,29.340,999.999,,68.7,187.1,F,0.75,0.74,970.659,13094,,17-Nov-22,07-May-19,FH5,FH4,,cu,cu,,,,,,,,,,,2,XBO,0
FALSE,1953 Morris Minor 1000,Morris Minor,2911,1953,Morris,Minor 1000,"Autoshow, WS",,,,Common,,,"20,000",Factory,Cult Cars,100,D,2.7,1.9,4.0,1.6,2.1,5.6,37,48,1764,47.68,52,948,NA,Inline,4,F,RWD,,155,no,Forza,"196, 300","T, PDS",stock,Europe,U.K.,,,2,R,4,,RPC,31.300,999.999,,78.1,192.4,na,0.73,0.73,968.699,13003,,05-Nov-21,28-Sep-18,FH5,FH4,,FH5,FH4,,,,,,,,,,,2,XBO,0
FALSE,1953 Morris Minor 1000 Forza Edition,Morris Minor FE,2964,1953,Morris,Minor 1000 Forza Edition,"WS, Seasonal",,,,FE,Credits,,"500,000",Upgraded,Track Toys,800,A,4.9,6.4,6.4,5.9,6.3,2.9,308,311,1433,4.65,50,3530,NA,,,F,RWD,,285,no,none,none,"TT, PDS",stock,Europe,U.K.,,,2,R,4,,RPC,31.183,7.833,,137.5,116.5,269.6,1.11,1.29,-23.350,13245,,05-Nov-21,05-Nov-21,FH5,FH5,,FH5,,,,,,,,,,,,1,XBO,0
FALSE,1953 Morris Minor Series II Traveler,Morris Traveler,3116,1953,Morris,Minor Series II Traveler,Seasonal,Series 14 cu,,,Common,,,"250,000",Factory,Vans & Utility,100,D,2.2,2.0,3.8,1.2,2.0,6.4,29,40,1757,60.59,52,803,NA,Inline,4,F,RWD,,155,Both,Forza,"196, 300","T, PDS",stock,Europe,U.K.,,,3,R,4,,RPC,52.529,999.999,,61.5,193.6,F,0.73,0.72,947.470,13051,,01-Dec-22,13-Dec-18,FH5,FH4,,cu,DLC,,,,,,,,,,,2,XBO,0
FALSE,2010 Mosler MT900S,Mosler MT900S,1253,2010,Mosler,MT900S,"Autoshow, WS",,,,Epic,,,"320,000",Factory,Extreme Track Toys,919,S2,8.2,8.4,9.8,7.4,8.1,4.7,530,515,2480,4.68,40,7011,NA,V,8,M,RWD,,335,Both,Adjustable,"640, 700V, 750, 850","TT, PDS",stock,N. America,U.S.,,,2,L,4,,,3.490,6.739,,223.1,93.7,213.5,1.37,1.74,3.249,11632,,05-Nov-21,10-May-10,FH5,FM3,,FH5,cu,,,,,,,FM4,DLC,,,4,XBO,0
FALSE,2006 Mosler MT900 GT3,Mosler MT900 GT3,3495,2006,Mosler,MT900 GT3,DLC Autoshow,FH5 Hot Wheels,Expansion,,Rare,,,"500,000",Race,Extreme Track Toys,910,S2,6.8,9.9,9.8,6.0,5.1,4.3,520,504,2811,5.41,43,7008,NA,V,8,M,RWD,,310,Both,Adjustable,"640, 700V, 750, 850",none,stock,N. America,U.S.,,,2,L,4,,,3.100,6.185,,184.5,73.3,167.6,1.74,2.18,3.085,13320,,19-Jul-22,19-Jul-22,FH5,FH5,,DLC,,,,,,,,,,,,1,XBO,0
FALSE,1933 Napier Napier-Railton,Napier-Railton,2989,1933,Napier,Napier-Railton,"Autoshow, WS",,,,Legendary,,,"1,500,000",Factory,Vintage Racers,603,B,6.5,3.1,4.1,3.7,3.6,4.4,564,1249,4518,8.01,54,23970,NA,W,12,F,RWD,,180,no,none,none,none,stock,Europe,U.K.,,,1,C,4,,Heavy,7.482,15.500,,178.8,349.3,909.1,0.79,0.81,8.018,13133,,05-Nov-21,09-Mar-20,FH5,FH4,,FH5,cu,,,,,,,,,,,2,XBO,0
FALSE,2016 NIO EP9,NIO EP9 '16,3366,2016,NIO,EP9,Buy Cars Base,,,,Legendary,,,"438,000",Factory,Modern Hypercars,961,P,5.5,9.4,8.9,5.2,,,1341,1091,3858,2.88,49,0,E,E,E,M,AWD,295,295,Both,Forza,"250, 375, 415, 565, 630, 690, 788",none,E,Asia,China,,,2,L,4,,,2.700,5.615,10.100,196.7,81.5,191.9,1.52,2.20,2.915,13272,05-Oct-23,03-Feb-22,03-Feb-22,FM,FH5,FM,cu,,,,,,,,,,,,2,XBO,1
FALSE,2024 Nissan Z NISMO,Z NISMO '24,3921,2024,Nissan,Z NISMO,Reward,FM Update 20,BC Open Class Tour,,,,,"93,000",Factory,Modern Sport Coupe,588,B,5.8,3.0,3.2,3.5,,,420,384,3704,8.82,57,3000,TT,V,6,F,RWD,255/R19,285/R19,,WB,"250, 375, 415, 565, 630, 690, 788",none,,Asia,Japan,,,2,L,4,,,4.083,9.600,12.600,196.3,107.9,271.1,1.17,1.18,5.517,,07-May-25,05-Dec-24,05-Dec-24,FM,FH5,R,cu,,,,,,,,,,,,2,XBO,1
FALSE,2023 Nissan Z,Nissan Z '23,3620,2023,Nissan,Z,Buy Cars Base,,,,Rare,,,"83,000",Factory,Modern Sport Coupe,546,B,5.8,2.6,2.9,3.5,,,400,350,3536,8.84,56,2997,TT,V,6,F,RWD,,295,Both,,"250, 375, 415, 565, 630, 690, 788",none,eng,Asia,Japan,Nissan Fairlady Z,,2,L,4,,,4.486,10.583,,191.3,137.3,329.8,0.98,1.04,6.097,13335,05-Oct-23,02-Feb-23,02-Feb-23,FM,FH5,FM,cu,,,,,,,,,,,,2,XBO,1
FALSE,2020 Nissan GT-R NISMO (R35),Nissan GT-R N 20,3622,2020,Nissan,GT-R NISMO (R35),Buy Cars Base,,,,Epic,,,"206,000",Factory,Modern Sport GT,722,S,6.6,3.5,3.3,5.6,,,600,481,3867,6.45,54,3799,TT,V,6,F,AWD,,285,Both,,"562, 603, 630",none,no,Asia,Japan,Nissan Skyline,,2,L,4,,,2.685,6.683,,209.2,85.1,209.4,1.19,1.28,3.998,13282,05-Oct-23,24-Mar-22,24-Mar-22,FM,FH5,FM,cu,,,,,,,,,,,,2,XBO,1
FALSE,2019 Nissan 370Z Nismo,Nissan 370Z N 19,3307,2019,Nissan,370Z Nismo,Buy Cars Base,,,,Rare,,,"78,000",Factory,Modern Sport Coupe,525,B,4.7,2.8,3.0,3.1,,,350,276,3389,9.68,54,3696,NA,V,6,F,RWD,,285,Both,,"250, 350, 375, 415, 565, 630, 690, 788","TT, PDS, CS",stock,Asia,Japan,Nissan Fairlady Z,,2,L,4,,,4.916,12.000,,179.2,137.5,328.1,0.99,1.04,7.084,13303,05-Oct-23,07-Jul-22,07-Jul-22,FM,FH5,FM,DLC,,,,,,,,,,,,2,XBO,1
FALSE,2018 Nissan Sentra NISMO,Nissan Sentra 18,2874,2018,Nissan,Sentra NISMO,Buy Cars Base,,,,Rare,,,"33,000",Factory,Modern Sport Compact,336,D,1.1,1.9,2.0,2.2,,,188,177,3037,16.15,61,1618,T,Inline,4,F,FWD,,215,Both,,"212, 250, 350, 375, 394I, 475",none,eng,Asia,Japan,,,4,L,4,,RPC,7.017,17.517,,135.4,137.8,346.3,0.91,0.94,10.500,13021,05-Oct-23,06-Oct-22,04-Oct-18,FM,FH4,FM,cu,DLC,,,,,,,,,,,3,XBO,1
FALSE,2017 Nissan #78 Nissan Motorsport Altima,#78 Nissan Altima,,2017,Nissan,#78 Nissan Motorsport Altima,,,,,,,,,Livery,Supercars Championship,785,S,6.9,6.5,6.5,8.6,,,668,485,3109,4.65,53,5000,NA,V,8,F,RWD,,,,,,,stock,Asia,Japan,,,4,R,4,,,3.300,6.500,11.600,186.6,126.3,292.1,1.36,1.50,3.200,12821,,,29-Sep-17,FM7,FM7,,,,FM7,,,,,,,,,,1,XBO,0
FALSE,2017 Nissan Altima Racecar,Nissan Altima R,2797,2017,Nissan,Altima Racecar,Buy Cars Base,,,,,,,"295,000",Race,Forza AUS,783,S,4.9,5.6,5.6,5.7,,,668,485,3109,4.65,53,5000,NA,V,8,F,RWD,280/R18,280/R18,,Adustable,none,none,stock,Asia,Japan,,,4,R,4,,,,,,,90.7,,1.37,1.51,.000,12820,05-Oct-23,,29-Sep-17,FM,FM7,FM,,,FM7,,,,,,,,,,2,XBO,1
FALSE,2017 Nissan GT-R (R35),Nissan GT-R '17,2618,2017,Nissan,GT-R (R35),Buy Cars Base,,,,Rare,,,"126,000",Factory,Modern Sport GT,702,S,6.5,3.3,3.2,5.5,,,565,467,3933,6.96,54,3799,TT,V,6,F,AWD,,285,Both,,"302, 565, 630, 690, 788",none,no,Asia,Japan,Nissan Skyline,,2,L,4,,MvT,2.735,6.850,11.150,208.9,106.9,270.5,1.07,1.13,4.115,12607,05-Oct-23,05-Nov-21,23-Sep-16,FM,FH3,FM,FH5,FH4,FM7,FH3,,,,,,,,,5,XBO,1
FALSE,2017 Nissan GT-R Preorder Car,Nissan GT-R PO,,2017,Nissan,GT-R Preorder Car,DLC promo,,,,Epic,,,"132,000",Upgraded,Modern Super Cars,900,S1,7.9,9.0,8.5,10.0,10.0,,565,467,2866,5.07,54,3799,TT,V,6,F,AWD,,285,no,Forza,750,none,no,Asia,Japan,Skyline,,2,L,4,,,2.750,6.869,,209.1,108.9,271.8,1.21,1.35,4.119,13004,,,28-Sep-18,FH4,FH4,,,DLC,,,,,,,,,,,1,XBO,0
FALSE,2016 Nissan Titan Warrior Concept,Nissan TITAN,2662,2016,Nissan,Titan Warrior Concept,"Autoshow, WS",,,,Common,,,"50,000",Factory,Pickups & 4x4s,486,D,4.7,3.2,3.6,3.2,3.6,8.9,310,555,6986,22.54,57,4998,T,V,8,F,AWD,,325,no,Truck bed,"415, 475d, 327, 640, 805, 550, 552, 700V, 850, 1750",none,eng,Asia,Japan,,,4,L,4,,"DvG, HH",9.200,28.200,17.000,130.7,144.5,364.7,0.84,0.83,19.000,12646,,05-Nov-21,13-Dec-16,FH5,FH3,,FH5,FH4,FM7,DLC,,,,,,,,,4,XBO,0
FALSE,2016 Nissan Titan Warrior Concept Forza Edition,Nissan Titan FE,,2016,Nissan,Titan Warrior Concept Forza Edition,DLC Exclusive,,,,FE,Destruction,,"300,000",Upgraded,Extreme Offroad,583,C,5.6,5.8,6.2,5.2,7.2,,310,555,6986,22.54,57,4998,T,V,8,F,AWD,,325,325,Preset FE Offroad Bed,"415, 640, 700",none,eng,Asia,Japan,,,4,L,4,,"DvG, HH",9.180,28.200,,131.8,316.8,603.7,0.82,0.81,19.020,13006,,,28-Sep-18,FH4,FH4,,,DLC,,,,,,,,,,,1,XBO,0
FALSE,2015 Nissan #23 GT-R LM NISMO,Nissan #23 GTRLM,2368,2015,Nissan,#23 GT-R LM NISMO,Buy Cars Base,,,,,,,"378,000",Race,Forza P1,978,P,6.6,10.0,10.0,7.6,,,768,889,2138,2.78,65,3000,TT,V,6,F,FWD,,335,,,none,none,no,Asia,Japan,,,2,C,4,,,3.000,5.015,10.233,210.4,98.9,212.0,1.60,2.21,2.015,12413,05-Oct-23,,03-Nov-15,FM,FM6,FM,,,FM7,,cu,,,,,,,,3,XBO,1
FALSE,2015 Nissan #23 NISMO MOTUL AUTECH GT-R,#23 NISMO GT-R,,2015,Nissan,#23 NISMO MOTUL AUTECH GT-R,,,,,,,,,Race,Forza GT,978,P,7.9,8.3,8.3,9.1,7.2,,550,398,2249,4.09,50,1998,T,Inline,4,F,RWD,,310,,,none,none,no,Asia,Japan,Skyline,,2,L,4,,,3.900,5.015,10.500,210.4,99.3,212.4,1.60,2.21,1.115,12424,,,05-Jan-16,FM7,FM6,,,,FM7,DLC,DLC,,,,,,,,3,XBO,0
FALSE,2015 Nissan #23 Nissan Motorsport Altima,#23 Altima,,2015,Nissan,#23 Nissan Motorsport Altima,,,,,,,,,Race,Supercars Championship,,,6.4,6.5,6.5,8.6,,,668,485,3109,4.65,53,,NA,V,8,F,RWD,,,,,,,stock,Asia,Japan,,,4,R,4,,,3.300,6.500,,174.9,105.4,258.0,1.36,1.50,3.200,12387,,,15-Sep-15,FM6,FM6,,,,,,FM6,,,,,,,,1,XBO,0
FALSE,2015 Nissan IDx NISMO,Nissan IDx NISMO,,2015,Nissan,IDx NISMO,,,,,,,,,Factory,Sport Compact,397,D,5.4,4.7,4.9,6.4,,,215,210,2866,13.33,54,,T,Inline,4,F,RWD,,225,,,"276, 375, 562",none,eng,Asia,Japan,,,2,R,4,,,6.000,16.000,14.700,145.8,132.3,333.9,1.13,1.09,10.000,12201,,,06-Jan-15,FM7,FH2,,,,FM7,,FM6,DLC,,,,,,,3,XBO,0
FALSE,2014 Nissan Juke Nismo RS,Nissan Juke,,2014,Nissan,Juke Nismo RS,,,,,,,,,Factory,Modern SUV,370,D,5.3,6.4,4.5,6.7,,,215,210,2884,13.41,62,,T,Inline,4,F,FWD,,225,,,"276. 332, 690",none,eng,Asia,Japan,,,5,L,4,,,6.900,16.740,14.533,142.8,142.7,324.4,1.06,1.03,9.840,12249,,,07-Jul-15,FM7,FH2,,,,FM7,,FM6,DLC,,,,,,,3,XBO,0
FALSE,2014 Nissan Juke Pringles Edition,,,2014,Nissan,Juke Pringles Edition,DLC promo,,,,,,,,Livery,Hot Hatch,,,,,,,,,214,210,2884,13.48,,,,,,F,FWD,,,,,"1.6L Turbo Rally, 3.8L GT-R",,,Asia,Japan,,,5,L,4,,,,,,,,,,,,12227,,,05-May-15,FH2,FH2,,,,,,,DLC,,,,,,,1,XBO,0
FALSE,2012 Nissan GT-R Black Edition (R35),Nissan GT-R '12,2002,2012,Nissan,GT-R Black Edition (R35),"Autoshow, WS",,Accolade,,Rare,,,"105,000",Factory,Modern Supercars,810,S1,7.6,5.3,6.7,8.5,8.1,5.0,542,466,3829,7.06,55,3799,TT,V,6,F,AWD,,285,Both,Preset / WB,"542(3.8L), none",none,no,Asia,Japan,Skyline,,2,R,4,,TC,2.800,7.000,10.457,212.1,106.5,269.9,1.07,1.13,4.200,11986,,05-Nov-21,23-Oct-12,FH5,FH1,,FH5,FH4,FM7,FH3,FM6,FH2,FM5,FH1,,,,,8,XBO,0
FALSE,2012 Nissan GT-R Black Edition Forza Edition,Nissan GT-R FE,,2012,Nissan,GT-R Black Edition Forza Edition,DLC store,,,,,,,,Upgraded,Sport GT,772,S,7.8,5.7,5.8,8.6,,,637,549,3759,5.90,55,,TT,V,6,F,AWD,,,,,,,no,Asia,Japan,Skyline,,2,R,4,,,2.800,7.000,,210.7,126.1,306.1,1.29,1.31,4.200,12822,,,29-Sep-17,FM7,FM7,,,,FE,,,,,,,,,,1,XBO,0
FALSE,2012 Nissan GT-R Black Edition Horizon Edition,,,2012,Nissan,GT-R Black Edition Horizon Edition,,,,,,,,,Upgraded,Modern Super Cars,882,S1,7.8,9.2,7.7,8.5,10.0,,542,466,3887,7.17,55,3799,TT,V,6,F,AWD,,S1,,,,,no,Asia,Japan,,,2,R,4,,TC,,,,,,,,,.000,12608,,,23-Sep-16,FH3,FH3,,,,,HE,,,,,,,,,1,XBO,0
FALSE,2011 Nissan Leaf,,,2011,Nissan,Leaf,,,,,,,,,Factory,Hatch,125,F,,,,,,,107,207,3360,31.40,,,,,E,F,FWD,,,,,,,,Asia,Japan,,,5,L,4,,,9.400,,,99.6,,,,,,11803,,,14-Oct-11,FM4,FM4,,,,,,,,,,FM4,,,,1,360,0
FALSE,2011 Nissan Micra,,,2011,Nissan,Micra,,,,,,,,,Factory,City,121,F,,,,,,,79,81,2138,27.06,,,,,3,F,FWD,,,,,,,,Asia,Japan,,,5,L,4,,,13.200,,,103.4,,,,,,11804,,,14-Oct-11,FM4,FM4,,,,,,,,,,FM4,,,,1,360,0
FALSE,2010 Nissan #12 Calsonic Impul GT-R,,,2010,Nissan,#12 Calsonic Impul GT-R,,,,,,,,,Livery,SGT500,859,R2,,,,,,,500,376,2425,4.85,,,,,8,F,RWD,,,,,,,,Asia,Japan,,,2,L,4,,,3.500,,,186.3,,,,,,11549,,,27-Oct-09,FM4,FM3,,,,,,,,,,FM4,FM3,,,2,360,0
FALSE,2010 Nissan 370Z,Nissan 370Z,1103,2010,Nissan,370Z,"Autoshow, WS",,,,Common,,,"40,000",Factory,Modern Sports Cars,688,B,6.6,3.9,5.7,4.8,4.6,4.8,332,270,3267,9.84,53,3696,NA,V,6,F,RWD,,275,Both,Aftermarket,"415, 327, 805","TT, PDS, CS",stock,Asia,Japan,Fairlady,,2,L,4,,,5.084,12.781,13.700,180.1,142.8,347.3,0.96,0.99,7.697,11554,,05-Nov-21,27-Oct-09,FH5,FM3,,FH5,FH4,FM7,FH3,FM6,FH2,FM5,DLC,FM4,FM3,,,10,XBO,0
FALSE,2010 Nissan G-Shock 370Z,,,2010,Nissan,G-Shock 370Z,DLC promo,,,,,,,,Livery,Sports Cars,712,A,,,,,,,,,,#DIV/0!,,,,,,,,,,,,,,,Asia,Japan,,,2,L,4,,,,,,,,,,,,12183,,,07-Oct-14,FH2,FH2,,,,,,,DLC,,,,,,,1,XBO,0
FALSE,2010 Nissan GT-R SPECV,,,2010,Nissan,GT-R SPECV,,,,,,,,,Factory,Super,663,S,,,,,,,479,433,3704,7.73,,,,,6,F,AWD,,,,,,,,Asia,Japan,,,2,R,4,,,3.200,,,212.5,,,,,,11597,,,08-Dec-09,FM4,FM3,,,,,,,,,,FM4,DLC,,,2,360,0
FALSE,2010 Nissan Tsuru,Nissan Tsuru '10,3810,2010,Nissan,Tsuru,Exclusive,Series 26 cu,,,,,,,Factory,Retro Saloons,,,,,,,,,,,,,,,,,,,,,,,,,,,Asia,Japan,,,4,L,4,,,,,,,,,,,,13425,,12-Oct-23,12-Oct-23,FH5,FH5,,cu,,,,,,,,,,,,1,XBO,0
FALSE,2009 Nissan Versa SL,,,2009,Nissan,Versa SL,,,,,,,,,Factory,Economy,209,E,,,,,,,122,127,2718,22.28,,,,,4,F,FWD,,,,,,,,Asia,Japan,,,5,L,4,,,9.500,,,127.2,,,,,,11557,,,27-Oct-09,FM4,FM3,,,,,,,,,,FM4,FM3,,,2,360,0
FALSE,2008 Nissan #23 Xanavi Nismo GT-R,,,2008,Nissan,#23 Xanavi Nismo GT-R,,,,,,,,,Livery,SGT500,859,R2,,,,,,,500,376,2425,4.85,,,,,8,F,RWD,,,,,,,,Asia,Japan,,,2,R,4,,,3.500,,,186.3,,,,,,11551,,,27-Oct-09,FM4,FM3,,,,,,,,,,FM4,FM3,,,2,360,0
FALSE,2008 Nissan #24 Woodone Advan Clarion GT-R,,,2008,Nissan,#24 Woodone Advan Clarion GT-R,,,,,,,,,Livery,SGT500,859,R2,,,,,,,500,376,2425,4.85,,,,,8,F,RWD,,,,,,,,Asia,Japan,,,2,R,4,,,3.500,,,186.3,,,,,,11552,,,27-Oct-09,FM4,FM3,,,,,,,,,,FM4,FM3,,,2,360,0
FALSE,2008 Nissan #3 YellowHat YMS Tomica GT-R,,,2008,Nissan,#3 YellowHat YMS Tomica GT-R,,,,,,,,,Race,SGT500,859,R2,,,,,,,500,376,2425,4.85,,,,,8,F,RWD,,,,,,,,Asia,Japan,,,2,R,4,,,3.500,,,186.3,,,,,,11553,,,27-Oct-09,FM4,FM3,,,,,,,,,,FM4,FM3,,,2,360,0
FALSE,2007 Nissan 350Z Grand Touring Coupe,,,2007,Nissan,350Z Grand Touring Coupe,DLC promo,,,,,,,,Factory,,519,C,,,,,,,,,,#DIV/0!,,,,,,,,,,,,,,,Asia,Japan,,,,,4,,,,,,,,,,,.000,11379,,,01-Aug-07,FM2,FM2,,,,,,,,,,,,DLC,,1,360,0
FALSE,2007 Nissan Altima 3.5 SE,,,2007,Nissan,Altima 3.5 SE,DLC promo,,,,,,,,Factory,,387,D,,,,,,,,,,#DIV/0!,,,,,,F,FWD,,,,,,,,Asia,Japan,,,4,L,4,,,,,,,,,,,.000,11147,,,03-May-05,FM2,FM1,,,,,,,,,,,,DLC,FM1,2,360,0
FALSE,2007 Nissan Sentra SE-R Spec V,,,2007,Nissan,Sentra SE-R Spec V,DLC promo,,,,,,,,Factory,Sedan,336,D,,,,,,,200,180,3078,15.39,,,,,4,F,FWD,,,,,,,,Asia,Japan,,,4,L,4,,,6.600,,,144.1,,,,,,11380,,,01-Aug-07,FM4,FM2,,,,,,,,,,FM4,FM3,DLC,,3,360,0
FALSE,2005 Nissan #46 Dream Cube's ADVAN Z,,,2005,Nissan,#46 Dream Cube's ADVAN Z,,,,,,,,,Race,SGT300,736,R3,,,,,,,350,289,2524,7.21,,,,,6,F,RWD,,,,,,,,Asia,Japan,,,2,L,4,,,3.600,,,171.4,,,,,,11318,,,29-May-07,FM4,FM2,,,,,,,,,,FM4,FM3,FM2,,3,360,0
FALSE,2004 Nissan Donut Media 350Z 'Low Car',350Z Low Car,3743,2004,Nissan,Donut Media 350Z 'Low Car',Accolade,Series 22 cu,Story,,Legendary,,,"250,000",Tuner,Track Toys,733,A,6.1,4.8,6.1,5.6,3.7,5.3,303,261,3510,11.58,52,3498,T,V,6,F,RWD,,265,none,"Preset, Hood",392,none,eng,N. America,U.S.,,,2,L,4,,,5.780,13.680,,167.5,121.8,287.4,1.16,1.22,7.900,13369,,22-Jun-23,22-Jun-23,FH5,FH5,,cu,,,,,,,,,,,,1,XBO,0
FALSE,2004 Nissan Pickup #23 Rally Raid,#23 Nissan RR,2744,2004,Nissan,Pickup #23 Rally Raid,"Autoshow, WS",,,,Epic,,,"500,000",Race,Unlimited Offroad,577,C,4.4,4.8,5.5,3.1,4.5,9.9,268,265,4740,17.69,51,3498,NA,V,6,F,AWD,,280,no,Bars,"415, 327, 300, 542(3.8L), 805, 550, 552, 850","T, TT, PDS, CS",stock,Asia,Japan,,,2,L,4,,,6.300,21.600,,122.0,128.6,325.5,0.87,0.87,15.300,13247,,05-Nov-21,05-Nov-21,FH5,FH5,,FH5,,,,,,,,,,,,1,XBO,0
FALSE,2003 Nissan #12 Calsonic Skyline,,,2003,Nissan,#12 Calsonic Skyline,,,,,,,,,Race,SGT500,858,R2,,,,,,,495,540,2535,5.12,,,,,6,F,RWD,,,,,,,,Asia,Japan,,,2,R,4,,,3.500,,,184.0,,,,,,11139,,,03-May-05,FM4,FM1,,,,,,,,,,FM4,FM3,FM2,FM1,4,360,0
FALSE,2003 Nissan #23 Xanavi Nismo GT-R,,,2003,Nissan,#23 Xanavi Nismo GT-R,,,,,,,,,Race,SGT500,825,R2,,,,,,,500,,2535,5.07,,,,,6,F,RWD,,,,,,,,Asia,Japan,,,2,R,4,,,,,,,,,,,,11140,,,03-May-05,FM3,FM1,,,,,,,,,,,FM3,FM2,FM1,3,360,0
FALSE,2003 Nissan #3 Hasemisport Endless Z,,,2003,Nissan,#3 Hasemisport Endless Z,,,,,,,,,Livery,SGT300,736,R3,,,,,,,350,289,2524,7.21,,,,,6,F,RWD,,,,,,,,Asia,Japan,,,2,,4,,,3.600,,,171.4,,,,,,11141,,,03-May-05,FM4,FM1,,,,,,,,,,FM4,FM3,FM2,FM1,4,360,0
FALSE,2003 Nissan 350Z Track,,,2003,Nissan,350Z Track,,,,,,,,,Factory,,,B4,,,,,,,,,,#DIV/0!,,,,,,F,RWD,,,,,,,,Asia,Japan,,,2,L,4,,,,,,,,,,,.000,11146,,,03-May-05,FM1,FM1,,,,,,,,,,,,,FM1,1,360,0
FALSE,2003 Nissan Donut Media 350Z 'Hi Car',350Z Hi Car,3742,2003,Nissan,Donut Media 350Z 'Hi Car',Accolade,Series 22 cu,Story,,Legendary,,,"250,000",Tuner,Track Toys,792,A,6.6,5.7,6.5,5.8,5.6,4.7,373,384,3560,9.54,52,3498,TT,V,6,F,RWD,,275,no,Preset,430,none,eng,N. America,U.S.,,,2,L,4,,,4.383,10.681,,181.4,102.6,246.5,1.23,1.31,6.298,13370,,22-Jun-23,22-Jun-23,FH5,FH5,,cu,,,,,,,,,,,,1,XBO,0
FALSE,2003 Nissan Fairlady Z,Nissan Z '03,344,2003,Nissan,Fairlady Z,Buy Cars Base,,,,Common,,,"63,000",Factory,Early Sport Compact,424,C,4.1,2.2,2.3,2.5,,,287,273,3310,11.53,53,3498,NA,V,6,F,RWD,,245,Both,,"250, 375, 415, 565, 630, 690, 788","T, TT, PDS, CS",stock,Asia,Japan,Nissan Fairlady Z,,2,R,4,,"FF, MvT",5.783,14.481,14.400,176.0,144.7,361.2,0.93,0.95,8.698,11148,05-Oct-23,05-Nov-21,03-May-05,FM,FM1,FM,FH5,FH4,FM7,FH3,FM6,,FM5,,FM4,FM3,FM2,FM1,11,XBO,1
FALSE,2003 Nissan Fairlady Z Forza Edition,Fairlady Z FE,2951,2003,Nissan,Fairlady Z Forza Edition,"WS, Seasonal",,,,FE,Event XP,,"500,000",Upgraded,Unlimited Offroad,800,A,5.0,6.4,3.0,5.4,5.5,8.3,542,466,2756,5.08,53,3800,TT,V,6,F,RWD,,265,no,Preset / WB,none,none,stock,Asia,Japan,Fairlady,,2,R,4,,"FF, MvT",5.569,14.112,,136.0,111.6,269.0,0.96,1.01,8.543,13246,,05-Nov-21,05-Nov-21,FH5,FH5,,FH5,,,,,,,,,,,,1,XBO,0
FALSE,2003 Nissan Forza Motorsport Fairlady Z,,,2003,Nissan,Forza Motorsport Fairlady Z,DLC promo,,,,,,,,Upgraded,Coupe,645,S,,,,,,,,,,#DIV/0!,,,,,,F,RWD,,,,,,,,Asia,Japan,,,2,,4,,,,,,,,,,,,11321,,,29-May-07,FM3,FM2,,,,,,,,,,,DLC,DLC,,2,360,0
FALSE,2003 Nissan Skyline Coupe 350GT,,,2003,Nissan,Skyline Coupe 350GT,,,,,,,,,Factory,Sports,418,C,,,,,,,280,270,3417,12.20,,,,,6,F,RWD,,,,,,,,Asia,Japan,,,2,R,4,,,6.100,,,173.2,,,,,,11325,,,29-May-07,FM4,FM2,,,,,,,,,,FM4,FM3,FM2,,3,360,0
FALSE,2003 Nissan Skylne,,,2003,Nissan,Skylne,,,,,,,,,Factory,,,C2,,,,,,,,,,#DIV/0!,,,,,,F,RWD,,,,,,,,Asia,Japan,,,2,R,4,,,,,,,,,,,.000,11157,,,03-May-05,FM1,FM1,,,,,,,,,,,,,FM1,1,360,0
FALSE,2003 Nissan Team Forza Fairlady Z,Fairlady Z TF,,2003,Nissan,Team Forza Fairlady Z,DLC promo,,,,,,,,Upgraded,Japanese Street Kings,,,6.3,4.9,5.1,7.0,,,292,278,3310,11.34,53,,NA,V,6,F,RWD,,,,,,,stock,Asia,Japan,Fairlady,,2,R,4,,,5.800,14.100,,169.8,123.1,306.5,1.14,1.17,8.300,12174,,,30-Sep-14,FM6,FH2,,,,,,DLC,DLC,,,,,,,2,XBO,0
FALSE,2002 Nissan Fairlady Z F&F Edition,2002 Fairlady FF,,2002,Nissan,Fairlady Z F&F Edition,,,,,,,,,Tuner,? none/Japanese Street,,,7.3,5.0,5.2,8.3,,,486,490,3310,6.81,53,,TT,V,6,F,RWD,,,,,,,asp,Asia,Japan,Fairlady,,2,R,4,,,4.700,10.000,,194.9,121.0,299.1,1.16,1.19,5.300,12243,,,15-Jun-15,FM6,FH2,,,,,,DLC,DLC,,,,,,,2,XBO,0
FALSE,2002 Nissan MINE'S R34 Skyline GT-R,,,2002,Nissan,MINE'S R34 Skyline GT-R,,,,,,,,,Tuner,Sports,691,S,,,,,,,621,433,3197,5.15,,,,,6,F,AWD,,,,,,,,Asia,Japan,,,2,R,4,,,3.500,,,203.8,,,,,,11151,,,03-May-05,FM4,FM1,,,,,,,,,,Uni,FM3,FM2,FM1,4,360,0
FALSE,2002 Nissan Skyline GT-R V-Spec II,Nissan GT-R '02,445,2002,Nissan,Skyline GT-R V-Spec II,Buy Cars Base,,,,Rare,,27-Mar-2024,"88,000",Factory,Sport GT Icons,535,B,4.5,2.7,2.9,3.1,,,276,289,3417,12.38,57,2568,TT,Inline,6,F,AWD,,245,Both,,"250, 276, 415, 562, 565, 630, 690, 788",none,eng,Asia,Japan,Nissan Skyline,,2,R,4,,MvT,4.900,12.317,13.700,166.5,136.6,348.4,0.92,0.93,7.417,11155,05-Oct-23,05-Nov-21,03-May-05,FM,FM1,FM,FH5,FH4,FM7,FH3,FM6,FH2,FM5,FH1,FM4,FM3,FM2,FM1,13,XBO,1
FALSE,2002 Nissan Skyline GT-R V-Spec II Nur,,,2002,Nissan,Skyline GT-R V-Spec II Nur,,,,,,,,,Factory,,666,B,,,,,,,,,,#DIV/0!,,,,,,,,,,,,,,,Asia,Japan,,,2,R,4,,,,,,,,,,,.000,11156,,,03-May-05,FM2,FM1,,,,,,,,,,,,FM2,FM1,2,360,0
FALSE,2002 Nissan Tommy Kaira Skyline GT-R R34,,,2002,Nissan,Tommy Kaira Skyline GT-R R34,,,,,,,,,Tuner,,665,B,,,,,,,595,440,3154,5.30,57,,,,,F,AWD,,,,,,,,Asia,Japan,,,2,R,4,,,,,,,,,,,,11158,,,03-May-05,FM2,FM1,,,,,,,,,,,,FM2,FM1,2,360,0
FALSE,2000 Nissan Silvia Spec-R,Nissan Silvia 0,441,2000,Nissan,Silvia Spec-R,Buy Cars Base,,,,Common,,,"60,000",Factory,Early Sport Compact,399,D,3.3,1.9,2.2,2.6,,,250,203,2734,10.94,51,1998,T,Inline,4,F,RWD,,205,Both,,"250, 276, 350, 415, 565, 630, 690, 788",none,eng,Asia,Japan,Nissan Silvia,,2,R,4,,,5.500,14.200,,156.5,147.0,360.9,0.92,0.97,8.700,11153,05-Oct-23,05-Nov-21,03-May-05,FM,FM1,FM,FH5,FH4,FM7,FH3,FM6,FH2,FM5,FH1,FM4,FM3,FM2,FM1,13,XBO,1
FALSE,2000 Nissan Silvia Spec-R Forza Edition,,,2000,Nissan,Silvia Spec-R Forza Edition,,,,,,,,,Upgraded,Sport Compact Icons,497,C,6.0,5.1,5.3,7.0,,,265,215,2801,10.57,51,,T,Inline,4,F,RWD,,,,,,,eng,Asia,Japan,Silvia,,2,R,4,,,5.500,14.181,,156.8,132.3,329.6,1.18,1.18,8.681,12823,,,29-Sep-17,FM7,FM7,,,,FE,,,,,,,,,,1,XBO,0
FALSE,2000 Nissan Silvia Spec-R Horizon Edition,,,2000,Nissan,Silvia Spec-R Horizon Edition,,,,,,,,,Upgraded,Asian Sports Cars,742,A,6.0,7.6,7.3,7.0,7.8,,250,203,2734,10.94,51,1998,T,Inline,4,F,RWD,,,,,,,eng,Asia,Japan,,,2,R,4,,TC,,,,,,,,,.000,12609,,,23-Sep-16,FH3,FH3,,,,,HE,,,,,,,,,1,XBO,0
FALSE,2000 Nissan Top Secret D1-Spec S15,,,2000,Nissan,Top Secret D1-Spec S15,,,,,,,,,Tuner,Super,642,S,,,,,,,534,365,2557,4.79,,,,,4,F,RWD,,,,,,,,Asia,Japan,,,2,R,4,,,3.500,,,151.2,,,,,-3.500,11327,,,29-May-07,FM4,FM2,,,,,,,,,,Uni,FM3,FM2,,3,360,0
FALSE,1999 Nissan #23 NISMO Clarion R391,Nissan #23 R391,3497,1999,Nissan,#23 NISMO Clarion R391,Buy Cars DLC,FM Car Pass,Gift w/DLC,,,,,"365,000",Race,Early LMP,955,P,6.5,9.8,10.0,7.5,,,600,455,2133,3.56,42,5000,NA,V,8,M,RWD,/R17,/R18,,Adjustable,none,none,,Asia,Japan,,Yes,2,R,4,,,2.800,4.900,9.900,205.6,73.9,177.9,1.67,2.27,2.100,13428,19-Oct-23,,19-Oct-23,FM,FM,DLC,,,,,,,,,,,,,1,XBO,1
FALSE,1999 Nissan Skyline GT-R F&F Edition,1999 Skyline FF,,1999,Nissan,Skyline GT-R F&F Edition,,,,,,,,,Tuner,? none/Modern Sport,,,7.3,5.2,5.3,8.6,,,505,444,3439,6.81,57,,TT,Inline,6,F,AWD,,,,,,,no,Asia,Japan,Skyline,,2,R,4,,,3.400,7.780,,198.2,118.9,296.4,1.16,1.20,4.380,12244,,,15-Jun-15,FM6,FH2,,,,,,DLC,DLC,,,,,,,2,XBO,0
FALSE,1998 Nissan #23 Pennzoil NISMO Skyline GT-R,Nis. #23 GT-R,3363,1998,Nissan,#23 Pennzoil NISMO Skyline GT-R,Reward,FM Update 11,CC Invitational Retro GT; Road to Race Tour Challenge Hub,,,,,"304,000",Race,GTX Sportscars,811,R,4.0,7.0,7.2,5.7,,,493,520,2646,14.23,56,2700,TT,Inline,6,F,RWD,315/R18,330/R18,,Adjustable,none,none,,Asia,Japan,Nissan Skyline,,2,R,4,,,3.100,6.900,11.317,170.6,86.2,207.2,1.49,1.76,3.800,,12-Aug-24,,12-Aug-24,FM,FM,R,,,,,,,,,,,,,1,XBO,1
FALSE,1998 Nissan #32 Nissan R390 GT1,,,1998,Nissan,#32 Nissan R390 GT1,,,,,,,,,Race,GTS,859,R2,,,,,,,650,521,2205,3.39,,,,,8,M,RWD,,,,,,,,Asia,Japan,,,2,R,4,,,3.300,,,181.7,,,,,-3.300,11142,,,03-May-05,FM4,FM1,,,,,,,,,,FM4,FM3,FM2,FM1,4,360,0
FALSE,1998 Nissan 240SX SE,,,1998,Nissan,240SX SE,,,,,,,,,Factory,,,D4,,,,,,,,,,#DIV/0!,,,,,,F,RWD,,,,,,,,Asia,Japan,,,2,L,4,,,,,,,,,,,.000,11144,,,03-May-05,FM1,FM1,,,,,,,,,,,,,FM1,1,360,0
FALSE,1998 Nissan R390 (GT1),Nissan R390 '98,567,1998,Nissan,R390 (GT1),Buy Cars Base,,,,Legendary,,,"323,000",Factory,Exotic GT Classics,796,S,7.2,4.5,4.8,7.2,,,550,471,2264,4.12,42,3496,TT,V,8,M,RWD,245,295,Both,Forza,"333, 565, 630, 788",none,no,Asia,Japan,,,2,R,4,,"OR, CS, HHero",3.900,6.782,11.800,198.5,109.9,250.9,1.22,1.50,2.882,11322,05-Oct-23,05-Nov-21,29-May-07,FM,FM2,FM,FH5,FH4,FM7,FH3,FM6,,DLC,DLC,FM4,FM3,FM2,,11,XBO,1
FALSE,1998 Nissan Silvia K's Aero,Nissan Silvia 98,2659,1998,Nissan,Silvia K's Aero,Buy Cars Base,,,,Common,,,"57,000",Factory,Early Sport Compact,380,D,3.1,1.8,2.1,2.7,,,217,202,2789,12.85,54,1998,T,Inline,4,F,RWD,,205,Both,,"276, 350, 415, 565, 630, 690, 788",none,eng,Asia,Japan,Nissan Silvia,,2,R,4,,RPC,6.300,16.000,14.067,156.3,149.7,366.0,0.91,0.95,9.700,11152,05-Oct-23,05-Nov-21,03-May-05,FM,FM1,FM,FH5,FH4,FM7,DLC,,,,,,,,FM1,6,XBO,1
FALSE,1997 Nissan #23 Nissan Motorsports R390 GT1,,,1997,Nissan,#23 Nissan Motorsports R390 GT1,,,,,,,,,Livery,GTS,864,R2,,,,,,,650,,2205,3.39,,,,,8,M,RWD,,,,,,,,Asia,Japan,,,2,R,4,,,,,,,,,,,.000,11550,,,27-Oct-09,FM3,FM3,,,,,,,,,,,FM3,,,1,360,0
FALSE,1997 Nissan Skyline GT-R V-Spec,Nissan GT-R '97,1043,1997,Nissan,Skyline GT-R V-Spec,Buy Cars Base,,,,Rare,,,"81,000",Factory,Sport GT Icons,485,C,4.1,2.4,2.5,3.0,,,278,271,3393,12.21,56,2568,TT,Inline,6,F,AWD,,225,Both,,"250, 415, 562, 565, 630, 690, 788",none,eng,Asia,Japan,Nissan Skyline,,2,R,4,,MvT,4.900,12.900,14.000,167.0,135.1,343.2,0.91,0.95,8.000,11556,05-Oct-23,05-Nov-21,27-Oct-09,FM,FM3,FM,FH5,FH4,FM7,FH3,FM6,,FM5,,FM4,FM3,,,9,XBO,1
FALSE,1997 Nissan Stagea Four V,N. Stagea '97,"3,858",1997,Nissan,Stagea Four V,DLC,,,,,,,,Factory,,,,,,,,,,,,,,,,,,,,,,,,,,,,Asia,Japan,,,,,4,,,,,,,,,,,,,,,,FH5,FH5,,DLC,,,,,,,,,,,,1,XBO,0
FALSE,1995 Nissan NISMO GT-R LM,Nissan GT-R '95,2738,1995,Nissan,NISMO GT-R LM,"Autoshow, WS",,S4 World Cup,,Legendary,,,"1,100,000",Factory,Retro Sports Cars,658,B,5.9,4.0,6.6,4.5,3.0,4.0,300,275,3483,11.61,54,2568,TT,Inline,6,F,RWD,,265,Both,Forza,"321, 415, 805, 550, 552",T,eng,Asia,Japan,Skyline,,2,R,4,,MvT,5.600,13.900,13.850,162.4,139.5,345.7,0.97,1.00,8.300,12671,,05-Nov-21,07-Mar-17,FH5,FH3,,FH5,FH4,FM7,DLC,,,,,,,,,4,XBO,0
FALSE,1995 Nissan NISMO GT-R LM Forza Edition,GT-R LM FE,,1995,Nissan,NISMO GT-R LM Forza Edition,Exclusive,,,,FE,Event Influence,,"1,350,000",Upgraded,Extreme Track Toys,886,S1,7.3,10.0,10.0,7.8,9.2,,450,332,2535,5.63,54,2568,TT,Inline,6,F,RWD,,355,no,Forza,415,none,eng,Asia,Japan,Skyline,,2,R,4,,,5.600,13.900,,182.8,96.3,217.8,1.53,1.82,8.300,13005,,,28-Sep-18,FH4,FH4,,,FE,,,,,,,,,,,1,XBO,0
FALSE,1995 Nissan Skyline GT-R,,,1995,Nissan,Skyline GT-R,,,,,,,,,Factory,,,C2,,,,,,,,,,#DIV/0!,,,,,,F,AWD,,,,,,,,Asia,Japan,,,2,R,4,,,,,,,,,,,.000,11154,,,03-May-05,FM1,FM1,,,,,,,,,,,,,FM1,1,360,0
FALSE,1994 Nissan #75 Cunningham Racing 300ZX,#75 Nissan 300ZX,,1994,Nissan,#75 Cunningham Racing 300ZX,,,,,,,,,Race,GT Racing Reborn,832,R,7.7,6.5,6.7,8.8,,,780,600,2705,3.47,55,,TT,V,6,F,RWD,,360,,,none,none,no,Asia,Japan,Fairlady,,2,L,4,,,3.100,6.100,10.950,207.0,105.4,254.1,1.41,1.54,3.000,12403,,,05-Oct-15,FM7,FM6,,,,FM7,,DLC,,,,,,,,2,XBO,0
FALSE,1994 Nissan 300ZX Twin Turbo Version R,,,1994,Nissan,300ZX Twin Turbo Version R,,,,,,,,,Factory,,,C1,,,,,,,,,,#DIV/0!,,,,,,F,RWD,,,,,,,,Asia,Japan,,,2,L,4,,,,,,,,,,,.000,11145,,,03-May-05,FM1,FM1,,,,,,,,,,,,,FM1,1,360,0
FALSE,1994 Nissan Fairlady Z Version S Twin Turbo,Nissan Z '94,345,1994,Nissan,Fairlady Z Version S Twin Turbo,Buy Cars Base,,,,Common,,,"66,000",Factory,Sport GT Icons,398,D,3.7,1.8,2.2,2.8,,,276,283,3351,12.14,54,2960,TT,V,6,F,RWD,,225,Both,,"250, 276, 415, 565, 630, 690, 788",none,eng,Asia,Japan,Nissan Fairlady Z,,2,R,4,,MvT,5.500,14.600,14.117,164.4,150.2,372.2,0.90,0.91,9.100,11149,05-Oct-23,05-Nov-21,03-May-05,FM,FM1,FM,FH5,cu,FM7,,FM6,FH2,DLC,,FM4,FM3,FM2,FM1,11,XBO,1
FALSE,1994 Nissan Silvia K's,Nissan Silvia 94,440,1994,Nissan,Silvia K's,Buy Cars Base,,,,Common,,,"61,000",Factory,Early Sport Compact,381,D,3.2,1.8,2.1,2.7,,,217,202,2789,12.85,54,1998,T,Inline,4,F,RWD,,205,Both,,"276, 350, 415, 565, 630, 690, 788",none,eng,Asia,Japan,Nissan Silvia,,2,R,4,,RPC,6.300,17.521,15.000,158.9,149.5,369.5,0.90,0.94,11.221,11324,05-Oct-23,05-Nov-21,29-May-07,FM,FM2,FM,FH5,FH4,FM7,cu,,,,,FM4,FM3,FM2,,8,XBO,1
FALSE,1993 Nissan 240SX SE,Nissan 240SX '93,1282,1993,Nissan,240SX SE,Buy Cars Base,,,,Common,,,"25,000",Factory,Early Sport Compact,284,E,1.8,1.6,1.9,1.5,,,155,160,2915,18.81,53,2389,NA,Inline,4,F,RWD,,205,Both,,"250, 276, 350, 415, 565, 630, 690, 788","T, PDS",stock,Asia,Japan,Nissan Silvia,,2,L,4,,"MvT, RPC",8.400,25.000,16.300,137.5,159.4,394.9,0.82,0.83,16.600,11802,05-Oct-23,05-Nov-21,14-Oct-11,FM,FM4,FM,FH5,FH4,FM7,FH3,FM6,FH2,FM5,DLC,FM4,,,,10,XBO,1
FALSE,1993 Nissan MINE'S R32 Skyline GT-R,,,1993,Nissan,MINE'S R32 Skyline GT-R,,,,,,,,,Tuner,Sports,675,S,,,,,,,621,455,2943,4.74,,,,,6,F,AWD,,,,,,,,Asia,Japan,,,2,R,4,,,3.016,,,207.4,,,,,-3.016,11150,,,03-May-05,FM4,FM1,,,,,,,,,,Uni,FM3,FM2,FM1,4,360,0
FALSE,1993 Nissan Skyline GT-R V-Spec,Nissan GT-R '93,444,1993,Nissan,Skyline GT-R V-Spec,Buy Cars Base,,,,Rare,,,"89,000",Factory,Sport GT Icons,505,B,3.6,2.6,2.5,3.2,,,276,261,3307,11.98,58,2568,TT,Inline,6,F,AWD,,225,Both,,"250, 415, 562, 565, 630, 690, 788",none,eng,Asia,Japan,Nissan Skyline,,2,R,4,,MvT,5.318,12.900,14.000,157.2,135.3,343.7,0.89,0.91,7.582,11326,05-Oct-23,05-Nov-21,29-May-07,FM,FM2,FM,FH5,FH4,FM7,FH3,FM6,FH2,FM5,,FM4,FM3,FM2,,11,XBO,1
FALSE,1992 Nissan Silvia CLUB K's,Nissan Silvia 92,439,1992,Nissan,Silvia CLUB K's,Buy Cars Base,,,,Common,,,"51,000",Factory,Early Sport Compact,339,D,2.6,1.6,2.0,2.2,,,202,202,2535,12.55,55,1998,T,Inline,4,F,RWD,,205,Both,,"276, 350, 415, 565, 630, 690, 788",none,eng,Asia,Japan,Nissan Silvia,,2,R,4,,RPC,5.900,16.500,14.400,149.9,156.7,392.2,0.86,0.87,10.600,11323,05-Oct-23,05-Nov-21,29-May-07,FM,FM2,FM,FH5,FH4,FM7,FH3,FM6,FH2,,,FM4,FM3,FM2,,10,XBO,1
FALSE,1991 Nissan #23 Nissan R91CP,Nissan #23 R91CP,2483,1991,Nissan,#23 Nissan R91CP,Buy Cars Base,,,,,,,"377,000",Race,GTP/C,976,P,6.8,9.9,10.0,7.2,,,671,578,2215,3.30,45,3500,TT,V,8,M,RWD,310,370,,Adjustable,none,none,no,Asia,Japan,,,2,R,4,,,2.800,5.900,9.550,212.4,76.4,179.3,1.66,2.28,3.100,12494,05-Oct-23,,02-Aug-16,FM,FM6,FM,,,FM7,,DLC,,,,,,,,3,XBO,1
FALSE,1990 Nissan Pulsar GTi-R,Nissan Pulsar 90,3257,1990,Nissan,Pulsar GTi-R,Buy Cars Base,,,,Rare,,,"66,000",Factory,Early Sport Compact,387,D,2.0,1.6,1.8,2.5,,,227,209,2734,12.04,62,1988,T,Inline,4,F,AWD,,195,Both,,"350, 375, 394I, 475",none,eng,Asia,Japan,,,3,R,4,,,5.000,14.200,,151.0,147.8,381.7,0.86,0.86,9.200,13140,05-Oct-23,05-Nov-21,04-May-20,FM,FH4,FM,FH5,cu,,,,,,,,,,,3,XBO,1
FALSE,1988 Nissan #24 Nissan Motorsports International R88C,Nissan #24 R88C,3338,1988,Nissan,#24 Nissan Motorsports International R88C,Reward,FM Update 9,CC Invitational GTP,,,,,"363,000",Race,GTP/C,955,P,7.5,9.5,10.0,7.8,,,740,542,2072,2.80,45,2072,TT,V,8,M,RWD,320/R17,350/R19,,Adjustable,none,none,,Asia,Japan,,,2,R,4,,,2.900,5.900,9.400,217.4,75.7,186.3,1.66,2.27,3.000,,10-Jul-24,,10-Jul-24,FM,FM,R,,,,,,,,,,,,,1,XBO,1
FALSE,1988 Nissan #33 Bob Sharp Racing 300ZX,Nis. #33 300ZX,2840,1988,Nissan,#33 Bob Sharp Racing 300ZX,Buy Cars Base,,,,,,,"305,000",Race,GTX Sportscars,815,R,5.6,5.9,6.1,5.7,,,680,508,2744,4.04,50,3000,T,V,6,F,RWD,330/R16,355/R16,,Adjustable,none,none,no,Asia,Japan,Nissan Fairlady Z,,2,L,4,,,4.000,7.800,10.617,195.1,86.0,219.6,1.42,1.55,3.800,12881,05-Oct-23,,05-Mar-18,FM,FM7,FM,,,DLC,,,,,,,,,,2,XBO,1
FALSE,1987 Nissan Skyline GTS-R (HR31),Nissan GT-R '87,2512,1987,Nissan,Skyline GTS-R (HR31),Buy Cars Base,,,,Common,,,"53,000",Factory,Sport Touring Classics,333,D,3.1,1.7,1.9,2.1,,,206,181,2965,14.39,52,1998,T,Inline,6,F,RWD,,205,Both,,"250, 276, 415, 565, 630, 690, 788",none,eng,Asia,Japan,Nissan Skyline,,2,R,4,,,7.500,19.000,14.817,153.2,159.1,394.6,0.84,0.85,11.500,12653,05-Oct-23,05-Nov-21,03-Jan-17,FM,FH3,FM,FH5,FH4,FM7,DLC,,,,,,,,,5,XBO,1
FALSE,1985 Nissan #83 GTP ZX-Turbo,Nissan #83 GTP,3018,1985,Nissan,#83 GTP ZX-Turbo,Buy Cars Base,,,,,,,"358,000",Race,GTP/C,944,P,6.4,9.6,10.0,7.5,,,641,506,2096,3.27,44,3000,TT,V,6,M,RWD,325,350,,Adjustable,none,none,no,Asia,Japan,Nissan Fairlady Z,,2,R,4,,,3.800,6.055,10.833,204.8,76.3,187.4,1.66,2.27,2.255,12888,05-Oct-23,,19-Apr-18,FM,FM7,FM,,,DLC,,,,,,,,,,2,XBO,1
FALSE,1985 Nissan Safari Turbo,Nissan Safari,2822,1985,Nissan,Safari Turbo,Seasonal,Series 18 cu,,,Common,,,"250,000",Factory,Pickups & 4x4s,230,D,3.3,2.2,3.2,2.0,3.2,8.1,108,188,3671,33.99,58,3246,T,Inline,6,F,AWD,,235,Both,Roof delete,"310, 415, 327, 300, 542(3.8L), 805, 550, 552",eng,eng,Asia,Japan,,,3,R,4,,,16.500,999.999,19.000,92.4,171.0,F,0.76,0.75,983.499,12855,,23-Mar-23,05-Dec-17,FH5,FM7,,cu,,DLC,,,,,,,,,,2,XBO,0
FALSE,1984 Nissan #11 Tomica Skyline Turbo Super Silhouette,#11 Skyline '84,2801,1984,Nissan,#11 Tomica Skyline Turbo Super Silhouette,Buy Cars Base,,,,,,,"303,000",Race,GTX Sportscars,803,R,4.4,6.3,6.5,5.8,,,562,397,2216,4.12,52,2100,T,Inline,4,F,RWD,,350,,,,none,,Asia,Japan,Nissan Skyline,,2,R,4,,,3.800,7.300,11.283,179.0,100.2,241.3,1.42,1.61,3.500,12847,05-Oct-23,,07-Nov-17,FM,FM7,FM,,,cu,,,,,,,,,,2,XBO,1
FALSE,1984 Nissan #20 Bluebird Super Silhouette,#20 Bluebird,2482,1984,Nissan,#20 Bluebird Super Silhouette,Buy Cars Base,,,,,,,"303,000",Race,GTX Sportscars,808,R,4.9,6.1,6.3,6.1,,,562,397,2205,3.92,50,2100,T,Inline,4,F,RWD,290/R16,350/R19,,Adjustable,none,none,no,Asia,Japan,,,2,R,4,,,3.500,6.400,10.533,185.6,85.3,211.8,1.43,1.61,2.900,12848,05-Oct-23,,07-Nov-17,FM,FM7,FM,,,DLC,,,,,,,,,,2,XBO,1
FALSE,1983 Nissan #23 Nissan Motorsports Silvia Super Silhouette,Nis. #23 Silvia,3362,1983,Nissan,#23 Nissan Motorsports Silvia Super Silhouette,Buy Cars DLC,FM Car Pass,Gift w/DLC,,,,,"300,000",Race,GTX Sportscars,800,S,5.2,5.8,6.1,5.9,,,562,397,2315,4.12,51,2100,T,Inline,4,F,RWD,270/R16,350/R19,,Adjustable,none,none,,Asia,Japan,Nissan Silvia,,2,R,4,,,2.500,4.816,10.033,205.1,80.3,199.9,1.60,2.18,2.316,,13-Mar-24,,13-Mar-24,FM,FM,DLC,,,,,,,,,,,,,1,XBO,1
FALSE,1973 Nissan Skyline H/T 2000GT-R,Nissan GT-R '73,2270,1973,Nissan,Skyline H/T 2000GT-R,Buy Cars Base,,,,Epic,,,"37,000",Factory,Vintage Sport Compact,275,E,1.0,1.0,1.1,1.9,,,158,130,2524,15.97,55,1989,NA,Inline,6,F,RWD,,175,Both,,"250, 276, 333, 394I, 415, 565, 630, 690, 788",T,stock,Asia,Japan,Nissan Skyline,,2,R,4,,MvT,9.000,23.000,15.417,129.4,164.4,404.0,0.81,0.81,14.000,12425,05-Oct-23,05-Nov-21,05-Jan-16,FM,FM6,FM,FH5,FH4,FM7,cu,DLC,,,,,,,,6,XBO,1
FALSE,1972 Nissan 240 ZX,,,1972,Nissan,240 ZX,,,,,,,,,Factory,,,D4,,,,,,,,,,#DIV/0!,,,,,,F,RWD,,,,,,,,Asia,Japan,,,2,L,4,,,,,,,,,,,.000,11143,,,03-May-05,FM1,FM1,,,,,,,,,,,,,FM1,1,360,0
FALSE,1971 Nissan Skyline 2000GT-R,Nissan GT-R '71,1042,1971,Nissan,Skyline 2000GT-R,Buy Cars Base,,,,Rare,,,"42,000",Factory,Vintage Sport Compact,279,E,1.2,1.0,1.1,2.0,,,160,133,2425,15.16,54,1989,NA,Inline,6,F,RWD,,165,Both,,"250, 276, 333, 394I, 415, 565, 630, 690, 788",T,stock,Asia,Japan,Nissan Skyline,,2,R,4,,MvT,7.000,20.000,15.600,132.2,173.7,424.9,0.79,0.79,13.000,11555,05-Oct-23,05-Nov-21,27-Oct-09,FM,FM3,FM,FH5,FH4,FM7,FH3,FM6,FH2,FM5,FH1,FM4,DLC,,,11,XBO,1
FALSE,1969 Nissan #21 Nissan Racing R382,Nissan #21 R382,2269,1969,Nissan,#21 Nissan Racing R382,Buy Cars Base,,,,,,,"305,000",Race,Prototype Group Racing,816,R,6.0,5.9,6.3,7.1,,,592,448,2129,3.60,45,6000,NA,V,12,M,RWD,265,380,,Adjustable,none,none,stock,Asia,Japan,,Yes,2,R,4,,,3.600,6.300,10.067,195.8,95.7,226.9,1.40,1.57,2.700,12386,05-Oct-23,,15-Sep-15,FM,FM6,FM,,,FM7,,FM6,,,,,,,,3,XBO,1
FALSE,1969 Nissan Fairlady Z 432,Nissan Z 432 '69,343,1969,Nissan,Fairlady Z 432,Buy Cars Base,,,,Epic,,,"42,000",Factory,Vintage Sport Compact,277,E,1.0,1.4,1.5,1.8,,,160,133,2308,14.43,51,1989,NA,Inline,6,F,RWD,,175,Both,,"250, 276, 333, 350, 415, 565, 630, 690, 788",T,stock,Asia,Japan,Nissan Fairlady Z,,2,R,4,,MvT,8.700,27.100,17.082,123.4,169.1,416.1,0.81,0.80,18.400,11319,05-Oct-23,05-Nov-21,29-May-07,FM,FM2,FM,FH5,FH4,FM7,FH3,FM6,FH2,DLC,FH1,FM4,FM3,FM2,,12,XBO,1
FALSE,1969 Nissan Fairlady Z 432R,,,1969,Nissan,Fairlady Z 432R,,,,,,,,,Factory,,482,C,,,,,,,,,,#DIV/0!,,,,,,F,RWD,,,,,,,,Asia,Japan,,,2,R,4,,,,,,,,,,,,11320,,,29-May-07,FM2,FM2,,,,,,,,,,,,FM2,,1,360,0
FALSE,1967 Nissan R380 II,Nissan R380 II,2823,1967,Nissan,R380 II,Buy Cars Base,,,,,,,"130,000",Factory,Vintage Le Mans Sportscars,578,B,4.2,2.3,3.0,4.0,,,217,155,1411,6.50,45,2000,NA,Inline,6,M,RWD,,205,,,"276, 333, 475",T,stock,Asia,Japan,,,2,R,4,,,5.200,10.700,12.050,176.5,109.3,282.5,1.15,1.05,5.500,12865,05-Oct-23,,16-Jan-18,FM,FM7,FM,,,DLC,,,,,,,,,,2,XBO,1
FALSE,1966 Nissan Silvia,Silvia '66,,1966,Nissan,Silvia,,,,,,,,,Factory,Vintage Sport Compact,228,E,4.1,3.6,3.7,4.9,5.3,,88,97,2161,24.56,55,1595,NA,Inline,4,F,RWD,,175,,,"276, 375, 475",,stock,Asia,Japan,Silvia,,2,R,4,,,12.098,40.106,17.984,109.7,134.6,346.4,0.97,0.90,28.008,12388,,,15-Sep-15,FM7,FM6,,,,FM7,FH3,Uni,,,,,,,,3,XBO,0
FALSE,2010 Noble M600,Noble M600,1253,2010,Noble,M600,Seasonal,Series 5 cu,,,Epic,,,"450,000",Factory,Modern Supercars,877,S1,8.5,6.4,8.0,7.4,7.8,4.6,650,604,2756,4.24,40,4439,TT,V,8,M,RWD,,335,Both,Forza,"700V, 750, 850",none,no,Europe,U.K.,,,2,R,4,,,3.300,6.800,12.983,235.6,115.7,274.2,1.09,1.30,3.500,11721,,17-Mar-22,13-Oct-11,FH5,FM4,,cu,FH4,FM7,FH3,FM6,DLC,,FH1,DLC,,,,8,XBO,0
FALSE,2006 Noble M400,Noble M400,3331,2006,Noble,M400,DLC Autoshow,FH5 Car Pass,Gift w/DLC,,Rare,,,"100,000",Factory,Track Toys,829,S1,6.9,6.6,7.8,6.4,5.3,4.5,425,390,2337,5.50,41,2968,TT,V,6,M,RWD,,265,Both,Forza,"415, 475(3L), 360, 750, 850, 914",none,eng,Europe,U.K.,,,2,L,4,,,3.500,8.000,12.983,189.0,115.7,274.2,1.09,1.30,4.500,13281,,17-Mar-22,17-Mar-22,FH5,FH5,,DLC,,,,,,,,,,,,1,XBO,0
FALSE,1990 Oldsmobile #75 Cutlass Supreme Trans Am,Olds #75 Cutlass,3310,1990,Oldsmobile,#75 Cutlass Supreme Trans Am,Buy Cars DLC,FM Race Day,Gift w/DLC,,,,,"305,000",Race,GTX Sportscars,814,R,6.2,5.6,5.9,5.9,,,650,520,2822,4.34,51,5900,NA,V,8,F,RWD,330/R16,355/R16,,Adjustable,none,none,,N. America,U.S.,,,2,L,4,,,5.400,6.300,10.717,202.9,91.0,230.8,1.40,1.53,.900,13412,05-Oct-23,,05-Oct-23,FM,FM,DLC,,,,,,,,,,,,,1,XBO,1
FALSE,1969 Oldsmobile Hurst/Olds 442,Olds 442 '69,1336,1969,Oldsmobile,Hurst/Olds 442,Buy Cars Base,,,,Common,,,"82,000",Factory,Street Drag Racers,353,D,1.5,1.1,1.2,2.7,,,384,500,3855,10.04,59,7446,NA,V,8,F,RWD,,235,Yes,,"302, 415, 425, 565, 640, 788, 825","TT, PDS, CS",stock,N. America,U.S.,,,2,L,4,,MvT,5.900,13.850,14.083,136.5,212.1,506.6,0.73,0.73,7.950,11805,05-Oct-23,,14-Oct-11,FM,FM4,FM,,FH4,FM7,FH3,FM6,FH2,FM5,,FM4,,,,8,XBO,1
FALSE,1966 Oldsmobile Toronado,Toronado '66,3201,1966,Oldsmobile,Toronado,DLC Autoshow,FH5 Car Pass,Gift w/DLC,,Common,,,"35,000",Factory,Classic Muscle,403,D,5.5,2.0,3.7,2.7,1.8,5.8,385,475,4496,11.68,63,6964,NA,V,8,F,FWD,,225,Both,Hood,"415, 475d, 640, 800, 850, 1500, 1750","TT, PDS",stock,N. America,U.S.,,,2,L,4,,,8.217,20.017,,148.3,176.0,450.7,0.74,0.73,11.800,13285,,31-Mar-22,31-Mar-22,FH5,FH5,,DLC,,,,,,,,,,,,1,XBO,0
FALSE,2004 Opel Speedster Turbo,,,2004,Opel,Speedster Turbo,,,,,,,,,Factory,Superlight,443,B,,,,,,,197,180,2050,10.41,,,,,4,M,RWD,,,,,,,,Europe,Germany,,,2,L,4,,,4.700,,,148.0,,,,,-4.700,11161,,,03-May-05,FM4,FM1,,,,,,,,,,FM4,FM3,FM2,FM1,4,360,0
FALSE,2003 Opel #5 OPC TEAM PHOENIX Astra V8,,,2003,Opel,#5 OPC TEAM PHOENIX Astra V8,,,,,,,,,Race,GTC,829,R2,,,,,,,463,376,2271,4.90,,,,,8,F,RWD,,,,,,,,Europe,Germany,,,2,L,4,,,3.600,,,179.5,,,,,-3.600,11159,,,03-May-05,FM4,FM1,,,,,,,,,,FM4,FM3,FM2,FM1,4,360,0
FALSE,2003 Opel #6 OPC Team Phoenix Astra V8,,,2003,Opel,#6 OPC Team Phoenix Astra V8,,,,,,,,,Livery,,,GTS,,,,,,,,,,#DIV/0!,,,,,,F,RWD,,,,,,,,Europe,Germany,,,2,L,4,,,,,,,,,,,.000,11160,,,03-May-05,FM1,FM1,,,,,,,,,,,,,FM1,1,360,0
FALSE,1984 Opel Manta 400,Opel Manta 400,2420,1984,Opel,Manta 400,"Autoshow, WS",,,,Rare,,,"100,000",Factory,Rally Monsters,691,B,5.8,3.7,4.9,4.6,4.8,6.6,275,221,2183,7.94,55,2410,NA,Inline,4,F,RWD,,225,Both,Forza,"321, 300, 805",T,stock,Europe,Germany,,,2,L,4,,,4.785,11.266,12.983,160.0,139.9,348.1,0.93,0.93,6.481,12389,,05-Nov-21,15-Sep-15,FH5,FM6,,FH5,FH4,FM7,FH3,Uni,,,,,,,,5,XBO,0
FALSE,1979 Opel Kadett C GT/E,Opel Kadett '79,2160,1979,Opel,Kadett C GT/E,Buy Cars Base,,,,,,,"13,000",Factory,Vintage Sport Compact,251,E,1.0,1.0,1.2,1.5,,,114,119,2028,17.79,54,1979,NA,Inline,4,F,RWD,,175,,,"194, 350, 375, 415, 630","T, PDS, CS",stock,Europe,Germany,,,2,L,4,,RPC,8.682,27.200,16.217,117.1,138.7,350.3,0.98,0.92,18.518,12426,05-Oct-23,,05-Jan-16,FM,FM6,FM,,,FM7,FH3,DLC,,,,,,,,4,XBO,1
FALSE,1968 Opel GT,Opel GT,,1968,Opel,GT,,,,,,,,,Factory,Vintage Sport Compact,234,E,4.1,3.6,3.8,5.1,5.8,,90,108,2121,23.57,54,1897,NA,Inline,4,F,RWD,,165,,,"212. 332, 415",,stock,Europe,Germany,,,2,L,4,,RPC,10.819,37.018,17.200,110.5,138.8,352.2,0.97,0.91,26.199,12443,,,15-Mar-16,FM7,FM6,,,,FM7,FH3,DLC,,,,,,,,3,XBO,0
FALSE,1963 Opel Kadett A,Opel Kadett '63,,1963,Opel,Kadett A,DLC store,,,,Common,,,"25,000",Factory,Cult Cars,100,D,4.2,3.8,3.9,3.8,5.5,,46,54,1543,33.54,54,986,NA,Inline,4,F,RWD,,145,Yes,Forza,"212, 182, 300",T,stock,Europe,Germany,,,2,L,4,,RPC,16.630,999.999,,87.2,212.8,na,0.68,0.67,983.369,13072,,,15-Jan-19,FH4,FH4,,,DLC,,,,,,,,,,,1,XBO,0
FALSE,2020 Oreca #38 Performance Tech Motorsports Oreca 07,#38 Oreca 07 '20,3652,2020,Oreca,#38 Performance Tech Motorsports Oreca 07,Buy Cars Base,FM Update 18,,,,,,"356,000",Race,Forza P2,940,P,6.5,9.0,9.1,7.7,,,603,409,2174,3.61,45,4200,NA,V,8,M,RWD,300/R18,310/R18,,Adjustable,none,none,,Europe,France,,,2,L,4,,,2.500,4.800,9.933,208.1,78.2,185.4,1.58,2.12,2.300,,19-Mar-25,,19-Mar-25,FM,FM,S,,,,,,,,,,,,,1,XBO,1
FALSE,2017 Oreca #38 Jackie Chan DC Racing Oreca 07,Oreca #38 07,2967,2017,Oreca,#38 Jackie Chan DC Racing Oreca 07,Buy Cars DLC,FM Car Pass,Gift w/DLC,,,,,"355,000",Race,Forza P2,938,P,6.5,9.3,9.4,7.6,,,603,409,2108,3.50,45,4200,NA,V,8,M,RWD,300/R18,310/R18,,Adjustable,none,none,,Europe,France,,,2,L,4,,,2.500,4.816,10.033,205.1,80.3,199.9,1.60,2.18,2.316,13433,02-Nov-23,,02-Nov-23,FM,FM,DLC,,,,,,,,,,,,,1,XBO,1
FALSE,2022 Pagani Huayra R,Pagani Huayra 22,3543,2022,Pagani,Huayra R,Reward,FM Update 3,Contemporary Tour,,Legendary,,,"3,100,000",Race,Modern Factory Racecars,925,P,8.7,7.0,7.2,8.0,7.0,4.8,838,553,2447,2.92,46,5987,NA,V,12,M,RWD,260/R19,325/R19,Both,Adjustable,none,none,,Europe,Italy,Pagani Huayra,,2,L,4,,,2.700,4.800,9.517,236.4,83.3,210.6,1.48,1.77,2.100,13365,04-Jan-23,20-Jun-23,20-Jun-23,FM,FH5,R,DLC,,,,,,,,,,,,2,XBO,1
FALSE,2016 Pagani Huayra BC,Pagani Huayra 16,2647,2016,Pagani,Huayra BC,Buy Cars Base,,,,Legendary,,,"418,000",Factory,Modern Hypercars,871,R,8.1,5.8,5.9,7.7,,,740,737,2685,3.63,44,5980,TT,V,12,M,RWD,255,355,no,Adjustable,none,none,no,Europe,Italy,Pagani Huayra,,2,L,4,,CS,3.270,5.740,9.833,230.3,94.0,231.6,1.38,1.57,2.470,12629,05-Oct-23,05-Nov-21,04-Oct-16,FM,FH3,FM,FH5,FH4,FM7,DLC,,,,,,,,,5,XBO,1
FALSE,2016 Pagani Huayra BC Forza Edition,Pagani Huayra FE,3572,2016,Pagani,Huayra BC Forza Edition,"WS, Seasonal",,,,FE,Clean Skills,,"2,700,000",Upgraded,Extreme Track Toys,998,S2,8.1,10.0,10.0,8.0,8.8,3.7,1006,884,2425,2.41,44,5980,TT,V,12,M,RWD,,,no,Adjustable,none,none,no,Europe,Italy,,,2,L,4,,,3.228,5.719,,221.3,67.1,148.0,1.80,1.27,2.491,13248,,05-Nov-21,05-Nov-21,FH5,FH5,,FH5,,,,,,,,,,,,1,XBO,0
FALSE,2012 Pagani Huayra,Pagani Huayra,1427,2012,Pagani,Huayra,,,,,Legendary,,,"1,300,000",Factory,Hypercars,900,S1,8.8,8.8,8.4,7.4,8.9,,700,737,3153,4.50,44,5980,TT,V,12,M,RWD,,335,no,Forza,none,none,no,Europe,Italy,,,2,L,4,,,3.300,6.400,10.517,233.2,114.9,278.1,1.13,1.27,3.100,11854,,18-Jan-24,03-Jan-12,FH5,FM4,,cu,FH4,FM7,FH3,FM6,FH2,FM5,DLC,DLC,,,,9,XBO,0
FALSE,2012 Pagani Huayra Totino's Edition 1,Huayra Totinos,,2012,Pagani,Huayra Totino's Edition 1,DLC promo,,,,,,,,Livery,Hypercar,801,R,8.8,5.8,5.9,9.1,8.7,,700,737,3153,4.50,44,5980,TT,V,12,M,RWD,,335,,,,,no,Europe,Italy,,,2,L,4,,,3.300,6.400,10.517,234.2,124.6,297.2,1.26,1.35,3.100,12841,,,15-Oct-17,FM7,FM7,,,,DLC,,,,,,,,,,1,XBO,0
FALSE,2012 Pagani Huayra Totino's Edition 2,Pagani Totinos,,2012,Pagani,Huayra Totino's Edition 2,DLC promo,,,,,,,,Livery,Hypercar,801,R,8.8,5.8,5.9,9.1,8.7,,700,737,3153,4.50,44,5980,TT,V,12,M,RWD,,335,,,,,no,Europe,Italy,,,2,L,4,,,3.300,6.400,10.517,234.2,124.6,297.2,1.26,1.35,3.100,12842,,,15-Oct-17,FM7,FM7,,,,DLC,,,,,,,,,,1,XBO,0
FALSE,2010 Pagani Zonda R Forza Edition,Pagani Zonda FE,,2010,Pagani,Zonda R Forza Edition,DLC Exclusive,,,,FE,Clean Skills,,"1,950,000",Upgraded,Extreme Track Toys,986,S2,8.9,10.0,10.0,8.1,9.5,,972,571,2536,2.61,46,5987,NA,V,12,M,RWD,,335,no,Adjustable,none,none,stock,Europe,Italy,,,2,L,4,,CS,,,,,,,,,.000,13007,,,28-Sep-18,FH4,FH4,,,DLC,,,,,,,,,,,1,XBO,0
FALSE,2009 Pagani Zonda Cinque Roadster,Pagani Zonda C,1369,2009,Pagani,Zonda Cinque Roadster,Reward,FM Update 6,Combustion Tour,,Legendary,,,"366,000",Factory,Modern Hypercars,821,R,6.2,5.3,5.4,6.7,6.9,4.5,678,575,2858,4.22,47,7291,NA,V,12,M,RWD,255/R19,335/R20,Both,Forza,"603, 630",TT,stock,Europe,Italy,,,2,L,4,,"CS, HR",3.280,6.400,10.300,206.5,96.1,235.5,1.32,1.52,3.120,11806,03-Apr-24,05-Nov-21,14-Oct-11,FM,FM4,R,FH5,FH4,FM7,FH3,FM6,FH2,FM5,DLC,FM4,,,,10,XBO,1
FALSE,2009 Pagani Zonda Cinque Roadster 'Oreo Edition',p oreo,3791,2009,Pagani,Zonda Cinque Roadster 'Oreo Edition',DLC Promo,FH5 Promo Oreo,Gift 202302,,Legendary,,,"2,100,000",Livery,Hypercars,900,S1,,,,,,,678,575,2858,4.22,47,7291,NA,V,12,M,RWD,,335,Both,Forza,none,TT,stock,Europe,Italy,,,2,L,4,,,3.265,6.500,10.517,204.4,87.4,205.6,1.22,1.48,3.235,13334,,31-Jan-23,31-Jan-23,FH5,FH5,,DLC,,,,,,,,,,,,1,XBO,0
FALSE,2009 Pagani Zonda R,Pagani Zonda R,1175,2009,Pagani,Zonda R,"Autoshow, WS",,,,Legendary,,,"1,800,000",Race,Extreme Track Toys,959,S2,8.0,10.0,10.0,7.3,7.9,3.9,739,523,2536,3.43,46,5987,NA,V,12,M,RWD,,335,no,Adjustable,"739, 750",TT,stock,Europe,Italy,,,2,L,4,,,2.800,5.100,10.800,221.6,67.0,151.6,1.74,2.18,2.300,11606,,05-Nov-21,12-Jan-10,FH5,FM3,,FH5,FH4,FM7,DLC,,,,FH1,FM4,DLC,,,7,XBO,0
FALSE,2003 Pagani #17 Carsport America Zonda GR,,,2003,Pagani,#17 Carsport America Zonda GR,,,,,,,,,Race,GTS,825,R2,,,,,,,600,516,2425,4.04,,,,,12,M,RWD,,,,,,,,Europe,Italy,,,2,L,4,,,3.600,,,185.4,,,,,,11162,,,03-May-05,FM4,FM1,,,,,,,,,,FM4,FM3,FM2,FM1,4,360,0
FALSE,1999 Pagani Zonda C12,,,1999,Pagani,Zonda C12,,,,,,,,,Factory,Super,626,S,,,,,,,394,420,2756,6.99,,,,,12,M,RWD,,,,,,,,Europe,Italy,,,2,L,4,,,4.200,,,185.8,,,,,,11163,,,03-May-05,FM4,FM1,,,,,,,,,,FM4,FM3,FM2,FM1,4,360,0
FALSE,2011 Panoz #050 Panoz Racing Abruzzi ,,,2011,Panoz,#050 Panoz Racing Abruzzi ,,,,,,,,,Race,GT2,759,R3,,,,,,,500,550,2745,5.49,,,,,8,F,RWD,,,,,,,,N. America,U.S.,,,2,L,4,,,3.900,,,176.3,,,,,,11865,,,07-Feb-12,FM4,FM4,,,,,,,,,,DLC,,,,1,360,0
FALSE,2006 Panoz #81 Team LNT Panoz Esperante GTLM,,,2006,Panoz,#81 Team LNT Panoz Esperante GTLM,,,,,,,,,Livery,GT2,776,R3,,,,,,,530,,2646,4.99,,,,,,F,RWD,,,,,,,,N. America,U.S.,,,2,L,4,,,,,,,,,,,,11330,,,29-May-07,FM3,FM2,,,,,,,,,,,FM3,FM2,,2,360,0
FALSE,2005 Panoz #51 Panoz Esperante GTLM,,,2005,Panoz,#51 Panoz Esperante GTLM,,,,,,,,,Race,GT2,752,R3,,,,,,,530,450,2646,4.99,,,,,8,F,RWD,,,,,,,,N. America,U.S.,,,2,L,4,,,2.800,,,185.7,,,,,,11329,,,29-May-07,FM4,FM2,,,,,,,,,,FM4,FM3,FM2,,3,360,0
FALSE,2005 Panoz Esperante GTLM,,,2005,Panoz,Esperante GTLM,,,,,,,,,Factory,Sports,527,A,,,,,,,420,320,3384,8.06,,,,,8,F,RWD,,,,,,,,N. America,U.S.,,,2,L,4,,,4.700,,,192.9,,,,,,11331,,,29-May-07,FM4,FM2,,,,,,,,,,FM4,FM3,FM2,,3,360,0
FALSE,2003 Panoz #11 JML Team Panoz LMP-01,,,2003,Panoz,#11 JML Team Panoz LMP-01,,,,,,,,,Race,P1 Racing,967,R1,,,,,,,620,538,2057,3.32,,,,,8,F,RWD,,,,,,,,N. America,U.S.,,Yes,2,L,4,,,2.300,,,205.0,,,,,,11328,,,29-May-07,FM4,FM2,,,,,,,,,,FM4,FM3,FM2,,3,360,0
FALSE,2002 Panoz #10 JML LMP01 EPP,,,2002,Panoz,#10 JML LMP01 EPP,,,,,,,,,Race,,,P1,,,,,,,,,,#DIV/0!,,,,,,F,RWD,,,,,,,,N. America,U.S.,,Yes,2,L,4,,,,,,,,,,,.000,11164,,,03-May-05,FM1,FM1,,,,,,,,,,,,,FM1,1,360,0
FALSE,2002 Panoz #50 Panoz MotorSports LMP-01,,,2002,Panoz,#50 Panoz MotorSports LMP-01,,,,,,,,,Livery,P1 Racing,933,R1,,,,,,,620,,2057,3.32,,,,,,F,RWD,,,,,,,,N. America,U.S.,,Yes,2,L,4,,,,,,,,,,,,11558,,,27-Oct-09,FM3,FM3,,,,,,,,,,,FM3,,,1,360,0
FALSE,2001 Panoz Esperante GTL,,,2001,Panoz,Esperante GTL,,,,,,,,,Factory,,,A2,,,,,,,,,,#DIV/0!,,,,,,F,RWD,,,,,,,,N. America,U.S.,,,2,L,4,,,,,,,,,,,.000,11165,,,03-May-05,FM1,FM1,,,,,,,,,,,,,FM1,1,360,0
FALSE,1965 Peel Trident,Peel Trident,1309,1965,Peel,Trident,Seasonal,Series 2 cu,,,Rare,,,"250,000",Factory,Cult Cars,100,D,1.3,2.6,3.0,1.0,2.5,5.5,4,6,353,88.25,50,48,NA,Single,1,M,RWD,,90,no,Forza,196,none,stock,Europe,U.K.,,,1,R,3,,"RPC, mm",999.999,999.999,,41.2,na,na,0.55,0.55,na,13043,,30-Dec-21,06-Dec-18,FH5,FH4,,cu,DLC,,,,,,,,,,,2,XBO,0
FALSE,1962 Peel P50,Peel P50,2987,1962,Peel,P50,Seasonal,Series 2 cu,S2 Santa,,Legendary,,,"250,000",Factory,Cult Cars,100,D,1.2,3.9,3.0,1.0,2.3,4.5,4,6,310,77.50,50,48,NA,Single,1,M,RWD,,90,no,Forza,196,none,stock,Europe,U.K.,,,1,C,3,,"DvG, mm",999.999,999.999,,38.0,na,na,0.56,0.55,na,13008,,01-Jan-22,28-Sep-18,FH5,FH4,,cu,Barn,,,,,,,,,,,2,XBO,0
FALSE,2011 Penhall The Cholla,Penhall Cholla,2515,2011,Penhall,The Cholla,"Autoshow, WS",,,,Rare,,,"100,000",Factory,Unlimited Buggies,655,B,4.1,4.3,3.7,5.7,4.8,10.0,196,190,2223,11.34,45,2384,NA,Inline,4,R,RWD,,265,no,Forza,300,none,stock,N. America,U.S.,,,2,L,4,,"AWW, ?WW",5.589,20.816,14.100,114.3,140.1,348.9,0.91,0.90,15.227,12610,,05-Nov-21,23-Sep-16,FH5,FH3,,FH5,FH4,FM7,FH3,,,,,,,,,4,XBO,0
FALSE,2018 Peugeot #7 DG Sport Compétition 308,Peugeot #7 308,3243,2018,Peugeot,#7 DG Sport Compétition 308,Buy Cars DLC,FM Car Pass,Gift w/DLC,,,,,"268,000",Race,Forza Touring Cars,716,S,2.8,5.4,5.5,4.7,,,343,310,2789,8.13,59,1600,T,Inline,4,F,FWD,,,,,none,none,,Europe,France,Peugeot 300 Series,,5,L,4,,,4.300,9.300,12.133,156.6,94.2,230.2,1.36,1.50,5.000,13451,07-Dec-23,,07-Dec-23,FM,FM,DLC,,,,,,,,,,,,,1,XBO,1
FALSE,2011 Peugeot 107,,,2011,Peugeot,107,,,,,,,,,Factory,City,102,F,,,,,,,68,70,1742,25.62,,,,,3,F,FWD,,,,,,,,Europe,France,,,3,L,4,,,14.200,,,96.4,,,,,,11807,,,14-Oct-11,FM4,FM4,,,,,,,,,,FM4,,,,1,360,0
FALSE,2011 Peugeot #10 Matmut-Oreca 908,#10 Peugeot 908,,2011,Peugeot,#10 Matmut-Oreca 908,,,,,,,,,Race,Forza P1,998,P,7.9,8.7,8.8,9.7,,,700,885,2039,2.91,40,,TT,V,12,M,RWD,,370,,,none,none,no,Europe,France,,,2,R,4,,,2.700,5.600,10.500,212.1,87.8,197.7,1.70,2.36,2.900,11808,,,14-Oct-11,FM7,FM4,,,,FM7,,FM6,,,,FM4,,,,3,XBO,0
FALSE,2011 Peugeot 308 GTI,Peugeot 308 '11,1348,2011,Peugeot,308 GTI,Buy Cars Base,,,,,,,"23,000",Factory,Modern Hot Hatch,302,D,2.2,1.5,1.6,1.9,,,197,203,3113,15.80,64,1600,T,Inline,4,F,FWD,,225,,,"212, 250, 350, 375, 394I, 475",none,eng,Europe,France,Peugeot 300 Series,,5,L,4,,,7.700,20.800,15.350,146.2,147.2,345.5,1.03,0.93,13.100,11809,05-Oct-23,,14-Oct-11,FM,FM4,FM,,,FM7,,FM6,,FM5,,FM4,,,,5,XBO,1
FALSE,2010 Peugeot RCZ,,,2010,Peugeot,RCZ,,,,,,,,,Factory,Sports,370,C,,,,,,,198,203,2875,14.52,62,1600,,,4,F,FWD,,235,,,,,,Europe,France,,,2,L,4,,,7.600,18.017,,147.9,,,,,10.417,11647,,,08-Jun-10,FM4,FM3,,,,,,,,,,FM4,DLC,,,2,360,0
FALSE,2009 Peugeot #9 Peugeot Sport Total 908,#9 Peugeot 908,,2009,Peugeot,#9 Peugeot Sport Total 908,,,,,,,,,Race,Forza P1,998,P,7.9,8.7,8.8,9.7,,,700,885,2039,2.91,40,,TT,V,12,M,RWD,,370,,,none,none,no,Europe,France,,,2,R,4,,,2.700,5.600,10.500,212.5,87.5,199.3,1.70,2.36,2.900,11559,,,27-Oct-09,FM7,FM3,,,,FM7,,FM6,,FM5,,FM4,FM3,,,5,XBO,0
FALSE,2007 Peugeot #1 Peugeot 207 Super 2000,,,2007,Peugeot,#1 Peugeot 207 Super 2000,,,,,,,,,Livery,Hatch,537,A,,,,,,,280,,2425,8.66,,,,,4,F,AWD,,,,,,,,Europe,France,,,3,L,4,,,,,,,,,,,,11413,,,18-Mar-08,FM3,FM2,,,,,,,,,,,FM3,DLC,,2,360,0
FALSE,2007 Peugeot #8 Peugeot Sport 908,,,2007,Peugeot,#8 Peugeot Sport 908,DLC store,,,,,,,,Livery,P1 Racing,997,R1,,,,,,,700,885,2039,2.91,,,,,12,M,RWD,,,,,,,,Europe,France,,,2,R,4,,,,,,,,,,,,11381,,,01-Aug-07,FM3,FM2,,,,,,,,,,,FM3,DLC,,2,360,0
FALSE,2007 Peugeot 207 RC,,,2007,Peugeot,207 RC,,,,,,,,,Factory,Hatch,332,D,,,,,,,172,177,2921,16.98,,,,,4,F,FWD,,,,,,,,Europe,France,,,3,L,4,,,7.100,,,140.1,,,,,,11334,,,29-May-07,FM4,FM2,,,,,,,,,,FM4,FM3,FM2,,3,360,0
FALSE,2007 Peugeot 207 Super 2000,Peugeot 207 S,615,2007,Peugeot,207 Super 2000,"Autoshow, WS",,Accolade,,Rare,,,"150,000",Race,Rally Monsters,755,A,5.3,5.7,6.2,5.9,5.2,8.0,280,184,2425,8.66,58,1998,NA,Inline,4,F,AWD,,225,Both,Adjustable,300,T,stock,Europe,France,,,3,L,4,,,5.600,16.200,,150.3,98.3,234.4,1.17,1.29,10.600,11335,,05-Nov-21,29-May-07,FH5,FM2,,FH5,cu,,,,,,,FM4,FM3,FM2,,5,XBO,0
FALSE,2004 Peugeot 206 Gti 180,,,2004,Peugeot,206 Gti 180,,,,,,,,,Factory,,,D1,,,,,,,,,,#DIV/0!,,,,,,F,FWD,,,,,,,,Europe,France,,,3,L,4,,,,,,,,,,,.000,11166,,,03-May-05,FM1,FM1,,,,,,,,,,,,,FM1,1,360,0
FALSE,2004 Peugeot 206 RC,,,2004,Peugeot,206 RC,,,,,,,,,Factory,Hatch,316,C,,,,,,,174,149,2425,13.94,,,,,4,F,FWD,,,,,,,,Europe,France,,,3,L,4,,,,,,,,,,,,11333,,,29-May-07,FH1,FM2,,,,,,,,,DLC,FM4,FM3,FM2,,4,360,0
FALSE,1993 Peugeot #3 Peugeot Talbot Sport 905 EVO 1C,Peugeot #3 905C,550,1993,Peugeot,#3 Peugeot Talbot Sport 905 EVO 1C,Buy Cars Base,,,,,,,"375,000",Race,GTP/C,973,P,6.8,10.0,10.0,8.8,,,641,359,1819,2.84,47,3500,NA,V,10,M,RWD,320,360,,Adjustable,none,none,stock,Europe,France,,Yes,2,R,4,,,2.900,5.800,10.800,210.1,75.2,175.1,1.73,2.50,2.900,11332,05-Oct-23,,29-May-07,FM,FM2,FM,,,FM7,,FM6,,,,FM4,FM3,FM2,,6,XBO,1
FALSE,1991 Peugeot 205 Rallye,Peugeot 205 R,3180,1991,Peugeot,205 Rallye,"Autoshow, WS",,,,Rare,,,"20,000",Factory,Retro Hot Hatch,462,D,4.3,2.5,4.4,2.9,3.8,4.9,99,87,1742,17.60,65,1294,NA,Inline,4,F,FWD,,165,Both,Rally lights,"300, 200(1.8L)",T,stock,Europe,France,,,3,L,4,,,9.600,25.019,,120.0,157.9,405.1,0.84,0.83,15.419,13141,,05-Nov-21,04-May-20,FH5,FH4,,FH5,cu,,,,,,,,,,,2,XBO,0
FALSE,1984 Peugeot 205 Turbo 16,Peugeot 205 '84,1591,1984,Peugeot,205 Turbo 16,Buy Cars Base,,,,Legendary,,,"75,000",Factory,Hot Hatch Icons,398,D,1.6,2.1,1.9,2.7,,,200,188,2524,12.62,45,1775,T,Inline,4,M,AWD,,215,no,,"350, 375, 475, 630",none,no,Europe,France,Peugeot 200 Series,,3,L,4,,"AWW, ?WW, HHero",5.800,15.400,13.600,139.2,137.2,345.5,0.92,0.93,9.600,11932,05-Oct-23,05-Nov-21,07-Aug-12,FM,FM4,FM,FH5,FH4,FM7,FH3,FM6,,DLC,FH1,DLC,,,,9,XBO,1
FALSE,1984 Peugeot 205 Turbo 16 Forza Edition,Peugeot 205 FE,,1984,Peugeot,205 Turbo 16 Forza Edition,Exclusive,,,,FE,Skills,,"450,000",Upgraded,Rally Monsters,703,A,5.8,7.0,7.1,6.3,6.9,,200,188,2315,11.58,45,1775,T,Inline,4,M,AWD,,215,no,Preset Rally Climb,300,none,no,Europe,France,,,3,L,4,,"WW, HOM",5.800,15.400,,138.7,160.2,379.7,0.95,1.02,9.600,13009,,,28-Sep-18,FH4,FH4,,,FE,,,,,,,,,,,1,XBO,0
FALSE,2000 Plymouth Prowler,Plymouth Prowler,,2000,Plymouth,Prowler,,,,,,,,,Factory,Forza Specials,420,C,5.5,4.6,4.8,6.9,7.3,,253,255,2838,11.22,45,3518,NA,V,6,F,RWD,,295,,,"415, 425, 825","TT, PDS",stock,N. America,U.S.,,Yes,2,L,4,,,5.897,14.898,14.472,144.3,126.2,314.1,1.12,1.08,9.001,12414,,,03-Nov-15,FM7,FM6,,,,FM7,FH3,DLC,,,,,,,,3,XBO,0
FALSE,1971 Plymouth Cuda 426 HEMI,Plymouth Cuda 71,1277,1971,Plymouth,Cuda 426 HEMI,Buy Cars Base,,,,Epic,,,"81,000",Factory,Vintage Muscle,377,D,2.9,1.1,1.2,3.1,,,425,490,3880,9.13,58,6974,NA,V,8,F,RWD,,225,Yes,,"302, 415, 640, 707, 788, 825","TT, PDS",stock,N. America,U.S.,,,2,L,4,,MvT,5.587,12.785,13.410,155.3,171.1,426.4,0.78,0.77,7.198,11668,05-Oct-23,05-Nov-21,29-Oct-10,FM,FM3,FM,FH5,FH4,FM7,FH3,FM6,FH2,FM5,FH1,FM4,DLC,,,11,XBO,1
FALSE,1971 Plymouth GTX 426 HEMI,Plymouth GTX '71,1331,1971,Plymouth,GTX 426 HEMI,Buy Cars Base,,,,,,,"80,000",Factory,Street Drag Racers,373,D,3.5,1.0,1.2,3.1,,,425,490,3670,8.64,54,6974,NA,V,8,F,RWD,,215,,,"302, 415, 640, 707, 788, 825","TT, PDS",stock,N. America,U.S.,,,2,L,4,,,5.761,13.081,13.433,166.4,133.6,346.8,0.97,0.91,7.320,11722,05-Oct-23,,13-Oct-11,FM,FM4,FM,,,FM7,,FM6,DLC,,,DLC,,,,5,XBO,1
FALSE,1971 Plymouth GTX F&F Edition,Plymouth GTX FF,,1971,Plymouth,GTX F&F Edition,,,,,,,,,Tuner,Fast & Furious,784,S,10.0,5.3,5.3,8.9,,,2000,1615,3800,1.90,51,,TT,V,8,F,RWD,,325,,,none,none,no,N. America,U.S.,,,2,L,4,,,2.900,4.900,10.167,269.2,132.3,336.2,1.19,1.16,2.000,12824,,,29-Sep-17,FM7,FM7,,,,DLC,,,,,,,,,,1,XBO,0
FALSE,1970 Plymouth Cuda F&F Edition,,,1970,Plymouth,Cuda F&F Edition,,,,,,,,,Tuner,[custom],800,A,7.4,,6.8,8.3,,,717,656,3880,5.41,58,6974,,,,F,RWD,,,,,,,,N. America,U.S.,,,2,L,4,,,4.200,,,197.0,,,,,,12220,,,07-Apr-15,FH2,FH2,,,,,,,DLC,,,,,,,1,XBO,0
FALSE,1970 Plymouth Hemi Cuda Convertible Barrett-Jackson Edition,Hemi 'Cuda BJ,,1970,Plymouth,Hemi Cuda Convertible Barrett-Jackson Edition,DLC store,,,,Rare,,,"55,000",Factory,Classic Muscle,689,B,6.4,5.2,5.6,5.7,7.2,,425,490,3965,9.33,57,6974,NA,V,8,F,RWD,,225,Both,Hood,"415, 640, 700","TT, PDS",stock,N. America,U.S.,,,2,L,4,,,5.800,13.200,13.700,156.5,193.7,452.7,0.83,0.83,7.400,13074,,,15-Jan-19,FH4,FM7,,,DLC,DLC,,,,,,,,,,2,XBO,0
FALSE,1970 Plymouth Road Runner F&F Edition,,,1970,Plymouth,Road Runner F&F Edition,,,,,,,,,Tuner,[custom],800,A,6.7,,6.9,8.3,,,670,600,3750,5.60,58,7206,,,,F,RWD,,,,,,,,N. America,U.S.,,,2,L,4,,,4.300,,,179.5,,,,,,12221,,,07-Apr-15,FH2,FH2,,,,,,,DLC,,,,,,,1,XBO,0
FALSE,1968 Plymouth Barracuda Formula-S,Barracuda,281,1968,Plymouth,Barracuda Formula-S,Seasonal,Series 9 cu,,,Rare,,,"250,000",Factory,Classic Muscle,550,C,5.2,2.9,4.3,3.8,3.4,6.3,300,400,3470,11.57,57,6286,NA,V,8,F,RWD,,205,Both,Hood,"415, 475d, 640, 707, 425, 800, 1500","TT, PDS",stock,N. America,U.S.,,,2,L,4,,,6.983,17.482,13.410,143.3,166.0,407.6,0.82,0.81,10.499,11336,,30-Jun-22,29-May-07,FH5,FM2,,cu,,,,,,,,FM4,FM3,FM2,,4,XBO,0
FALSE,1964 Plymouth Belvedere,Belvedere '64,3244,1964,Plymouth,Belvedere,Exclusive,Series 27 cu,,,,,,,Factory,Classic Muscle,,,,,,,,,,,,,,,,,,,,,,,,,,,N. America,U.S.,,,,L,4,,,,,,,,,,,,13438,,09-Nov-23,09-Nov-23,FH5,FH5,,cu,,,,,,,,,,,,1,XBO,0
FALSE,1959 Plymouth Atomic Punk Bubbletop,Atomic Punk '59,,1959,Plymouth,Atomic Punk Bubbletop,DLC store,,,,Epic,,,"105,000",Tuner,Rods and Customs,717,A,7.1,4.9,5.8,6.2,7.4,,450,501,2700,6.00,51,6424,NA,V,8,F,RWD,,305,no,Forza,"415, 485, 850",none,stock,N. America,U.S.,,,1,L,4,,,4.200,8.900,11.783,178.7,175.6,436.7,0.85,0.84,4.700,13073,,,15-Jan-19,FH4,FM7,,,DLC,DLC,,,,,,,,,,2,XBO,0
FALSE,1958 Plymouth Fury,Plymouth Fury,2216,1958,Plymouth,Fury,Seasonal,Series 15 cu,,,Rare,,,"250,000",Factory,Rods and Customs,477,D,5.2,2.1,3.6,3.2,2.8,5.8,305,370,3595,11.79,57,5734,NA,V,8,F,RWD,,225,Both,Hood,"415, 475d, 640, 800, 1500, 1750","TT, PDS",stock,N. America,U.S.,,,2,L,4,,IMC,7.016,15.600,16.000,143.9,180.2,443.3,0.76,0.76,8.584,12421,,15-Dec-22,01-Dec-15,FH5,FM6,,cu,cu,FM7,FH3,DLC,,,,,,,,5,XBO,0
FALSE,2021 Polaris RZR Pro XP Factory Racing Limited Edition,RZR Racing,3686,2021,Polaris,RZR Pro XP Factory Racing Limited Edition,DLC,FH5 Rally Adv,,,Rare,,,"75,000",Race,UTV's,516,C,3.3,5.1,4.0,3.4,3.5,10.0,181,120,2060,11.38,45,930,T,Inline,2,M,AWD,,245,Profile,,"196, 300",none,eng,N. America,U.S.,,,2,L,4,,,5.242,999.999,,91.4,141.0,na,0.91,0.90,994.757,13347,,29-Mar-23,29-Mar-23,FH5,FH5,,DLC,,,,,,,,,,,,1,XBO,0
FALSE,2021 Polaris RZR Pro XP Ultimate,Polaris RZR Pro,3687,2021,Polaris,RZR Pro XP Ultimate,Seasonal,Series 18 cu,,,Rare,,,"250,000",Race,UTV's,593,C,3.4,4.8,3.6,4.0,4.2,8.9,181,120,1870,10.33,45,930,T,Inline,2,M,AWD,,245,no,none,"196, 300",none,eng,N. America,U.S.,,,2,L,4,,,5.412,999.999,,91.0,130.2,na,0.94,0.93,994.587,13337,,16-Mar-23,16-Mar-23,FH5,FH5,,cu,,,,,,,,,,,,1,XBO,0
FALSE,2015 Polaris RZR XP 1000 EPS,RZR 1000,2521,2015,Polaris,RZR XP 1000 EPS,"Autoshow, WS",,,,Common,,,"25,000",Factory,UTV's,501,C,3.4,4.4,3.5,3.8,3.8,9.0,110,70,1530,13.91,45,999,NA,Inline,2,R,AWD,,280,no,none,"196, 300",T,stock,N. America,U.S.,,,2,L,4,,RPC,7.521,999.999,15.533,98.4,136.0,na,0.96,0.95,992.478,12611,,05-Nov-21,23-Sep-16,FH5,FH3,,FH5,FH4,FM7,FH3,,,,,,,,,4,XBO,0
FALSE,2015 Polaris RZR XP 1000 EPS Horizon Edition,,,2015,Polaris,RZR XP 1000 EPS Horizon Edition,,,,,,,,,Upgraded,Offroad Buggies,524,C,3.5,6.3,6.1,6.6,7.1,,110,70,1530,13.91,45,999,NA,Inline,2,R,AWD,,,,,,,stock,N. America,U.S.,,,2,L,4,,,,,,,,,,,.000,12612,,,23-Sep-16,FH3,FH3,,,,,HE,,,,,,,,,1,XBO,0
FALSE,2015 Polaris RZR XP 1000 EPS Rockstar Edition,,,2015,Polaris,RZR XP 1000 EPS Rockstar Edition,,,,,,,,,Livery,Offroad Buggies,520,C,3.5,6.3,6.1,6.5,7.0,,110,70,1530,13.91,45,999,NA,Inline,2,R,AWD,,,,,,,stock,N. America,U.S.,,,2,L,4,,RPC,7.639,999.999,,98.5,192,na,0.75,0.73,992.360,12613,,,23-Sep-16,FH3,FH3,,,,,FH3,,,,,,,,,1,XBO,0
FALSE,2009 Pontiac G8 GXP,Pontiac G8 GXP,,2009,Pontiac,G8 GXP,,,,,,,,,Factory,Sport Touring Icons,482,C,6.6,4.5,4.5,7.7,,,415,415,4023,9.69,53,,NA,V,8,F,RWD,,245,,,825,"TT, PDS, CS",stock,N. America,U.S.,,,2,L,4,,,4.700,11.100,13.083,175.3,147.5,359.0,1.07,1.04,6.400,11562,,,27-Oct-09,FM7,FM3,,,,FM7,,,,,,FM4,FM3,,,3,XBO,0
FALSE,2009 Pontiac Solstice GXP,Pontiac Solstice,,2009,Pontiac,Solstice GXP,,,,,,,,,Factory,Sport Coupe,429,C,5.7,4.5,4.7,6.9,,,260,260,3018,11.61,50,,T,Inline,4,F,RWD,,245,,,"332, 415",none,eng,N. America,U.S.,,,2,L,4,,,5.200,13.083,13.683,153.7,126.8,320.6,1.11,1.06,7.883,11814,,,14-Oct-11,FM7,FM4,,,,FM7,,FM6,,DLC,,FM4,,,,4,XBO,0
FALSE,2006 Pontiac GTO,,,2006,Pontiac,GTO,,,,,,,,,Factory,Sports,440,B,,,,,,,400,400,3878,9.70,,,,,8,F,RWD,,,,,,,,N. America,U.S.,,,2,L,4,,,4.800,,,180.1,,,,,,11812,,,14-Oct-11,FM4,FM4,,,,,,,,,,FM4,,,,1,360,0
FALSE,2006 Pontiac Solstice,,,2006,Pontiac,Solstice,,,,,,,,,Factory,Roadster,252,E,,,,,,,177,165,2859,16.15,,,,,4,F,RWD,,,,,,,,N. America,U.S.,,,2,L,4,,,7.400,21.534,,,,,,,,11337,,,29-May-07,FM3,FM2,,,,,,,,,,,FM3,FM2,,2,360,0
FALSE,2005 Pontiac Aztek,Pontiac Aztek,,2005,Pontiac,Aztek,,,,,,,,,Factory,? none/Utility,,,4.3,3.1,3.1,5.3,,,185,210,3923,21.21,60,,NA,V,6,F,FWD,,,,,,,stock,N. America,U.S.,,,5,L,4,,,10.800,32.818,,115.0,115.5,324.9,0.91,0.77,22.018,12433,,,28-Jan-16,FM6,FM6,,,,,,DLC,,,,,,,,1,XBO,0
FALSE,2004 Pontiac GTO,,,2004,Pontiac,GTO,,,,,,,,,Factory,Coupe,340,D,,,,,,,350,365,3780,10.80,,,,,8,F,RWD,,,,,,,,N. America,U.S.,,,2,L,4,,,5.400,13.032,,,,,,,,11167,,,03-May-05,FM3,FM1,,,,,,,,,,,FM3,FM2,FM1,3,360,0
FALSE,2002 Pontiac Firebird Trans Am Ram Air,Pontiac T/A '02,1065,2002,Pontiac,Firebird Trans Am Ram Air,Buy Cars Base,,,,,,,"74,000",Factory,Sport Touring Classics,444,C,3.8,2.1,2.5,2.6,,,325,350,3495,10.75,58,5700,NA,V,8,F,RWD,,275,,,"415, 425, 565, 640, 825","TT, PDS, CS",stock,N. America,U.S.,Pontiac Firebird,,2,L,4,,,5.200,12.500,13.400,168.1,136.6,342.1,1.08,1.05,7.300,11561,05-Oct-23,,27-Oct-09,FM,FM3,FM,,,FM7,,FM6,,DLC,,FM4,FM3,,,6,XBO,1
FALSE,1988 Pontiac Fiero GT,,,1988,Pontiac,Fiero GT,,,,,,,,,Factory,Sports,233,E,,,,,,,135,165,2790,20.67,,,,,6,M,RWD,,,,,,,,N. America,U.S.,,,2,L,4,,,7.983,,,129.4,,,,,,11842,,,06-Dec-11,FM4,FM4,,,,,,,,,,DLC,,,,1,360,0
FALSE,1987 Pontiac Firebird Trans Am GTA,Pontiac T/A '87,1045,1987,Pontiac,Firebird Trans Am GTA,Buy Cars Base,,,,Common,,,"55,000",Factory,Sport Touring Classics,319,D,2.6,1.7,2.0,2.0,,,210,315,3530,16.81,57,5733,NA,V,8,F,RWD,,245,no,,"415, 425, 565, 640, 825","TT, PDS, CS",stock,N. America,U.S.,Pontiac Firebird,,2,L,4,,"RPC, IMC",7.085,18.684,15.517,148.2,163.4,407.2,0.83,0.82,11.599,11560,05-Oct-23,05-Nov-21,27-Oct-09,FM,FM3,FM,FH5,FH4,FM7,FH3,FM6,FH2,DLC,,FM4,FM3,,,10,XBO,1
FALSE,1987 Pontiac Firebird Trans Am GTA Forza Edition,Pontiac T/A FE,3573,1987,Pontiac,Firebird Trans Am GTA Forza Edition,"WS, Seasonal",,,,FE,Drift Skills,,"500,000",Upgraded,Track Toys,900,S1,6.9,6.3,7.1,5.5,5.8,3.4,850,590,3219,12.54,57,5870,,,,F,RWD,,315,no,none,none,"TT, PDS",,N. America,U.S.,,,2,L,4,,,7.045,,18.614,191.9,124.5,292.9,1.30,1.50,na,12825,,05-Nov-21,29-Sep-17,FH5,FM7,,FH5,,FE,,,,,,,,,,2,XBO,0
FALSE,1977 Pontiac Firebird Trans Am,Pontiac T/A '77,1276,1977,Pontiac,Firebird Trans Am,"Autoshow, WS",,,,Rare,,,"45,000",Factory,Classic Muscle,418,D,5.1,2.1,3.9,3.1,2.0,5.7,201,325,3800,18.91,58,6600,NA,V,8,F,RWD,,225,Rear,Hood,"415, 475d, 640, 800","TT, PDS",stock,N. America,U.S.,Firebird,,2,L,4,,IMC,7.884,21.983,16.082,136.1,176.2,437.3,0.77,0.76,14.099,11810,,05-Nov-21,14-Oct-11,FH5,FM4,,FH5,FH4,FM7,FH3,FM6,FH2,FM5,FH1,FM4,,,,9,XBO,0
FALSE,1973 Pontiac Firebird Trans Am SD-455,Pontiac T/A '73,1005,1973,Pontiac,Firebird Trans Am SD-455,Buy Cars Base,,,,Common,,,"80,000",Factory,Vintage Muscle,358,D,2.7,1.1,1.3,2.8,,,372,480,3695,9.93,58,7456,NA,V,8,F,RWD,,215,Both,,"302, 415, 565, 640, 825",PDS,stock,N. America,U.S.,Pontiac Firebird,,2,L,4,,MvT,5.387,12.785,,152.1,173.6,429.2,0.78,0.78,7.398,11399,05-Oct-23,10-Aug-23,07-Dec-07,FM,FM2,FM,cu,FH4,FM7,FH3,FM6,FH2,FM5,,FM4,FM3,DLC,,11,XBO,1
FALSE,1969 Pontiac Firebird Trans Am,Pontiac T/A '69,1337,1969,Pontiac,Firebird Trans Am,Buy Cars Base,,,,,,,"79,000",Factory,Vintage Muscle,345,D,1.9,1.1,1.2,2.7,,,345,430,3422,9.92,58,6600,NA,V,8,F,RWD,,215,,,"302, 415, 425, 565, 630, 788, 825","TT, PDS",stock,N. America,U.S.,Pontiac Firebird,,2,L,4,,,5.184,14.000,14.200,143.6,140.0,355.9,0.98,0.92,8.816,11811,05-Oct-23,,14-Oct-11,FM,FM4,FM,,,FM7,,FM6,,FM5,,FM4,,,,5,XBO,1
FALSE,1969 Pontiac GTO Judge,Pontiac GTO '69,1309,1969,Pontiac,GTO Judge,Buy Cars Base,,,,Rare,,,"80,000",Factory,Street Drag Racers,349,D,1.5,1.1,1.2,2.7,,,365,445,3647,9.99,58,6548,NA,V,8,F,RWD,,225,Yes,,"302, 415, 425, 565, 630, 788, 825",PDS,stock,N. America,U.S.,,,2,L,4,,MvT,6.186,13.950,14.050,135.4,210.0,504.3,0.73,0.72,7.764,11813,05-Oct-23,23-Nov-23,14-Oct-11,FM,FM4,FM,cu,FH4,FM7,FH3,FM6,FH2,FM5,FH1,FM4,,,,10,XBO,1
FALSE,1968 Pontiac Firebird,Firebird '68,1338,1968,Pontiac,Firebird,Exclusive,,,,Epic,,,"250,000",Factory,Classic Muscle,509,C,5.9,4.3,4.4,5.0,6.2,,343,430,3401,9.92,58,6555,NA,V,8,F,RWD,,215,Both,Hood,"415, 640","TT, PDS",stock,N. America,U.S.,Firebird,,2,L,4,,,5.500,14.100,,140.2,210.3,508.4,0.73,0.72,8.600,11723,,16-Nov-23,13-Oct-11,FH5,FM4,,cu,cu,,,,,,,DLC,,,,3,XBO,0
FALSE,1968 Pontiac GTO Hardtop,,,1968,Pontiac,GTO Hardtop,,,,,,,,,Factory,Coupe,222,E,,,,,,,360,445,3645,10.13,,,,,8,F,RWD,,,,,,,,N. America,U.S.,,,2,L,4,,,6.500,15.047,,,,,,,,11168,,,03-May-05,FM3,FM1,,,,,,,,,,,FM3,FM2,FM1,3,360,0
FALSE,1965 Pontiac GTO,Pontiac GTO '65,1285,1965,Pontiac,GTO,"Autoshow, WS",,,,Common,,,"48,000",Factory,Classic Muscle,484,D,4.7,2.0,3.2,3.1,2.9,5.4,360,424,3468,9.63,58,6372,NA,V,8,F,RWD,,195,Rear,Hood,"415, 475d, 640, 800, 1500","TT, PDS",stock,N. America,U.S.,GTO,,2,L,4,,,5.727,13.264,14.500,127.5,183.5,457.9,0.74,0.74,7.537,11724,,05-Nov-21,13-Oct-11,FH5,FM4,,FH5,cu,FM7,DLC,,,,,DLC,,,,5,XBO,0
FALSE,2024 Porsche #5 Porsche Penske Motorsport 963,#5 Porsche 963,3876,2024,Porsche,#5 Porsche Penske Motorsport 963,Buy Cars DLC,FM Porsche Combo,Gift w/DLC,,,,,"291,000",Race,Forza Proto-H,957,P,7.0,9.7,9.8,8.2,,,670,486,2469,3.69,44,4600,TT,V,8,M,RWD,/R18,/R18,,Adjustable,none,none,,Europe,Germany,,,2,L,4,,,2.600,5.000,9.700,212.6,78.4,188.4,1.62,2.26,2.400,,10-Jun-24,,10-Jun-24,FM,FM,DLC,,,,,,,,,,,,,1,XBO,1
FALSE,2023 Porsche 911 GT3 R,911 GT3 R '23,3951,2023,Porsche,911 GT3 R,Buy Cars Base,FM Update 19,,,,,,"307,000",Race,Forza GT3,820,P,4.8,6.6,6.5,6.4,,,558,360,2949,5.28,43,4200,NA,Flat,6,R,RWD,300/R18,310/R18,,Adjustable,none,none,,Europe,Germany,,,2,L,4,,,2.900,6.300,10.633,183.6,90.5,226.1,1.43,1.67,3.400,,07-Apr-25,07-Nov-24,07-Nov-24,FM,FH5,S,cu,,,,,,,,,,,,2,XBO,1
FALSE,2023 Porsche 911 GT3 RS,P. 911 GT3 RS 23,3781,2023,Porsche,911 GT3 RS,Buy Cars Base,FM Update 18,,,,,,"316,000",Factory,Modern Sport GT,783,S,5.4,6.1,5.8,5.7,,,518,343,3197,6.17,39,4000,NA,Flat,6,R,RWD,275/R20,335/R21,,Adjustable,"361, 562, 603, 630, 788",TT,,Europe,Germany,,,2,L,4,,,3.000,6.900,10.884,190.8,98.6,237.6,1.36,1.58,3.900,,26-Mar-25,07-Nov-24,07-Nov-24,FM,FH5,S,cu,,,,,,,,,,,,2,XBO,1
FALSE,2023 Porsche 911 Rallye,P. 911 Rallye,3910,2023,Porsche,911 Rallye,Seasonal,,,,,,,,Factory,Rally Monsters,,,,,,,,,,,,,,,,,,,,,,,,,,,Europe,Germany,,,,,,,,,,,,,,,,,,,,,FH5,FH5,,cu,,,,,,,,,,,,1,XBO,0
FALSE,2023 Porsche 911 Turbo S,911 Turbo S '23,3953,2023,Porsche,911 Turbo S,Reward,FM Update 19,,,,,,"321,000",Factory,Modern Sport GT,789,S,6.7,4.3,3.8,6.7,,,641,590,3450,5.38,38,3800,TT,Flat,6,R,AWD,255/R20,315,,Aftermarket,"361, 562, 603, 630, 788",none,,Europe,Germany,,,2,L,4,,,2.200,5.300,10.083,205.2,105.5,258.2,1.22,1.26,3.100,,09-Apr-25,07-Nov-24,07-Nov-24,FM,FH5,R,cu,,,,,,,,,,,,2,XBO,1
FALSE,2023 Porsche Taycan Cross Turismo Turbo S,Taycan CT '23,3890,2023,Porsche,Taycan Cross Turismo Turbo S,Seasonal,,,,,,,,Factory,Super Saloons,,,,,,,,,,,,,,,,,,,,,,,,,,,Europe,Germany,,,,,,,,,,,,,,,,,,,,,FH5,FH5,,cu,,,,,,,,,,,,1,XBO,0
FALSE,2022 Porsche 718 Cayman GT4 RS,P. 718 GT4 '22,3760,2022,Porsche,718 Cayman GT4 RS,Reward,FM Update 5,Featured Ringer Tour,,,,,"245,000",Factory,Modern Sport Coupe,730,S,6.3,4.3,4.3,5.5,,,493,332,3120,6.33,45,3996,NA,Flat,6,M,RWD,245/35R20,295/30R20,,Forza,"361, 562, 630, 788",TT,,Europe,Germany,Porsche Cayman,,2,R,4,,,3.200,7.100,11.900,203.9,98.9,251.5,1.27,1.32,3.900,13423,06-Mar-24,10-Oct-23,10-Oct-23,FM,FH5,R,DLC,,,,,,,,,,,,2,XBO,1
FALSE,2021 Porsche 911 GT3,P. 911 GT3 '21,3667,2021,Porsche,911 GT3,Buy Cars Base,,,,Epic,,,"262,000",Factory,Modern Sport GT,737,S,6.1,4.7,4.5,5.4,,,503,346,3164,6.29,39,3996,NA,Flat,6,R,RWD,,315,Both,Forza,"361, 562, 603, 630, 788",TT,stock,Europe,Germany,Porsche 911,,2,L,4,,,3.283,7.101,,202.8,84.4,197.0,1.27,1.46,3.818,13296,05-Oct-23,02-Jun-22,06-Jun-22,FM,FH5,FM,cu,,,,,,,,,,,,2,XBO,1
FALSE,2021 Porsche Mission R,Porsche MissionR,3698,2021,Porsche,Mission R,Buy Cars Base,,,,Epic,,,"326,000",Race,Mission R Spec,879,R,4.2,6.0,5.9,6.1,,,671,741,3307,4.93,40,0,E,E,E,M,AWD,,310,Front,,none,none,E,Europe,Germany,,,2,L,4,,,2.515,5.116,,183.7,65.9,164.6,1.69,2.02,2.601,13356,05-Oct-23,18-May-23,18-May-23,FM,FH5,FM,cu,,,,,,,,,,,,2,XBO,1
FALSE,2020 Porsche Taycan Turbo S,P. Taycan '20,3445,2020,Porsche,Taycan Turbo S,Buy Cars Base,,,,Common,,,"280,000",Factory,Sport Luxury,749,S,3.7,3.1,2.9,7.7,,,752,774,5121,6.81,49,0,E,E,E,R,AWD,,305,Both,Forza,none,none,E,Europe,Germany,,,4,L,4,,,2.400,6.000,,171.4,94.3,245.7,0.95,0.97,3.600,13252,05-Oct-23,05-Nov-21,05-Nov-21,FM,FH5,FM,FH5,,,,,,,,,,,,2,XBO,1
FALSE,2020 Porsche Taycan Turbo S 'Welcome Pack',Taycan S WP,3685,2020,Porsche,Taycan Turbo S 'Welcome Pack',DLC Autoshow,FH5 Welcome Pack,,,Common,,,"185,000",Upgraded,Super Saloons,900,S1,10.0,7.2,7.8,9.7,10.0,4.4,902,929,3858,4.28,49,0,E,E,E,R,AWD,,305,Both,Forza,none,none,E,Europe,Germany,,,4,L,4,,,2.400,6.000,,268.3,85.7,206.3,1.21,1.31,3.600,13253,,05-Nov-21,05-Nov-21,FH5,FH5,,DLC,,,,,,,,,,,,1,XBO,0
FALSE,2019 Porsche #4 Porsche Motorsport 718 Cayman GT4 Clubsport,#4 Cayman GT4 CS,,2019,Porsche,#4 Porsche Motorsport 718 Cayman GT4 Clubsport,,,,,,,,"400,000",Race,Forza GT,742,S,6.7,6.5,6.6,8.2,,,420,313,2910,6.93,44,,,,,M,RWD,,270,,,none,none,,Europe,Germany,,,2,L,4,,,3.700,8.183,11.933,180.1,119.0,279.3,1.36,1.54,4.483,13107,,,05-Aug-19,FM7,FM7,,,,cu,,,,,,,,,,1,XBO,0
FALSE,2019 Porsche #70 Porsche Motorsport 935,Porsche #70 935,3214,2019,Porsche,#70 Porsche Motorsport 935,Reward,FM Update 8,Featured Track Toys Tour,,Legendary,,,"307,000",Race,Modern Factory Racecars,819,R,6.5,5.7,5.8,7.1,9.1,4.8,691,550,3042,4.40,43,3800,TT,Flat,6,R,RWD,275,310,Both,Adustable,none,none,eng,Europe,Germany,Porsche 911,,2,L,4,,,2.718,5.416,10.233,203.9,94.6,229.4,1.39,1.53,2.698,13354,12-Jun-24,04-May-23,04-May-23,FM,FH5,R,cu,,,,,,,,,,,,2,XBO,1
FALSE,2019 Porsche 911 Carrera S,P. 911 CS '19,3123,2019,Porsche,911 Carrera S,Buy Cars Base,,,,Rare,,,"134,000",Factory,Modern Sport GT,685,A,6.3,3.6,3.6,5.2,6.9,4.5,444,391,3261,7.34,45,2981,TT,Flat,6,R,RWD,,305,Both,Forza,"361, 394F, 562, 603, 788",none,eng,Europe,Germany,Porsche 911,,2,L,4,,,3.386,7.785,,203.1,92.1,220.0,1.14,1.28,4.399,13063,05-Oct-23,05-Nov-21,14-Jan-19,FM,FH4,FM,FH5,DLC,,,,,,,,,,,3,XBO,1
FALSE,2019 Porsche 911 GT3 RS,P. 911 GT3 RS 19,3072,2019,Porsche,911 GT3 RS,Buy Cars Base,,,,Epic,,,"289,000",Factory,Modern Sport GT,756,S,5.7,5.2,4.9,5.8,,,514,346,3153,6.13,39,3996,NA,Flat,6,R,RWD,,325,Both,WB kit,"361, 562, 603, 630, 788",TT,stock,Europe,Germany,Porsche 911,,2,L,4,,,3.000,6.900,11.217,198.8,82.1,196.4,1.28,1.46,3.900,12900,05-Oct-23,05-Nov-21,10-Jul-18,FM,FM7,FM,FH5,cu,cu,,,,,,,,,,4,XBO,1
FALSE,2019 Porsche 911 GT3 RS Forza Edition,911 GT3 RS FE,3574,2019,Porsche,911 GT3 RS Forza Edition,Car Collection,,,,FE,Stunt Skills,,"255,000",Upgraded,Rally Monsters,900,S1,7.0,7.8,7.0,10.0,10.0,8.1,600,664,2844,4.74,44,3996,TT,Flat,6,R,AWD,,335,no,Forza,none,none,stock,Europe,Germany,911,,2,L,4,,,3.000,6.000,,203.8,77.3,187.9,1.29,1.49,3.000,13250,,05-Nov-21,05-Nov-21,FH5,FH5,,FH5,,,,,,,,,,,,1,XBO,0
FALSE,2019 Porsche 911 Speedster,P. 911 S '19,3215,2019,Porsche,911 Speedster,Buy Cars Base,,,,Rare,,,"135,000",Factory,Modern Sport GT,689,A,6.5,3.8,3.6,4.9,6.4,5.0,503,346,3230,6.42,39,3996,NA,Flat,6,R,RWD,,305,Both,Forza,"361, 562, 603, 630, 788",TT,stock,Europe,Germany,Porsche 911,Toggle,2,L,4,,,3.818,8.000,,205.4,93.1,223.4,1.12,1.23,4.182,13288,05-Oct-23,21-Apr-22,21-Apr-22,FM,FH5,FM,DLC,,,,,,,,,,,,2,XBO,1
FALSE,2019 Porsche Macan Turbo,Macan Turbo '19,3074,2019,Porsche,Macan Turbo,"Autoshow, WS",,Accolade,,Rare,,,"135,000",Factory,Sports Utility Heroes,695,B,6.2,4.0,4.9,5.8,9.4,6.3,434,405,4277,9.85,57,2894,TT,V,6,F,AWD,,295,no,Forza,"510, 493(30k), 602",none,eng,Europe,Germany,,,5,L,4,,,3.700,10.400,,172.1,122.2,321.4,0.92,0.91,6.700,13112,,05-Nov-21,27-Aug-19,FH5,FH4,,FH5,cu,,,,,,,,,,,2,XBO,0
FALSE,2018 Porsche #73 Park Place Motorsports 911 GT3 R,Porsche #73 GT3,3218,2018,Porsche,#73 Park Place Motorsports 911 GT3 R,Buy Cars DLC,FM Race Day,Gift w/DLC,,,,,"301,000",Race,Forza GT3,801,R,4.9,6.2,6.4,5.7,,,493,338,2887,5.86,43,4000,NA,Flat,6,R,RWD,300/R18,310/R18,,Adjustable,none,none,,Europe,Germany,Porsche 911,,2,L,4,,,4.276,7.800,11.000,187.1,93.8,233.6,1.37,1.51,3.524,13413,05-Oct-23,,05-Oct-23,FM,FM,DLC,,,,,,,,,,,,,1,XBO,1
FALSE,2018 Porsche 718 Cayman GTS,P. 718 GTS '18,3117,2018,Porsche,718 Cayman GTS,Buy Cars Base,,,,Epic,,,"90,000",Factory,Modern Sport Coupe,608,A,5.1,3.0,2.9,4.5,7.0,4.4,361,317,3097,8.58,44,2497,T,Flat,4,M,RWD,,265,Both,Forza,"361, 394F, 562, 630, 788",none,eng,Europe,Germany,Porsche Cayman,,2,L,4,,,3.600,8.684,,179.8,115.1,278.2,1.10,1.21,5.084,13111,05-Oct-23,05-Nov-21,27-Aug-19,FM,FH4,FM,FH5,cu,,,,,,,,,,,3,XBO,1
FALSE,2018 Porsche 911 GT2 RS,P. 911 GT2 RS 18,2755,2018,Porsche,911 GT2 RS,Buy Cars Base,,,,Epic,,,"336,000",Factory,Modern Sport GT,803,R,7.1,5.1,4.8,7.4,,,691,553,3197,4.63,40,3800,TT,Flat,6,R,RWD,,325,no,JD bodykit,"361, 562, 603, 630, 788",none,no,Europe,Germany,Porsche 911,,2,L,4,,FF,2.900,5.700,10.633,219.2,84.2,196.6,1.28,1.46,2.800,12826,05-Oct-23,05-Nov-21,29-Sep-17,FM,FM7,FM,FH5,FH4,FM7,,,,,,,,,,4,XBO,1
FALSE,2018 Porsche 911 GT2 RS Forza Edition,Porsche 911 FE,3807,2018,Porsche,911 GT2 RS Forza Edition,Reward,FM Launch,FM Loyalty,,,,,"410,000",Upgraded,Modern Sport GT,900,R,9.1,5.9,5.6,8.3,,,1046,796,3230,3.09,42,3800,TT,Flat,6,R,RWD,305/R20,325/R21,,Adjustable,none,none,,Europe,Germany,Porsche 911,,2,L,4,,,2.589,5.340,9.483,243.6,,,1.37,1.51,2.751,13415,05-Oct-23,,05-Oct-23,FM,FM,R,,,,,,,,,,,,,1,XBO,1
FALSE,2018 Porsche 911 GT3 R,Porsche GT3 R,3218,2018,Porsche,911 GT3 R,DLC,,,,,,,,Factory,,,,,,,,,,,,,,,,,,,,,,,,,,,,Europe,Germany,,,,,4,,,,,,,,,,,,,,,,FH5,FH5,,DLC,,,,,,,,,,,,1,XBO,0
FALSE,2018 Porsche Cayenne Turbo,Porsche Cayenne,2773,2018,Porsche,Cayenne Turbo,"Autoshow, WS",,Accolade,,Epic,,,"220,000",Factory,Sports Utility Heroes,744,A,6.7,6.0,5.3,7.4,9.8,5.9,550,567,4796,8.72,52,3996,TT,V,8,F,AWD,,315,no,Forza,602,none,eng,Europe,Germany,,,5,L,4,,Heavy,3.700,9.500,11.933,182.1,98.6,248.3,0.96,0.97,5.800,12858,,05-Nov-21,05-Dec-17,FH5,FM7,,FH5,FH4,DLC,,,,,,,,,,3,XBO,0
FALSE,2018 Porsche Macan LPR Rally Raid,Porsche Macan RR,3074,2018,Porsche,Macan LPR Rally Raid,"WS, Seasonal",,,,Epic,,,"250,000",Race,Offroad,637,B,5.1,4.7,3.9,4.7,4.6,10.0,360,442,4899,13.61,53,4950,NA,,,F,AWD,,245,no,"Bars, Rally lights","475d, 493(34k), 805, 691, 850, 1750",PDS,stock,Europe,Germany,,,2,L,4,,,4.955,13.968,10.633,141.2,126.6,322.4,0.84,0.84,9.013,13251,,05-Nov-21,05-Nov-21,FH5,FH5,,FH5,,,,,,,,,,,,1,XBO,0
FALSE,2017 Porsche #2 Porsche Team 919 Hybrid,Porsche #2 919,2774,2017,Porsche,#2 Porsche Team 919 Hybrid,Buy Cars Base,,,,,,19-Jun-2024,"390,000",Race,Forza P1,999,X,6.7,10.0,10.0,10.0,,,790,965,2043,2.59,42,2000,T,V,4,M,AWD,310/R18,310/R18,,Adjustable,none,none,no,Europe,Germany,,,2,L,4,,,3.300,5.318,8.900,197.7,78.6,186.1,1.64,2.30,2.018,12827,05-Oct-23,,29-Sep-17,FM,FM7,FM,,,FM7,,,,,,,,,,2,XBO,1
FALSE,2017 Porsche #92 Porsche GT Team 911 RSR,Porsche #92 RSR,2775,2017,Porsche,#92 Porsche GT Team 911 RSR,Buy Cars Base,,,,,,19-Jun-2024,"304,000",Race,Forza GT2,811,R,4.7,6.6,6.7,5.9,,,503,340,2908,5.78,43,4000,NA,Flat,6,M,RWD,300/R18,310/R18,,Adjustable,none,none,stock,Europe,Germany,Porsche 911,,2,L,4,,,4.300,7.500,10.933,183.6,92.3,229.9,1.45,1.69,3.200,12857,05-Oct-23,,05-Dec-17,FM,FM7,FM,cu,,cu,,,,,,,,,,3,XBO,1
FALSE,2017 Porsche Panamera Turbo,P. Panamera '17,2741,2017,Porsche,Panamera Turbo,Buy Cars Base,,,,Rare,,,"123,000",Factory,Sport Luxury,643,A,6.8,3.0,2.6,4.9,,,550,567,4398,8.00,55,3996,TT,V,8,F,AWD,,315,no,Forza,"565, 630, 788",none,no,Europe,Germany,,,4,L,4,,,3.400,8.220,11.617,206.7,99.5,247.3,0.97,1.00,4.820,12676,05-Oct-23,05-Nov-21,12-Apr-17,FM,FH3,FM,FH5,FH4,FM7,DLC,,,,,,,,,5,XBO,1
FALSE,2016 Porsche 911 GT3 RS,911 GT3 RS '16,2528,2016,Porsche,911 GT3 RS,Buy Cars Base,FM Update 1,,,Epic,,25-Oct-2023,"279,000",Factory,Modern Sport GT,748,S,5.8,5.0,4.7,5.7,,,493,339,3131,6.35,39,3996,NA,Flat,6,R,RWD,,325,no,Forza,"361, 562, 603, 630, 788",TT,stock,Europe,Germany,Porsche 911,,2,L,4,,,3.000,7.000,11.100,196.6,83.7,198.1,1.30,1.38,4.000,12674,18-Oct-23,05-Nov-21,12-Apr-17,FM,FH3,S,FH5,FH4,FM7,DLC,,,,,,,,,5,XBO,1
FALSE,2016 Porsche 911 GT3 RS Preorder Car,911 GT3 RS PO,,2016,Porsche,911 GT3 RS Preorder Car,DLC Promo,,,,Legendary,,,"235,000",Upgraded,Track Toys,998,S2,8.6,10.0,10.0,8.7,9.9,,855,565,2756,3.22,39,3996,NA,Flat,6,R,RWD,,325,no,Forza,750,TT,stock,Europe,Germany,,,2,L,4,,,3.000,7.000,,231.6,91.6,213.5,1.52,1.87,4.000,13010,,,28-Sep-18,FH4,FH4,,,DLC,,,,,,,,,,,1,XBO,0
FALSE,2016 Porsche Cayman GT4,Porsche Cayman,2529,2016,Porsche,Cayman GT4,Buy Cars Base,FM Update 19,,,Rare,,,"85,000",Factory,Modern Sport Coupe,668,A,5.0,4.3,4.0,4.3,6.6,4.2,385,309,2995,7.78,44,3800,NA,Flat,6,M,RWD,,295,no,Forza,,"TT, PDS",stock,Europe,Germany,,,2,L,4,,,4.100,9.000,11.667,193.6,87.4,207.8,1.23,1.37,4.900,12675,,05-Nov-21,12-Apr-17,FM,FH3,S,FH5,FH4,FM7,DLC,,,,,,,,,5,XBO,1
FALSE,2015 Porsche #19 Porsche Team 919 Hybrid,#19 Porsche 919,,2015,Porsche,#19 Porsche Team 919 Hybrid,,,,,,,,,Race,Forza P1,997,P,7.7,8.6,8.7,10.0,,,900,1100,1918,2.13,45,,T,V,4,M,AWD,,310,,,none,none,no,Europe,Germany,,,2,L,4,,,3.000,4.800,9.167,202.2,86.4,190.3,1.67,2.34,1.800,12496,,,01-Sep-16,FM7,FM6,,,,FM7,,DLC,,,,,,,,2,XBO,0
FALSE,2015 Porsche #91 Porsche Team Manthey 991 RSR,Porsche #91 RSR,2538,2015,Porsche,#91 Porsche Team Manthey 991 RSR,Buy Cars Base,,,,,,,"303,000",Race,Forza GT2,806,R,4.5,6.3,6.4,6.2,,,490,330,2880,5.88,43,4000,NA,Flat,6,R,RWD,285/R18,310/R18,,Adjustable,none,none,,Europe,Germany,Porsche 911,,2,L,4,,,4.300,7.800,10.700,178.9,96.7,240.6,1.43,1.63,3.500,13414,05-Oct-23,,05-Oct-23,FM,FM,FM,,,,,,,,,,,,,1,XBO,1
FALSE,2015 Porsche Cayman GTS,Porsche Cayman,2293,2015,Porsche,Cayman GTS,Buy Cars Base,FM Update 8,,,Rare,,29-May-2024,"109,000",Factory,Modern Sport Coupe,585,B,4.7,3.1,3.0,4.1,6.2,4.6,340,280,2965,8.72,46,3436,NA,Flat,6,M,RWD,235/R20,265/R20,no,LBWorks,"361, 562, 630, 788","T, PDS",stock,Europe,Germany,Porsche Cayman,,2,L,4,,,4.300,9.800,12.233,179.1,118.6,290.2,1.15,1.14,5.500,12234,22-May-24,05-Nov-21,06-Jun-15,FM,FH2,S,FH5,FH4,,cu,DLC,DLC,,,,,,,6,XBO,1
FALSE,2015 Porsche Macan Turbo,Porsche Macan,,2015,Porsche,Macan Turbo,,,,,Epic,,,"105,000",Factory,Sports Utility Heroes,708,A,6.7,6.4,6.0,7.0,8.9,,400,406,4244,10.61,55,3605,TT,V,6,F,AWD,,295,no,Offroad lights,"510, 493a, 602",none,eng,Europe,Germany,,,5,L,4,,,4.200,12.050,13.083,168.2,158.7,367.0,0.89,0.88,7.850,12235,,,06-Jun-15,FH4,FH2,,,FH4,FM7,cu,DLC,DLC,,,,,,,5,XBO,0
FALSE,2014 Porsche 911 Turbo S,911 Turbo '14,2289,2014,Porsche,911 Turbo S,Buy Cars Base,FM Update 5,,,Rare,,13-Mar-2024,"191,000",Factory,Modern Sport GT,717,S,7.0,3.6,3.3,5.5,9.3,4.6,560,553,3607,6.44,39,3800,TT,Flat,6,R,AWD,245/R20,305/R20,no,Forza,"361, 394F, 562, 603, 630, 788",none,no,Europe,Germany,Porsche 911,,2,L,4,,,2.600,6.800,11.167,212.3,109.1,265.2,1.17,1.19,4.200,12232,06-Mar-24,05-Nov-21,06-Jun-15,FM,FH2,S,FH5,FH4,FM7,cu,DLC,DLC,,,,,,,7,XBO,1
FALSE,2014 Porsche 918 Spyder,P. 918 Spyder 14,2290,2014,Porsche,918 Spyder,Buy Cars Base,,,,Legendary,,,"390,000",Factory,Modern Exotic GT,852,R,7.0,5.3,5.0,8.5,,,887,829,3692,4.16,43,4593,NA,V,8,M,AWD,,325,no,Forza,"603, 630, 788",none,stock,Europe,Germany,,,2,L,4,,,2.200,4.900,9.917,242.5,79.2,187.7,1.29,1.51,2.700,12233,05-Oct-23,05-Nov-21,06-Jun-15,FM,FH2,FM,FH5,FH4,FM7,cu,DLC,DLC,,,,,,,7,XBO,1
FALSE,2012 Porsche 911 GT2 RS,P. 911 GT2 RS 12,1539,2012,Porsche,911 GT2 RS,Buy Cars Base,,,,Epic,,,"307,000",Factory,Modern Sport GT,774,S,6.9,4.7,4.3,6.4,,,611,516,3020,4.94,39,3600,TT,Flat,6,R,RWD,,325,Both,Street Hood,"361, 562, 603, 630, 788",none,no,Europe,Germany,Porsche 911,,2,L,4,,,3.500,6.700,10.250,213.2,84.8,200.8,1.25,1.38,3.200,11900,05-Oct-23,05-Nov-21,22-May-12,FM,FM4,FM,FH5,FH4,FM7,cu,DLC,DLC,,,DLC,,,,8,XBO,1
FALSE,2012 Porsche 911 GT3 RS 4.0,911 GT3 RS4 '12,2297,2012,Porsche,911 GT3 RS 4.0,Seasonal,Series 4 cu,,,Legendary,,,"250,000",Factory,Track Toys,825,S1,7.3,7.4,7.9,7.6,7.1,4.3,493,339,2998,6.08,40,3996,NA,Flat,6,R,RWD,,325,Both,Forza,"493(30k), 691",TT,stock,Europe,Germany,911,,2,L,4,,,3.600,8.000,10.250,202.2,87.9,208.3,1.24,1.35,4.400,12231,,17-Feb-22,06-Jun-15,FH5,FH2,,cu,FH4,FM7,cu,DLC,DLC,,,,,,,6,XBO,0
FALSE,2012 Porsche Cayenne Turbo,Porsche Cayenne,,2012,Porsche,Cayenne Turbo,,,,,Epic,,,"110,000",Factory,Sports Utility Heroes,740,A,7.1,6.3,6.0,7.7,9.5,,500,516,4784,9.57,52,4806,TT,V,8,F,AWD,,295,no,Preset /  Safety Lights,"602, 700",none,eng,Europe,Germany,,,5,L,4,,HH,4.000,9.717,12.400,179.0,150.5,363.1,0.89,0.89,5.717,11901,,,22-May-12,FH4,FM4,,,FH4,FM7,cu,DLC,DLC,,,DLC,,,,6,XBO,0
FALSE,2012 Porsche Cayman R,,,2012,Porsche,Cayman R,,,,,,,,,Factory,Sports,520,A,,,,,,,330,273,3025,9.17,,,,,6,M,RWD,,,,,,,,Europe,Germany,,,2,L,4,,,4.400,,,183.1,,,,,,11902,,,22-May-12,FM4,FM4,,,,,,,,,,DLC,,,,1,360,0
FALSE,2011 Porsche #17 Team Falken 911 GT3-RSR,,,2011,Porsche,#17 Team Falken 911 GT3-RSR,,,,,,,,,Livery,GT2,760,R3,,,,,,,455,332,2690,5.91,,,,,6,R,RWD,,,,,,,,Europe,Germany,,,2,L,4,,,3.700,,,177.0,,,,,,11896,,,22-May-12,FM4,FM4,,,,,,,,,,DLC,,,,1,360,0
FALSE,2011 Porsche #23 Alex Job Racing 911 GT3 Cup,,,2011,Porsche,#23 Alex Job Racing 911 GT3 Cup,,,,,,,,,Race,GT3,733,R3,,,,,,,444,332,2646,5.96,,,,,6,R,RWD,,,,,,,,Europe,Germany,,,2,L,4,,,3.617,,,183.6,,,,,,11897,,,22-May-12,FM4,FM4,,,,,,,,,,DLC,,,,1,360,0
FALSE,2011 Porsche #45 Flying Lizard 911 GT3-RSR,#45 Porsche GT3,,2011,Porsche,#45 Flying Lizard 911 GT3-RSR,,,,,,,,,Race,Forza GT,814,R,6.6,7.0,7.0,8.8,,,455,332,2690,5.91,39,3996,NA,Flat,6,R,RWD,,310,,adjustable,none,none,stock,Europe,Germany,911,,2,L,4,,,3.700,7.500,11.083,175.4,112.7,259.7,1.44,1.66,3.800,11898,,,22-May-12,FM7,FM4,,,,FM7,cu,DLC,,,,DLC,,,,4,XBO,0
FALSE,2011 Porsche #54 Black Swan Racing 911 GT3 Cup,,,2011,Porsche,#54 Black Swan Racing 911 GT3 Cup,,,,,,,,,Livery,GT3,733,R3,,,,,,,444,332,2646,5.96,,,,,6,R,RWD,,,,,,,,Europe,Germany,,,2,L,4,,,3.617,,,183.6,,,,,,11899,,,22-May-12,FM4,FM4,,,,,,,,,,DLC,,,,1,360,0
FALSE,2010 Porsche 911 Sport Classic,Porsche 911 SC,1234,2010,Porsche,911 Sport Classic,DLC Autoshow,FH5 Car Pass,Gift w/DLC,,Epic,,,"205,000",Factory,Modern Supercars,756,A,7.0,6.2,6.3,6.2,5.9,5.2,408,310,3261,7.99,38,3800,NA,Flat,6,R,RWD,,305,Both,Forza,691,TT,stock,Europe,Germany,911,,2,L,4,,,4.400,9.700,10.250,191.4,100.5,250.7,1.00,1.04,5.300,11618,,03-Feb-22,08-Mar-10,FH5,FM3,,DLC,,,,,,,,DLC,DLC,,,3,XBO,0
FALSE,2010 Porsche Boxster S,,,2010,Porsche,Boxster S,,,,,,,,,Factory,Roadster,506,A,,,,,,,310,265,3131,10.10,,,,,6,M,RWD,,,,,,,,Europe,Germany,,,2,L,4,,,5.017,,,180.5,,,,,,11607,,,12-Jan-10,FM4,FM3,,,,,,,,,,DLC,DLC,,,2,360,0
FALSE,2010 Porsche Panamera Turbo,,,2010,Porsche,Panamera Turbo,,,,,,,,,Factory,Sedan,560,A,,,,,,,500,568,4343,8.69,,,,,8,F,AWD,,,,,,,,Europe,Germany,,,4LB,L,4,,,3.585,,,200.0,,,,,,11598,,,08-Dec-09,FM4,FM3,,,,,,,,,,DLC,DLC,,,2,360,0
FALSE,2009 Porsche Cayenne Turbo S,,,2009,Porsche,Cayenne Turbo S,,,,,,,,,Factory,SUV,401,C,,,,,,,550,,5192,9.44,,,TT,V,8,F,AWD,,,,,,,,Europe,Germany,,,5,L,4,,,,,,,,,,,,11569,,,27-Oct-09,FM3,FM3,,,,,,,,,,,FM3,,,1,360,0
FALSE,2008 Porsche #16 Dyson Racing RS Spyder Evo,,,2008,Porsche,#16 Dyson Racing RS Spyder Evo,,,,,,,,,Livery,P2,953,R1,,,,,,,503,284,1764,3.51,,,,,8,M,RWD,,,,,,,,Europe,Germany,,Yes,2,R,4,,,3.000,,,190.7,,,,,,11563,,,27-Oct-09,FM4,FM3,,,,,,,,,,DLC,FM3,,,2,360,0
FALSE,2008 Porsche #2 Gruppe Orange Racing 911 GT3 Cup,,,2008,Porsche,#2 Gruppe Orange Racing 911 GT3 Cup,,,,,,,,,Race,GT3,725,R3,,,,,,,394,294,2513,6.38,,,,,6,R,RWD,,,,,,,,Europe,Germany,,,2,L,4,,,4.700,,,184.8,,,,,,11564,,,27-Oct-09,FM4,FM3,,,,,,,,,,DLC,FM3,,,2,360,0
FALSE,2008 Porsche #45 Flying Lizard 911 GT3-RSR,,,2008,Porsche,#45 Flying Lizard 911 GT3-RSR,,,,,,,,,Livery,GT2,742,R3,,,,,,,465,317,2701,5.81,,,,,6,R,RWD,,,,,,,,Europe,Germany,,,2,L,4,,,3.540,7.562,,,,,,,,11565,,,27-Oct-09,FM3,FM3,,,,,,,,,,,FM3,,,1,360,0
FALSE,2008 Porsche #7 Penske Racing RS Spyder Evo,Porsche RS,,2008,Porsche,#7 Penske Racing RS Spyder Evo,,,,,,,,,Race,Forza P2,964,P,7.1,8.6,8.8,9.4,,,503,284,1818,3.61,44,,NA,V,8,M,RWD,,310,,,none,none,stock,Europe,Germany,,Yes,2,R,4,,,2.700,4.900,10.383,192.0,94.0,207.4,1.67,2.40,2.200,11567,,,27-Oct-09,FM7,FM3,,,,FM7,,DLC,,,,DLC,FM3,,,4,XBO,0
FALSE,2008 Porsche 911 GT2 (997),,,2008,Porsche,911 GT2 (997),,,,,,,,,Factory,Coupe,590,A,,,,,,,530,501,3175,5.99,,,,,6,R,RWD,,,,,,,,Europe,Germany,,,2,L,4,,,3.400,7.700,,,,,,,,11414,,,18-Mar-08,FM3,FM2,,,,,,,,,,,FM3,DLC,,2,360,0
FALSE,2007 Porsche #80 Flying Lizard 911 GT3-RSR,,,2007,Porsche,#80 Flying Lizard 911 GT3-RSR,,,,,,,,,Race,GT2,756,R3,,,,,,,465,317,2701,5.81,,,,,6,R,RWD,,,,,,,,Europe,Germany,,,2,L,4,,,3.560,,,179.8,,,,,,11568,,,27-Oct-09,FM4,FM3,,,,,,,,,,DLC,FM3,,,2,360,0
FALSE,2007 Porsche 911 GT3,P. 911 GT3 '07,263,2007,Porsche,911 GT3,Buy Cars Base,,,,,,,"130,000",Factory,Sport GT Icons,657,A,6.0,3.5,3.4,4.4,,,409,298,3075,7.52,38,3600,NA,Flat,6,R,RWD,235/R19,305/R19,,Forza,"361, 562, 630, 788",TT,,Europe,Germany,Porsche 911,,2,L,4,,,3.800,8.700,12.116,199.9,106.6,276.1,1.19,1.19,4.900,11348,05-Oct-23,,29-May-07,FM,FM2,FM,,,,,,,,,DLC,FM3,FM2,,4,XBO,1
FALSE,2007 Porsche 911 GT3 RS (997),,,2007,Porsche,911 GT3 RS (997),,,,,,,,,Factory,Super,592,A,,,,,,,415,300,3031,7.30,,,,,6,R,RWD,,,,,,,,Europe,Germany,,,2,L,4,,,3.900,,,186.8,,,,,,11388,,,22-Sep-07,FM4,FM2,,,,,,,,,,DLC,DLC,DLC,,3,360,0
FALSE,2007 Porsche 911 Turbo (997),,,2007,Porsche,911 Turbo (997),,,,,,,,,Factory,Super,639,S,,,,,,,480,457,3494,7.28,,,,,6,R,AWD,,,,,,,,Europe,Germany,,,2,L,4,,,3.400,,,204.2,,,,,,11349,,,29-May-07,FM4,FM2,,,,,,,,,,DLC,FM3,FM2,,3,360,0
FALSE,2006 Porsche #81 Synergy Racing 911 GT3 Cup,,,2006,Porsche,#81 Synergy Racing 911 GT3 Cup,,,,,,,,,Livery,,,R4,,,,,,,,,,#DIV/0!,,,,,,R,RWD,,,,,,,,Europe,Germany,,,2,L,4,,,,,,,,,,,,11346,,,29-May-07,FM2,FM2,,,,,,,,,,,,FM2,,1,360,0
FALSE,2006 Porsche #82 Red Bull 911 GT3 Cup,,,2006,Porsche,#82 Red Bull 911 GT3 Cup,,,,,,,,,Livery,GT3,666,S,,,,,,,394,295,2513,6.38,,,,,6,R,RWD,,,,,,,,Europe,Germany,,,2,L,4,,,,,,,,,,,,11347,,,29-May-07,FM3,FM2,,,,,,,,,,,FM3,FM2,,2,360,0
FALSE,2006 Porsche Cayman S,,,2006,Porsche,Cayman S,,,,,,,,,Factory,Coupe,453,B,,,,,,,295,251,2954,10.01,,,,,6,M,RWD,,,,,,,,Europe,Germany,,,2,L,4,,,5.100,12.018,,,,,,,,11351,,,29-May-07,FM3,FM2,,,,,,,,,,,FM3,FM2,,2,360,0
FALSE,2005 Porsche #3 Lechner Racing School 1 911 GT3 Cup,,,2005,Porsche,#3 Lechner Racing School 1 911 GT3 Cup,,,,,,,,,Livery,GT3,656,S,,,,,,,385,287,2535,6.58,,,,,6,R,RWD,,,,,,,,Europe,Germany,,,2,L,4,,,,,,,,,,,,11339,,,29-May-07,FM3,FM2,,,,,,,,,,,FM3,FM2,,2,360,0
FALSE,2005 Porsche #31 Petersen-White Lightning 911 GT3-RSR (996),,,2005,Porsche,#31 Petersen-White Lightning 911 GT3-RSR (996),,,,,,,,,Race,GT2,744,R3,,,,,,,438,302,2480,5.66,,,,,6,R,RWD,,,,,,,,Europe,Germany,,,2,L,4,,,3.700,,,173.1,,,,,,11340,,,29-May-07,FM4,FM2,,,,,,,,,,DLC,FM3,FM2,,3,360,0
FALSE,2005 Porsche #44 Flying Lizard 911 GT3-RSR,,,2005,Porsche,#44 Flying Lizard 911 GT3-RSR,,,,,,,,,Race,,,R3,,,,,,,,,,#DIV/0!,,,,,,R,RWD,,,,,,,,Europe,Germany,,,2,L,4,,,,,,,,,,,,11341,,,29-May-07,FM2,FM2,,,,,,,,,,,,FM2,,1,360,0
FALSE,2005 Porsche #5 XBOX 360 911 GT3-RSR,,,2005,Porsche,#5 XBOX 360 911 GT3-RSR,,,,,,,,,Livery,GT2,715,R3,,,,,,,438,,2480,5.66,,,,,,R,RWD,,,,,,,,Europe,Germany,,,2,L,4,,,,,,,,,,,,11342,,,29-May-07,FM3,FM2,,,,,,,,,,,FM3,FM2,,2,360,0
FALSE,2005 Porsche #55 Applied Materials 911 GT3 Cup,,,2005,Porsche,#55 Applied Materials 911 GT3 Cup,,,,,,,,,Livery,GT3,647,S,,,,,,,385,288,2535,6.58,,,,,6,R,RWD,,,,,,,,Europe,Germany,,,2,L,4,,,,,,,,,,,,11343,,,29-May-07,FM3,FM2,,,,,,,,,,,FM3,FM2,,2,360,0
FALSE,2005 Porsche #66 AXA Racing 911 GT3 Cup (996),,,2005,Porsche,#66 AXA Racing 911 GT3 Cup (996),,,,,,,,,Race,GT3,702,R3,,,,,,,385,287,2535,6.58,,,,,6,R,RWD,,,,,,,,Europe,Germany,,,2,L,4,,,5.000,,,183.2,,,,,,11345,,,29-May-07,FM4,FM2,,,,,,,,,,DLC,FM3,FM2,,3,360,0
FALSE,2004 Porsche #23 Alex Job Racing 911 GT3-RSR,,,2004,Porsche,#23 Alex Job Racing 911 GT3-RSR,,,,,,,,,Race,,,R3,,,,,,,,,,#DIV/0!,,,,,,R,RWD,,,,,,,,Europe,Germany,,,2,L,4,,,,,,,,,,,,11338,,,29-May-07,FM2,FM2,,,,,,,,,,,,FM2,,1,360,0
FALSE,2004 Porsche 911 GT3,P. 911 GT3 '04,262,2004,Porsche,911 GT3,Buy Cars Base,,,,Rare,,,"121,000",Factory,Sport GT Icons,611,A,5.7,3.2,3.2,3.9,,,381,284,3159,8.29,38,3600,NA,Flat,6,R,RWD,,295,Both,Forza,"361, 562, 630, 788",TT,stock,Europe,Germany,Porsche 911,,2,L,4,,,4.200,9.500,12.400,196.9,108.1,271.3,1.09,1.15,5.300,11177,05-Oct-23,05-Nov-21,03-May-05,FM,FM1,FM,FH5,FH4,FM7,cu,DLC,,,,DLC,FM3,FM2,FM1,10,XBO,1
FALSE,2003 Porsche #22 3R-Racing 911 GT3 Cup,,,2003,Porsche,#22 3R-Racing 911 GT3 Cup,,,,,,,,,Livery,,,R4,,,,,,,,,,#DIV/0!,,,,,,R,RWD,,,,,,,,Europe,Germany,,,2,L,4,,,,,,,,,,,,11171,,,03-May-05,FM2,FM1,,,,,,,,,,,,FM2,FM1,2,360,0
FALSE,2003 Porsche Boxster S,,,2003,Porsche,Boxster S,,,,,,,,,Factory,Roadster,392,C,,,,,,,258,229,2930,11.36,,,,,6,M,RWD,,,,,,,,Europe,Germany,,,2,L,4,,,,,,,,,,,,11180,,,03-May-05,FM3,FM1,,,,,,,,,,,FM3,FM2,FM1,3,360,0
FALSE,2003 Porsche Carrera GT,P.CarreraGT '03,292,2003,Porsche,Carrera GT,Buy Cars Base,,,,Epic,,,"288,000",Factory,Exotic GT Classics,750,S,6.6,4.5,4.2,5.6,,,605,435,3258,5.39,42,5733,NA,V,10,M,RWD,,335,Both,Forza,"603, 690, 788",TT,stock,Europe,Germany,,,2,L,4,,,3.600,7.000,11.300,209.7,90.1,216.0,1.16,1.28,3.400,11181,05-Oct-23,05-Nov-21,03-May-05,FM,FM1,FM,FH5,FH4,FM7,cu,DLC,DLC,,,DLC,FM3,FM2,FM1,11,XBO,1
FALSE,2002 Porsche #57 Larbre McDonalds 996 GT3 Cup,,,2002,Porsche,#57 Larbre McDonalds 996 GT3 Cup,,,,,,,,,Livery,,,R4,,,,,,,,,,#DIV/0!,,,,,,R,RWD,,,,,,,,Europe,Germany,,,2,L,4,,,,,,,,,,,,11344,,,29-May-07,FM2,FM2,,,,,,,,,,,,FM2,,1,360,0
FALSE,2000 Porsche #23 IMSA 911 GT3-RS,,,2000,Porsche,#23 IMSA 911 GT3-RS,,,,,,,,,Race,,,GTS,,,,,,,,,,#DIV/0!,,,,,,R,RWD,,,,,,,,Europe,Germany,,,2,L,4,,,,,,,,,,,,11172,,,03-May-05,FM1,FM1,,,,,,,,,,,,,FM1,1,360,0
FALSE,1998 Porsche #26 Porsche AG 911 GT1-98,#26 Porsche GT1,,1998,Porsche,#26 Porsche AG 911 GT1-98,,,,,,,,,Race,Modern GT Racing,,,6.6,7.4,7.5,8.9,,,550,464,2094,3.81,49,,TT,Flat,6,M,RWD,,,,,,,no,Europe,Germany,911,,2,R,4,,,3.300,6.000,,178.2,89.9,217.2,1.52,1.81,2.700,11173,,,03-May-05,FM6,FM1,,,,,,DLC,,,,DLC,FM3,FM2,FM1,5,XBO,0
FALSE,1998 Porsche #5 Zakspeed Racing 911 GT1-98,,,1998,Porsche,#5 Zakspeed Racing 911 GT1-98,,,,,,,,,Livery,GTS,850,R2,,,,,,,550,,2094,3.81,,,,,,M,RWD,,,,,,,,Europe,Germany,,,2,R,4,,,,,,,,,,,,11566,,,27-Oct-09,FM3,FM3,,,,,,,,,,,FM3,,,1,360,0
FALSE,1997 Porsche 911 GT1 Strassenversion,P. 911 GT1 '97,641,1997,Porsche,911 GT1 Strassenversion,Buy Cars Base,,,,Legendary,,29-May-2024,"291,000",Factory,Early Factory Racecars,773,S,5.4,5.6,5.4,5.5,,,536,442,2646,4.94,48,3163,TT,Flat,6,M,RWD,295,335,Both,Forza,"361, 603, 630, 788",none,eng,Europe,Germany,Porsche 911,,2,L,4,,"HR, OR, CS",3.600,7.100,11.283,197.6,90.7,210.5,1.24,1.49,3.500,11400,05-Oct-23,05-Nov-21,07-Dec-07,FM,FM2,FM,FH5,FH4,FM7,,,,,,,FM3,DLC,,6,XBO,1
FALSE,1995 Porsche 911 Carrera 2 by Gunther Werks,Porsche 911C2 GW,3160,1995,Porsche,911 Carrera 2 by Gunther Werks,Seasonal,Series 10 cu,,,Epic,,,"575,000",Tuner,Modern Sports Cars,804,S1,6.6,6.2,6.9,4.7,4.0,4.9,431,315,2677,6.21,42,3996,NA,Flat,6,R,RWD,,315,Both,Sport,"691, 536","TT, PDS",stock,Europe,Germany,,,2,L,4,,,3.618,8.619,,182.9,100.7,244.2,1.14,1.22,5.001,13138,,19-Jul-22,06-Apr-20,FH5,FH4,,cu,cu,,,,,,,,,,,2,XBO,0
FALSE,1995 Porsche 911 GT2,P. 911 GT2 '95,261,1995,Porsche,911 GT2,Reward,FM Launch,BC Legacy Tour,,Epic,,,"137,000",Factory,Sport GT Icons,640,A,4.7,3.4,3.3,4.7,,,424,398,2855,6.73,38,3600,TT,Flat,6,R,RWD,235/R18,285/R18,Rear,RWB bodykit,"361, 562, 630, 788",none,no,Europe,Germany,Porsche 911,,2,L,4,,,3.900,8.700,12.100,182.2,111.0,280.6,1.18,1.19,4.800,11176,05-Oct-23,05-Nov-21,03-May-05,FM,FM1,R,FH5,FH4,FM7,DLC,,,,,DLC,FM3,FM2,FM1,9,XBO,1
FALSE,1993 Porsche 911 Turbo S Leichtbau,P. 911 Turbo '93,2794,1993,Porsche,911 Turbo S Leichtbau,Buy Cars Base,,,,,,,"135,000",Factory,Sport GT Icons,626,A,4.9,3.1,3.2,4.6,,,381,347,2844,7.46,39,3300,T,Flat,6,R,RWD,,265,,Forza,"361, 394F, 562, 630, 690, 788",none,eng,Europe,Germany,Porsche 911,,2,L,4,,,3.900,8.900,11.767,185.3,122.0,295.8,1.17,1.17,5.000,12868,05-Oct-23,,18-Jan-18,FM,FM7,FM,,,DLC,,,,,,,,,,2,XBO,1
FALSE,1993 Porsche 928 GTS,P. 928 GTS '93,2535,1993,Porsche,928 GTS,Buy Cars Base,,,,Epic,,,"98,000",Factory,Sport Touring Classics,464,C,4.5,2.0,2.2,3.3,,,345,369,3594,10.42,50,5397,NA,V,8,F,RWD,,255,Both,Forza,"276, 415, 565, 603, 630, 690, 788","T, TT, CS",stock,Europe,Germany,,,2,L,4,,,5.300,13.100,,176.2,165.0,382.8,0.98,1.00,7.800,12688,05-Oct-23,,01-Aug-17,FM,FH3,FM,,cu,FM7,cu,,,,,,,,,4,XBO,1
FALSE,1993 Porsche 968 Turbo S,P. 968 Turbo '93,2534,1993,Porsche,968 Turbo S,Buy Cars Base,,,,Rare,,,"113,000",Factory,Sport Touring Classics,534,B,4.2,2.6,2.8,3.7,,,305,369,2866,9.40,51,2990,T,Inline,4,F,RWD,,265,Both,Forza,"276, 394F, 415, 562, 630, 788",none,eng,Europe,Germany,,,2,L,4,,,4.700,11.700,,170.0,128.8,319.8,1.07,1.09,7.000,13075,05-Oct-23,05-Nov-21,15-Jan-19,FM,FH4,FM,FH5,DLC,,,,,,,,,,,3,XBO,1
FALSE,1990 Porsche 911 Reimagined by Singer - DLS,Porsche 911 '90,3248,1990,Porsche,911 Reimagined by Singer - DLS,Seasonal,Series 10 cu,,,Epic,,,"1,800,000",Tuner,Modern Supercars,830,S1,7.5,6.3,6.7,7.7,8.5,4.1,493,317,2315,4.70,38,3942,NA,Flat,6,R,RWD,,295,Front,Forza,536,"TT, PDS",stock,Europe,Germany,,,2,L,4,,,2.900,6.300,,208.9,84.0,212.0,1.22,1.21,3.400,13159,,19-Jul-22,03-Nov-20,FH5,FH4,,cu,cu,,,,,,,,,,,2,XBO,0
FALSE,1989 Porsche #65 Rothsport Racing 911 'Desert Flyer',#65 911 Desert,3188,1989,Porsche,#65 Rothsport Racing 911 'Desert Flyer',"Autoshow, WS",,,,Epic,,,"500,000",Race,Rally Monsters,694,B,4.8,4.1,5.0,5.7,4.8,8.6,325,287,2840,8.74,42,3600,NA,Flat,6,R,RWD,,235,no,Adjustable,"330, 493(34k), 691, 887",none,stock,Europe,Germany,,,2,L,4,,,4.215,10.877,,133.0,141.7,355.9,0.88,0.89,6.662,13249,,05-Nov-21,05-Nov-21,FH5,FH5,,FH5,,,,,,,,,,,,1,XBO,0
FALSE,1989 Porsche 944 Turbo,P. 944 Turbo '89,268,1989,Porsche,944 Turbo,Buy Cars Base,,,,Rare,,,"95,000",Factory,Sport Touring Classics,429,C,3.3,2.1,2.3,3.1,,,247,258,3115,12.61,51,2479,T,Inline,4,F,RWD,225/R16,245/R16,Both,Forza,"250, 276, 394F, 415, 565, 603, 630, 690, 788",none,eng,Europe,Germany,,,2,L,4,,,5.500,14.100,14.200,162.0,112.8,287.7,1.09,1.05,8.600,11179,05-Oct-23,05-Nov-21,03-May-05,FM,FM1,FM,FH5,FH4,FM7,cu,DLC,DLC,,,DLC,FM3,FM2,FM1,11,XBO,1
FALSE,1988 Porsche #17 Porsche Dunlop 962c,#17 Dunlop 962C,,1988,Porsche,#17 Porsche Dunlop 962c,,,,,,,,,Livery,Early Prototype Racers,982,P,8.9,8.1,8.3,9.7,,,720,590,1962,2.73,40,,TT,Flat,6,M,RWD,,350,,,none,none,no,Europe,Germany,,,2,R,4,,,2.500,4.650,9.333,240.7,94.2,209.5,1.64,2.17,2.150,12828,,,29-Sep-17,FM7,FM7,,,,FM7,,,,,,,,,,1,XBO,0
FALSE,1987 Porsche 959,P. 959 '87,269,1987,Porsche,959,Buy Cars Base,,,,Legendary,,,"156,000",Factory,Exotic GT Classics,687,A,6.0,3.2,3.1,5.1,,,450,369,3190,7.09,43,2849,TT,Flat,6,R,AWD,,255,Both,Forza,"361, 562, 630, 788",none,eng,Europe,Germany,,,2,L,4,,"AWW, ?WFRC, WW",3.600,8.200,11.918,200.3,111.2,282.5,1.08,1.13,4.600,11169,05-Oct-23,05-Nov-21,03-May-05,FM,FM1,FM,FH5,FH4,FM7,cu,DLC,DLC,,,DLC,FM3,FM2,FM1,11,XBO,1
FALSE,1987 Porsche #17 Porsche AG 962c,Porsche #17 962C,540,1987,Porsche,#17 Porsche AG 962c,Buy Cars Base,,,,,,8-May-2024,"374,000",Race,GTP/C,971,P,8.9,9.1,9.6,8.3,,,720,590,1962,2.73,40,3000,TT,Flat,6,M,RWD,325/R17,350/R19,,Adjustable,none,none,no,Europe,Germany,,,2,R,4,,,2.500,4.650,8.883,240.6,75.1,184.6,1.64,2.18,2.150,11170,05-Oct-23,,03-May-05,FM,FM1,FM,,,FM7,,DLC,,,,DLC,FM3,FM2,FM1,7,XBO,1
FALSE,1987 Porsche #203 Porsche AG 961,#203 Porsche 961,3252,1987,Porsche,#203 Porsche AG 961,Buy Cars Base,FM Update 19,,,,,,"309,000",Race,GTX Sportscars,825,R,5.9,4.9,5.0,6.8,,,632,464,2535,4.01,43,2800,TT,Flat,6,R,AWD,275/R19,275/R19,,Adjustable,none,none,,Europe,Germany,,,2,L,4,,,2.500,5.581,9.933,200.7,88.8,231.3,1.33,1.39,3.081,,16-Apr-25,,16-Apr-25,FM,FM,S,,,,,,,,,,,,,1,XBO,1
FALSE,1985 Porsche #185 959 Prodrive Rally Raid,#185 Porsche 959,3031,1985,Porsche,#185 959 Prodrive Rally Raid,"Autoshow, WS",,"Accolade, House",,Legendary,,,"1,500,000",Race,Rally Monsters,742,A,6.1,4.3,5.4,7.5,6.1,7.6,394,320,3322,8.43,44,2849,TT,Flat,6,F,AWD,,205,Both,Rally lights,"493(34k), 691, 887",none,eng,Europe,Germany,,,2,L,4,,,4.500,10.000,,173.9,112.6,285.9,1.01,1.09,5.500,13022,,05-Nov-21,11-Oct-18,FH5,FH4,,FH5,DLC,,,,,,,,,,,2,XBO,0
FALSE,1983 Porsche #11 John Fitzpatrick Racing 956,Porsche #11 956,3023,1983,Porsche,#11 John Fitzpatrick Racing 956,Buy Cars DLC,FM Car Pass,Gift w/DLC,,,,,"366,000",Race,GTP/C,959,P,9.0,8.7,9.4,8.2,,,620,443,1971,3.18,40,2600,TT,Flat,6,M,RWD,290/R16,355/R16,,Adjustable,none,none,,Europe,Germany,,,2,L,4,,,3.700,6.224,9.333,240.8,77.3,183.0,1.62,2.16,2.524,13456,11-Jan-24,,11-Jan-24,FM,FM,DLC,,,,,,,,,,,,,1,XBO,1
FALSE,1982 Porsche 911 Turbo 3.3,P. 911 Turbo '82,265,1982,Porsche,911 Turbo 3.3,Buy Cars Base,,,,Epic,,,"105,000",Factory,Sport GT Icons,448,C,2.9,2.0,2.0,3.5,,,296,304,2866,9.68,40,3299,T,Flat,6,R,RWD,,225,Both,RWB bodykit,"361, 394F, 562, 630, 690, 788",TT,no,Europe,Germany,Porsche 911,,2,L,4,,,5.082,12.182,13.700,156.2,131.5,330.1,0.91,0.93,7.100,11178,05-Oct-23,05-Nov-21,03-May-05,FM,FM1,FM,FH5,FH4,FM7,cu,DLC,DLC,,,DLC,FM3,FM2,FM1,11,XBO,1
FALSE,1981 Porsche #1 Porsche System Engineering 924 GTP Le Mans,Porsche #1 924,3298,1981,Porsche,#1 Porsche System Engineering 924 GTP Le Mans,Reward,FM Update 19,,,,,,"217,000",Race,GTX Sportscars,727,S,5.0,4.2,4.5,5.6,,,404,359,2306,5.71,48,2500,T,Inline,4,F,RWD,285/R16,/R16,,Adjustable,none,none,,Europe,Germany,,,2,L,4,,,3.200,7.100,11.167,185.8,93.9,254.2,1.33,1.27,3.900,,30-Apr-25,,30-Apr-25,FM,FM,R,,,,,,,,,,,,,1,XBO,1
FALSE,1980 Porsche 924 Carrera GTS,P. 924 GTS '80,2532,1980,Porsche,924 Carrera GTS,Buy Cars Base,,,,,,,"102,000",Factory,Sport Touring Classics,427,C,3.5,1.9,2.1,3.1,,,245,247,2469,10.08,50,2000,T,Inline,4,F,RWD,205/R16,225/R16,,Bodykit,"250, 276, 394F, 415, 565, 603, 630, 690, 788",none,eng,Europe,Germany,,,2,L,4,,,6.200,13.800,13.350,165.6,113.8,304.3,1.07,1.03,7.600,12890,05-Oct-23,,19-Apr-18,FM,FM7,FM,,,DLC,,,,,,,,,,2,XBO,1
FALSE,1978 Porsche #43 Porsche Racing 935/78,#43 935/78,2298,1978,Porsche,#43 Porsche Racing 935/78,Buy Cars Base,FM Update 19,,,,,,"324,000",Race,GTX Sportscars,873,R,5.9,6.5,6.4,8.5,,,845,578,2458,2.91,40,3200,TT,Flat,6,R,RWD,265/R16,360/R18,,Adjustable,none,none,,Europe,Germany,,,2,L,4,,,2.620,5.400,9.250,197.6,98.2,243.6,1.43,1.62,2.780,,07-Apr-25,,07-Apr-25,FM,FM,S,,,,,,,,,,,,,1,XBO,1
FALSE,1978 Porsche #78 MOMO 935/78,Porsche 935/78,"2,548",1978,Porsche,#78 MOMO 935/78,Buy Cars Base,FM Update 19,,,,,,"290,000",Race,GTX Sportscars,873,R,7.9,6.0,6.4,7.3,,,845,578,2260,2.67,40,3200,TT,Flat,6,R,RWD,265/R16,360/R18,,Adjustable,none,none,no,Europe,Germany,,,2,L,4,,,2.618,5.420,9.550,226.8,97.4,243.4,1.43,1.62,2.802,12849,30-Apr-25,,07-Nov-17,FM,FM7,S,,,DLC,,,,,,,,,,2,XBO,1
FALSE,1974 Porsche #1 911 RSR,#1 Porsche 911,3506,1974,Porsche,#1 911 RSR,Reward,FM Update 5,Featured Ringer Tour Challenge Hub,,,,,"269,000",Race,GTX Sportscars,705,S,3.5,5.3,5.3,5.0,,,330,231,2166,6.56,38,3000,NA,Flat,6,R,RWD,260/R15,320/R15,,Adjustable,none,TT,,Europe,Germany,Porsche 911,,2,L,4,,,3.500,8.300,11.350,164.4,104.4,273.4,1.35,1.44,4.800,,13-Mar-24,,13-Mar-24,FM,FM,R,,,,,,,,,,,,,1,XBO,1
FALSE,1973 Porsche #6 Penske Sunoco 917/30 Can-Am Spyder,Porsche 917/30,,1973,Porsche,#6 Penske Sunoco 917/30 Can-Am Spyder,,,,,,,,,Race,Forza Specials,920,P,8.2,7.2,7.3,9.7,,,1085,,2573,2.37,37,,,,,M,RWD,,445,,,none,none,,Europe,Germany,,Yes,2,R,4,,,2.900,4.590,9.333,223.4,97.0,228.0,1.50,1.71,1.690,13033,,,06-Nov-18,FM7,FM7,,,,cu,,,,,,,,,,1,XBO,0
FALSE,1973 Porsche 911 Carrera RS,P. 911 RS '73,260,1973,Porsche,911 Carrera RS,Buy Cars Base,,FM Welcome Pack,,Legendary,,,"95,000",Factory,Vintage Sport Compact,371,D,2.3,1.6,1.8,2.9,,,207,188,2450,11.84,41,2687,NA,Flat,6,R,RWD,,215,no,RWB bodykit,"305, 394F, 562, 630, 788",TT,stock,Europe,Germany,Porsche 911,,2,L,4,,,7.000,16.500,14.100,145.7,147.5,372.9,0.91,0.91,9.500,11175,05-Oct-23,05-Nov-21,03-May-05,FM,FM1,FM,FH5,FH4,FM7,DLC,,,,,DLC,FM3,FM2,FM1,9,XBO,1
FALSE,1971 Porsche #23 917/20,#23 Porsche 917,2869,1971,Porsche,#23 917/20,Buy Cars Base,FM Update 19,,,Legendary,,,"290,000",Race,Vintage Le Mans Prototypes,849,S1,8.3,4.7,6.3,7.3,7.5,3.7,601,415,2004,3.33,36,4907,NA,Flat,12,M,RWD,265/R15,380/R15,no,Adjustable,none,TT,stock,Europe,Germany,,,2,R,4,,HR,2.400,4.800,9.167,222.9,81.9,212.3,1.44,1.59,2.400,12899,09-Apr-25,19-Jul-22,10-Jul-18,FM,FM7,S,cu,FH4,cu,,,,,,,,,,4,XBO,1
FALSE,1970 Porsche #3 917 LH,Porsche 917 LH,2549,1970,Porsche,#3 917 LH,Buy Cars Base,,,,Legendary,,,"319,000",Race,Vintage Le Mans Prototypes,857,R,8.7,5.3,5.8,9.2,,,601,415,2044,3.40,36,4955,NA,Flat,12,M,RWD,255,380,no,Adjustable,none,TT,stock,Europe,Germany,,,2,R,4,,,2.400,4.800,,222.2,112.9,286.2,1.09,1.11,2.400,13109,05-Oct-23,05-Nov-21,27-Aug-19,FM,FH4,FM,FH5,cu,,,,,,,,,,,3,XBO,1
FALSE,1970 Porsche 914/6,P. 914/6 '70,266,1970,Porsche,914/6,Buy Cars Base,,,,Rare,,,"49,000",Factory,Vintage Sport Compact,265,E,1.0,1.2,1.3,1.6,,,125,131,2195,17.56,46,1991,NA,Flat,6,M,RWD,,185,Both,Forza,"361, 394F, 415, 630, 690, 788","TT, CS",stock,Europe,Germany,,,2,L,4,,"OT, ?RPC, SS",8.700,26.400,16.300,122.0,158.6,399.6,0.82,0.81,17.700,11350,05-Oct-23,05-Nov-21,29-May-07,FM,FM2,FM,FH5,cu,FM7,cu,DLC,DLC,,,DLC,FM3,FM2,,10,XBO,1
FALSE,1966 Porsche 906 Carrera 6,Porsche 906 '66,3021,1966,Porsche,906 Carrera 6,Exclusive,,,,Legendary,,,"250,000",Factory,Classic Racers,748,A,6.8,5.5,6.5,6.9,8.1,,210,144,1360,6.48,45,1991,NA,Flat,6,M,RWD,,240,Both,Forza,750,"TT, PDS",stock,Europe,Germany,,,2,L,4,,,5.200,10.618,11.883,170.5,160.2,401.3,0.92,0.95,5.418,12889,,05-Dec-23,19-Apr-18,FH5,FM7,,cu,cu,DLC,,,,,,,,,,3,XBO,0
FALSE,1964 Porsche 356 C Cabriolet Emory Special,Emory 356 C '64,3150,1964,Porsche,356 C Cabriolet Emory Special,Seasonal,Series 10 cu,,,Epic,,,"400,000",Tuner,Classic Sports Cars,651,B,5.3,3.6,4.4,5.4,5.0,4.6,220,181,2150,9.77,41,2250,NA,Flat,4,R,RWD,,205,Front,Forza,"278, 330, 207, 493(34k)","T, PDS",stock,Europe,Germany,,,2,L,4,,,5.057,12.924,,148.8,137.1,349.1,0.89,0.88,7.867,13127,,19-Jul-22,13-Jan-20,FH5,FH4,,cu,cu,,,,,,,,,,,2,XBO,0
FALSE,1964 Porsche 904 Carrera GTS,Porsche 904 GTS,,1964,Porsche,904 Carrera GTS,,,,,,,,,Factory,Vintage GT Racing,527,B,6.0,4.6,4.9,7.8,,,190,160,1488,7.83,42,,NA,Flat,6,M,RWD,,205,,,"305, 355, 475","TT, CS",stock,Europe,Germany,,,2,L,4,,,4.981,11.400,12.817,162.8,107.7,281.0,1.15,1.08,6.419,12895,,,02-Jul-18,FM7,FM7,,,,DLC,,,,,,,,,,1,XBO,0
FALSE,1962 Porsche 804,Porsche 804 '62,,1962,Porsche,804,,,,,,,,,Race,Forza Specials,667,A,6.4,5.0,5.4,8.6,,,188,113,996,5.30,46,,NA,Flat,8,M,RWD,,165,,,none,CS,stock,Europe,Germany,,Yes,1,C,4,,,5.224,9.722,11.467,173.8,106.6,268.0,1.17,1.23,4.498,12856,,,05-Dec-17,FM7,FM7,,,,DLC,,,,,,,,,,1,XBO,0
FALSE,1960 Porsche 356 RSR from Emory Motorsport,Porsche 356 RSR,,1960,Porsche,356 RSR from Emory Motorsport,Exclusive,,,,Epic,,,"250,000",Tuner,Extreme Track Toys,845,S1,7.1,8.1,7.7,7.4,9.0,,393,354,1950,4.96,43,2400,TT,,4,R,RWD,,255,Both,Forza,536,none,no,Europe,Germany,,,2,L,4,,,3.500,7.200,,179.8,125.0,305.6,1.08,1.17,3.700,13174,,,08-Apr-21,FH4,FH4,,,cu,,,,,,,,,,,1,XBO,0
FALSE,1960 Porsche 718 RS 60,Porsche 718,2537,1960,Porsche,718 RS 60,Buy Cars Base,,,,Legendary,,,"145,000",Race,Vintage Le Mans Sportscars,536,B,2.7,2.7,3.0,3.8,,,160,120,1280,8.00,45,1587,NA,Flat,4,M,RWD,175/R15,175/R15,Both,Forza,"361, 394F, 475","T, PDS",stock,Europe,Germany,Porsche Flat-4,Yes,2,L,4,,"mm, SS",5.000,11.200,12.467,155.1,114.8,300.4,1.18,1.11,6.200,12498,05-Oct-23,,01-Sep-16,FM,FM6,FM,,FH4,FM7,DLC,DLC,,,,,,,,5,XBO,1
FALSE,"1960 Porsche 718 RS 60 ""Welcome Pack""",Porsche 718 WP,,1960,Porsche,"718 RS 60 ""Welcome Pack""",DLC store,,,,Legendary,,,"1,000,000",Upgraded,Classic Racers,800,A,6.6,6.5,7.4,7.2,8.8,,160,120,1280,8.00,45,1587,NA,Flat,8,M,RWD,,285,no,Forza,"278, 330, 207","T, PDS",stock,Europe,Germany,,Yes,2,L,4,,,5.019,11.220,,163.1,150.4,359.9,1.04,1.08,6.201,13150,,,28-Jul-20,FH4,FH4,,,DLC,,,,,,,,,,,1,XBO,0
FALSE,1959 Porsche 356 A 1600 Super,Porsche 356 '59,3036,1959,Porsche,356 A 1600 Super,"Autoshow, WS",,,,Epic,,,"240,000",Factory,Rare Classics,241,D,3.8,1.8,3.7,1.8,2.1,5.3,75,86,1931,25.75,44,1582,NA,Flat,4,R,RWD,,165,Both,Luggage,"278, 330, 207, 493(34k)","T, PDS",stock,Europe,Germany,,,2,L,4,,,14.100,65.145,,106.0,184.8,453.7,0.75,0.75,51.045,13023,,05-Nov-21,11-Oct-18,FH5,FH4,,FH5,DLC,,,,,,,,,,,2,XBO,0
FALSE,1957 Porsche 356A Speedster,P. 356A S '57,2299,1957,Porsche,356A Speedster,Buy Cars Base,,,,Epic,,,"43,000",Factory,Sport Coupe Icons,223,E,1.0,1.5,1.6,1.0,,,60,81,1676,27.93,44,1582,NA,Flat,4,R,RWD,165/R15,165/R15,Both,Forza,"82, 194, 245, 361, 394F, 475","T, PDS",stock,Europe,Germany,Porsche Flat-4,Yes,2,L,4,,,13.300,60.299,17.833,101.3,120.2,312.3,1.02,0.98,46.999,12497,05-Oct-23,,01-Sep-16,FM,FM6,FM,,FH4,FM7,cu,DLC,,,,,,,,5,XBO,1
FALSE,1955 Porsche 550 Spyder,P. 550 S '55,1281,1955,Porsche,550 Spyder,Buy Cars Base,,,,Legendary,,,"68,000",Factory,Sport Coupe Icons,271,E,1.3,1.5,1.9,1.4,,,109,95,1510,13.85,48,1498,NA,Flat,4,M,RWD,,195,no,Forza,"82, 194, 245, 394F, 475","T, PDS",stock,Europe,Germany,Porsche Flat-4,Yes,2,L,4,,"DvG, mm",7.393,19.759,16.100,141.2,171.4,424.2,0.85,0.84,12.366,11174,05-Oct-23,18-Aug-22,03-May-05,FM,FM1,FM,cu,FH4,FM7,DLC,DLC,,,,DLC,DLC,,FM1,9,XBO,1
FALSE,1951 Porsche #46 356 SL Gmund Coupe,Porsche 356 SL,3111,1951,Porsche,#46 356 SL Gmund Coupe,Exclusive,,,,Epic,,,"250,000",Race,Classic Racers,199,D,4.6,4.6,4.8,3.9,6.4,,46,60,1411,30.67,46,1086,NA,Flat,4,R,RWD,,165,Front,Forza,"278, 330, 207, 493","T, PDS",stock,Europe,Germany,,,2,L,4,,,14.600,999.999,,98.9,198.0,na,0.76,0.75,985.399,13110,,02-Nov-23,27-Aug-19,FH5,FH4,,cu,cu,,,,,,,,,,,2,XBO,0
FALSE,2006 Proto Motors Spirra,,,2006,Proto Motors,Spirra,,,,,,,,,Factory,,658,B,,,,,,,,,,#DIV/0!,,,,,,M,RWD,,,,,,,,Asia,Korea,,,2,L,4,,,,,,,,,,,,11352,,,29-May-07,FM2,FM2,,,,,,,,,,,,FM2,,1,360,0
FALSE,2058 Quadra Turbo-R V-Tech,Quadra V-Tech,,2058,Quadra,Turbo-R V-Tech,Exclusive,,,,Legendary,,,"1,000,000",Fantasy,Modern Super Cars,890,S1,7.8,8.6,8.4,8.5,10.0,,607,560,2756,4.54,45,4376,TT,V,8,R,AWD,,?,Both,none,none,none,no,N. America,U.S.,,,2,L,4,,,3.250,6.850,,202.7,105.3,265.3,1.29,1.33,3.600,13163,,,08-Dec-20,FH4,FH4,,,cu,,,,,,,,,,,1,XBO,0
FALSE,723 Quartz Regalia,Quartz Regalia,,723,Quartz,Regalia,Exclusive,,,,Epic,,,"500,000",Fantasy,GT Cars,675,B,6.2,5.6,5.9,7.0,9.0,,433,511,5622,12.98,60,7200,CS,V,12,F,AWD,,300,no,Forza,"700V, 750",none,eng,Asia,Japan,,Yes,2,L,4,,HH,4.800,11.500,,152.9,163.4,389.1,0.88,0.88,6.700,12689,,,01-Aug-17,FH4,FH3,,,cu,,cu,,,,,,,,,2,XBO,0
FALSE,723 Quartz Regalia Type-D,Quartz Regalia D,,723,Quartz,Regalia Type-D,Exclusive,,,,Legendary,,,"500,000",Fantasy,Extreme Offroad,597,C,5.0,6.5,6.5,6.7,9.8,,433,511,6063,14.00,60,7200,CS,V,12,F,AWD,,?,no,Forza,"700V, 850",none,eng,Asia,Japan,,Yes,2,L,4,,HH,4.931,14.428,,113.5,148.0,372.0,0.90,0.89,9.497,13077,,,04-Feb-19,FH4,FH4,,,cu,,,,,,,,,,,1,XBO,0
FALSE,2015 Radical RXC Turbo,Radical RXC '15,2486,2015,Radical,RXC Turbo,Buy Cars Base,,,,Epic,,,"407,000",Factory,Track Toys,891,R,4.9,7.2,7.3,7.4,,,454,500,2072,4.56,41,3498,TT,V,6,M,RWD,255,295,no,Forza,"375, 475, 630, 788",none,eng,Europe,U.K.,,,2,L,4,,,2.600,5.200,10.450,194.9,87.0,200.4,1.39,1.78,2.600,12654,05-Oct-23,05-Nov-21,03-Jan-17,FM,FH3,FM,FH5,FH4,FM7,DLC,,,,,,,,,5,XBO,1
FALSE,2011 Radical SR8 RX,Radical SR8,,2011,Radical,SR8 RX,,,,,,,,,Factory,Radical SR8 Spec,890,R,6.5,7.2,7.3,9.3,,,460,260,1433,3.12,38,,NA,V,8,M,RWD,,265,,,none,none,stock,Europe,U.K.,,Yes,1,L,4,,,3.218,5.500,132.000,176.1,96.1,227.0,1.44,1.83,2.282,11633,,,10-May-10,FM7,FM3,,,,FM7,,FM6,,DLC,FH1,FM4,DLC,,,6,XBO,0
FALSE,2019 RAESR Tachyon Speed,RAESR TS '19,3196,2019,RAESR,Tachyon Speed,Buy Cars Base,,,,Epic,,,"438,000",Factory,Modern Hypercars,941,P,8.0,5.9,5.8,6.1,,,1251,3650,2950,2.36,46,0,E,E,E,M,AWD,285,335,Both,Adjustable,none,none,E,N. America,U.S.,,,1,C,4,,,3.000,5.100,10.450,242.5,70.4,178.9,1.35,1.60,2.100,13173,05-Oct-23,05-Nov-21,09-Mar-21,FM,FH4,FM,FH5,cu,,,,,,,,,,,3,XBO,1
FALSE,2017 Ram 2500 Power Wagon,Ram Power Wagon,2838,2017,Ram,2500 Power Wagon,"Autoshow, WS",,,,Common,,,"47,000",Factory,Pickups & 4x4s,467,D,5.2,2.8,3.3,2.8,1.8,8.9,410,429,7044,17.18,59,6424,NA,V,8,F,AWD,,285,no,Preset Offroad bed,"415, 475d, 640, 700V, 800, 850, 1750","TT, PDS",stock,N. America,U.S.,,,4,L,4,,"DvG, HH",7.700,21.883,15.650,142.8,157.3,393.0,0.77,0.77,14.183,12876,,05-Nov-21,15-Feb-18,FH5,FM7,,FH5,FH4,DLC,,,,,,,,,,3,XBO,0
FALSE,2017 Ram Rebel TRX Concept,Ram Rebel TRX,,2017,Ram,Rebel TRX Concept,DLC store,,,,Epic,,,"100,000",Factory,Offroad,716,A,6.0,6.9,6.2,7.7,9.2,,575,550,5319,9.25,56,6166,PDS,V,8,F,RWD,,365,no,Bed,"640, 700V, 850",none,eng,N. America,U.S.,,,4,L,4,,HH,4.919,12.419,,140.0,197.0,403.2,0.90,0.89,7.500,13052,,,13-Dec-18,FH4,FH4,,,DLC,,,,,,,,,,,1,XBO,0
FALSE,2013 Ram Ram Runner,Ram Runner,,2013,Ram,Ram Runner,,,,,,,,,Factory,Modern Offroaders,288,E,5.4,3.8,3.7,5.9,5.8,,390,407,5949,15.25,58,5654,NA,V,8,F,AWD,,315,,,"707, 825","TT, PDS",stock,N. America,U.S.,,,4,L,4,,Heavy,7.700,20.600,15.633,144.9,142.2,366.8,0.95,0.90,12.900,12175,,,30-Sep-14,FM7,FH2,,,,FM7,FH3,FM6,FH2,,,,,,,4,XBO,0
FALSE,2013 Ram Ram Runner Forza Edition,Ram Runner FE,,2013,Ram,Ram Runner Forza Edition,DLC store,,,,,,,,Upgraded,Modern Offroaders,400,C,6.1,4.1,3.8,7.0,,,546,490,5149,9.43,58,,NA,V,8,F,AWD,,,,,,,stock,N. America,U.S.,,,4,L,4,,,7.700,20.626,,164.5,131.8,338.4,0.97,0.91,12.926,12829,,,29-Sep-17,FM7,FM7,,,,FE,,,,,,,,,,1,XBO,0
FALSE,2013 Ram Ram Runner Horizon Edition,,,2013,Ram,Ram Runner Horizon Edition,,,,,,,,,Upgraded,Offroad,720,A,5.7,5.8,7.2,6.3,5.8,,390,407,5949,15.25,58,5654,NA,V,8,F,AWD,,,,,,,stock,N. America,U.S.,,,4,L,4,,Heavy,,,,,,,,,.000,12614,,,23-Sep-16,FH3,FH3,,,,,HE,,,,,,,,,1,XBO,0
FALSE,1972 Reliant Supervan III,Reliant Supervan,2563,1972,Reliant,Supervan III,"Autoshow, WS",,,,Common,,,"35,000",Factory,Cult Cars,100,D,2.6,2.0,3.4,2.2,4.5,5.6,32,38,1004,31.38,44,700,NA,Inline,4,F,RWD,,140,no,"Roof, WB","196, 300",none,stock,Europe,U.K.,,,3,R,3,,"MM, OR, ?DvG",19.000,999.999,,75.8,200.2,na,0.71,0.70,980.999,12615,,05-Nov-21,23-Sep-16,FH5,FH3,,FH5,FH4,,FH3,,,,,,,,,3,XBO,0
FALSE,2018 Renault Megane R.S.,Ren. Megane '18,3134,2018,Renault,Megane R.S.,Buy Cars Base,,,,Rare,,,"61,000",Factory,Modern Hot Hatch,446,C,3.1,2.5,2.7,2.8,,,275,287,3153,11.47,61,1798,T,Inline,4,F,FWD,245/35R19,245/35R19,Both,,"350, 375, 475, 630",none,no,Europe,France,Renault Megane,,5,L,4,,,5.931,14.216,,158.3,127.1,323.8,0.96,1.01,8.285,13124,05-Oct-23,05-Nov-21,12-Dec-19,FM,FH4,FM,FH5,cu,,,,,,,,,,,3,XBO,1
FALSE,2017 Renault R.S.17,Renault R.S. 17,,2017,Renault,R.S.17,,,,,,,,,Race,Forza GP,999,X,8.1,10.0,10.0,10.0,,,1110,606,1605,1.45,46,,T,V,6,M,RWD,,405,,,none,,no,Europe,France,,Yes,1,C,4,,,2.400,3.700,9.217,216.5,69.3,151.2,2.12,3.67,1.300,12830,,,29-Sep-17,FM7,FM7,,,,FM7,,,,,,,,,,1,XBO,0
FALSE,2016 Renault Clio R.S. 16 Concept,Ren. Clio '16,3182,2016,Renault,Clio R.S. 16 Concept,Buy Cars Base,,,,Rare,,,"78,000",Factory,Modern Hot Hatch,526,B,2.9,3.2,3.4,3.0,,,270,265,2657,9.84,65,1998,T,Inline,4,F,FWD,235/35R19,235/35R19,Both,,"212, 350, 375, 394I, 475",none,no,Europe,France,Renault Clio,,5,L,4,,,6.018,13.518,,154.7,129.3,326.0,0.97,1.03,7.500,13123,05-Oct-23,19-Jan-23,12-Dec-19,FM,FH4,FM,cu,cu,,,,,,,,,,,3,XBO,1
FALSE,2014 Renault Spark SRT_01E,,,2014,Renault,Spark SRT_01E,,,,,,,,,Race,-,692,A,5.2,7.8,6.9,8.8,9.1,,268,111,1874,6.99,41,0,E,E,E,M,RWD,,,,,,,E,Europe,France,,Yes,1,C,4,,,3.000,8.500,,140.0,79.7,197.3,1.45,1.81,5.500,12119,,,12-Aug-14,FM5,FM5,,,,,,,,cu,,,,,,1,XBO,0
FALSE,2013 Renault Clio R.S. 200 EDC,Renault Clio '13,2022,2013,Renault,Clio R.S. 200 EDC,"Autoshow, WS",,,,Common,,,"29,000",Factory,Hot Hatch,595,C,5.1,3.6,5.1,4.4,4.5,4.9,197,177,2685,13.63,65,1618,T,Inline,4,F,FWD,,205,no,Forza,300,none,no,Europe,France,,,5,L,4,,DD,6.500,16.700,14.767,140.2,135.5,349.9,0.91,0.93,10.200,12184,,05-Nov-21,07-Oct-14,FH5,FH2,,FH5,FH4,FM7,FH3,FM6,DLC,,,,,,,6,XBO,0
FALSE,2010 Renault Clio R.S.,Renault Clio '10,1264,2010,Renault,Clio R.S.,Seasonal,Series 16 cu,,,Common,,,"250,000",Factory,Hot Hatch,592,C,5.0,3.6,5.1,4.3,3.8,5.0,198,159,2654,13.40,63,1998,NA,Inline,4,F,FWD,,215,Both,Forza,300,"T, CS",stock,Europe,France,,,3,L,4,,"RPC, DD",6.617,16.718,,139.8,137.3,349.6,0.91,0.92,10.101,11874,,26-Jan-23,06-Mar-12,FH5,FM4,,cu,FH4,FM7,,FM6,,,,DLC,,,,5,XBO,0
FALSE,2010 Renault Clio R.S. Forza Edition,Renault Clio FE,,2010,Renault,Clio R.S. Forza Edition,Exclusive,,,,FE,Clean Skills,,"25,000",Upgraded,Track Toys,701,A,5.9,7.7,7.7,6.2,7.7,,198,159,2654,13.40,63,1998,NA,Inline,4,F,FWD,,215,Yes,Preset Adjustable,300,"T, CS",stock,Europe,France,,,3,L,4,,RPC,6.600,16.719,,139.5,114.9,278.1,1.28,1.34,10.119,13012,,,28-Sep-18,FH4,FH4,,,FE,,,,,,,,,,,1,XBO,0
FALSE,2010 Renault Megane R.S. 250,Megane RS 250,1204,2010,Renault,Megane R.S. 250,Seasonal,Series 16 cu,,,Common,,,"250,000",Factory,Super Hot Hatch,657,B,5.6,4.8,5.8,4.8,2.9,5.1,250,251,3058,12.23,65,1998,T,Inline,4,F,FWD,,235,Both,Forza,300,none,no,Europe,France,,,3,L,4,,DD,6.100,14.800,14.100,154.2,117.5,296.4,0.95,0.97,8.700,11624,,05-Jan-23,09-Apr-10,FH5,FM3,,cu,FH4,FM7,FH3,FM6,FH2,FM5,,FM4,DLC,,,9,XBO,0
FALSE,2009 Renault Twingo Renault Sport Cup,,,2009,Renault,Twingo Renault Sport Cup,,,,,,,,,Factory,Economy,284,D,,,,,,,131,118,2313,17.66,,,,,4,F,FWD,,,,,,,,Europe,France,,,3,L,4,,,8.700,,,131.9,,,,,,11570,,,27-Oct-09,FM4,FM3,,,,,,,,,,FM4,FM3,,,2,360,0
FALSE,2008 Renault Mégane R26.R,Ren. Megane '08,3129,2008,Renault,Mégane R26.R,Buy Cars Base,,,,Rare,,,"77,000",Factory,Modern Hot Hatch,512,B,2.6,3.2,3.4,2.8,,,227,228,2712,11.95,66,1998,T,Inline,4,F,FWD,225/40R18,225/40R18,Both,,"212, 350, 375, 394I, 475",none,no,Europe,France,Renault Megane,,3,L,4,,,5.918,14.337,,151.1,118.9,292.0,0.97,1.02,8.419,13125,05-Oct-23,05-Nov-21,12-Dec-19,FM,FH4,FM,FH5,cu,,,,,,,,,,,3,XBO,1
FALSE,2007 Renault Clio RS 197,Renault Clio,,2007,Renault,Clio RS 197,Exclusive,,,,Common,,,"250,000",Factory,Hot Hatch,592,C,5.9,6.3,6.1,5.6,6.9,,197,158,2778,14.10,63,1998,NA,Inline,4,F,FWD,,215,Both,Forza,300,"T, PDS, CS",stock,Europe,France,,,3,R,4,,,6.900,18.700,,140.3,149.7,369.7,0.89,0.89,11.800,11402,,,07-Dec-07,FH4,FM2,,,cu,,,,,,,FM4,FM3,DLC,,4,XBO,0
FALSE,2003 Renault Sport Clio V6,Ren. Clio '03,453,2003,Renault,Sport Clio V6,Buy Cars Base,,,,Rare,,,"53,000",Factory,Modern Hot Hatch,384,D,2.6,2.2,2.2,2.4,,,251,221,3086,12.29,40,2946,NA,V,6,M,RWD,205/R18,245/R18,Both,Street,"250, 350, 394I, 415, 603, 630",T,stock,Europe,France,Renault Clio,,3,L,4,,,6.000,15.200,14.600,151.2,114.1,287.5,1.08,1.03,9.200,11182,05-Oct-23,,03-May-05,FM,FM1,FM,,cu,FM7,,FM6,FH2,FM5,,FM4,FM3,FM2,FM1,10,XBO,1
FALSE,1993 Renault Clio Williams,Ren. Clio '93,2149,1993,Renault,Clio Williams,Buy Cars Base,,,,Common,,,"36,000",Factory,Hot Hatch Icons,298,E,1.2,1.6,1.8,1.8,,,142,129,2233,15.73,64,1998,NA,Inline,4,F,FWD,185/55R15,185/55R15,no,,"194, 212, 350, 375, 394I","T, CS",stock,Europe,France,Renault Clio,,3,R,4,,,7.718,20.818,15.217,132.4,150.4,382.1,0.86,0.88,13.100,12176,05-Oct-23,05-Nov-21,30-Sep-14,FM,FH2,FM,FH5,FH4,FM7,FH3,FM6,DLC,,,,,,,7,XBO,1
FALSE,1980 Renault 5 Turbo,Ren. 5 Turbo '80,634,1980,Renault,5 Turbo,Buy Cars Base,,,,Rare,,,"55,000",Factory,Hot Hatch Icons,316,D,1.0,1.8,1.9,2.4,,,157,163,2138,13.62,40,1397,T,Inline,4,M,RWD,190/55R13,220/55R14,Both,,"245, 250, 333, 350, 375, 394I, 475",none,no,Europe,France,,,3,L,4,,"AWW, ?WW, HHero",6.718,19.300,,127.7,153.5,386.9,0.86,0.86,12.582,11401,05-Oct-23,05-Nov-21,07-Dec-07,FM,FM2,FM,FH5,FH4,FM7,FH3,FM6,FH2,DLC,,FM4,FM3,DLC,,11,XBO,1
FALSE,1980 Renault 5 Turbo Forza Edition,5 Turbo FE,,1980,Renault,5 Turbo Forza Edition,Exclusive,,,,FE,Sills,,"316,000",Upgraded,Rally Monsters,675,B,5.5,7.5,8.0,6.3,8.4,,157,163,2138,13.62,40,1397,T,Inline,4,M,RWD,,220,no,Preset Adjustable  / Rally,300,none,no,Europe,France,,,3,L,4,,"WW, HOM",6.700,19.300,,128.6,121.7,294.6,1.28,1.38,12.600,13011,,,28-Sep-18,FH4,FH4,,,FE,,,,,,,,,,,1,XBO,0
FALSE,1977 Renault #15 Equipe Renault Elf R.S. 01,Renault #15 RS01,3403,1977,Renault,#15 Equipe Renault Elf R.S. 01,Reward,FM Update 7,CC Invitational Birth of GP,,,,,"309,000",Race,Formula 70s,828,R,5.0,6.8,6.5,7.7,,,500,274,1697,3.39,35,1500,T,V,6,M,RWD,220/R13,370/R13,,Adjustable,none,none,,Europe,France,,Yes,1,C,4,,,3.200,5.800,9.683,186.9,90.9,223.0,1.42,1.69,2.600,,01-May-24,,01-May-24,FM,FM,R,,,,,,,,,,,,,1,XBO,1
FALSE,1968 Renault 4L Export,Renault 4L '68,3261,1968,Renault,4L Export,Barn Find,,,,Legendary,,,"20,000",Factory,Cult Cars,100,D,2.2,2.0,3.5,1.5,2.3,5.8,27,41,1310,48.52,58,750,NA,Inline,4,F,FWD,,135,Both,"Rally lights, WB","196, 300",none,stock,Europe,France,,,3,L,4,,WW,30.126,999.999,15.018,64.6,193.3,na,0.68,0.68,969.873,13254,,05-Nov-21,05-Nov-21,FH5,FH5,,FH5,,,,,,,,,,,,1,XBO,0
FALSE,1967 Renault 8 Gordini,Ren. 8 G '67,3395,1967,Renault,8 Gordini,Buy Cars Base,,,,Common,,,"17,000",Factory,Vintage Sport Compact,228,E,1.0,1.2,1.0,1.2,,,103,86,1885,18.30,40,1255,NA,Inline,4,R,RWD,135/80R15,135/80R15,no,,"194, 245, 305, 350, 375, 394I, 394, 475","T, PDS",stock,Europe,France,,,4,L,4,,,10.900,45.000,,112.0,162.0,401.2,0.80,0.79,34.100,13260,05-Oct-23,25-Nov-21,25-Nov-21,FM,FH5,FM,DLC,,,,,,,,,,,,2,XBO,1
FALSE,2021 Rimac Nevera,Rimac Nevera '21,3625,2021,Rimac,Nevera,Buy Cars Base,,,,Legendary,,,"423,000",Factory,Modern Hypercars,886,R,9.4,4.1,4.0,4.3,,,1893,1739,4740,2.50,48,0,E,E,E,M,AWD,275/35R20,315/35R20,Both,Forza,none,none,E,Europe,Croatia,,,2,L,4,,,1.850,4.318,,258.7,71.0,181.4,1.26,1.40,2.468,13349,05-Oct-23,30-Mar-23,30-Mar-23,FM,FH5,FM,cu,,,,,,,,,,,,2,XBO,1
FALSE,2019 Rimac Concept Two,Rimac Concept 2,3140,2019,Rimac,Concept Two,Buy Cars Base,,,,Legendary,,,"432,000",Factory,Modern Hypercars,908,P,8.9,4.2,4.0,10.0,,,1887,1695,4299,2.28,48,0,E,E,E,M,AWD,275/35R20,315/35R20,Both,,,none,E,Europe,Croatia,,,2,L,4,,HR,1.850,4.300,,261.3,78.6,185.1,1.25,1.38,2.450,13095,05-Oct-23,05-Nov-21,04-Jun-19,FM,FH4,FM,FH5,cu,,,,,,,,,,,3,XBO,1
FALSE,2022 Rivian R1S,Rivian R1S,3658,2022,Rivian,R1S,Seasonal,Series 25 cu,,,,,,,Factory,Sports Utility Heroes,,,,,,,,,,,,,,,,,,,,,,,,,,,N. America,U.S.,,,5,L,4,,,,,,,,,,,,13392,,05-Oct-23,05-Oct-23,FH5,FH5,,cu,,,,,,,,,,,,1,XBO,0
FALSE,2022 Rivian R1T,Rivian R1T,3657,2022,Rivian,R1T,Seasonal,Series 25 cu,,,,,,,Factory,Pickups & 4x4s,,,,,,,,,,,,,,,,,,,,,,,,,,,N. America,U.S.,,,4,L,4,,,,,,,,,,,,13387,,21-Sep-23,21-Sep-23,FH5,FH5,,cu,,,,,,,,,,,,1,XBO,0
FALSE,2021 RJ Anderson #37 Polaris RZR Pro 4 Truck,#37 Pro 4 Truck,3662,2021,RJ Anderson,#37 Polaris RZR Pro 4 Truck,DLC,FH5 Rally Adv,,,Epic,,,"500,000",Race,Unlimited Offroad,776,A,5.4,5.3,2.9,8.1,8.5,9.0,846,642,4329,5.12,48,7142,NA,V,8,M,AWD,,325,no,none,"800, 1750",none,stock,N. America,U.S.,,,2,L,4,,,2.516,5.531,,148.7,114.5,295.4,0.93,0.93,3.015,13348,,29-Mar-23,29-Mar-23,FH5,FH5,,DLC,,,,,,,,,,,,1,XBO,0
FALSE,2016 RJ Anderson #37 Polaris RZR-Rockstar Energy Pro 2 Truck,#37 Pro 2 Truck,2663,2016,RJ Anderson,#37 Polaris RZR-Rockstar Energy Pro 2 Truck,"Autoshow, WS",,,,Epic,,,"500,000",Race,Unlimited Offroad,776,A,5.6,4.8,3.3,4.6,4.5,9.4,850,640,3750,4.41,48,7210,NA,V,8,F,RWD,,305,no,none,"800, 1750","TT, PDS",stock,N. America,U.S.,,,2,L,4,,DvG,4.377,10.582,11.217,152.0,132.4,322.0,0.89,0.88,6.205,12647,,05-Nov-21,13-Dec-16,FH5,FH3,,FH5,FH4,FM7,DLC,,,,,,,,,4,XBO,0
FALSE,2013 Robby Gordon #7 Speed Energy Drink Stadium Super Truck,,,2013,Robby Gordon,#7 Speed Energy Drink Stadium Super Truck,,,,,,,,,Race,Extreme Offroad,852,S1,4.4,9.4,7.5,8.5,8.1,,600,516,3000,5.00,50,5486,NA,V,8,F,RWD,,,,,,,,N. America,U.S.,,,2,L,4,,,3.653,7.773,,119.6,136.7,321.3,0.96,0.96,4.120,12198,,,16-Dec-14,FH2,FH2,,,,,,,DLC,,,,,,,1,XBO,0
FALSE,2016 Rolls-Royce Dawn,R-R Dawn,,2016,Rolls-Royce,Dawn,,,,,,,,,Factory,Sport Luxury,468,C,6.7,4.4,4.2,7.5,7.9,,563,575,5644,10.02,51,6593,TT,V,12,F,RWD,,285,,,none,none,no,Europe,U.K.,,Yes,2,L,4,,Heavy,4.900,11.100,12.917,180.6,152.5,369.5,1.02,0.98,6.200,12450,,,05-Apr-16,FM7,FM6,,,,FM7,FH3,DLC,,,,,,,,3,XBO,0
FALSE,2014 Rolls-Royce Wraith,R-R Wraith,,2014,Rolls-Royce,Wraith,,,,,,,,,Factory,Sport Luxury,529,B,8.2,4.4,4.3,7.8,7.9,,624,590,5380,8.62,51,6592,TT,V,12,F,RWD,,285,,,none,none,no,Europe,U.K.,,,2,L,4,,Heavy,4.417,9.818,12.517,218.9,146.0,359.5,1.03,1.01,5.401,12120,,,12-Aug-14,FM7,FM5,,,,FM7,FH3,FM6,,cu,,,,,,4,XBO,0
FALSE,2010 Rossion Q1,Rossion Q1,1248,2010,Rossion,Q1,Exclusive,,,,Epic,,,"180,000",Factory,Modern Super Cars,855,S1,7.5,8.7,8.3,7.6,9.1,,450,390,2675,5.94,41,2984,TT,V,6,M,RWD,,275,Both,Forza,"750, 850",none,eng,N. America,U.S.,,,2,L,4,,,3.200,7.800,,195.4,124.7,301.5,1.08,1.26,4.600,11634,,30-Nov-23,10-May-10,FH5,FM3,,cu,cu,,,,,,,FM4,DLC,,,4,XBO,0
FALSE,1984 Rover SD1 Vitesse,Rover SD1,,1984,Rover,SD1 Vitesse,Exclusive,,,,Rare,,,"250,000",Factory,Retro Saloons,498,D,5.8,4.7,5.1,5.0,5.9,,191,220,3197,16.74,53,3528,NA,V,8,F,RWD,,205,Both,Forza,"415, 300, 455, 850","TT, PDS",stock,Europe,U.K.,,,4,L,4,,,7.800,21.200,,136.4,194.1,470.4,0.79,0.79,13.400,13131,,,10-Feb-20,FH4,FH4,,,cu,,,,,,,,,,,1,XBO,0
FALSE,2011 RUF RGT-8,,,2011,RUF,RGT-8,,,,,,,,,Factory,Super,636,S,,,,,,,542,368,2976,5.49,,,,,8,R,RWD,,,,,,,,Europe,Germany,,,2,L,4,,,3.900,,,209.4,,,,,,11725,,,13-Oct-11,FH1,FM4,,,,,,,,,FH1,DLC,,,,2,360,0
FALSE,2011 RUF Rt 12 R,,,2011,RUF,Rt 12 R,,,,,,,,,Factory,Super,757,R3,,,,,,,720,693,3254,4.52,,,,,6,R,AWD,,,,,,,,Europe,Germany,,,2,L,4,,,3.300,,,230.1,,,,,,11726,,,13-Oct-11,FH1,FM4,,,,,,,,,DLC,DLC,,,,2,360,0
FALSE,2011 RUF Rt 12 S,,,2011,RUF,Rt 12 S,,,,,,,,,Factory,Modern GT,887,S1,8.3,8.8,7.2,9.1,9.1,,676,648,3395,5.02,40,3746,TT,Flat,6,R,RWD,,,,,,,,Europe,Germany,,,2,L,4,,,3.400,6.700,,221.8,126.8,313.5,0.95,1.02,3.300,11815,,,14-Oct-11,FH2,FM4,,,,,,,FH2,FM5,,FM4,,,,3,XBO,0
FALSE,1995 RUF CTR2,,,1995,RUF,CTR2,,,,,,,,,Factory,Middle GT,840,S1,8.3,8.6,7.1,8.7,9.3,,520,505,3045,5.86,36,3600,TT,Flat,6,R,RWD,,,,,,,,Europe,Germany,,,2,L,4,,,3.600,7.900,,221.0,129.5,320.1,0.94,1.00,4.300,11922,,,03-Jul-12,FH2,FM4,,,,,,,FH2,FM5,cu,DLC,,,,4,XBO,0
FALSE,1987 RUF CTR Yellowbird,,,1987,RUF,CTR Yellowbird,,,,,,,,,Factory,Timeless Supercars,857,S1,8.0,8.1,6.8,9.2,9.0,,469,410,2662,5.68,37,3366,TT,Flat,6,R,RWD,,,,,,,,Europe,Germany,,,2,L,4,,,3.981,7.282,,216.1,36.4,332.5,0.90,0.98,3.301,11910,,,05-Jun-12,FH2,FM4,,,,,,,FH2,DLC,FH1,DLC,,,,4,XBO,0
FALSE,2008 Saab 9-3 Turbo X,,,2008,Saab,9-3 Turbo X,,,,,,,,,Factory,Sedan,366,C,,,,,,,280,295,3770,13.46,,,,,6,F,AWD,,,,,,,,Europe,Sweden,,,4,L,4,,,5.900,,,155.6,,,,,,11571,,,27-Oct-09,FM4,FM3,,,,,,,,,,FM4,FM3,,,2,360,0
FALSE,2002 Saab 9-3 Aero,,,2002,Saab,9-3 Aero,,,,,,,,,Factory,Sports,321,D,,,,,,,205,209,3285,16.02,,,,,4,F,FWD,,,,,,,,Europe,Sweden,,,3,L,4,,,7.500,,,146.6,,,,,,11353,,,29-May-07,FM4,FM2,,,,,,,,,,FM4,FM3,FM2,,3,360,0
FALSE,2002 Saab 9-3 Viggen,,,2002,Saab,9-3 Viggen,,,,,,,,,Factory,,,D1,,,,,,,,,,#DIV/0!,,,,,,F,FWD,,,,,,,,Europe,Sweden,,,3,L,4,,,,,,,,,,,.000,11183,,,03-May-05,FM1,FM1,,,,,,,,,,,,,FM1,1,360,0
FALSE,1978 Saab 99 Turbo,,,1978,Saab,99 Turbo,,,,,,,,,Factory,Sports,192,F,,,,,,,143,173,2668,18.66,,,,,6,F,FWD,,,,,,,,Europe,Sweden,,,2,L,4,,,8.916,,,126.1,,,,,,11677,,,14-Dec-10,FM4,FM3,,,,,,,,,,FM4,DLC,,,2,360,0
FALSE,2020 Saleen Sportruck XR Black Label,Sportruck XR,3499,2020,Saleen,Sportruck XR Black Label,DLC Autoshow,FH5 Horizon Racing,Gift w/DLC,,Epic,,,"150,000",Factory,Pickups & 4x4s,666,B,5.9,4.3,3.5,6.2,5.7,9.3,700,600,5720,8.17,57,5031,PDS,V,8,F,AWD,,315,no,"Bars, Bed","800, 850",none,,N. America,U.S.,,,4,L,4,,,4.661,10.774,,156.2,132.6,321.4,0.84,0.83,6.113,13366,,20-Jun-23,20-Jun-23,FH5,FH5,,DLC,,,,,,,,,,,,1,XBO,0
FALSE,2018 Saleen S1,Saleen S1 '18,3276,2018,Saleen,S1,Buy Cars Base,,,,Epic,,,"142,000",Factory,Modern Sport GT,694,A,4.4,4.3,4.3,5.1,,,450,442,2685,5.97,42,2502,T,Inline,4,M,RWD,255/30R20,335/25R20,Both,,"394I, 475, 565, 630, 690",none,eng,N. America,U.S.,,,2,L,4,,,3.466,8.680,,180.1,103.6,249.1,1.17,1.29,5.214,13177,05-Oct-23,05-Nov-21,02-Jun-21,FM,FH4,FM,FH5,cu,,,,,,,,,,,3,XBO,1
FALSE,2018 Saleen S302 Black Label,Saleen S302,3278,2018,Saleen,S302 Black Label,Reward,FM Update 13,Mustang Tour,,,,,"139,000",Factory,Modern Sport Touring,681,A,7.3,3.0,3.0,4.8,,,780,630,3785,4.85,54,3785,PDS,V,8,F,RWD,275/R20,275/R20,,Forza,"350, 565, 640, 788, 825",TT,,N. America,U.S.,Ford Mustang,,2,L,4,,,3.900,7.600,11.033,214.9,103.9,263.5,1.16,1.14,3.700,,06-Nov-24,,07-Nov-24,FM,FM,R,,,,,,,,,,,,,1,XBO,1
FALSE,2017 Saleen S7 LM,Saleen S7 LM,3498,2017,Saleen,S7 LM,Buy Cars Base,FM Update 2,,,,,13-Dec-2023,"404,000",Factory,Modern Exotic GT,860,R,9.2,5.4,5.4,7.2,,,1000,850,2950,2.95,40,7000,TT,V,8,M,RWD,275/35R19,335/30R20,,Adjustable,"460, 565, 640, 707, 788, 825, 1183",none,,N. America,U.S.,,,2,L,4,,,3.400,6.200,9.700,243.6,93.6,233.1,1.33,1.53,2.800,13437,07-Dec-23,07-Nov-23,07-Nov-23,FM,FH5,S,DLC,,,,,,,,,,,,2,XBO,1
FALSE,2010 Saleen S5S Raptor,Saleen S5S,,2010,Saleen,S5S Raptor,DLC Exclusive,,,,Epic,,,"180,000",Factory,Modern Super Cars,873,S1,8.4,8.3,8.0,7.9,9.4,,650,630,3365,5.18,44,4959,PDS,V,8,M,RWD,,315,Yes,Forza,"640, 750",TT,eng,N. America,U.S.,,,2,L,4,,,3.200,6.800,,221.1,112.2,281.1,1.19,1.27,3.600,11608,,,12-Jan-10,FH4,FM3,,,DLC,,,,,,Uni,FM4,DLC,,,4,XBO,0
FALSE,2008 Saleen S331 Supercab,,,2008,Saleen,S331 Supercab,,,,,,,,,Factory,SUV,304,D,,,,,,,450,500,5500,12.22,,,,,8,F,RWD,,,,,,,,N. America,U.S.,,,2,L,4,,,6.684,,,146.5,,,,,,11572,,,27-Oct-09,FM4,FM3,,,,,,,,,,FM4,FM3,,,2,360,0
FALSE,2006 Saleen S281 E,,,2006,Saleen,S281 E,DLC promo,,,,,,,,Factory,Sports,513,A,,,,,,,550,500,3556,6.47,,,,,8,F,RWD,,,,,,,,N. America,U.S.,,,2,L,4,,,4.800,,,183.1,,,,,,11357,,,29-May-07,FM4,FM2,,,,,,,,,,FM4,FM3,DLC,,3,360,0
FALSE,2004 Saleen S7,Saleen S7 '04,432,2004,Saleen,S7,Buy Cars Base,,,,Epic,,,"297,000",Factory,Exotic GT Classics,753,S,7.8,4.3,4.5,5.9,,,575,570,2756,4.79,40,6997,NA,V,8,M,RWD,275/30R19,345,no,,"565, 640, 788, 825","TT, PDS",stock,N. America,U.S.,,,2,L,4,,OR,3.283,7.600,11.800,217.5,96.4,234.2,1.19,1.31,4.317,11186,05-Oct-23,05-Nov-21,03-May-05,FM,FM1,FM,FH5,FH4,FM7,FH3,FM6,,FM5,FH1,FM4,FM3,FM2,FM1,12,XBO,1
FALSE,2003 Saleen #2 Konrad Motorsport S7R,,,2003,Saleen,#2 Konrad Motorsport S7R,,,,,,,,,Race,GTS,836,R2,,,,,,,631,610,2535,4.02,,,,,8,M,RWD,,,,,,,,N. America,U.S.,,,2,L,4,,,3.500,,,185.3,,,,,,11355,,,29-May-07,FM4,FM2,,,,,,,,,,FM4,FM3,FM2,,3,360,0
FALSE,2002 Saleen #11 Graham Nash Motorsport S7R,,,2002,Saleen,#11 Graham Nash Motorsport S7R,,,,,,,,,Livery,GT1,843,R2,,,,,,,631,,2535,4.02,,,,,,M,RWD,,,,,,,,N. America,U.S.,,,2,L,4,,,,,,,,,,,,11354,,,29-May-07,FM3,FM2,,,,,,,,,,,FM3,FM2,,2,360,0
FALSE,2001 Saleen #26 Konrad Motorsports S7R,,,2001,Saleen,#26 Konrad Motorsports S7R,,,,,,,,,Livery,GT1,842,R2,,,,,,,631,,2535,4.02,,,,,,M,RWD,,,,,,,,N. America,U.S.,,,2,L,4,,,,,,,,,,,,11356,,,29-May-07,FM3,FM2,,,,,,,,,,,FM3,FM2,,2,360,0
FALSE,2000 Saleen #2 IMSA S7R,,,2000,Saleen,#2 IMSA S7R,,,,,,,,,Race,,,GTS,,,,,,,,,,#DIV/0!,,,,,,M,RWD,,,,,,,,N. America,U.S.,,,2,L,4,,,,,,,,,,,.000,11184,,,03-May-05,FM1,FM1,,,,,,,,,,,,,FM1,1,360,0
FALSE,2000 Saleen S281,,,2000,Saleen,S281,,,,,,,,,Factory,Sports,447,B,,,,,,,365,400,3064,8.39,,,,,8,F,RWD,,,,,,,,N. America,U.S.,,,2,L,4,,,4.990,,,162.6,,,,,,11185,,,03-May-05,FM4,FM1,,,,,,,,,,FM4,FM3,FM2,FM1,4,360,0
FALSE,2007 Saturn Sky Red Line,,,2007,Saturn,Sky Red Line,,,,,,,,,Factory,Roadster,409,C,,,,,,,260,260,2990,11.50,,,,,4,F,RWD,,,,,,,,N. America,U.S.,,,2,L,4,,,5.500,,,149.8,,,,,,11389,,,22-Sep-07,FM4,FM2,,,,,,,,,,FM4,FM3,DLC,,3,360,0
FALSE,2006 Saturn ION Red Line,,,2006,Saturn,ION Red Line,,,,,,,,,Factory,Sports,392,C,,,,,,,205,200,2933,14.31,,,,,4,F,FWD,,,,,,,,N. America,U.S.,,,2,L,4,,,6.000,,,155.2,,,,,,11358,,,29-May-07,FM4,FM2,,,,,,,,,,FM4,FM3,FM2,,3,360,0
FALSE,1993 Schuppan 962CR,Schuppan 962CR,3288,1993,Schuppan,962CR,DLC Autoshow,FH5 Hot Wheels,HW mission,,Common,,,"2,500,000",Factory,Retro Supercars,869,S1,8.2,7.2,8.6,4.9,2.8,4.5,600,479,2315,3.86,45,3294,TT,Flat,6,M,RWD,,345,Both,Forza,691,none,no,Europe,U.K.,,,2,R,4,,,3.483,6.782,,222.6,105.1,248.1,1.26,1.56,3.299,13321,,19-Jul-22,19-Jul-22,FH5,FH5,,DLC,,,,,,,,,,,,1,XBO,0
FALSE,2013 Scion FR-S,,,2013,Scion,FR-S,,,,,,,,,Factory,Sports,394,C,,,,,,,200,151,2737,13.69,,,,,4,F,RWD,,,,,,,,N. America,U.S.,,,2,L,4,,,6.200,,,159.6,,,,,,11933,,,07-Aug-12,FH1,FM4,,,,,,,,,FH1,DLC,,,,2,360,0
FALSE,2012 Scion tC,Scion tC '12,,2012,Scion,tC,,,,,,,,,Factory,Compact Sport Coupe (ex. Multiplayer),,,5.3,3.9,4.1,6.3,,,180,173,3060,17.00,61,,NA,Inline,4,F,FWD,,,,,,,stock,N. America,U.S.,,,2,L,4,,,6.900,19.200,,141.9,108.6,297.9,1.03,0.93,12.300,11884,,,03-Apr-12,FM6,FM4,,,,,,FM6,,FM5,,DLC,,,,3,XBO,0
FALSE,2009 Scion xD,,,2009,Scion,xD,,,,,,,,,Factory,Economy,223,E,,,,,,,128,125,2624,20.50,,,,,4,F,FWD,,,,,,,,N. America,U.S.,,,5,L,4,,,7.900,,,125.6,,,,,,11573,,,27-Oct-09,FM4,FM3,,,,,,,,,,FM4,FM3,,,2,360,0
FALSE,2005 Scion tC,,,2005,Scion,tC,,,,,,,,,Factory,Sports,271,E,,,,,,,160,163,2905,18.16,,,,,4,F,FWD,,,,,,,,N. America,U.S.,,,2,L,4,,,7.400,,,136.4,,,,,,11359,,,29-May-07,FM4,FM2,,,,,,,,,,FM4,FM3,FM2,,3,360,0
FALSE,2010 SEAT Leon CUPRA R,,,2010,SEAT,Leon CUPRA R,,,,,,,,,Factory,Hatch,439,B,,,,,,,265,258,3031,11.44,,,,,4,F,FWD,,,,,,,,Europe,Spain,,,5,L,4,,,6.100,,,160.8,,,,,,11625,,,09-Apr-10,FM4,FM3,,,,,,,,,,FM4,DLC,,,2,360,0
FALSE,2009 SEAT Ibiza CUPRA,,,2009,SEAT,Ibiza CUPRA,,,,,,,,,Factory,Hatch,342,D,,,,,,,177,184,2577,14.56,,,,,4,F,FWD,,,,,,,,Europe,Spain,,,3,L,4,,,7.200,,,138.8,,,,,,11574,,,27-Oct-09,FM4,FM3,,,,,,,,,,FM4,FM3,,,2,360,0
FALSE,2007 SEAT Cupra GT Prototype,,,2007,SEAT,Cupra GT Prototype,,,,,,,,,Factory,,975,S,,,,,,,,,,#DIV/0!,,,,,,M,RWD,,,,,,,,Europe,Spain,,,2,L,4,,,,,,,,,,,.000,11187,,,03-May-05,FM2,FM1,,,,,,,,,,,,FM2,FM1,2,360,0
FALSE,2007 SEAT Leon CUPRA,,,2007,SEAT,Leon CUPRA,,,,,,,,,Factory,Hatch,421,C,,,,,,,238,221,2941,12.36,,,,,4,F,FWD,,,,,,,,Europe,Spain,,,5,L,4,,,6.400,,,154.8,,,,,,11390,,,22-Sep-07,FM4,FM2,,,,,,,,,,FM4,FM3,DLC,,3,360,0
FALSE,2007 SEAT Leon Supercup,,,2007,SEAT,Leon Supercup,,,,,,,,,Race,Hatch,536,A,,,,,,,295,249,2425,8.22,,,,,4,F,FWD,,,,,,,,Europe,Spain,,,5,L,4,,,4.700,,,135.2,,,,,,11391,,,22-Sep-07,FM4,FM2,,,,,,,,,,FM4,FM3,DLC,,3,360,0
FALSE,2003 SEAT Leon Cupra R,,,2003,SEAT,Leon Cupra R,,,,,,,,,Factory,Hatch,401,C,,,,,,,225,206,3012,13.39,,,,,4,F,FWD,,,,,,,,Europe,Spain,,,5,L,4,,,6.900,,,151.5,,,,,,11360,,,29-May-07,FM4,FM2,,,,,,,,,,FM4,FM3,FM2,,3,360,0
FALSE,2012 Shelby 1000,Shelby 1000,,2012,Shelby,1000,Exclusive,,,,Epic,,,"250,000",Factory,Modern Muscle,782,A,8.7,6.3,6.0,6.2,7.8,,920,750,3799,4.13,56,5409,PDS,V,8,F,RWD,,305,Both,Hood,1000,none,eng,N. America,U.S.,,,2,L,4,,,3.200,6.912,,208.8,157.6,372.1,0.90,0.89,3.712,11992,,,06-Nov-12,FH4,FH1,,,cu,,,,,,DLC,,,,,2,XBO,0
FALSE,1999 Shelby Series 1,,,1999,Shelby,Series 1,,,,,,,,,Factory,Roadster,501,A,,,,,,,320,290,2650,8.28,,,,,8,F,RWD,,,,,,,,N. America,U.S.,,Yes,2,L,4,,,4.400,,,164.4,,,,,,11190,,,03-May-05,FM4,FM1,,,,,,,,,,FM4,FM3,FM2,FM1,4,360,0
FALSE,1969 Shelby GT500 428CJ,,,1969,Shelby,GT500 428CJ,,201109 Muscle,,,,,,,Factory,Sports,324,D,,,,,,,335,440,3850,11.49,,,,,8,F,RWD,,,,,,,,N. America,U.S.,,,2,L,4,,,6.000,,,153.6,,,,,,11727,,,13-Oct-11,FM4,FM4,,,,,,,,,,DLC,,,,1,360,0
FALSE,1968 Shelby GT-500KR,,,1968,Shelby,GT-500KR,,,,,,,,,Factory,Sports,320,D,,,,,,,349,440,3569,10.23,,,,,8,F,RWD,,,,,,,,N. America,U.S.,,,2,L,4,,,6.200,,,122.8,,,,,,11189,,,03-May-05,FM4,FM1,,,,,,,,,,FM4,FM3,FM2,FM1,4,360,0
FALSE,1967 Shelby GT 500,Shelby GT500 '67,3696,1967,Shelby,GT 500,Buy Cars Base,FM Update 13,,,,,30-Oct-2024,"96,000",Factory,Vintage Muscle,336,D,2.7,1.1,1.1,2.7,,,355,420,3794,10.69,56,7000,NA,V,8,F,RWD,210/70R15,210/70R15,,,"302, 460, 565, 640, 788, 825","TT, PDS CS",,N. America,U.S.,Ford Mustang,,2,L,4,,,6.200,14.300,14.500,155.5,134.6,333.9,0.97,0.92,8.100,,23-Oct-24,26-Mar-24,26-Mar-24,FM,FH5,S,DLC,,,,,,,,,,,,2,XBO,1
FALSE,1965 Shelby Cobra 427 S/C,Shelby Cobra 427,306,1965,Shelby,Cobra 427 S/C,Buy Cars Base,,,,Legendary,,,"147,000",Factory,Vintage Le Mans Sportscars,543,B,3.7,1.7,2.2,4.4,,,425,500,2529,5.95,52,6984,NA,V,8,F,RWD,210/60R17,210/60R17,Both,,"415, 565, 640, 788, 825",PDS,stock,N. America,U.S.,Shelby Cobra,Yes,2,L,4,,"HR, OT, ?WFRC, SS",4.287,8.785,12.200,159.6,155.1,384.8,0.88,0.87,4.498,11188,05-Oct-23,05-Nov-21,03-May-05,FM,FM1,FM,FH5,FH4,FM7,FH3,FM6,FH2,DLC,DLC,FM4,FM3,FM2,FM1,13,XBO,1
FALSE,1965 Shelby Cobra Daytona Coupe,Shelby Daytona,1155,1965,Shelby,Cobra Daytona Coupe,Buy Cars Base,,,,Legendary,,,"165,000",Factory,Vintage Le Mans Sportscars,619,A,5.0,3.1,3.7,3.5,,,390,341,2515,6.45,53,4727,NA,V,8,F,RWD,235/R15,285/R15,Both,Forza,"415, 565, 640, 788, 825",PDS,stock,N. America,U.S.,Shelby Cobra,,2,L,4,,"CS, HR",4.010,8.810,11.200,186.1,107.5,279.7,1.23,1.22,4.800,11575,05-Oct-23,05-Nov-21,27-Oct-09,FM,FM3,FM,FH5,FH4,FM7,FH3,FM6,FH2,FM5,FH1,FM4,DLC,,,11,XBO,1
FALSE,1963 Shelby Monaco King Cobra,Shelby Monaco KC,3079,1963,Shelby,Monaco King Cobra,Buy Cars Base,,,,Epic,,,"298,000",Race,Vintage Le Mans Prototypes,793,S,5.4,5.4,5.7,6.6,,,400,332,1300,3.25,45,4727,NA,V,8,M,RWD,255/R15,285/R15,Both,Forza,none,none,stock,N. America,U.S.,Shelby Cobra,Yes,2,R,4,,,3.000,6.500,10.150,192.3,94.0,238.1,1.39,1.50,3.500,13076,05-Oct-23,,15-Jan-19,FM,FM7,FM,,DLC,DLC,,,,,,,,,,3,XBO,1
FALSE,2021 Sierra Cars 700R,SIERRA 700R,3665,2021,Sierra Cars,700R,Seasonal,Series 18 cu,,,Rare,,,"250,000",Race,UTV's,737,A,4.3,5.9,5.1,6.4,7.1,7.7,50,43,805,16.10,49,686,NA,Inline,2,M,RWD,,205,no,rear only,196,T,stock,N. America,U.S.,,,2,C,4,,,7.233,999.999,,78.4,105.2,na,1.21,1.35,992.766,13338,,16-Mar-23,16-Mar-23,FH5,FH5,,cu,,,,,,,,,,,,1,XBO,0
FALSE,2021 Sierra Cars RX3,SIERRA RX3,3540,2021,Sierra Cars,RX3,Autoshow,,Accolade,,Rare,,,"45,000",Race,UTV's,737,A,4.3,5.9,5.1,6.4,7.1,7.7,194,114,925,4.77,45,1340,NA,Inline,4,M,RWD,,205,no,Forza,194,T,stock,N. America,U.S.,,,2,C,4,,,2.800,7.500,,120.7,107.6,252.9,1.18,1.30,4.700,13255,,05-Nov-21,05-Nov-21,FH5,FH5,,FH5,,,,,,,,,,,,1,XBO,0
FALSE,2020 Sierra Cars #23 Yokohama ALPHA,#23 SIERRA ALPHA,3539,2020,Sierra Cars,#23 Yokohama ALPHA,DLC Autoshow,FH5 Hot Wheels,HW mission,,Epic,,,"70,000",Race,Extreme Track Toys,986,S2,6.2,10.0,9.2,7.7,4.2,4.4,600,287,1150,1.92,43,1340,T,Inline,4,M,RWD,,240,no,Adjustable,none,none,no,N. America,U.S.,,,1,C,4,,,1.905,3.817,,172.3,72.7,151.2,1.78,2.68,1.912,13322,,19-Jul-22,19-Jul-22,FH5,FH5,,DLC,,,,,,,,,,,,1,XBO,0
FALSE,2010 Smart fortwo,,,2010,Smart,fortwo,,,,,,,,,Factory,City,101,F,,,,,,,70,68,1825,26.07,,,,,3,R,RWD,,,,,,,,Europe,Germany,,,3,L,4,,,13.300,,,101.2,,,,,,11894,,,01-May-12,FM4,FM4,,,,,,,,,,DLC,,,,1,360,0
FALSE,2010 Spada Codatronca TS,,,2010,Spada,Codatronca TS,,,,,,,,,Factory,Sports,654,S,,,,,,,621,531,2998,4.83,,,,,8,F,RWD,,,,,,,,Europe,Italy,,,2,L,4,,,3.400,,,214.3,,,,,,11635,,,10-May-10,FM4,FM3,,,,,,,,,,FM4,DLC,,,2,360,0
FALSE,2016 Spania GTA GTA Spano,GTA Spano,2475,2016,Spania GTA,GTA Spano,Buy Cars Base,FM Update 2,,,Epic,,13-Dec-2023,"391,000",Factory,Modern Exotic GT,848,R,9.2,5.3,5.2,7.1,9.1,,912,899,3197,3.51,42,7990,TT,V,10,M,RWD,255/35R19,335/30R20,no,Forza,none,none,no,Europe,Spain,,,2,L,4,,OR,2.900,5.200,9.783,245.1,99.1,240.7,1.30,1.49,2.300,12630,07-Dec-23,25-Jan-24,04-Oct-16,FM,FH3,S,cu,FH4,FM7,DLC,,,,,,,,,5,XBO,1
FALSE,2016 Spania GTA GTA Spano Duracell Edition,,,2016,Spania GTA,GTA Spano Duracell Edition,,,,,,,,,Livery,Modern Super Cars,927,S2,8.8,9.8,8.1,9.4,9.0,,912,999,3197,3.51,42,7990,TT,V,10,M,RWD,,,,,,,,Europe,Spain,,,2,L,4,,,,,,,,,,,.000,12672,,,07-Mar-17,FH3,FH3,,,,,DLC,,,,,,,,,1,XBO,0
FALSE,2012 Spyker Aileron,,,2012,Spyker,Aileron,,,,,,,,,Factory,Super,541,A,,,,,,,400,354,3142,7.86,,,,,8,M,RWD,,,,,,,,Europe,Netherlands,,,2,L,4,,,4.385,,,188.6,,,,,,11923,,,03-Jul-12,FM4,FM4,,,,,,,,,,DLC,,,,1,360,0
FALSE,2010 Spyker C8 Laviolette LM85,,,2010,Spyker,C8 Laviolette LM85,,,,,,,,,Factory,Super,552,A,,,,,,,400,354,2811,7.03,,,,,8,M,RWD,,,,,,,,Europe,Netherlands,,,2,L,4,,,4.400,,,190.0,,,,,,11638,,,11-May-10,FM4,FM3,,,,,,,,,,FM4,DLC,,,2,360,0
FALSE,2013 SRT #91 SRT Motorsport GTS-R,#91 Dodge Viper,,2013,SRT,#91 SRT Motorsport GTS-R,,,,,,,,,Race,Forza GT,825,R,6.7,7.0,7.2,8.8,,,475,520,2745,5.78,49,,NA,V,10,F,RWD,,310,,,none,none,stock,N. America,U.S.,Viper,,2,L,4,,,3.300,7.050,11.367,178.8,111.3,259.7,1.46,1.71,3.750,11943,,,04-Sep-12,FM7,FM4,,,,FM7,,FM6,,FM5,,DLC,,,,4,XBO,0
FALSE,2013 SRT Team Forza Viper GTS,Viper GTS TF,,2013,SRT,Team Forza Viper GTS,DLC promo,,,,,,,,Upgraded,Sport GT,,,7.5,5.9,6.0,9.0,,,700,655,3296,4.71,49,,NA,V,10,F,RWD,,,,,,,stock,N. America,U.S.,Viper,,2,L,4,,,3.600,7.650,,202.7,112.3,278.7,1.30,1.34,4.050,12177,,,30-Sep-14,FM6,FH2,,,,,,DLC,DLC,,,,,,,2,XBO,0
FALSE,2013 SRT Viper GTS,SRT Viper '13,1562,2013,SRT,Viper GTS,Buy Cars Base,,,,Rare,,10-Oct-2023,"161,000",Factory,Modern Sport GT,710,S,6.7,3.7,3.9,5.0,,,640,600,3296,5.15,49,8383,NA,V,10,F,RWD,,355,no,,"640, 707, 788","TT, PDS, CS",stock,N. America,U.S.,Dodge Viper,,2,L,4,,FF,3.571,7.634,,207.9,111.8,271.4,1.06,1.12,4.063,11913,05-Oct-23,05-Nov-21,28-Jun-12,FM,FM4,FM,FH5,FH4,FM7,FH3,FM6,FH2,FM5,FH1,DLC,,,,10,XBO,1
FALSE,2010 SSC Ultimate Aero,,,2010,SSC,Ultimate Aero,,,,,,,,,Factory,Super,846,R2,,,,,,,1287,1112,2750,2.14,,,,,8,M,RWD,,,,,,,,N. America,U.S.,,,2,L,4,,,2.780,,,265.7,,,,,,11636,,,10-May-10,FH1,FM3,,,,,,,,,FH1,FM4,DLC,,,3,360,0
FALSE,2022 SUBARU BRZ,SUBARU BRZ '22,3735,2022,SUBARU,BRZ,Buy Cars Base,,,,,,10-Oct-2023,"57,000",Factory,Modern Sport Compact,428,C,2.4,2.4,2.7,2.7,,,228,184,2835,12.43,53,2400,NA,Flat,4,F,RWD,215/R18,215/R18,,Subaru,"250, 276, 305, 394I, 415, 475, 562, 565, 630","T, CS",,Asia,Japan,Toyota 86,,2,L,4,,,5.400,13.600,13.883,146.4,110.9,279.8,1.12,1.10,8.200,13417,05-Oct-23,21-Dec-23,05-Oct-23,FM,FH5,FM,cu,,,,,,,,,,,,2,XBO,1
FALSE,2022 SUBARU WRX,SUBARU WRX '22,3819,2022,SUBARU,WRX,,,,,,,,,Factory,Modern Rally,,,,,,,,,,,,,,,,,,,,,,,,,,,Asia,Japan,,,4,L,4,,,,,,,,,,,,,,19-Sep-24,19-Sep-24,FH5,FH5,,cu,,,,,,,,,,,,1,360,0
FALSE,2019 SUBARU STI S209,SUBARU STI '19,3412,2019,SUBARU,STI S209,Buy Cars Base,,,,Common,,,"83,000",Factory,Modern Sport Compact,547,B,3.4,3.1,3.1,3.3,,,341,330,3485,10.22,59,2457,T,Flat,4,F,AWD,265/35R19,265/35R19,Both,,"394I, 415, 565, 630",none,,Asia,Japan,SUBARU Impreza,,4,L,4,,,4.400,11.200,,164.9,123.7,314.4,0.94,0.96,6.800,13259,05-Oct-23,18-Nov-21,18-Nov-21,FM,FH5,FM,DLC,,,,,,,,,,,,2,XBO,1
FALSE,2019 SUBARU STI S209 Forza Edition,SUBARU STI FE,3804,2019,SUBARU,STI S209 Forza Edition,Buy Cars DLC,FM VIP,Gift w/DLC,,,,,"96,000",Upgraded,Modern Sport Compact,600,B,3.2,4.1,4.2,3.5,,,365,353,3627,9.94,59,2500,T,Flat,4,F,AWD,265,,,Adjustable,none,none,,Asia,Japan,SUBARU Impreza,,4,L,4,,,4.400,11.200,13.000,159.2,100.9,249.7,1.24,1.34,6.800,13418,05-Oct-23,,05-Oct-23,FM,FM,DLC,,,,,,,,,,,,,1,XBO,1
FALSE,2018 SUBARU #1 Adrian Flux SUBARU Racing Levorg GT,SUBARU #1 Levorg,3272,2018,SUBARU,#1 Adrian Flux SUBARU Racing Levorg GT,Buy Cars DLC,FM Race Day,Gift w/DLC,,,,,"260,000",Race,Forza Touring Cars,673,A,3.1,5.4,5.5,3.7,,,350,295,2778,7.94,50,2000,T,Flat,4,F,RWD,265/R,265/R18,,Adjustable,none,none,,Asia,Japan,,,5,L,4,,,4.178,13.000,9.381,161.5,91.4,230.6,1.36,1.50,8.822,13416,05-Oct-23,,05-Oct-23,FM,FM,DLC,,,,,,,,,,,,,1,XBO,1
FALSE,2018 Subaru WRX STI ARX Supercar,Subaru ST ARX,3241,2018,Subaru,WRX STI ARX Supercar,DLC Autoshow,FH5 Hot Wheels,HW mission,,Common,,,"500,000",Race,Rally Monsters,849,S1,5.4,6.0,6.0,7.8,2.2,7.9,600,479,2820,4.70,51,1994,T,Flat,4,F,AWD,,240,Both,Adjustable,"415, 330, 493(34k)",none,eng,Asia,Japan,,,4,L,4,,,1.912,5.000,,150.5,92.8,230.7,1.18,1.32,3.088,13323,,19-Jul-22,19-Jul-22,FH5,FH5,,DLC,,,,,,,,,,,,1,XBO,0
FALSE,2016 Subaru #199 WRX STI VT15R Rally Car,#199 Subaru WRX,,2016,Subaru,#199 WRX STI VT15R Rally Car,,,,,Legendary,,,"300,000",Race,Rally Monsters,762,A,5.9,8.0,7.7,8.8,10.0,,330,480,2900,8.79,60,1994,T,Flat,4,F,AWD,,215,no,Rally lights,"330, 415, 493",none,no,Asia,Japan,Impreza,,4,L,4,,,3.473,10.465,12.017,136.1,139.6,326.6,1.05,1.19,6.992,12648,,,13-Dec-16,FH4,FH3,,,FH4,FM7,DLC,,,,,,,,,3,XBO,0
FALSE,"2016 Subaru #199 WRX STI VT15R Rally Car ""Welcome Pack""",#199 WRX WP,,2016,Subaru,"#199 WRX STI VT15R Rally Car ""Welcome Pack""",DLC store,,,,Legendary,,,"300,000",Upgraded,Rally Monsters,800,A,6.1,7.7,7.3,9.2,10.0,,366,328,2900,7.92,56,1994,T,Flat,4,F,AWD,,215,no,Rally lights,"415, 493",none,no,Asia,Japan,,,4,L,4,,,3.515,10.500,,150.0,136.3,327.0,1.03,1.11,6.985,13151,,,28-Jul-20,FH4,FH4,,,DLC,,,,,,,,,,,1,XBO,0
FALSE,2016 Subaru #75 WRX STI VT15R Rally Car,#75 Subaru WRX,,2016,Subaru,#75 WRX STI VT15R Rally Car,,,,,,,,,Livery,Forza Group Rally,668,A,6.1,5.4,5.6,7.9,9.7,,330,480,2900,8.79,60,1994,T,Flat,4,F,AWD,,215,,,none,,no,Asia,Japan,Impreza,,4,L,4,,EvI,3.500,9.000,12.017,161.8,128.5,309.1,1.21,1.27,5.500,12657,,,12-Jan-17,FM7,FH3,,,,FM7,cu,,,,,,,,,2,XBO,0
FALSE,2016 Subaru WRX STI F&F Edition,Subaru WRX FF,,2016,Subaru,WRX STI F&F Edition,,,,,,,,,Tuner,Fast & Furious,699,A,7.3,5.0,5.1,8.5,,,475,450,3420,7.20,56,,T,Flat,4,F,AWD,,265,,,"355, 415",none,eng,Asia,Japan,Impreza,,4,L,4,,,3.777,9.078,10.933,200.7,130.9,316.5,1.15,1.15,5.301,12831,,,29-Sep-17,FM7,FM7,,,,DLC,,,,,,,,,,1,XBO,0
FALSE,2015 Subaru Team Forza WRX STI,,,2015,Subaru,Team Forza WRX STI,DLC promo,,,,,,,,Livery,BOTH Rally Day Heroes and Ultimate SpoCom,,,5.8,4.8,4.8,7.2,,,310,295,3386,10.92,59,,T,Flat,4,F,AWD,,,,,,,no,Asia,Japan,,,4,L,4,,,4.800,12.600,,167.0,124.1,309.7,1.10,1.10,7.800,12307,,,10-Sep-15,FM6,FM6,,,,,,DLC,,,,,,,,1,XBO,0
FALSE,2015 SUBARU WRX STI,SUBARU WRX '15,2168,2015,SUBARU,WRX STI,Buy Cars Base,,,,Common,,,"74,000",Factory,Modern Sport Compact,507,B,3.6,2.5,2.6,3.1,,,305,290,3386,11.10,59,2457,T,Flat,4,F,AWD,245/40R18,245/40R18,Both,,"375, 394I, 415, 565, 630",none,eng,Asia,Japan,SUBARU Impreza,,4,L,4,,"AWW, ?WW",4.817,12.618,12.800,165.5,130.9,335.1,0.93,0.94,7.801,12208,05-Oct-23,05-Nov-21,03-Mar-15,FM,FH2,FM,FH5,FH4,FM7,FH3,FM6,DLC,,,,,,,7,XBO,1
FALSE,2013 SUBARU BRZ,SUBARU BRZ '13,1655,2013,SUBARU,BRZ,Buy Cars Base,,,,Common,,,"38,000",Factory,Modern Sport Compact,354,D,2.0,2.1,2.4,2.2,,,197,151,2764,14.03,55,1998,NA,Flat,4,F,RWD,215/45R17,215/45R17,Both,,"250, 276, 305, 394I, 415, 475, 562, 565, 630","T, CS",stock,Asia,Japan,Toyota 86,,2,L,4,,DD,6.300,16.400,14.633,153.5,151.5,375.5,0.91,0.90,10.100,12003,05-Oct-23,05-Nov-21,05-Feb-13,FM,FH1,FM,FH5,FH4,FM7,FH3,FM6,FH2,FM5,DLC,,,,,9,XBO,1
FALSE,2013 Subaru BRZ F&F Edition,Subaru BRZ FF,,2013,Subaru,BRZ F&F Edition,,,,,,,,,Tuner,Fast & Furious,682,A,7.2,5.3,5.6,8.5,,,400,406,2625,6.56,55,,T,Flat,4,F,RWD,,295,,,"415, 562",none,eng,Asia,Japan,,,2,L,4,,,4.200,9.220,11.850,191.3,123.8,311.4,1.24,1.24,5.020,12832,,,29-Sep-17,FM7,FM7,,,,DLC,,,,,,,,,,1,XBO,0
FALSE,2013 Subaru BRZ Forza Edition,Suburu BRZ FE,,2013,Subaru,BRZ Forza Edition,,,,,,,,,Upgraded,Sport Compact,519,B,6.0,5.3,5.4,7.0,,,242,180,2497,10.32,55,,NA,Flat,4,F,RWD,,,,,,,stock,Asia,Japan,,,2,L,4,,,6.321,16.422,,156.3,126.9,314.2,1.20,1.21,10.101,12833,,,29-Sep-17,FM7,FM7,,,,FE,,,,,,,,,,1,XBO,0
FALSE,2013 Subaru BRZ Horizon Edition,,,2013,Subaru,BRZ Horizon Edition,,,,,,,,,Upgraded,Asian Sports Cars,713,A,5.8,7.3,7.1,6.5,7.0,,197,151,2764,14.03,55,1998,NA,Flat,4,F,RWD,,,,,,,stock,Asia,Japan,,,2,L,4,,TC,,,,,,,,,.000,12617,,,23-Sep-16,FH3,FH3,,,,,HE,,,,,,,,,1,XBO,0
FALSE,2011 SUBARU WRX STI ,SUBARU WRX '11,1323,2011,SUBARU,WRX STI ,Buy Cars Base,,,,Rare,,,"67,000",Factory,Modern Sport Compact,473,C,3.7,2.2,2.3,2.8,,,305,290,3384,11.10,58,2457,T,Flat,4,F,AWD,245/40R18,245/40R18,Both,,"305, 375, 394I, 415, 565, 630",none,eng,Asia,Japan,SUBARU Impreza,,4,L,4,,"AWW, ?WW",5.500,14.200,13.800,165.5,131.3,337.8,0.93,0.94,8.700,11728,05-Oct-23,05-Nov-21,13-Oct-11,FM,FM4,FM,FH5,FH4,FM7,FH3,FM6,FH2,FM5,FH1,DLC,,,,10,XBO,1
FALSE,2010 Subaru Legacy B4 2.5 GT,,,2010,Subaru,Legacy B4 2.5 GT,,,,,,,,,Factory,Sedan,462,B,,,,,,,282,258,3263,11.57,,,,,4,F,AWD,,,,,,,,Asia,Japan,,,4,R,4,,,5.600,,,171.5,,,,,,11648,,,08-Jun-10,FM4,FM3,,,,,,,,,,FM4,DLC,,,2,360,0
FALSE,2008 SUBARU IMPREZA WRX STI,SUBARU WRX '08,1060,2008,SUBARU,IMPREZA WRX STI,Buy Cars Base,,,,Rare,,,"69,000",Factory,Modern Sport Compact,476,C,3.0,2.3,2.3,3.1,,,305,335,3395,11.13,58,2457,T,Flat,4,F,AWD,245/40R18,245/40R18,no,,"375, 394I, 415, 565, 630",none,eng,Asia,Japan,SUBARU Impreza,,4,L,4,,"AWW, ?WW",5.000,12.600,13.500,157.1,132.8,337.3,0.92,0.93,7.600,11576,05-Oct-23,05-Nov-21,27-Oct-09,FM,FM3,FM,FH5,FH4,FM7,FH3,FM6,FH2,DLC,,FM4,FM3,,,10,XBO,1
FALSE,2006 Subaru Impreza S204,,,2006,Subaru,Impreza S204,DLC promo,,,,,,,,Factory,Sedan,508,A,,,,,,,317,319,3197,10.09,,,,,4,F,AWD,,,,,,,,Asia,Japan,,,4,R,4,,,4.415,,,164.5,,,,,,11361,,,29-May-07,FM4,FM2,,,,,,,,,,Uni,Uni,DLC,,3,360,0
FALSE,2005 SUBARU IMPREZA WRX STi,SUBARU WRX '05,365,2005,SUBARU,IMPREZA WRX STi,Buy Cars Base,FM Update 10,,,Common,,,"76,000",Factory,Modern Sport Compact,503,B,3.5,2.2,2.4,3.3,3.2,5.7,276,311,3219,11.66,58,1994,T,Flat,4,F,AWD,235/R17,235/R17,Both,"Rally Lights/Hood, Aftermarket","305, 375, 394I, 415, 565, 630",none,eng,Asia,Japan,SUBARU Impreza,,4,R,4,,"IMC, AWW, ?WW",4.500,12.100,13.000,164.4,107.2,277.0,1.09,1.06,7.600,11362,31-Jul-24,05-Nov-21,29-May-07,FM,FM2,S,FH5,FH4,FM7,FH3,FM6,FH2,FM5,DLC,FM4,FM3,FM2,,12,XBO,1
FALSE,2005 Subaru Legacy B4 2.0 GT,Subaru Legacy,,2005,Subaru,Legacy B4 2.0 GT,,,,,,,,,Factory,Sport Compact Icons,461,C,6.3,4.2,4.4,7.0,,,276,253,3153,11.42,57,1994,T,Flat,4,F,AWD,,,,,,,eng,Asia,Japan,,,4,R,4,,,5.042,13.941,13.665,168.1,136.8,332.6,1.05,1.01,8.899,11363,,,29-May-07,FM7,FM2,,,,FM7,,,,,,FM4,FM3,FM2,,4,XBO,0
FALSE,2005 Subaru Legacy Traffic,,,2005,Subaru,Legacy Traffic,Horizon Promo,,,,,,,,Traffic,,,,,,,,,,,,,,,,,,,,,,,,,,,,,,,,,,,,,,,,,,,,,,12619,,,23-Sep-16,FH5,FH3,,HP,,,HP,,,,,,,,,2,XBO,0
FALSE,2004 SUBARU IMPREZA WRX STI,SUBARU WRX '04,364,2004,SUBARU,IMPREZA WRX STI,Buy Cars Base,,,,Common,,,"76,000",Factory,Early Sport Compact,490,C,3.3,2.2,2.2,3.3,,,278,290,3219,11.58,58,1994,T,Flat,4,F,AWD,225/45R17,225/45R17,Both,,"305, 375, 394I, 415, 565, 630",none,eng,Asia,Japan,SUBARU Impreza,,4,R,4,,"AWW, ?WW",4.919,12.600,13.300,161.6,135.2,347.5,0.91,0.92,7.681,11194,05-Oct-23,05-Nov-21,03-May-05,FM,FM1,FM,FH5,FH4,FM7,FH3,FM6,,FM5,,FM4,FM3,FM2,FM1,11,XBO,1
FALSE,2004 Subaru Impreza WRX STi Spec-C,,,2004,Subaru,Impreza WRX STi Spec-C,,,,,,,,,Factory,,,A4,,,,,,,,,,#DIV/0!,,,,,,F,AWD,,,,,,,,Asia,Japan,,,4,R,4,,,,,,,,,,,.000,11195,,,03-May-05,FM1,FM1,,,,,,,,,,,,0,FM1,2,360,0
FALSE,2003 Subaru #77 Cusco Subaru Advan Impreza,,,2003,Subaru,#77 Cusco Subaru Advan Impreza,,,,,,,,,Race,SGT300,737,R3,,,,,,,335,291,2535,7.57,,,,,4,F,RWD,,,,,,,,Asia,Japan,,,2,R,4,,,3.764,,,175.3,,,,,,11191,,,03-May-05,FM4,FM1,,,,,,,,,,FM4,FM3,FM2,FM1,4,360,0
FALSE,1999 Subaru Impreza 2.5RS Coupe,,,1999,Subaru,Impreza 2.5RS Coupe,,,,,,,,,Factory,,,D4,,,,,,,,,,#DIV/0!,,,,,,F,AWD,,,,,,,,Asia,Japan,,,2,L,4,,,,,,,,,,,.000,11192,,,03-May-05,FM1,FM1,,,,,,,,,,,,,FM1,1,360,0
FALSE,1998 Subaru Impreza 22B STi Forza Edition,,,1998,Subaru,Impreza 22B STi Forza Edition,,,,,,,,,Upgraded,Showroom Rally,522,B,5.9,5.0,5.1,7.2,,,291,280,2764,9.50,58,,T,Flat,4,F,AWD,,,,,,,eng,Asia,Japan,,,2,R,4,,,4.700,13.500,,155.4,124.9,315.5,1.16,1.14,8.800,12834,,,29-Sep-17,FM7,FM7,,,,FE,,,,,,,,,,1,XBO,0
FALSE,1998 Subaru Impreza 22B STI Horizon Edition,,,1998,Subaru,Impreza 22B STI Horizon Edition,,,,,,,,,Upgraded,Retro Rally,760,A,5.8,8.2,7.5,7.1,8.1,,276,265,2800,10.14,58,2212,T,Flat,4,F,AWD,,A,,,,,eng,Asia,Japan,Impreza,,2,R,4,,"HH, EvI, TC",,,,,,,,,.000,12618,,,23-Sep-16,FH3,FH3,,,,,HE,,,,,,,,,1,XBO,0
FALSE,1998 SUBARU Impreza 22B-STi Version,SUBARU 22B '98,363,1998,SUBARU,Impreza 22B-STi Version,Buy Cars Base,,,,Legendary,,,"86,000",Factory,Early Sport Compact,511,B,2.6,2.7,2.8,3.2,,,276,265,2800,10.14,58,2212,T,Flat,4,F,AWD,235/40R17,235/40R17,Both,,"305, 375, 394I, 415, 565",none,eng,Asia,Japan,SUBARU Impreza,,2,R,4,,"AWW, ?WW",4.700,13.517,13.500,152.9,133.8,344.1,0.93,0.94,8.817,11193,05-Oct-23,05-Nov-21,03-May-05,FM,FM1,FM,FH5,Barn,FM7,FH3,FM6,FH2,FM5,FH1,FM4,FM3,FM2,FM1,13,XBO,1
FALSE,1998 Subaru Tommy Kaira Impreza M20b,,,1998,Subaru,Tommy Kaira Impreza M20b,,,,,,,,,Tuner,,642,B,,,,,,,,,,#DIV/0!,,,,,,,,,,,,,,,Asia,Japan,,,2,R,4,,,,,,,,,,,,11196,,,03-May-05,FM2,FM1,,,,,,,,,,,,FM2,FM1,2,360,0
FALSE,1996 Subaru SVX,Subaru SVX,,1996,Subaru,SVX,,,,,,,,,Factory,Sport Compact Icons,357,D,6.0,4.0,4.2,6.3,6.5,,230,228,3580,15.57,59,3318,NA,Flat,6,F,AWD,,225,,,"305, 355, 415","TT, PDS",stock,Asia,Japan,,,2,L,4,,RPC,7.300,18.200,15.400,158.5,137.6,330.4,1.03,1.00,10.900,12434,,,28-Jan-16,FM7,FM6,,,,FM7,FH3,DLC,,,,,,,,3,XBO,0
FALSE,1990 SUBARU LEGACY RS,SUBARU LEGACY 90,1382,1990,SUBARU,LEGACY RS,Buy Cars Base,,,,Common,,,"48,000",Factory,Early Sport Compact,323,D,2.2,1.4,1.6,1.9,,,217,199,2987,13.76,57,1994,T,Flat,4,F,AWD,205/60R15,205/60R15,Both,,"305, 350, 375, 394I, 475",none,eng,Asia,Japan,,,4,R,4,,"RPC, HOM",6.700,20.018,13.500,145.2,150.7,382.5,0.84,0.85,13.318,11895,05-Oct-23,01-Sep-22,01-May-12,FM,FM4,FM,cu,FH4,FM7,FH3,FM6,DLC,,,DLC,,,,8,XBO,1
FALSE,1980 Subaru BRAT GL,Subaru BRAT,2140,1980,Subaru,BRAT GL,Seasonal,Series 18 cu,,,Common,,,"250,000",Factory,Vans & Utility,273,D,3.6,1.9,4.1,2.3,2.1,6.5,69,84,2061,29.87,63,1595,NA,Flat,4,F,AWD,,165,Both,Rally bumper,"278, 305, 330, 493(34k)","T, CS",stock,Asia,Japan,,,2,L,4,,RPC,14.800,71.088,18.617,100.3,181.3,453.9,0.76,0.76,56.288,12202,,16-Mar-23,06-Jan-15,FH5,FH2,,cu,,FM7,FH3,FM6,DLC,,,,,,,5,XBO,0
FALSE,1980 Subaru BRAT GL Forza Edition,Subaru BRAT FE,,1980,Subaru,BRAT GL Forza Edition,,,,,,,,,Upgraded,Sport Compact Icons,500,C,5.4,4.7,4.7,7.0,,,175,185,1830,10.46,58,,NA,Flat,4,F,AWD,,225,,,,,stock,Asia,Japan,,,2,L,4,,,14.800,71.000,,145.5,116.3,293.2,1.14,1.01,56.200,12835,,,29-Sep-17,FM7,FM7,,,,FE,,,,,,,,,,1,XBO,0
FALSE,1980 Subaru BRAT GL Horizon Edition,,,1980,Subaru,BRAT GL Horizon Edition,,,,,,,,,Upgraded,Vans & Utility,522,C,3.5,5.5,6.8,4.3,4.6,,69,84,2061,29.87,63,1595,NA,Flat,4,F,AWD,,,,,,,stock,Asia,Japan,,,2,L,4,,,,,,,,,,,.000,12616,,,23-Sep-16,FH3,FH3,,,,,HE,,,,,,,,,1,XBO,0
FALSE,1968 Subaru 360,,,1968,Subaru,360,,,,,,,,,Factory,Major Micros,100,E,3.0,3.6,3.7,3.0,,,25,25,1143,45.72,41,,NA,Flat,2,R,RWD,,,,,,,stock,Asia,Japan,,,2,L,4,,,48.000,999.999,23.083,72.0,131,na,0.96,0.90,951.999,12866,,,16-Jan-18,FM7,FM7,,,,DLC,,,,,,,,,,1,XBO,0
FALSE,1967 Sunbeam Tiger,Sunbeam Tiger,,1967,Sunbeam,Tiger,DLC free,,,,Rare,,,"65,000",Factory,Classic Sports Cars,500,D,5.8,4.5,4.5,5.6,7.1,,200,282,2560,12.80,51,4737,NA,V,8,F,RWD,,175,no,Forza,"510, 526, 602, 700","T, PDS",stock,Europe,U.K.,,Yes,2,L,4,,"SS, RPC",6.720,16.716,,134.9,194.7,496.9,0.71,0.71,9.996,12435,,,28-Jan-16,FH4,FM6,,,cu*,,cu,DLC,,,,,,,,3,XBO,0
FALSE,2011 Suzuki #1 Monster Sport SX4 Hill Climb Special,,,2011,Suzuki,#1 Monster Sport SX4 Hill Climb Special,,,,,,,,,Race,Super,878,R1,,,,,,,897,654,2520,2.81,,,,,6,M,AWD,,,,,,,,Asia,Japan,,,2,C,4,,,2.500,,,157.6,,,,,,11843,,,06-Dec-11,FM4,FM4,,,,,,,,,,DLC,,,,1,360,0
FALSE,2011 Suzuki SX4 Sportback,,,2011,Suzuki,SX4 Sportback,,,,,,,,,Factory,Hatch,209,E,,,,,,,150,140,2734,18.23,,,,,4,F,FWD,,,,,,,,Asia,Japan,,,5,L,4,,,9.600,,,122.2,,,,,,11817,,,14-Oct-11,FM4,FM4,,,,,,,,,,FM4,,,,1,360,0
FALSE,2002 Suzuki Liana GLX,,,2002,Suzuki,Liana GLX,,,,,,,,,Factory,Economy,136,F,,,,,,,104,106,2557,24.59,,,,,4,F,FWD,,,,,,,,Asia,Japan,,,4,R,4,,,12.300,,,109.7,,,,,,11816,,,14-Oct-11,FM4,FM4,,,,,,,,,,FM4,,,,1,360,0
FALSE,1979 Talbot Sunbeam Lotus,Talbot Sunbeam,,1979,Talbot,Sunbeam Lotus,DLC free,,,,Common,,,"25,000",Factory,Classic Rally,469,D,5.3,4.7,4.6,5.4,6.9,,148,150,2116,14.30,57,2172,NA,Inline,4,F,RWD,,185,no,Wideboy/Rally lights,"321, 212, 300","T, PDS",stock,Europe,U.K.,,,3,R,4,,"BRG, RPC",7.417,20.417,,121.1,194.8,476.5,0.76,0.75,13.000,12635,,,01-Nov-16,FH4,FH3,,,cu*,,DLC,,,,,,,,,2,XBO,0
FALSE,2017 TAMO Racemo,TAMO Racemo,,2017,TAMO,Racemo,,,,,Legendary,,,"600,000",Factory,Modern Sports Cars,577,C,5.9,5.6,5.7,6.1,7.8,,188,155,2293,12.20,45,1199,T,Inline,3,M,RWD,,235,Both,Forza,300,none,eng,Asia,India,,,2,R,4,,,6.116,16.716,14.100,128.8,160.9,386.4,0.89,0.93,10.600,12673,,,07-Mar-17,FH4,FH3,,,FH4,FM7,cu,,,,,,,,,3,XBO,0
FALSE,2014 Terradyne Gurkha LAPV,Terradyne Gurkha,,2014,Terradyne,Gurkha LAPV,,,,,Legendary,,,"450,000",Factory,Offroad,223,D,5.0,5.3,5.1,3.5,4.1,,300,657,16499,55.00,43,6656,T,V,8,F,AWD,,335,no,none,"700V, 850",none,no,N. America,Canada,,,5,L,4,,"DvG, OR, HH",19.100,102.540,,100.6,201.4,457.2,0.81,0.76,83.440,12245,,,15-Jun-15,FH4,FH2,,,FH4,,cu,DLC,DLC,,,,,,,4,XBO,0
FALSE,2015 Tesla Model S P85D,Tesla Model S,,2015,Tesla,Model S P85D,,,,,,,,,Factory,Executive Heavyweights,,,5.0,4.4,4.5,8.5,,,691,687,4830,6.99,51,E,NA,E,E,M,AWD,,25,,,,,stock,N. America,U.S.,,,4LB,L,4,,,3.100,8.481,,162.9,123.0,316.8,1.05,1.04,5.381,12390,,,15-Sep-15,FM6,FM6,,,,,,FM6,,,,,,,,1,XBO,0
FALSE,2015 Tesla Model S P90D with Ludicrous Mode,Tesla Model S,,2015,Tesla,Model S P90D with Ludicrous Mode,,,,,,,,,Factory,Super Saloons,794,A,5.9,7.6,6.9,8.3,9.2,,532,713,4842,9.10,48,E,E,E,E,M,AWD,,A,,,,,E,N. America,U.S.,,,4LB,L,4,,Heavy,2.800,7.116,,164.5,137.8,352.0,0.92,0.94,4.316,12620,,,23-Sep-16,FH3,FH3,,,,,FH3,,,,,,,,,1,XBO,0
FALSE,2014 Tesla Model S,,,2014,Tesla,Model S,DLC store,,,,,,,,Factory,Super Saloons,746,A,5.3,7.7,6.6,7.8,7.9,,416,443,4749,11.42,,E,E,E,E,R,RWD,,,,,,,E,N. America,U.S.,,,4LB,L,4,,,4.000,9.500,,145.8,167.1,376.4,0.89,0.91,5.500,12178,,,30-Sep-14,FH2,FH2,,,,,,,DLC,,,,,,,1,XBO,0
FALSE,2011 Tesla Roadster Sport,,,2011,Tesla,Roadster Sport,,,,,,,,,Factory,Roadster,505,A,,,,,,,288,295,2723,9.45,,,,,E,M,RWD,,,,,,,,N. America,U.S.,,,2,L,4,,,4.000,,,143.5,,,,,,11729,,,13-Oct-11,FM4,FM4,,,,,,,,,,DLC,,,,1,360,0
FALSE,2018 Top Gear Track-Tor,TG Track-tor,,2018,Top Gear,Track-Tor,Exclusive,,,,Legendary,,,"250,000",Tuner,Extreme Offroad,577,C,5.2,5.9,6.9,6.8,8.4,,500,430,5500,11.00,50,5735,NA,V,8,F,RWD,,495,no,none,850,"TT, PDS",stock,Europe,U.K.,,~,2,C,4,,HH,6.618,19.427,,116.1,181.7,432.8,0.91,0.90,12.809,13103,,,01-Jul-19,FH4,FH4,,,cu,,,,,,,,,,,1,XBO,0
FALSE,2024 Toyota NASCAR Next Gen Camry XSE,NASCAR Camry,3993,2024,Toyota,NASCAR Next Gen Camry XSE,Buy Cars Base,FM Update 14,,,,,,"326,000",Race,NASCAR,855,R,6.0,7.0,7.0,5.5,,,670,470,3325,4.96,50,5900,NA,V,8,F,RWD,/R18,/R18,,Adjustable,none,none,,Asia,Japan,,,2,L,4,,,,,,,,,,,,,06-Nov-24,,06-Nov-24,FM,FM,S,,,,,,,,,,,,,1,XBO,1
FALSE,2023 Toyota Camry TRD,Toyota Camry '23,3848,2023,Toyota,Camry TRD,Buy Cars Base,FM Update 17,,,,,,"54,000",Factory,Modern Sport Compact,412,C,4.2,1.9,2.0,2.6,,,301,267,3575,11.88,60,3500,NA,V,6,F,FWD,235/R19,235/R19,,"WB, Forza","250,375, 394, 460, 475, 565","TT, PDS",,Asia,Japan,,,4,L,4,,,5.600,13.883,14.200,169.7,109.8,289.4,1.07,1.01,8.283,,10-Feb-25,22-Aug-24,22-Aug-24,FM,FH5,S,cu,,,,,,,,,,,,2,XBO,1
FALSE,2022 Toyota GR86,Toyota GR86 '22,3761,2022,Toyota,GR86,Buy Cars Base,FM Update 17,Challenge Hub,,Epic,,,"52,000",Factory,Modern Sport Compact,404,C,2.6,2.2,2.3,2.8,4.8,5.3,228,184,2811,12.33,53,2390,NA,Flat,4,F,RWD,215/R17,215/R17,Both,Bodykit RB,"250, 276, 305, 394, 415, 475, 562, 565, 630","T, CS",stock,Asia,Japan,,,2,L,4,,,5.400,13.818,14.000,149.9,111.3,283.0,1.08,1.06,8.418,13378,10-Feb-25,03-Aug-23,03-Aug-23,FM,FH5,S,cu,,,,,,,,,,,,2,XBO,1
FALSE,2021 Toyota GR Yaris,Toyota GR Yaris,3629,2021,Toyota,GR Yaris,Reward,FM Update 17,,,,,,"81,000",Factory,Modern Hot Hatch,539,B,2.8,2.9,2.7,3.3,,,257,265,2888,11.24,59,1618,T,Inline,3,F,AWD,225/40R18,225/40R18,,Bodykit WB,"350, 375, 394, 475",none,,Asia,Japan,,,3,R,4,,,4.640,11.620,13.250,155.7,111.1,273.3,1.13,1.11,6.980,,05-Mar-25,04-Jul-24,04-Jul-24,FM,FH5,R,cu,,,,,,,,,,,,2,XBO,1
FALSE,2020 Toyota GR Supra,Toyota Supra '20,3402,2020,Toyota,GR Supra,Buy Cars Base,,FM Welcome Pack,,Rare,,,"90,000",Factory,Modern Sport Coupe,578,B,4.0,3.1,3.2,4.0,,,335,365,3397,10.14,51,2998,T,Inline,6,F,RWD,255/35R19,275/35R19,Both,Bodykit HKS,"375, 394I, 415, 603, 630, 690, 788",none,eng,Asia,Japan,Toyota Supra,,2,L,4,,,3.800,9.500,12.300,172.1,111.1,272.0,1.17,1.16,5.700,13256,05-Oct-23,05-Nov-21,05-Nov-21,FM,FH5,FM,FH5,,,,,,,,,,,,2,XBO,1
FALSE,2020 Toyota Tundra TRD Pro,Toyota Tundra,3419,2020,Toyota,Tundra TRD Pro,DLC Autoshow,FH5 Car Pass,Gift w/DLC,,Rare,,,"60,000",Factory,Pickups & 4x4s,562,C,5.4,3.2,3.6,4.0,3.1,9.0,381,401,5640,14.80,58,5663,NA,V,8,F,AWD,,275,no,Offroad,"415, 475d, 805, 552, 850","TT, PDS",stock,Asia,Japan,,,4,L,4,,,6.365,18.104,,144.3,147.7,366.1,0.82,0.81,11.739,13280,,10-Mar-22,10-Mar-22,FH5,FH5,,DLC,,,,,,,,,,,,1,XBO,0
FALSE,2019 Toyota 4Runner TRD Pro,Toyota 4Runner,3373,2019,Toyota,4Runner TRD Pro,Seasonal,Series 5 cu,,,Rare,,,"250,000",Factory,Pickups & 4x4s,531,C,5.1,3.2,3.7,3.3,2.3,8.9,270,278,4750,17.59,54,3956,NA,V,6,F,AWD,,265,no,Offroad,"415, 475d, 805, 552, 850","TT, PDS",stock,Asia,Japan,,,5,L,4,,,7.615,21.030,,139.2,147.3,369.4,0.82,0.81,13.415,13279,,10-Mar-22,10-Mar-22,FH5,FH5,,cu,,,,,,,,,,,,1,XBO,0
FALSE,2019 Toyota 86 TRD SE,Toyota 86 '19,3418,2019,Toyota,86 TRD SE,Buy Cars DLC,FM Car Pass,Gift w/DLC,,,,,"45,000",Factory,Modern Sport Compact,376,D,2.0,2.5,2.5,2.3,,,205,156,2837,13.84,53,2000,NA,Flat,4,F,RWD,215/R18,215/R18,,Bodykit RB,"276, 305, 394I, 415, 475, 562, 565, 630","T, CS",,Asia,Japan,Toyota 86,,2,L,4,,,6.300,16.400,14.317,139.7,111.1,282.3,1.11,1.09,10.100,,20-Mar-24,,20-Mar-24,FM,FM,DLC,,,,,,,,,,,,,1,XBO,1
FALSE,2019 Toyota Tacoma TRD Pro,Toyota Tacoma,3374,2019,Toyota,Tacoma TRD Pro,DLC Autoshow,FH5 Car Pass,Gift w/DLC,,Rare,,,"50,000",Factory,Pickups & 4x4s,518,C,4.9,3.1,3.6,3.2,2.5,8.8,278,265,4425,15.92,58,3456,NA,V,6,F,AWD,,265,no,Offroad,"415, 475d, 805, 552, 850","TT, PDS",stock,Asia,Japan,,,4,L,4,,,7.700,23.500,,133.4,147.9,377.8,0.84,0.83,15.800,13292,,12-May-22,12-May-22,FH5,FH5,,DLC,,,,,,,,,,,,1,XBO,0
FALSE,2017 Toyota #18 Joe Gibbs Racing M&M’s Camry,#18 Toyota M&Ms,,2017,Toyota,#18 Joe Gibbs Racing M&M’s Camry,,,,,,,,,Race,NASCAR,833,R,7.7,6.8,6.9,8.7,,,725,450,3300,4.55,53,,NA,V,8,F,RWD,,315,,,825,none,stock,Asia,Japan,,,2,L,4,,,4.000,7.500,11.250,205.0,121.0,276.0,1.40,1.61,3.500,12836,,,29-Sep-17,FM7,FM7,,,,FM7,,,,,,,,,,1,XBO,0
FALSE,2017 Toyota #18 Joe Gibbs Racing Skittles Camry,#18 Toyota Camry,,2017,Toyota,#18 Joe Gibbs Racing Skittles Camry,,,,,,,,,Livery,NASCAR,833,R,7.7,6.8,6.9,8.7,,,725,450,3300,4.55,53,,NA,V,8,F,RWD,,315,,,825,none,stock,Asia,Japan,,,2,L,4,,,4.000,7.500,11.250,205.0,121.3,276,1.40,1.61,3.500,12837,,,29-Sep-17,FM7,FM7,,,,FM7,,,,,,,,,,1,XBO,0
FALSE,2017 Toyota #18 Joe Gibbs Racing Snickers Camry,#18 Toyota Gibbs,,2017,Toyota,#18 Joe Gibbs Racing Snickers Camry,,,,,,,,,Livery,NASCAR,833,R,7.7,6.8,6.9,8.7,,,725,450,3300,4.55,53,,NA,V,8,F,RWD,,315,,,825,none,stock,Asia,Japan,,,2,L,4,,,4.000,7.500,11.250,205.0,121.3,276,1.40,1.61,3.500,12838,,,29-Sep-17,FM7,FM7,,,,FM7,,,,,,,,,,1,XBO,0
FALSE,2016 Toyota #11 Joe Gibbs Racing FedEx Express Camry,#11 FedEx Camry,,2016,Toyota,#11 Joe Gibbs Racing FedEx Express Camry,,,,,,,,,Livery,NASCAR,,,7.7,6.8,6.9,8.7,,,725,450,3300,4.55,53,,NA,V,8,F,RWD,,,,,,,stock,Asia,Japan,,,2,L,4,,,4.000,7.500,,204.9,101.3,245.9,1.40,1.61,3.500,12474,,,17-May-16,FM6,FM6,,,,,,DLC,,,,,,,,1,XBO,0
FALSE,2016 Toyota #18 Joe Gibbs Racing Interstate Batteries Camry,#18 Gibbs Camry,,2016,Toyota,#18 Joe Gibbs Racing Interstate Batteries Camry,,,,,,,,,Livery,NASCAR,,,7.7,6.8,6.9,8.7,,,725,450,3300,4.55,53,,NA,V,8,F,RWD,,,,,,,stock,Asia,Japan,,,2,L,4,,,4.000,7.500,,204.9,101.3,245.9,1.40,1.61,3.500,12475,,,17-May-16,FM6,FM6,,,,,,DLC,,,,,,,,1,XBO,0
FALSE,2016 Toyota #19 Joe Gibbs Racing ARRIS Camry,#19 ARRIS Camry,,2016,Toyota,#19 Joe Gibbs Racing ARRIS Camry,,,,,,,,,Livery,NASCAR,,,7.7,6.8,6.9,8.7,,,725,450,3300,4.55,53,,NA,V,8,F,RWD,,,,,,,stock,Asia,Japan,,,2,L,4,,,4.000,7.500,,204.9,101.3,245.9,1.40,1.61,3.500,12476,,,17-May-16,FM6,FM6,,,,,,DLC,,,,,,,,1,XBO,0
FALSE,2016 Toyota #19 Joe Gibbs Racing STANLEY Camry,#19 Gibbs Camry,,2016,Toyota,#19 Joe Gibbs Racing STANLEY Camry,,,,,,,,,Livery,NASCAR,,,7.7,6.8,6.9,8.7,,,725,450,3300,4.55,53,,NA,V,8,F,RWD,,,,,,,stock,Asia,Japan,,,2,L,4,,,4.000,7.500,,204.9,101.3,245.9,1.40,1.61,3.500,12477,,,17-May-16,FM6,FM6,,,,,,DLC,,,,,,,,1,XBO,0
FALSE,2016 Toyota #19 Joe Gibbs Racing Subway Camry,#19 Subway Camry,,2016,Toyota,#19 Joe Gibbs Racing Subway Camry,,,,,,,,,Livery,NASCAR,,,7.7,6.8,6.9,8.7,,,725,450,3300,4.55,53,,NA,V,8,F,RWD,,,,,,,stock,Asia,Japan,,,2,L,4,,,4.000,7.500,,204.9,101.3,245.9,1.40,1.61,3.500,12478,,,17-May-16,FM6,FM6,,,,,,DLC,,,,,,,,1,XBO,0
FALSE,2016 Toyota #20 Joe Gibbs Racing DEWALT Camry,#20 DEWALT Camry,,2016,Toyota,#20 Joe Gibbs Racing DEWALT Camry,,,,,,,,,Livery,NASCAR,,,7.7,6.8,6.9,8.7,,,725,450,3300,4.55,53,,NA,V,8,F,RWD,,,,,,,stock,Asia,Japan,,,2,L,4,,,4.000,7.500,,204.9,101.3,245.9,1.40,1.61,3.500,12479,,,17-May-16,FM6,FM6,,,,,,DLC,,,,,,,,1,XBO,0
FALSE,2016 Toyota #20 Joe Gibbs Racing Dollar General Camry,#20 Dollar Camry,,2016,Toyota,#20 Joe Gibbs Racing Dollar General Camry,,,,,,,,,Livery,NASCAR,,,7.7,6.8,6.9,8.7,,,725,450,3300,4.55,53,,NA,V,8,F,RWD,,,,,,,stock,Asia,Japan,,,2,L,4,,,4.000,7.500,,204.9,101.3,245.9,1.40,1.61,3.500,12480,,,17-May-16,FM6,FM6,,,,,,DLC,,,,,,,,1,XBO,0
FALSE,2016 Toyota Land Cruiser Arctic Trucks AT37,Toyota AT37,2743,2016,Toyota,Land Cruiser Arctic Trucks AT37,Seasonal,Series 3 cu,,,Rare,,,"250,000",Factory,Pickups & 4x4s,404,D,4.1,2.7,3.8,2.5,2.2,9.5,161,253,4993,31.01,50,2982,T,Inline,4,F,AWD,,315,no,Rally lights / bars,"415, 475d, 300, 805, 552, 850",none,eng,Asia,Japan,,,5,L,4,,"DvG, WW, HH",13.135,47.427,17.717,110.6,163.6,411.0,0.84,0.83,34.292,12850,,13-Jan-22,07-Nov-17,FH5,FM7,,cu,FH4,DLC,,,,,,,,,,3,XBO,0
FALSE,2014 Toyota #11 Handy Motorsport Avensis,#11 Avensis,,2014,Toyota,#11 Handy Motorsport Avensis,,,,,,,,,Race,Global Touring Cars,,,5.8,6.4,6.6,8.0,,,329,285,2425,7.37,56,,T,Inline,4,F,FWD,,,,,,,no,Asia,Japan,,,4,R,4,,,4.000,9.600,,157.5,89.2,226.3,1.37,1.52,5.600,12391,,,15-Sep-15,FM6,FM6,,,,,,FM6,,,,,,,,1,XBO,0
FALSE,2014 Toyota #12 Rebellion Racing R-One,#12 R-One,,2014,Toyota,#12 Rebellion Racing R-One,,,,,,,,,Race,Endurance Prototypes,,,7.2,8.6,8.7,9.3,,,525,310,1874,3.57,45,,NA,V,8,M,RWD,,,,,,,stock,Asia,Japan,,,2,L,4,,,2.800,5.300,,192.9,77.5,181.2,1.68,2.38,2.500,12404,,,05-Oct-15,FM6,FM6,,,,,,DLC,,,,,,,,1,XBO,0
FALSE,2014 Toyota #20 United Autosports Avensis,#20 Avensis,,2014,Toyota,#20 United Autosports Avensis,,,,,,,,,Livery,Global Touring Cars,,,5.8,6.4,6.6,8.0,,,329,285,2425,7.37,56,,T,Inline,4,F,FWD,,,,,,,no,Asia,Japan,,,4,R,4,,,4.000,9.600,,157.5,89.2,226.3,1.37,1.52,5.600,12392,,,15-Sep-15,FM6,FM6,,,,,,FM6,,,,,,,,1,XBO,0
FALSE,2014 Toyota #8 Toyota Racing TS040 HYBRID,Toyota #8 TS040,2302,2014,Toyota,#8 Toyota Racing TS040 HYBRID,Buy Cars Base,,,,,,,"380,000",Race,Forza P1,981,P,6.4,9.9,10.0,10.0,,,784,737,2039,2.60,45,3700,NA,V,8,M,AWD,310/R18,310/R18,,Adjustable,none,none,stock,Asia,Japan,,,2,L,4,,,3.000,5.000,8.917,206.2,74.0,178.9,1.64,2.28,2.000,12427,05-Oct-23,,05-Jan-16,FM,FM6,FM,,,,,DLC,,,,,,,,2,XBO,1
FALSE,2014 Toyota #80 Speedworks Motorsport Avensis,#80 Avensis,,2014,Toyota,#80 Speedworks Motorsport Avensis,,,,,,,,,Livery,Global Touring Cars,,,5.8,6.4,6.6,8.0,,,329,285,2425,7.37,56,,T,Inline,4,F,FWD,,,,,,,no,Asia,Japan,,,4,R,4,,,4.000,9.600,,157.5,89.2,226.3,1.37,1.52,5.600,12393,,,15-Sep-15,FM6,FM6,,,,,,FM6,,,,,,,,1,XBO,0
FALSE,2013 Toyota 86,Toyota GT86,2007,2013,Toyota,86,"Autoshow, WS",,,,Rare,,,"28,800",Factory,Modern Sports Cars,579,C,5.5,3.2,5.2,4.2,3.6,4.8,197,151,2734,13.88,55,1998,NA,Flat,4,F,RWD,,215,Both,"Aftermarket, WB","321, 278, 415, 330, 493(34k), 805, 562","T, CS",stock,Asia,Japan,,,2,R,4,,,6.300,16.383,,147.6,148.0,364.6,0.91,0.90,10.083,12080,,05-Nov-21,22-Nov-13,FH5,FM5,,FH5,cu,,FH3,FM6,FH2,FM5,,,,,,6,XBO,0
FALSE,2012 Toyota FJ Cruiser,,,2012,Toyota,FJ Cruiser,,,,,,,,,Factory,SUV,217,D,,,,,,,260,271,4332,16.66,,3956,NA,V,6,F,AWD,,,,,,,,Asia,Japan,,,3,L,4,,,,,,,,,,,,12004,,,05-Feb-13,FH1,FH1,,,,,,,,,DLC,,,,,1,360,0
FALSE,2011 Toyota Aygo,,,2011,Toyota,Aygo,,,,,,,,,Factory,City,100,F,,,,,,,68,69,1896,27.88,,,,,3,F,FWD,,,,,,,,Asia,Japan,,,5,R,4,,,13.700,,,98.5,,,,,,11818,,,14-Oct-11,FM4,FM4,,,,,,,,,,FM4,,,,1,360,0
FALSE,2011 Toyota Prius,,,2011,Toyota,Prius,,,,,,,,,Factory,Economy,197,F,,,,,,,134,169,3042,22.70,,,,,4,F,FWD,,,,,,,,Asia,Japan,,,4LB,L,4,,,9.984,,,131.0,,,,,,11820,,,14-Oct-11,FM4,FM4,,,,,,,,,,FM4,,,,1,360,0
FALSE,2008 Toyota Yaris S,,,2008,Toyota,Yaris S,,,,,,,,,Factory,,,,,,,,,,106,103,2295,21.65,,,,,4,F,FWD,,,,,,,,Asia,Japan,,,3,L,4,,,10.400,,,129.1,,,,,-10.400,11579,,,27-Oct-09,FH3,FM3,,,,,HP,,,,,FM4,FM3,,,3,360,0
FALSE,2007 Toyota Hilux Arctic Trucks AT38,Toyota AT38,2656,2007,Toyota,Hilux Arctic Trucks AT38,Seasonal,Series 3 cu,,,Rare,,,"250,000",Factory,Pickups & 4x4s,457,D,4.0,2.9,4.1,2.7,2.6,9.4,169,265,4740,28.05,50,2982,T,Inline,4,F,AWD,,405,no,Bed,"415, 475d, 300, 805, 552, 850",none,eng,Asia,Japan,,,4,R,4,,"DvG, WW, HH",11.575,43.416,17.567,110.2,162.5,401.6,0.90,0.89,31.841,12682,,20-Jan-22,09-May-17,FH5,FH3,,cu,FH4,FM7,DLC,,,,,,,,,4,XBO,0
FALSE,2006 Toyota #25 Eclipse Advan Supra,,,2006,Toyota,#25 Eclipse Advan Supra,,,,,,,,,Livery,SGT500,817,R2,,,,,,,480,,2425,5.05,,,,,,F,RWD,,,,,,,,Asia,Japan,,,2,R,4,,,,,,,,,,,,11364,,,29-May-07,FM3,FM2,,,,,,,,,,,FM3,FM2,,2,360,0
FALSE,2005 Toyota #36 Open Interface Tom's Supra,,,2005,Toyota,#36 Open Interface Tom's Supra,,,,,,,,,Livery,SGT500,817,R2,,,,,,,493,,2425,4.92,,,,,,F,RWD,,,,,,,,Asia,Japan,,,2,R,4,,,,,,,,,,,,11365,,,29-May-07,FM3,FM2,,,,,,,,,,,FM3,FM2,,2,360,0
FALSE,2005 Toyota #6 EXXON Superflo Supra,,,2005,Toyota,#6 EXXON Superflo Supra,,,,,,,,,Race,SGT500,855,R2,,,,,,,468,357,2425,5.18,,,,,8,F,RWD,,,,,,,,Asia,Japan,,,2,R,4,,,3.500,,,182.4,,,,,,11366,,,29-May-07,FM4,FM2,,,,,,,,,,FM4,FM3,FM2,,3,360,0
FALSE,2004 Toyota #35 YellowHat YMS Supra,,,2004,Toyota,#35 YellowHat YMS Supra,,,,,,,,,Livery,SGT500,818,R2,,,,,,,493,,2425,4.92,,,,,,F,RWD,,,,,,,,Asia,Japan,,,2,R,4,,,,,,,,,,,,11199,,,03-May-05,FM3,FM1,,,,,,,,,,,FM3,FM2,FM1,3,360,0
FALSE,2004 Toyota Altezza RS200,,,2004,Toyota,Altezza RS200,,,,,,,,,Factory,Sedan,349,D,,,,,,,207,159,2954,14.27,,,,,4,F,RWD,,,,,,,,Asia,Japan,,,4,R,4,,,7.200,,,156.7,,,,,,11203,,,03-May-05,FM4,FM1,,,,,,,,,,FM4,FM3,FM2,FM1,4,360,0
FALSE,2004 Toyota Camry Solara,,,2004,Toyota,Camry Solara,,,,,,,,,Factory,,,D4,,,,,,,,,,#DIV/0!,,,,,,F,FWD,,,,,,,,Asia,Japan,,,2,L,4,,,,,,,,,,,.000,11206,,,03-May-05,FM1,FM1,,,,,,,,,,,,,FM1,1,360,0
FALSE,2003 Toyota #1 Ultraflo Supra,,,2003,Toyota,#1 Ultraflo Supra,,,,,,,,,Race,,,GTS,,,,,,,,,,#DIV/0!,,,,,,F,RWD,,,,,,,,Asia,Japan,,,2,R,4,,,,,,,,,,,.000,11197,,,03-May-05,FM1,FM1,,,,,,,,,,,,,FM1,1,360,0
FALSE,2003 Toyota #36 Woodone TOM'S Supra,,,2003,Toyota,#36 Woodone TOM'S Supra,,,,,,,,,Race,,,GTS,,,,,,,,,,#DIV/0!,,,,,,F,RWD,,,,,,,,Asia,Japan,,,2,R,4,,,,,,,,,,,.000,11200,,,03-May-05,FM1,FM1,,,,,,,,,,,,,FM1,1,360,0
FALSE,2003 Toyota APR Performance Celica GTS,,,2003,Toyota,APR Performance Celica GTS,,,,,,,,,Tuner,,525,C,,,,,,,,,,#DIV/0!,,,,,,,,,,,,,,,Asia,Japan,,,2,L,4,,,,,,,,,,,,11204,,,03-May-05,FM2,FM1,,,,,,,,,,,,FM2,FM1,2,360,0
FALSE,2003 Toyota Celica 1800 VVT-i,,,2003,Toyota,Celica 1800 VVT-i,,,,,,,,,Factory,,,D3,,,,,,,,,,#DIV/0!,,,,,,F,FWD,,,,,,,,Asia,Japan,,,2,L,4,,,,,,,,,,,.000,11207,,,03-May-05,FM1,FM1,,,,,,,,,,,,,FM1,1,360,0
FALSE,2003 Toyota Celica GT-S,,,2003,Toyota,Celica GT-S,,,,,,,,,Factory,,,D1,,,,,,,,,,#DIV/0!,,,,,,F,FWD,,,,,,,,Asia,Japan,,,2,L,4,,,,,,,,,,,.000,11208,,,03-May-05,FM1,FM1,,,,,,,,,,,,,FM1,1,360,0
FALSE,2003 Toyota Celica Sport Specialty II,Toyota Celica 03,295,2003,Toyota,Celica Sport Specialty II,Buy Cars Base,,,,Rare,,,"37,000",Factory,Early Sport Compact,329,D,2.3,1.5,1.8,2.0,,,187,133,2469,13.20,64,1796,NA,Inline,4,F,FWD,205/50R16,205/50R16,Both,,"250, 350, 375, 394I, 475","T, PDS, CS",stock,Asia,Japan,Toyota Celica,,2,R,4,,,6.834,18.237,,147.8,148.2,378.4,0.89,0.88,11.403,11367,05-Oct-23,06-Jan-22,29-May-07,FM,FM2,FM,cu,,,,FM6,,FM5,,FM4,FM3,FM2,,7,XBO,1
FALSE,2002 Toyota MR-S,,,2002,Toyota,MR-S,,,,,,,,,Factory,Sports,293,D,,,,,,,138,125,2195,15.91,,,,,4,M,RWD,,,,,,,,Asia,Japan,,,2,R,4,,,7.317,,,134.9,,,,,,11209,,,03-May-05,FM4,FM1,,,,,,,,,,FM4,FM3,FM2,FM1,4,360,0
FALSE,2002 Toyota MR2 Spyder,,,2002,Toyota,MR2 Spyder,,,,,,,,,Factory,,,D3,,,,,,,,,,#DIV/0!,,,,,,M,RWD,,,,,,,,Asia,Japan,,,2,L,4,,,,,,,,,,,.000,11210,,,03-May-05,FM1,FM1,,,,,,,,,,,,,FM1,1,360,0
FALSE,2002 Toyota Soarer 430SCV,,,2002,Toyota,Soarer 430SCV,,,,,,,,,Factory,Sports,375,C,,,,,,,300,324,3814,12.71,,,,,8,F,RWD,,,,,,,,Asia,Japan,,,2,R,4,,,5.900,,,165.7,,,,,,11212,,,03-May-05,FM4,FM1,,,,,,,,,,FM4,FM3,FM2,FM1,4,360,0
FALSE,2002 Toyota TOM's T020 MR2,,,2002,Toyota,TOM's T020 MR2,,,,,,,,,Tuner,,541,D,,,,,,,,,,#DIV/0!,,,,,,M,RWD,,,,,,,,Asia,Japan,,,2,R,4,,,,,,,,,,,,11370,,,29-May-07,FM2,FM2,,,,,,,,,,,,FM2,,1,360,0
FALSE,2002 Toyota TOM's W123 MR-S,,,2002,Toyota,TOM's W123 MR-S,,,,,,,,,Tuner,Coupe,340,D,,,,,,,187,,2161,11.56,,,,,4,M,RWD,,,,,,,,Asia,Japan,,,2,L,4,,,,,,,,,,,,11217,,,03-May-05,FM3,FM1,,,,,,,,,,,FM3,FM2,FM1,3,360,0
FALSE,2002 Toyota TOM's Z382 Soarer,,,2002,Toyota,TOM's Z382 Soarer,,,,,,,,,Tuner,,582,B,,,,,,,,,,#DIV/0!,,,,,,,,,,,,,,,Asia,Japan,,,2,R,4,,,,,,,,,,,,11218,,,03-May-05,FM2,FM1,,,,,,,,,,,,FM2,FM1,2,360,0
FALSE,1999 Toyota #3 Toyota Motorsports GT-ONE TS020,Toyota #3 TS020,555,1999,Toyota,#3 Toyota Motorsports GT-ONE TS020,Buy Cars Base,,,,,,,"358,000",Race,Early LMP,943,P,6.6,9.1,9.3,7.7,,,600,479,2139,3.57,46,3600,TT,V,8,M,RWD,290/R18,310/R18,,Adjustable,none,none,no,Asia,Japan,,,2,R,4,,,3.600,5.900,10.700,207.8,79.4,189.2,1.60,2.15,2.300,11198,05-Oct-23,,03-May-05,FM,FM1,FM,,,,,FM6,,DLC,,FM4,FM3,FM2,FM1,7,XBO,1
FALSE,1998 Toyota AB Flug S900 Supra Turbo,,,1998,Toyota,AB Flug S900 Supra Turbo,,,,,,,,,Tuner,,899,S,,,,,,,,,,#DIV/0!,,,,,,,,,,,,,,,Asia,Japan,,,2,R,4,,,,,,,,,,,,11202,,,03-May-05,FM2,FM1,,,,,,,,,,,,FM2,FM1,2,360,0
FALSE,1998 Toyota Supra F&F Edition,,,1998,Toyota,Supra F&F Edition,,,,,,,,,Tuner,,900,S1,7.7,,7.7,8.8,,,675,497,3329,4.93,53,2997,,,,F,RWD,,,,,,,,Asia,Japan,,,2,L,4,,,,,,,,,,,,12222,,,07-Apr-15,FH2,FH2,,,,,,,cu,,,,,,,1,XBO,0
FALSE,1998 Toyota Supra RZ,Toyota Supra '98,461,1998,Toyota,Supra RZ,Buy Cars Base,,,,Rare,,,"77,000",Factory,Sport GT Icons,470,C,4.5,2.2,2.4,3.1,,,320,315,3329,10.40,53,2997,TT,Inline,6,F,RWD,235/45R17,255/40R17,Both,,"250, 415, 630, 788",T,eng,Asia,Japan,Toyota Supra,,2,R,4,,,5.300,12.600,,175.7,139.9,350.2,0.92,0.94,7.300,11215,05-Oct-23,05-Nov-21,03-May-05,FM,FM1,FM,FH5,cu,,FH3,FM6,FH2,FM5,FH1,FM4,FM3,FM2,FM1,12,XBO,1
FALSE,1998 Toyota Supra RZ 'Welcome Pack',Supra '98 WP,3681,1998,Toyota,Supra RZ 'Welcome Pack',DLC Autoshow,FH5 Welcome Pack,,,Common,,,"38,000",Upgraded,Retro Sports Cars,800,A,7.5,5.8,6.7,5.9,4.3,4.1,505,418,3252,6.44,53,2997,TT,Inline,6,F,RWD,,255,Both,Aftermarket,"415, 300, 552, 850, 627",T,eng,Asia,Japan,,,2,R,4,,,5.321,12.625,,207.2,97.6,235.4,1.14,1.16,7.304,13257,,05-Nov-21,05-Nov-21,FH5,FH5,,DLC,,,,,,,,,,,,1,XBO,0
FALSE,1998 Toyota Supra RZ Horizon Edition,,,1998,Toyota,Supra RZ Horizon Edition,,,,,,,,,Upgraded,Asian Sports Cars,779,A,6.6,8.4,7.4,7.3,8.2,,320,315,3329,10.40,53,2997,TT,Inline,6,F,RWD,,,,,,,eng,Asia,Japan,,,2,R,4,,"IMC, TC",,,,,,,,,.000,12622,,,23-Sep-16,FH3,FH3,,,,,HE,,,,,,,,,1,XBO,0
FALSE,1998 Toyota Top Secret 0-300 Supra,,,1998,Toyota,Top Secret 0-300 Supra,,,,,,,,,Tuner,Super,700,S,,,,,,,986,651,3285,3.33,,,,,6,F,RWD,,,,,,,,Asia,Japan,,,2,R,4,,,3.100,,,215.6,,,,,,11371,,,29-May-07,FM4,FM2,,,,,,,,,,Uni,FM3,FM2,,3,360,0
FALSE,1998 Toyota VeilSide Supra Fortune 03,,,1998,Toyota,VeilSide Supra Fortune 03,,,,,,,,,Tuner,,901,S,,,,,,,,,,#DIV/0!,,,,,,,,,,,,,,,Asia,Japan,,,2,L,4,,,,,,,,,,,,11219,,,03-May-05,FM2,FM1,,,,,,,,,,,,FM2,FM1,2,360,0
FALSE,1998 Toyota VeilSide Supra Fortune 99,,,1998,Toyota,VeilSide Supra Fortune 99,,,,,,,,,Tuner,,916,S,,,,,,,,,,#DIV/0!,,,,,,,,,,,,,,,Asia,Japan,,,2,L,4,,,,,,,,,,,,11220,,,03-May-05,FM2,FM1,,,,,,,,,,,,FM2,FM1,2,360,0
FALSE,1997 Toyota Mark II Tourer V JZX100,Mk2 Tourer V '97,3915,1997,Toyota,Mark II Tourer V JZX100,Buy Cars DLC,FM Racing Heroes,Gift w/DLC,,,,,"58,000",Factory,Sport Touring Classics,381,D,3.1,1.6,1.8,2.9,,,276,278,3263,11.82,57,2500,T,Inline,6,F,RWD,205/R16,225/R16,,Street,"212, 250, 333, 350, 394, 415, 630",none,,Asia,Japan,,,4,,4,,,5.883,14.682,14.167,158.7,113.0,296.9,1.05,1.00,8.799,,05-May-25,,05-May-25,FM,FM,DLC,,,,,,,,,,,,,1,XBO,1
FALSE,1997 Toyota Soarer 2.5 GT-T,Soarer '97,3785,1997,Toyota,Soarer 2.5 GT-T,Seasonal,,,,,,,,Factory,Retro Sports Cars,,,,,,,,,,,,,,,,,,,,,,,,,,,Asia,Japan,,,,,,,,,,,,,,,,,,,,,FH5,FH5,,cu,,,,,,,,,,,,1,XBO,0
FALSE,1995 Toyota Border MR2 Turbo T-bar,,,1995,Toyota,Border MR2 Turbo T-bar,,,,,,,,,Tuner,,497,C,,,,,,,497,,,0.00,,,,,,,,,,,,,,,Asia,Japan,,,2,L,4,,,,,,,,,,,,11205,,,03-May-05,FM2,FM1,,,,,,,,,,,,FM2,FM1,2,360,0
FALSE,1995 Toyota MR2 GT,Toyota MR2 '95,398,1995,Toyota,MR2 GT,Buy Cars Base,,,,Rare,,,"58,000",Factory,Early Sport Compact,375,D,3.4,1.6,1.9,2.6,,,241,228,2778,11.53,42,1998,T,Inline,4,M,RWD,195/55R15,225/50R15,Both,,"350, 375, 394I, 475, 630, 690",eng,eng,Asia,Japan,Toyota MR2,Forzavista Ttop,2,R,4,,,5.500,14.200,,165.9,148.0,376.0,0.90,0.91,8.700,11369,05-Oct-23,09-Feb-23,29-May-07,FM,FM2,FM,cu,cu,,,FM6,FH2,FM5,,FM4,FM3,FM2,,9,XBO,1
FALSE,1995 Toyota MR2 Turbo T-bar,,,1995,Toyota,MR2 Turbo T-bar,,,,,,,,,Tuner,,,C4,,,,,,,,,,#DIV/0!,,,,,,M,RWD,,,,,,,,Asia,Japan,,,2,L,4,,,,,,,,,,,.000,11211,,,03-May-05,FM1,FM1,,,,,,,,,,,,,FM1,1,360,0
FALSE,1995 Toyota Supra RZ F&F Edition,1995 Supra FF,,1995,Toyota,Supra RZ F&F Edition,,,,,,,,,Tuner,? none/Modern Sport,,,8.2,5.1,5.2,8.6,,,770,636,3329,4.32,53,,T,Inline,6,F,RWD,,,,,,,no,Asia,Japan,,,2,L,4,,,4.500,8.000,,218.7,124.0,305.9,1.16,1.19,3.500,12246,,,15-Jun-15,FM6,FH2,,,,,,DLC,DLC,,,,,,,2,XBO,0
FALSE,1995 Toyota TOM's T020 MR2,,,1995,Toyota,TOM's T020 MR2,,,,,,,,,Tuner,Coupe,356,C,,,,,,,255,,2617,10.26,,,,,4,M,RWD,,,,,,,,Asia,Japan,,,2,R,4,,,,,,,,,,,,11216,,,03-May-05,FM3,FM1,,,,,,,,,,,FM3,,FM1,2,360,0
FALSE,1995 Toyota VIS Racing MR2 Turbo T-bar,,,1995,Toyota,VIS Racing MR2 Turbo T-bar,,,,,,,,,Tuner,,510,C,,,,,,,,,,#DIV/0!,,,,,,,,,,,,,,,Asia,Japan,,,2,R,4,,,,,,,,,,,,11221,,,03-May-05,FM2,FM1,,,,,,,,,,,,FM2,FM1,2,360,0
FALSE,1994 Toyota Celica GT-Four ST205,Toyota Celica 94,1034,1994,Toyota,Celica GT-Four ST205,Buy Cars Base,,,,Epic,,,"57,000",Factory,Early Sport Compact,368,D,3.1,1.8,1.9,2.2,,,255,224,3175,12.45,60,1998,T,Inline,4,F,AWD,215/50R16,215/50R16,Both,,"276, 350, 375, 394I, 475, 630, 690",none,no,Asia,Japan,Toyota Celica,,2,R,4,,RPC,5.950,17.000,,165.8,140.6,364.5,0.86,0.86,11.050,11577,05-Oct-23,05-Nov-21,27-Oct-09,FM,FM3,FM,FH5,cu,,FH3,FM6,FH2,FM5,,FM4,FM3,,,9,XBO,1
FALSE,1993 Toyota #1 T100 Baja Truck,#1 Toyota Baja,2636,1993,Toyota,#1 T100 Baja Truck,Barn Find,,,,Legendary,,,"500,000",Race,Unlimited Offroad,693,B,4.7,4.7,3.7,5.9,6.0,10.0,360,265,4000,11.11,40,3409,NA,V,6,M,RWD,,315,no,none,"415, 552, 360, 850",TT,stock,Asia,Japan,,,2,L,4,,DvG,5.221,14.835,14.050,130.5,126.0,324.6,0.93,0.92,9.614,12839,,05-Nov-21,29-Sep-17,FH5,FM7,,FH5,FH4,FM7,,,,,,,,,,3,XBO,0
FALSE,"1993 Toyota #1 T100 Baja Truck ""Welcome Pack""",# Toyota T100WP,,1993,Toyota,"#1 T100 Baja Truck ""Welcome Pack""",DLC store,,,,Legendary,,,"500,000",Upgraded,Extreme Offroad,800,A,7.1,8.6,7.1,8.6,9.9,,469,332,4000,8.53,60,3409,NA,V,6,M,RWD,,315,no,none,"415, 850",TT,stock,Asia,Japan,,,2,R,4,,,5.460,15.050,,179.0,138.5,354.6,0.93,0.92,9.590,13152,,,28-Jul-20,FH4,FH4,,,DLC,,,,,,,,,,,1,XBO,0
FALSE,1992 Toyota #99 All American Racers Toyota Eagle MkIII,Toyota #99 Eagle,2434,1992,Toyota,#99 All American Racers Toyota Eagle MkIII,Buy Cars Base,,,,,,,"380,000",Race,GTP/C,981,P,5.6,10.0,10.0,8.3,,,751,575,2028,2.70,40,2100,T,Inline,4,M,RWD,320/R17,370/R17,,Adjustable,none,none,no,Asia,Japan,,,2,L,4,,,2.900,5.200,9.233,195.4,83.1,187.1,1.71,2.39,2.300,12840,05-Oct-23,,29-Sep-17,FM,FM7,FM,,,FM7,,,,,,,,,,2,XBO,1
FALSE,1992 Toyota Celica GT-Four RC ST185,Toyota Celica 92,1517,1992,Toyota,Celica GT-Four RC ST185,Buy Cars Base,,,,Rare,,,"50,000",Factory,Early Sport Compact,339,D,2.7,1.6,1.9,1.9,,,232,224,3219,13.88,60,1998,T,Inline,4,F,AWD,215/50R15,215/50R15,Both,,"276, 350, 375, 394I, 475, 630, 690",none,no,Asia,Japan,Toyota Celica,,2,R,4,,RPC,6.700,20.000,,158.1,149.9,381.9,0.84,0.84,13.300,11911,05-Oct-23,05-Nov-21,05-Jun-12,FM,FM4,FM,FH5,cu,,FH3,FM6,,DLC,DLC,DLC,,,,8,XBO,1
FALSE,1992 Toyota Do-Luck Supra,,,1992,Toyota,Do-Luck Supra,,,,,,,,,Tuner,,644,B,,,,,,,,,,#DIV/0!,,,,,,,,,,,,,,,Asia,Japan,,,2,R,4,,,,,,,,,,,,11368,,,29-May-07,FM2,FM2,,,,,,,,,,,,FM2,,1,360,0
FALSE,1992 Toyota Supra 2.0 GT,Toyota Supra '92,460,1992,Toyota,Supra 2.0 GT,Buy Cars Base,,,,Rare,,,"47,000",Factory,Early Sport Compact,327,D,2.6,1.7,1.9,2.1,,,206,203,3329,16.16,53,1988,TT,Inline,6,F,RWD,225/50R16,225/50R16,Both,,"250, 276, 333, 350, 394I, 415, 630, 788",T,eng,Asia,Japan,Toyota Supra,,2,R,4,,TC,8.180,19.300,,148.8,151.9,378.0,0.88,0.88,11.120,11214,05-Oct-23,05-Nov-21,03-May-05,FM,FM1,FM,FH5,cu,,DLC,,,,,FM4,FM3,FM2,FM1,8,XBO,1
FALSE,1991 Toyota Chaser GT Twin Turbo,Chaser GT TT '91,3914,1991,Toyota,Chaser GT Twin Turbo,,,,,,,,,Factory,Retro Saloons,,,,,,,,,,,,,,,,,,,,,,,,,,,Asia,Japan,,,4,L,4,,,,,,,,,,,,,,26-Sep-24,26-Sep-24,FH5,FH5,,cu,,,,,,,,,,,,1,XBO,0
FALSE,1991 Toyota Sera,Toyota Sera '91,3851,1991,Toyota,Sera,DLC,,,,,,,,Factory,,,,,,,,,,,,,,,,,,,,,,,,,,,,Asia,Japan,,,,,4,,,,,,,,,,,,,,,,FH5,FH5,,DLC,,,,,,,,,,,,1,XBO,0
FALSE,1989 Toyota MR2 SC,Toyota MR2 '89,1395,1989,Toyota,MR2 SC,Buy Cars Base,,,,Rare,,,"38,000",Factory,Early Sport Compact,296,E,1.9,1.5,1.7,1.9,,,145,140,2620,18.07,43,1587,PDS,Inline,4,M,RWD,185/60R14,185/60R14,Both,Forza,"212, 276, 350, 375, 475, 630, 690",T,eng,Asia,Japan,Toyota MR2,,2,L,4,,,7.000,19.700,,140.2,155.3,391.2,0.84,0.87,12.700,11819,05-Oct-23,05-Nov-21,14-Oct-11,FM,FM4,FM,FH5,cu,,,FM6,,DLC,,FM4,,,,6,XBO,1
FALSE,1985 Toyota Sprinter Trueno GT Apex,Toyota AE86 '85,455,1985,Toyota,Sprinter Trueno GT Apex,Buy Cars Base,,,,Rare,,,"22,000",Factory,Hot Hatch Icons,270,E,1.0,1.3,1.5,1.5,,,128,110,2094,16.36,53,1587,NA,Inline,4,F,RWD,185/R14,185/R14,Both,Aftermarket,"212, 250, 276, 350, 375, 415, 630, 690","T, PDS",stock,Asia,Japan,Toyota Corolla,,2,R,4,,"RPC, TC",8.700,26.100,16.400,124.7,121.1,310.0,1.01,0.94,17.400,11213,05-Oct-23,05-Nov-21,03-May-05,FM,FM1,FM,FH5,cu,,FH3,FM6,FH2,FM5,FH1,FM4,FM3,FM2,FM1,12,XBO,1
FALSE,1984 Toyota #25 Horsepower Techs Starlet Time Attack,#25 Starlet TA,3521,1984,Toyota,#25 Horsepower Techs Starlet Time Attack,Buy Cars Base,FM Update 20,,,,,,"301,000",Race,Forza Specials,801,R3,3.6,7.0,6.4,5.9,,,650,405,2065,3.18,47,2000,T,Inline,4,F,RWD,225/R15,225/R15,,Adjustable,none,none,,Asia,Japan,,,2,R,4,,,3.200,6.082,10.467,166.2,92.4,220.0,1.36,1.75,2.882,,05-May-25,,05-May-25,FM,FM,S,,,,,,,,,,,,,1,XBO,1
FALSE,1984 Toyota Celica Supra,,,1984,Toyota,Celica Supra,,,,,,,,,Factory,Sports,251,E,,,,,,,160,163,3045,19.03,,,,,6,F,RWD,,,,,,,,Asia,Japan,,,2LB,L,4,,,8.400,,,134.1,,,,,,11578,,,27-Oct-09,FM4,FM3,,,,,,,,,,FM4,FM3,,,2,360,0
FALSE,1979 Toyota FJ40,Toyota FJ40,2566,1979,Toyota,FJ40,"Autoshow, WS",,,,Common,,,"55,000",Factory,Pickups & 4x4s,269,D,3.4,2.3,3.0,2.4,3.4,7.5,135,210,3417,25.31,54,4230,NA,Inline,6,F,AWD,,215,no,Rally parts,"415, 475d, 300, 805, 360, 552, 850",PDS,stock,Asia,Japan,,,3,L,4,,,14.000,999.999,,95.6,166.3,na,0.74,0.74,985.999,12621,,05-Nov-21,23-Sep-16,FH5,FH3,,FH5,,,FH3,,,,,,,,,2,XBO,0
FALSE,1974 Toyota Celica GT,Toyota Celica 74,1592,1974,Toyota,Celica GT,Buy Cars Base,,,,Rare,,,"11,000",Factory,Vintage Sport Compact,227,E,1.0,1.1,1.2,1.1,,,97,106,2392,24.66,58,1964,NA,Inline,4,F,RWD,185/R13,185/R13,Both,"WB, Forza","194, 276, 375, 415, 565, 630, 690","T, PDS",stock,Asia,Japan,Toyota Celica,,2,L,4,,"RPC, TC",12.600,47.000,17.900,111.5,124.4,318.0,0.98,0.93,34.400,12115,05-Oct-23,05-Nov-21,01-Jul-14,FM,FM5,FM,FH5,cu,,FH3,FM6,FH2,DLC,,,,,,7,XBO,1
FALSE,1974 Toyota Corolla SR5,Toyota Corolla74,1537,1974,Toyota,Corolla SR5,Buy Cars Base,,,,Rare,,,"11,000",Factory,Vintage Sport Compact,181,E,1.0,1.2,1.0,1.0,,,88,91,2065,23.47,57,1588,NA,Inline,4,F,RWD,175,175,Both,Forza,"194, 212, 245, 250, 276, 350, 375, 415, 475",none,stock,Asia,Japan,Toyota Corolla,,2,L,4,,RPC,13.700,999.999,20.000,89.5,121.7,999.9,0.96,0.91,986.299,12436,05-Oct-23,,28-Jan-16,FM,FM6,FM,,cu,,FH3,DLC,,,,,,,,4,XBO,1
FALSE,1969 Toyota 2000GT,Toyota 2000 '69,247,1969,Toyota,2000GT,Buy Cars Base,,,,Epic,,,"33,000",Factory,Sport Coupe Icons,265,E,1.2,1.0,1.2,1.5,,,150,130,2550,17.00,51,1988,NA,Inline,6,F,RWD,165/R15,165/R15,Both,Forza,"250, 276, 333, 350, 415, 565, 630, 690, 788","T, CS",stock,Asia,Japan,,,2,R,4,,,8.035,22.905,16.203,132.1,121.4,322.5,0.98,0.93,14.870,11201,05-Oct-23,05-Nov-21,03-May-05,FM,FM1,FM,FH5,cu,,,FM6,DLC,,,FM4,FM3,FM2,FM1,9,XBO,1
FALSE,1965 Toyota Sports 800,Sports 800 '65,2469,1965,Toyota,Sports 800,Seasonal,Series 17 cu,,,Rare,,,"250,000",Factory,Classic Sports Cars,246,D,3.1,2.9,4.8,1.8,2.3,5.7,44,49,1329,30.20,50,790,NA,Flat,2,F,RWD,,145,Both,Forza,"321, 196, 300","TT, PDS",stock,Asia,Japan,,,2,L,4,,,16.000,999.999,,89.0,173.6,na,0.86,0.93,983.999,13336,,23-Feb-23,23-Feb-23,FH5,FH5,,cu,,,,,,,,,,,,1,XBO,0
FALSE,1979 Triumph TR7 Roadster,Triumph TR7 '79,,1979,Triumph,TR7 Roadster,Exclusive,,,,Epic,,,"250,000",Factory,Classic Sports Cars,245,D,5.0,4.4,4.7,4.2,5.4,,92,106,2249,24.45,55,1998,NA,Inline,4,F,RWD,,185,Both,Forza,"321, 300","T, PDS",stock,Europe,U.K.,,Yes,2,L,4,,,12.200,47.900,,108.6,205.3,505.5,0.76,0.75,35.700,13164,,,08-Dec-20,FH4,FH4,,,cu,,,,,,,,,,,1,XBO,0
FALSE,1970 Triumph TR6 PI,Triumph TR6,,1970,Triumph,TR6 PI,DLC store,,,,Common,,,"25,000",Factory,Classic Sports Cars,419,D,5.5,4.5,4.6,5.0,6.3,,150,164,2438,16.25,51,2498,NA,Inline,6,F,RWD,,165,Both,Forza,"321, 415, 300","T, PDS",stock,Europe,U.K.,,Yes,2,R,4,,RPC,8.200,29.021,,127.5,198.0,498.2,0.72,0.71,20.821,13058,,,27-Dec-18,FH4,FH4,,,DLC,,,,,,,,,,,1,XBO,0
FALSE,1962 Triumph Spitfire,Spitfire '62,,1962,Triumph,Spitfire,Exclusive,,,,Legendary,,,"20,000",Factory,Classic Sports Cars,203,D,4.8,4.3,4.4,3.9,5.8,,63,67,1828,29.02,51,1147,NA,Inline,4,F,RWD,,155,no,Forza,300,T,stock,Europe,U.K.,,Yes,2,R,4,,"RPC, SS",16.500,124.037,,103.7,206.5,506.3,0.73,0.72,107.537,13013,,,28-Sep-18,FH4,FH4,,,Barn,,,,,,,,,,,1,XBO,0
FALSE,1962 Triumph TR3B,Triumph TR3B,,1962,Triumph,TR3B,DLC store,,,,Common,,,"25,000",Factory,Classic Sports Cars,243,D,5.0,3.7,3.9,5.0,6.3,,105,128,2128,20.27,54,2138,NA,Inline,4,F,RWD,,165,Both,Street lights/rack,300,"T, PDS",stock,Europe,U.K.,,Yes,2,L,4,,RPC,12.000,44.677,,111.1,207.9,515.8,0.68,0.67,32.677,11934,,,07-Aug-12,FH4,FM4,,,DLC,,,,,,,DLC,,,,2,XBO,0
FALSE,2018 TVR Griffith,TVR Grifith '18,2993,2018,TVR,Griffith,Buy Cars Base,,,,Rare,,,"129,000",Factory,Modern Sport GT,667,A,5.9,3.3,3.3,4.8,,,480,430,2756,5.74,50,4951,NA,V,8,F,RWD,235/35R19,275/30R20,Both,Forza,"565, 640, 788, 825","TT, PDS",stock,Europe,U.K.,,,2,R,4,,,3.900,7.800,11.067,199.7,106.0,262.8,1.18,1.18,3.900,13078,05-Oct-23,05-Nov-21,14-Feb-19,FM,FH4,FM,FH5,DLC,,,,,,,,,,,3,XBO,1
FALSE,2005 TVR Sagaris,TVR Sagaris,433,2005,TVR,Sagaris,"Autoshow, WS",,Accolade,,Rare,,,"86,000",Factory,Retro Sports Cars,779,A,6.7,5.0,6.2,5.3,5.5,4.3,406,349,2377,5.85,53,3996,NA,Inline,6,F,RWD,,255,no,Forza,"510, 602, 805",T,stock,Europe,U.K.,,,2,R,4,,,3.688,8.085,12.718,184.1,125.0,305.7,1.03,1.10,4.397,11372,,05-Nov-21,29-May-07,FH5,FM2,,FH5,FH4,FM7,FH3,FM6,FH2,FM5,FH1,FM4,FM3,FM2,,11,XBO,0
FALSE,2005 TVR Sagaris Forza Edition,TVR Sagaris FE,,2005,TVR,Sagaris Forza Edition,Exclusive,,,,FE,Speed Skills,,"336,000",Upgraded,Retro Sports Cars,902,S2,7.9,9.1,9.4,7.9,9.4,,406,349,2377,5.85,53,3996,NA,Inline,6,F,RWD,,?,no,Preset Adjustable,800,T,stock,Europe,U.K.,,,2,R,4,,,3.719,8.121,,204.0,104.3,244.3,1.50,1.65,4.402,13014,,,28-Sep-18,FH4,FH4,,,FE,,,,,,,,,,,1,XBO,0
FALSE,2001 TVR Tuscan R,,,2001,TVR,Tuscan R,,,,,,,,,Factory,,834,A,,,,,,,,,,#DIV/0!,,,,,,F,RWD,,,,,,,,Europe,U.K.,,,2,R,4,,,,,,,,,,,.000,11223,,,03-May-05,FM2,FM1,,,,,,,,,,,,FM2,FM1,2,360,0
FALSE,2001 TVR Tuscan S,TVR Tuscan,,2001,TVR,Tuscan S,Exclusive,,,,Epic,,,"250,000",Factory,Retro Super Cars,747,A,7.1,6.3,6.3,6.6,8.2,,390,310,2425,6.22,51,3996,NA,Inline,6,F,RWD,,255,Yes,Forza,"510, 602, 800","TT, PDS",stock,Europe,U.K.,,,2,R,4,,,3.914,8.916,,180.3,158.2,362.1,1.02,1.06,5.002,11224,,,03-May-05,FH4,FM1,,,cu,,,,,,,FM4,FM3,FM2,FM1,5,XBO,0
FALSE,1998 TVR Cerbera Speed 12,TVR Speed 12,2993,1998,TVR,Cerbera Speed 12,"Autoshow, WS",,Accolade,,Epic,,,"500,000",Factory,Retro Supercars,861,S1,8.7,6.6,6.7,5.4,5.7,3.4,800,649,2150,2.69,53,7730,NA,V,12,F,RWD,,345,Both,Forza,750,none,stock,Europe,U.K.,,,2,R,4,,"OR, CS",3.486,5.986,10.500,239.6,102.8,244.2,1.22,1.35,2.500,11222,,05-Nov-21,03-May-05,FH5,FM1,,FH5,Barn,cu,,,,,,FM4,FM3,FM2,FM1,7,XBO,0
FALSE,2015 Ultima Evolution Coupe 1020,Ultima Evo '15,2569,2015,Ultima,Evolution Coupe 1020,Buy Cars Base,,,,Epic,,,"417,000",Factory,Track Toys,903,P,9.1,5.4,5.8,7.2,,,1020,920,2094,2.05,38,6800,PDS,V,8,M,RWD,245/30R18,335/25R18,no,Adjustable,"565, 630, 640",none,no,Europe,U.K.,,,2,L,4,,,2.370,4.669,9.200,244.3,94.8,218.4,1.37,1.71,2.299,12623,05-Oct-23,05-Nov-21,23-Sep-16,FM,FH3,FM,FH5,FH4,FM7,DLC,,,,,,,,,5,XBO,1
FALSE,2012 Ultima GTR,,,2012,Ultima,GTR,,,,,,,,,Factory,Super,786,R3,,,,,,,565,536,2183,3.86,,,,,8,M,RWD,,,,,,,,Europe,U.K.,,,2,L,4,,,2.600,,,221.4,,,,,,11875,,,06-Mar-12,FH1,FM4,,,,,,,,,FH1,DLC,,,,2,360,0
FALSE,2012 Ultima GTR 720,Ultima GTR 720,,2012,Ultima,GTR 720,,,,,,,,,Factory,Extreme Track Toys,964,S2,8.9,10.0,8.7,9.6,9.4,,720,625,2183,3.03,38,7008,NA,V,8,M,RWD,,,,,,,stock,Europe,U.K.,,,2,L,4,,,2.600,5.316,,236.5,112.3,268.9,1.13,1.39,2.716,12092,,,04-Mar-14,FH3,FM5,,,,,FH3,FM6,FH2,DLC,,,,,,4,XBO,0
FALSE,1992 Universal Studios Jeep Wrangler Sahara 'Jurassic Park',Jeep Wrangler JP,3830,1992,Universal Studios,Jeep Wrangler Sahara 'Jurassic Park',DLC,,,,,,,,Tuner,Pickups & 4x4s,,,,,,,,,,,,,,,,,,,,,,,,,,,N. America,U.S.,,,,,4,,,,,,,,,,,,,,,,FH5,FH5,,DLC,,,,,,,,,,,,1,XBO,0
FALSE,1982 Universal Studios K.I.T.T.,K.I.T.T.,3884,1982,Universal Studios,K.I.T.T.,DLC,,,,,,,,Tuner,Retro Muscle,,,,,,,,,,,,,,,,,,,,,,,,,,,N. America,U.S.,,,,,4,,,,,,,,,,,,,,,,FH5,FH5,,DLC,,,,,,,,,,,,1,XBO,0
FALSE,1981 Universal Studios Back to the Future Time Machine 1,BTTF 1 TM,3881,1981,Universal Studios,Back to the Future Time Machine 1,DLC,,,,,,,,Tuner,Cult Cars,,,,,,,,,,,,,,,,,,,,,,,,,,,N. America,U.S.,,,,,4,,,,,,,,,,,,,,,,FH5,FH5,,DLC,,,,,,,,,,,,1,XBO,0
FALSE,1981 Universal Studios Back to the Future Time Machine 2,BTTF 2 TM,3882,1981,Universal Studios,Back to the Future Time Machine 2,DLC,,,,,,,,Tuner,Cult Cars,,,,,,,,,,,,,,,,,,,,,,,,,,,N. America,U.S.,,,,,4,,,,,,,,,,,,,,,,FH5,FH5,,DLC,,,,,,,,,,,,1,XBO,0
FALSE,1981 Universal Studios Back to the Future Time Machine 3,BTTF 3 TM,3883,1981,Universal Studios,Back to the Future Time Machine 3,DLC,,,,,,,,Tuner,Cult Cars,,,,,,,,,,,,,,,,,,,,,,,,,,,N. America,U.S.,,,,,4,,,,,,,,,,,,,,,,FH5,FH5,,DLC,,,,,,,,,,,,1,XBO,0
FALSE,2017 Vauxhall #66 Power Maxed TAG Racing Astra,#66 Astra,3231,2017,Vauxhall,#66 Power Maxed TAG Racing Astra,Buy Cars DLC,FM Race Day,Gift w/DLC,,,,,"268,000",Race,Forza Touring Cars,702,S,3.3,5.3,5.5,4.2,,,350,315,2778,7.94,58,2000,T,Inline,4,F,FWD,265/R18,265/R18,,Adjustable,none,none,,Europe,U.K.,Vauxhall Astra,,5,L,4,,,4.781,9.900,12.550,161.8,95.9,235.9,1.36,1.49,5.119,13419,05-Oct-23,,05-Oct-23,FM,FM,DLC,,,,,,,,,,,,,1,XBO,1
FALSE,2016 Vauxhall Corsa VXR,Vaux Corsa '16,2427,2016,Vauxhall,Corsa VXR,Buy Cars Base,,,,Common,,,"38,000",Factory,Modern Hot Hatch,354,D,1.8,2.1,2.0,2.3,,,202,206,2851,14.11,63,1598,T,Inline,4,F,FWD,215/R18,215/R18,Both,Forza,"232, 350, 375, 394I, 475, 630",none,eng,Europe,U.K.,,,3,R,4,,DD,6.500,17.000,14.667,142.2,114.0,290.3,1.07,1.02,10.500,12665,05-Oct-23,05-Nov-21,07-Feb-17,FM,FH3,FM,FH5,FH4,FM7,DLC,,,,,,,,,5,XBO,1
FALSE,2013 Vauxhall Astra 1.6 Tech Line Top Gear Edition,Astra 1.6 '13,,2013,Vauxhall,Astra 1.6 Tech Line Top Gear Edition,,,,,,,,,Factory,Hot Hatchbacks,,,4.5,3.8,4.1,4.8,,,114,114,3104,27.23,63,,NA,Inline,4,F,FWD,,,,,,,stock,Europe,U.K.,,,5,R,4,,,10.500,35.500,,117.6,111.2,307.4,1.01,0.97,25.000,12121,,,12-Aug-14,FM6,FM5,,,,,,FM6,,cu,,,,,,2,XBO,0
FALSE,2012 Vauxhall Astra VXR,Vaux Astra '12,1490,2012,Vauxhall,Astra VXR,Buy Cars Base,,,,Common,,,"61,000",Factory,Modern Hot Hatch,447,C,3.1,2.6,2.4,2.7,,,276,293,3252,11.78,64,1998,T,Inline,4,F,FWD,245/R20,245/R20,Both,Forza,"350, 375, 394I, 475",none,no,Europe,U.K.,Vauxhall Astra,,3,R,4,,"RPC, DD",5.900,15.281,16.800,159.6,110.7,268.2,1.11,1.06,9.381,12081,05-Oct-23,,22-Nov-13,FM,FM5,FM,,FH4,FM7,FH3,FM6,FH2,FM5,,,,,,7,XBO,1
FALSE,2011 Vauxhall Agila,,,2011,Vauxhall,Agila,,,,,,,,,Factory,City,121,F,,,,,,,84,84,2183,25.99,,,,,4,F,FWD,,,,,,,,Europe,U.K.,,,5,R,4,,,11.900,,,103.3,,,,,,11821,,,14-Oct-11,FM4,FM4,,,,,,,,,,FM4,,,,1,360,0
FALSE,2010 Vauxhall Insignia VXR,Insignia VXR,,2010,Vauxhall,Insignia VXR,DLC store,,,,Common,,,"42,000",Factory,Super Saloons,676,B,7.1,6.0,6.0,6.8,8.6,,322,321,3880,12.05,58,2792,T,V,6,F,AWD,,255,Both,Safety lights,"415, 300",none,eng,Europe,U.K.,,,4,R,4,,,5.582,14.581,,176.8,146.4,370.6,0.87,0.89,8.999,11626,,,09-Apr-10,FH4,FM3,,,DLC,,,,,,,FM4,DLC,,,3,XBO,0
FALSE,2009 Vauxhall Corsa VXR,VauxCorsa '09,,2009,Vauxhall,Corsa VXR,Exclusive,,,,Rare,,,"250,000",Factory,Hot Hatch,600,C,6.1,5.1,5.9,5.3,7.4,,189,192,2652,14.03,63,1598,T,Inline,4,F,FWD,,215,Both,Aftermarket,300,none,no,Europe,U.K.,,,3,R,4,,"DvG, DD",6.700,16.800,14.667,147.5,165.5,422.5,0.86,0.87,10.100,11580,,,27-Oct-09,FH4,FM3,,,cu,FM7,,FM6,FH2,,,FM4,FM3,,,6,XBO,0
FALSE,2006 Vauxhall Astra VXR,Vaux Astra '06,278,2006,Vauxhall,Astra VXR,Buy Cars Base,,,,,,,"51,000",Factory,Modern Hot Hatch,386,D,2.6,2.0,2.0,2.5,,,236,236,3071,13.01,63,1998,T,Inline,4,F,FWD,225/R18,225/R18,,Forza,"350, 375, 394I, 475",none,no,Europe,U.K.,Vauxhall Astra,,3,R,4,,,6.400,15.100,13.500,153.2,110.3,287.4,1.06,1.01,8.700,11373,05-Oct-23,,29-May-07,FM,FM2,FM,,,FM7,,,,,,FM4,FM3,FM2,,5,XBO,1
FALSE,2005 Vauxhall Monaro VXR,Vauxhall Monaro,397,2005,Vauxhall,Monaro VXR,"Autoshow, WS",,,,Common,,,"25,000",Factory,Modern Muscle,696,B,7.1,4.3,5.6,4.9,4.1,5.2,398,391,3697,9.29,53,5967,NA,V,8,F,RWD,,245,Both,Forza,"475d, 640, 505, 805, 800","TT, PDS, CS",stock,Europe,U.K.,,,2,R,4,,RPC,5.300,12.581,,186.4,134.7,329.6,0.91,0.93,7.281,11375,,05-Nov-21,29-May-07,FH5,FM2,,FH5,FH4,,,,,,,FM4,FM3,FM2,,5,XBO,0
FALSE,2004 Vauxhall VX220 Turbo,Vauxhall VX220,,2004,Vauxhall,VX220 Turbo,DLC store,,,,Common,,,"20,000",Factory,Modern Sports Cars,717,A,6.4,6.8,6.8,7.1,8.7,,197,179,2050,10.41,38,1998,T,Inline,4,M,RWD,,225,Both,Forza,"415, 300, 475",none,eng,Europe,U.K.,,,2,R,4,,RPC,5.000,13.000,,155.9,149.0,362.8,0.92,1.01,8.000,11225,,,03-May-05,FH4,FM1,,,DLC,,,,,,,FM4,FM3,FM2,FM1,5,XBO,0
FALSE,1990 Vauxhall Lotus Carlton,Vaux Carlton '90,291,1990,Vauxhall,Lotus Carlton,Buy Cars Base,,,,Rare,,,"91,000",Factory,Sport Touring Classics,499,C,4.8,2.1,2.3,3.3,,,379,419,3641,9.61,55,3615,TT,Inline,6,F,RWD,235/R17,265/R17,Both,Forza,"375, 415, 562, 565, 630, 788",none,eng,Europe,U.K.,,,4,R,4,,BRG,4.900,11.018,13.500,181.3,111.8,286.9,1.08,1.05,6.118,11374,05-Oct-23,27-Jan-22,29-May-07,FM,FM2,FM,cu,FH4,FM7,FH3,FM6,DLC,,,FM4,FM3,FM2,,10,XBO,1
FALSE,2013 Viper #93 SRT Motorsport GTS-R (Pennzoil),,,2013,Viper,#93 SRT Motorsport GTS-R (Pennzoil),,,,,,,,,Livery,GT2,751,R3,,,,,,,475,520,2745,5.78,,,,,10,F,RWD,,,,,,,,N. America,U.S.,,,2,L,4,,,3.300,,,175.6,,,,,,11944,,,04-Sep-12,FM4,FM4,,,,,,,,,,DLC,,,,1,360,0
FALSE,2013 Viper GTS (Ltd. Ed.),,,2013,Viper,GTS (Ltd. Ed.),DLC promo,,,,,,,,Upgraded,Modern GT,,,,,,,,,640,600,3296,5.15,,,,V,10,F,RWD,,,,,,,,N. America,U.S.,,,2,L,4,,,3.600,,,192.4,,,,,,12082,,,22-Nov-13,FM5,FM5,,,,,,,,DLC,,,,,,1,XBO,0
FALSE,2010 Viper SRT10 ACR-X,,,2010,Viper,SRT10 ACR-X,,,,,,,,,Factory,Super,800,R3,,,,,,,640,605,3190,4.98,,,,,10,F,RWD,,,,,,,,N. America,U.S.,,,2,L,4,,,,,,,,,,,,11987,,,23-Oct-12,FH1,FH1,,,,,,,,,FH1,,,,,1,360,0
FALSE,2022 Volkswagen Golf R,VW Golf R '22,3533,2022,Volkswagen,Golf R,Buy Cars Base,,,,,,,"70,000",Factory,Modern Hot Hatch,489,C,4.2,2.6,2.5,2.7,,,315,280,3417,10.85,59,2000,T,Inline,4,F,AWD,235/35R19,235/35R19,,Forza,"350, 375, 394I, 475, 630, 690",none,,Europe,Germany,VW Golf,,5,L,4,,,6.300,13.500,14.400,172.7,105.1,270.9,1.10,1.08,7.200,13421,05-Oct-23,10-Oct-23,05-Oct-23,FM,FH5,FM,DLC,,,,,,,,,,,,2,XBO,1
FALSE,2021 Volkswagen Golf R,VW Golf R '21,3413,2021,Volkswagen,Golf R,Buy Cars Base,,FM Welcome Pack,,Common,,,"70,000",Factory,Modern Hot Hatch,488,C,3.6,2.4,2.5,2.8,,,288,280,3300,11.46,59,1980,T,Inline,4,F,AWD,235/35R19,235/35R19,Both,Aftermarket,"350, 375, 394I, 475, 630, 690",none,no,Europe,Germany,VW Golf,,5,L,4,,,5.100,12.800,13.800,164.4,105.1,272.8,1.10,1.08,7.700,13276,05-Oct-23,17-Feb-22,17-Feb-22,FM,FH5,FM,DLC,,,,,,,,,,,,2,XBO,1
FALSE,2021 Volkswagen ID.4,VW ID.4 '21,3732,2021,Volkswagen,ID.4,DLC,,,,,,,,Factory,Hot Hatch,,,,,,,,,,,,,,,,,,,,,,,,,,,Europe,Germany,,,,,,,,,,,,,,,,,,,,,FH5,FH5,,cu,,,,,,,,,,,,1,XBO,0
FALSE,2018 Volkswagen #22 Experion Racing Golf GTI,VW #22 Golf GTI,3161,2018,Volkswagen,#22 Experion Racing Golf GTI,Buy Cars DLC,FM Car Pass,Gift w/DLC,,,,,"269,000",Race,Forza Touring Cars,704,S,2.7,5.4,5.5,4.6,,,345,310,2745,7.96,60,2000,T,Inline,4,F,FWD,265/R18,265/R18,,Adjustable,none,none,,Europe,Germany,VW Golf,,5,L,4,,,4.500,9.700,12.217,155.3,97.3,240.5,1.36,1.50,5.200,13420,05-Oct-23,,05-Oct-23,FM,FM,DLC,,,,,,,,,,,,,1,XBO,1
FALSE,2018 Volkswagen #94 Volkswagen Motorsport I.D R Pikes Peak,#94 VW I.D. R.,,2018,Volkswagen,#94 Volkswagen Motorsport I.D R Pikes Peak,Exclusive,,,,Legendary,,,"250,000",Race,Extreme Track Toys,998,S2,6.2,10.0,10.0,10.0,10.0,,670,479,2425,3.62,50,0,E,E,E,M,AWD,,310,no,Adjustable,none,none,E,Europe,Germany,,,2,L,4,,,2.236,3.700,,156.5,77.3,169.4,1.70,2.47,1.464,13117,,,23-Sep-19,FH4,FH4,,,cu,,,,,,,,,,,1,XBO,0
FALSE,2017 Volkswagen #34 Volkswagen Andretti Rallycross Beetle,#34 VW Beetle,3007,2017,Volkswagen,#34 Volkswagen Andretti Rallycross Beetle,"Autoshow, WS",,,,Epic,,,"500,000",Race,Rally Monsters,851,S1,4.8,5.9,5.6,9.2,4.6,7.6,553,464,2668,4.82,55,2000,T,Inline,4,F,AWD,,235,no,Rally lights,300,none,no,Europe,Germany,,,2,L,4,,,2.252,5.329,,136.4,99.5,243.2,1.17,1.29,3.077,13015,,05-Nov-21,28-Sep-18,FH5,FH4,,FH5,FH4,,,,,,,,,,,2,XBO,0
FALSE,2014 Volkswagen Global Rallycross Beetle,VW GRC Beetle,,2014,Volkswagen,Global Rallycross Beetle,Exclusive,,,,Legendary,,,"500,000",Race,Rally Monsters,846,S1,6.1,7.9,7.6,10.0,10.0,,536,387,2668,4.98,55,1600,T,Inline,4,F,AWD,,235,no,Adjustable,300,none,no,Europe,Germany,,,2,L,4,,,2.200,5.300,10.533,148.3,149.2,337.5,1.06,1.14,3.100,12210,,,03-Mar-15,FH4,FH2,,,FH4,FM7,,,DLC,,,,,,,3,XBO,0
FALSE,2014 Volkswagen Golf R,VW Golf R '14,2142,2014,Volkswagen,Golf R,Buy Cars Base,,,,Common,,,"69,000",Factory,Modern Hot Hatch,483,C,3.5,2.3,2.3,2.9,,,296,283,3089,10.44,61,1984,T,Inline,4,F,AWD,235/R19,235/R19,no,Bodykit RB,"350, 375, 394I, 475, 630, 690",none,eng,Europe,Germany,VW Golf,,3,L,4,,DD,4.940,12.500,13.233,163.6,106.7,276.1,1.09,1.07,7.560,12394,05-Oct-23,05-Nov-21,15-Sep-15,FM,FM6,FM,FH5,FH4,FM7,,FM6,,,,,,,,5,XBO,1
FALSE,2012 Volkswagen Santana,VW Santana '12,3786,2012,Volkswagen,Santana,DLC,,,,,,,,Factory,Retro Saloons,,,,,,,,,,,,,,,,,,,,,,,,,,,Europe,Germany,,,,,4,,,,,,,,,,,,,,,,FH5,FH5,,DLC,,,,,,,,,,,,1,XBO,0
FALSE,2011 Volkswagen Fox,,,2011,Volkswagen,Fox,,,,,,,,,Factory,City,101,F,,,,,,,74,91,2410,32.57,,,,,4,F,FWD,,,,,,,,Europe,Germany,,,3,L,4,,,12.500,,,104.6,,,,,-12.500,11822,,,14-Oct-11,FM4,FM4,,,,,,,,,,FM4,,,,1,360,0
FALSE,2011 Volkswagen Polo GTI,,,2011,Volkswagen,Polo GTI,,,,,,,,,Factory,Hatch,359,C,,,,,,,177,184,2610,14.75,,,,,4,F,FWD,,,,,,,,Europe,Germany,,,3,L,4,,,6.515,,,146.6,,,,,-6.515,11866,,,07-Feb-12,FM4,FM4,,,,,,,,,,DLC,,,,1,360,0
FALSE,2011 Volkswagen Scirocco R,VW Scirocco '11,1428,2011,Volkswagen,Scirocco R,"Autoshow, WS",,,,Rare,,,"45,000",Factory,Hot Hatch,663,B,5.8,4.0,5.5,4.6,4.8,4.9,261,258,2963,11.35,65,1984,T,Inline,4,F,FWD,,235,no,Aftermarket,300,none,eng,Europe,Germany,,,3,L,4,,DD,6.519,13.718,13.717,161.2,132.8,339.1,0.93,0.97,7.199,11834,,05-Nov-21,01-Nov-11,FH5,FM4,,FH5,FH4,FM7,,FM6,FH2,FM5,FH1,DLC,,,,8,XBO,0
FALSE,2011 Volkswagen Scirocco R LCE Livery,,,2011,Volkswagen,Scirocco R LCE Livery,DLC promo,,,,,,,,Livery,Hatch,440,B,,,,,,,261,258,2963,11.35,,,,,4,F,FWD,,,,,,,,Europe,Germany,,,3,L,4,,,,,,,,,,,.000,11989,,,23-Oct-12,FH1,FH1,,,,,,,,,DLC,,,,,1,360,0
FALSE,2010 Volkswagen Golf GTI Mk6,,,2010,Volkswagen,Golf GTI Mk6,,,,,,,,,Factory,Hatch,387,C,,,,,,,208,206,3265,15.70,,,,,4,F,FWD,,,,,,,,Europe,Germany,,,3,L,4,,,6.900,,,150.9,,,,,-6.900,11581,,,27-Oct-09,FM4,FM3,,,,,,,,,,FM4,FM3,,,2,360,0
FALSE,2010 Volkswagen Golf R,VW Golf '10,1231,2010,Volkswagen,Golf R,"Autoshow, WS",,,,Rare,,,"64,000",Factory,Super Hot Hatch,645,B,5.8,3.5,5.7,5.0,3.2,5.5,267,254,3188,11.94,54,1984,T,Inline,4,F,AWD,,235,no,Aftermarket,300,none,eng,Europe,Germany,Golf,,3,L,4,,DD,5.700,14.000,13.133,161.3,139.3,355.3,0.91,0.92,8.300,11627,,05-Nov-21,09-Apr-10,FH5,FM3,,FH5,FH4,FM7,,FM6,FH2,FM5,DLC,FM4,DLC,,,9,XBO,0
FALSE,2009 Volkswagen Scirocco GT,,,2009,Volkswagen,Scirocco GT,,,,,,,,,Factory,Hatch,382,C,,,,,,,197,207,2906,14.75,,,,,4,F,FWD,,,,,,,,Europe,Germany,,,3,L,4,,,6.700,,,144.3,,,,,-6.700,11583,,,27-Oct-09,FM4,FM3,,,,,,,,,,FM4,FM3,,,2,360,0
FALSE,2008 Volkswagen Touareg R50,VW Touareg,,2008,Volkswagen,Touareg R50,,,,,Common,,,"48,000",Factory,Sports Utility Heroes,631,B,6.4,6.3,5.9,5.5,9.0,,346,626,5745,16.60,52,4921,TT,V,10,F,AWD,,295,no,Aftermarket,700,none,eng,Europe,Germany,,,5,L,4,,HH,6.656,16.652,15.000,155.0,195.1,407.8,0.87,0.87,9.996,11584,,,27-Oct-09,FH4,FM3,,,FH4,FM7,,,,,,FM4,FM3,,,4,XBO,0
FALSE,2006 Volkswagen Golf GTi,,,2006,Volkswagen,Golf GTi,,,,,,,,,Factory,Hatch,379,C,,,,,,,197,206,2932,14.88,,,,,4,F,FWD,,,,,,,,Europe,Germany,,,3,L,4,,,6.300,,,145.2,,,,,-6.300,11377,,,29-May-07,FM4,FM2,,,,,,,,,,FM4,FM3,FM2,,3,360,0
FALSE,2004 Volkswagen Beetle,,,2004,Volkswagen,Beetle,,,,,,,,,Factory,Sports,250,E,,,,,,,180,173,3005,16.69,,,,,4,F,FWD,,,,,,,,Europe,Germany,,,2,L,4,,,7.600,,,129.0,,,,,-7.600,11226,,,03-May-05,FM4,FM1,,,,,,,,,,FM4,FM3,FM2,FM1,4,360,0
FALSE,2003 Volkswagen Bora VR6,,,2003,Volkswagen,Bora VR6,,,,,,,,,Factory,Sedan,327,D,4.9,4.2,4.3,5.5,6.1,,201,199,3212,15.98,58,2800,NA,V,6,F,AWD,,,,,,,stock,Europe,Germany,,,4,L,4,,,7.419,,,143.0,,,,,-7.419,11376,,,29-May-07,FM4,FM2,,,,,,,,,,FM4,FM3,FM2,,3,360,0
FALSE,2003 Volkswagen Golf R32 ,VW Golf R32 '03,354,2003,Volkswagen,Golf R32 ,Buy Cars Base,,,,Rare,,,"56,000",Factory,Modern Hot Hatch,395,D,3.1,2.0,2.1,2.4,,,241,236,3436,14.26,62,3189,NA,V,6,F,AWD,225/R18,225/R18,no,Aftermarket,"250, 350, 375, 394I, 475","TT, PDS, CS",stock,Europe,Germany,VW Golf,,3,L,4,,RPC,5.800,14.400,14.100,159.3,107.7,281.2,1.07,1.03,8.600,11228,05-Oct-23,05-Nov-21,03-May-05,FM,FM1,FM,FH5,FH4,FM7,,FM6,FH2,FM5,,FM4,FM3,FM2,FM1,11,XBO,1
FALSE,2003 Volkswagen Jetta GLX VR6,,,2003,Volkswagen,Jetta GLX VR6,,,,,,,,,Factory,,,D4,,,,,,,,,,#DIV/0!,,,,,,F,FWD,,,,,,,,Europe,Germany,,,4,L,4,,,,,,,,,,,.000,11229,,,03-May-05,FM1,FM1,,,,,,,,,,,,,FM1,1,360,0
FALSE,1998 Volkswagen Gti VR6 Mk3,VW GTI Mk3 '98,1383,1998,Volkswagen,Gti VR6 Mk3,Buy Cars Base,,,,Common,,,"34,000",Factory,Hot Hatch Icons,302,D,1.9,1.5,1.7,2.0,,,172,173,2800,16.28,65,2792,NA,V,6,F,FWD,205/R15,205/R15,no,Forza,"250, 350, 375, 394I, 475","T, CS",stock,Europe,Germany,VW Golf,,3,L,4,,RPC,7.100,20.519,15.400,142.1,126.8,337.6,1.03,0.98,13.419,11823,05-Oct-23,05-Nov-21,14-Oct-11,FM,FM4,FM,FH5,FH4,FM7,,FM6,,,,FM4,,,,6,XBO,1
FALSE,1995 Volkswagen Corrado VR6,VW Corrado '95,309,1995,Volkswagen,Corrado VR6,Buy Cars Base,,,,Common,,,"48,000",Factory,Hot Hatch Icons,340,D,2.5,1.6,1.9,2.0,,,178,177,2734,15.36,58,2792,NA,V,6,F,FWD,205/R15,205/R15,Both,Aftermarket,"212, 350, 375, 394I, 475, 630, 690","T, CS",stock,Europe,Germany,,,3,L,4,,"RPC, DD",7.282,19.081,15.700,149.6,119.0,315.7,1.05,1.01,11.799,11227,05-Oct-23,05-Nov-21,03-May-05,FM,FM1,FM,FH5,FH4,FM7,,FM6,FH2,FM5,FH1,FM4,FM3,FM2,FM1,12,XBO,1
FALSE,1992 Volkswagen Golf Gti 16v Mk2,VW GTI Mk2 '92,353,1992,Volkswagen,Golf Gti 16v Mk2,Buy Cars Base,,,,Common,,,"28,000",Factory,Hot Hatch Icons,286,E,1.0,1.4,1.6,1.7,,,139,120,2207,15.88,63,1781,NA,Inline,4,F,FWD,195/R15,195/R15,Both,Bodykit RB,"212, 250, 350, 375, 394I, 475","T, PDS, CS",stock,Europe,Germany,VW Golf,,3,L,4,,"DvG, RPC, DD",8.100,23.800,15.900,129.5,120.9,321.9,1.03,0.96,15.700,11378,05-Oct-23,05-Nov-21,29-May-07,FM,FM2,FM,FH5,FH4,FM7,,FM6,FH2,FM5,FH1,FM4,FM3,FM2,,11,XBO,1
FALSE,1988 Volkswagen Scirocco 16v,VW Scirocco '88,1612,1988,Volkswagen,Scirocco 16v,Buy Cars Base,,,,,,,"13,000",Factory,Hot Hatch Icons,263,E,1.0,1.3,1.5,1.3,,,123,120,2365,19.23,62,1781,NA,Inline,4,F,FWD,185/R14,185/R14,,Street,194,"T, PDS, CS",stock,Europe,Germany,VW Scirocco,,3,L,4,,,8.300,27.900,16.817,122.3,115.4,304.4,1.02,0.96,19.600,12185,05-Oct-23,,07-Oct-14,FM,FH2,FM,,,FM7,,FM6,DLC,,,,,,,4,XBO,1
FALSE,1984 Volkswagen Rabbit GTI,VW Golf '84,,1984,Volkswagen,Rabbit GTI,,,,,,,,,Factory,Hot Hatch Genesis,239,E,4.0,3.8,4.0,5.0,,,90,105,2100,23.33,63,,NA,Inline,4,F,FWD,,185,,,"212, 332, 375","T, PDS",stock,Europe,Germany,Golf,,3,L,4,,,9.716,41.735,17.100,107.1,118.6,321.0,1.01,0.94,32.019,11582,,,27-Oct-09,FM7,FM3,,,,FM7,,FM6,FH2,FM5,FH1,FM4,FM3,,,7,XBO,0
FALSE,1983 Volkswagen Golf GTI,VW GTI Mk1 '83,2995,1983,Volkswagen,Golf GTI,Buy Cars Base,,,,Common,,,"19,000",Factory,Hot Hatch Icons,264,E,1.0,1.3,1.5,1.4,,,112,109,1909,17.04,63,1781,NA,Inline,4,F,FWD,185/R14,185/R14,no,Street,"194, 212, 350, 375, 394I, 475, 630, 690","T, PDS",stock,Europe,Germany,VW Golf,,3,L,4,,RPC,8.083,26.183,16.283,117.1,121.4,321.9,1.02,0.94,18.100,13017,05-Oct-23,05-Nov-21,28-Sep-18,FM,FH4,FM,FH5,FH4,,,,,,,,,,,3,XBO,1
FALSE,1982 Volkswagen Pickup LX,VW Pickup '82,3235,1982,Volkswagen,Pickup LX,DLC Autoshow,FH5 Car Pass,Gift w/DLC,,Epic,,,"20,000",Factory,Vans & Utility,100,D,2.7,2.5,3.6,1.6,2.4,6.4,52,72,2174,41.81,65,1588,NA,Inline,4,F,FWD,,165,Both,"Bed, mud flaps","112, 172, 300",T,stock,Europe,Germany,,,2,L,4,,,23.000,999.999,,76.2,177.6,na,0.78,0.78,976.999,13299,,16-Jun-22,16-Jun-22,FH5,FH5,,DLC,,,,,,,,,,,,1,XBO,0
FALSE,1981 Volkswagen Scirocco S,VW Scirocco '81,1380,1981,Volkswagen,Scirocco S,Buy Cars Base,,,,Common,,,"11,000",Factory,Hot Hatch Icons,222,E,1.0,1.0,1.2,1.0,,,74,89,2015,27.23,63,1700,NA,Inline,4,F,FWD,175/R13,175/R13,no,Street,"212, 350, 375, 394I, 475, 630, 690","T, PDS",stock,Europe,Germany,VW Scirocco,,3,L,4,,RPC,11.600,48.000,18.000,105.2,123.6,330.5,0.99,0.90,36.400,11844,05-Oct-23,05-Nov-21,06-Dec-11,FM,FM4,FM,FH5,FH4,FM7,,FM6,FH2,DLC,,DLC,,,,8,XBO,1
FALSE,1976 Volkswagen SP-2,VW SP-2 '76,3729,1976,Volkswagen,SP-2,Seasonal,,,,,,,,Factory,Classic Sports Cars,,,,,,,,,,,,,,,,,,,,,,,,,,,Europe,Germany,,,,,,,,,,,,,,,,,,,,,FH5,FH5,,cu,,,,,,,,,,,,1,XBO,0
FALSE,1973 Volkswagen Thing,VW Thing '73,3020,1973,Volkswagen,Thing,Seasonal,,,,,,,,Factory,Cult Cars,,,,,,,,,,,,,,,,,,,,,,,,,,,Europe,Germany,,,,,,,,,,,,,,,,,,,,,FH5,FH5,,cu,,,,,,,,,,,,1,XBO,0
FALSE,1970 Volkswagen #1107 Desert Dingo Racing Stock Bug,#1107 VW Bug,2258,1970,Volkswagen,#1107 Desert Dingo Racing Stock Bug,"Autoshow, WS",,,,Rare,,,"25,000",Race,Buggies,371,D,3.8,2.3,3.4,2.8,2.9,8.5,93,102,2165,23.28,42,1600,NA,Flat,4,R,RWD,,195,no,Forza,"212, 278, 305, 330, 493(34k)",none,stock,Europe,Germany,,,2,L,4,,"OR, ?RPC",12.040,50.957,17.517,105.4,173.7,426.3,0.83,0.82,38.917,12209,,05-Nov-21,03-Mar-15,FH5,FH2,,FH5,FH4,FM7,,,DLC,,,,,,,4,XBO,0
FALSE,1969 Volkswagen Class 5/1600 Baja Bug,VW Class 5 Bug,2568,1969,Volkswagen,Class 5/1600 Baja Bug,"Autoshow, WS",,Gift 202201,,Rare,,,"60,000",Factory,Buggies,349,D,3.5,3.1,4.6,2.5,4.7,7.8,80,106,2400,30.00,42,1584,NA,Flat,4,R,RWD,,265,no,none,"278, 330, 493(34k)",T,stock,Europe,Germany,,,2,L,4,,,13.500,999.999,,98.4,140.5,na,0.86,0.85,986.499,13016,,05-Nov-21,28-Sep-18,FH5,FH4,,FH5,FH4,,,,,,,,,,,2,XBO,0
FALSE,1967 Volkswagen Beetle,,,1967,Volkswagen,Beetle,,,,,,,,,Factory,Economy,137,E,,,,,,,53,78,1852,34.94,,,,,4,R,RWD,,,,,,,,Europe,Germany,,,2,L,4,,,,,,,,,,,.000,11988,,,23-Oct-12,FH1,FH1,,,,,,,,,FH1,,,,,1,360,0
FALSE,1967 Volkswagen Karmann Ghia,VW Ghia,,1967,Volkswagen,Karmann Ghia,Exclusive,,,,Epic,,,"250,000",Factory,Cult Cars,100,D,4.2,4.6,4.5,3.7,5.4,,53,78,1852,34.94,42,1493,NA,Flat,4,R,RWD,,155,Both,roof,"278, 330, 493",T,stock,Europe,Germany,,,2,L,4,,,17.500,999.999,21.217,86.5,197.2,na,0.71,0.71,982.499,11945,,,04-Sep-12,FH4,FM4,,,cu,FM7,,,,,,DLC,,,,3,XBO,0
FALSE,1967 Volkswagen Type 3 1600 L (Notchback),VW Notchback,,1967,Volkswagen,Type 3 1600 L (Notchback),,,,,,,,,Factory,Cult Cars,,D,,,,,,,65,87,2116,32.55,37,1585,NA,Flat,4,R,RWD,,165,Both,roof & bumper lights,"278, 330, 493","T, PDS",stock,Europe,Germany,,,2,L,4,,,18.020,999.999,19.717,96.0,197.1,na,0.70,0.70,981.979,12867,,,16-Jan-18,FH4,FM7,,,cu,DLC,,,,,,,,,,2,XBO,0
FALSE,1966 Volkswagen Double Cab Pick-Up,VW DOKA '66,3078,1966,Volkswagen,Double Cab Pick-Up,DLC store,,,,Rare,,,"50,000",Factory,Vans & Utility,100,D,3.8,4.0,4.0,3.6,3.7,,53,78,2491,47.00,49,1493,NA,Flat,4,R,RWD,,180,Both,Forza,"212, 278, 305, 330, 493","T, PDS",stock,Europe,Germany,,,2,L,4,,,25.981,999.999,,72.7,208.4,na,0.68,0.67,974.018,13062,,21-Mar-24,10-Jan-19,FH5,FH4,,cu,DLC,,,,,,,,,,,2,XBO,0
FALSE,1963 Volkswagen Beetle,VW Beetle,1435,1963,Volkswagen,Beetle,Accolade,,Accolade,,Legendary,,,"20,000",Factory,Cult Cars,100,D,2.6,2.0,3.6,1.5,3.0,5.7,40,65,1760,44.00,42,1200,NA,Flat,4,R,RWD,,165,no,roof,"212, 278, 305, 330, 493(34k)",T,stock,Europe,Germany,,,2,L,4,,"DvG, RPC, IMC",23.020,999.999,,82.4,179.4,na,0.76,0.75,976.979,11912,,05-Nov-21,05-Jun-12,FH5,FM4,,FH5,FH4,FM7,,FM6,FH2,FM5,?,DLC,,,,8,XBO,0
FALSE,1963 Volkswagen Beetle Forza Edition,Beetle '63 FE,3577,1963,Volkswagen,Beetle Forza Edition,Accolade,,Accolade,,FE,Speed Skills,,"500,000",Upgraded,Track Toys,900,S1,6.1,10.0,8.8,8.0,8.8,4.4,329,226,1543,4.69,42,2660,,,,R,RWD,,,,roof,"330, 493(34k)",T,stock,Europe,Germany,,,2,L,4,,,22.760,999.999,,87.5,197.5,na,1.35,1.71,977.239,13258,,05-Nov-21,05-Nov-21,FH5,FH5,,FH5,,,,,,,,,,,,1,XBO,0
FALSE,1963 Volkswagen Type 2 De Luxe,VW Type 2,2151,1963,Volkswagen,Type 2 De Luxe,Autoshow,,,,Rare,,,"40,000",Factory,Cult Cars,100,D,2.9,1.9,3.7,1.7,2.9,5.7,50,82,2513,50.26,48,1493,NA,Flat,4,R,RWD,,175,no,roof,"212, 278, 305, 330, 493(34k)",T,stock,Europe,Germany,,,V,L,4,,IMC,26.000,999.999,21.400,73.4,178.4,na,0.73,0.73,973.999,12179,,05-Nov-21,30-Sep-14,FH5,FH2,,FH5,FH4,FM7,,FM6,FH2,,,,,,,5,XBO,0
FALSE,1963 Volkswagen Type 2 De Luxe Forza Edition,VW Type 2 FE,,1963,Volkswagen,Type 2 De Luxe Forza Edition,Exclusive,,,,FE,Speed Skills,,"290,000",Upgraded,Cult Cars,100,D,3.8,5.7,5.9,3.6,3.9,,50,82,2513,50.26,48,1493,NA,Flat,4,R,RWD,,265,no,roof,"212, 278, 305, 330",T,stock,Europe,Germany,,,V,L,4,,IMC,26.019,999.999,,74.0,158.4,na,0.87,0.87,973.980,13018,,,28-Sep-18,FH4,FH4,,,FE,,,,,,,,,,,1,XBO,0
FALSE,2017 Volvo XC90 R-Design,Volvo XC90,,2017,Volvo,XC90 R-Design,,,,,,,,,Factory,Modern SUV,392,D,6.4,4.2,4.1,6.5,,,400,472,5105,12.76,52,,T,Inline,4,F,AWD,,275,,,"415, 562",none,eng,Europe,Sweden,,,5,L,4,,,5.000,14.400,13.667,169.6,143.0,352.1,1.01,0.97,9.400,12882,,,05-Mar-18,FM7,FM7,,,,DLC,,,,,,,,,,1,XBO,0
FALSE,2016 Volvo Iron Knight,Iron Knight,,2016,Volvo,Iron Knight,,,,,Epic,,,"800,000",Race,Trucks,797,A,7.6,6.9,5.9,7.3,8.9,,2400,4422,9921,4.13,52,12782,TT,Inline,6,M,RWD,,495,no,Forza,2400,none,no,Europe,Sweden,,,2,L,3,,"DvG, OR, HH",4.600,7.800,,189.6,130.2,324.4,0.94,0.93,3.200,13019,,,28-Sep-18,FH4,FH4,,,FH4,,,,,,,,,,,1,XBO,0
FALSE,2015 Volvo #33 Wilson Security Racing GRM S60,#33 S60 V8,,2015,Volvo,#33 Wilson Security Racing GRM S60,,,,,,,,,Race,V8 Supercars,,,6.4,6.4,6.5,8.6,,,650,487,3109,4.78,53,,NA,V,8,F,RWD,,,,,,,stock,Europe,Sweden,,,4,R,4,,,3.300,6.500,,175.0,105.8,258.2,1.36,1.49,3.200,12397,,,15-Sep-15,FM6,FM6,,,,,,FM6,,,,,,,,1,XBO,0
FALSE,2015 Volvo S60 Polestar,Volvo S60 PS,,2015,Volvo,S60 Polestar,,,,,,,,,Factory,Sport Luxury,527,B,6.8,4.7,4.8,7.1,8.2,,346,369,3684,10.65,62,2953,T,Inline,6,F,AWD,,,,,,,eng,Europe,Sweden,,,4,L,4,,,4.739,11.718,12.700,181.7,149.0,360.0,1.10,1.09,6.979,12251,,,04-Aug-15,FM7,FH2,,,,FM7,FH3,FM6,DLC,,,,,,,4,XBO,0
FALSE,2015 Volvo V60 Polestar,Volvo V60,2586,2015,Volvo,V60 Polestar,"Autoshow, WS",,Accolade,,Common,,,"62,000",Factory,Super Saloons,662,B,6.1,3.9,5.9,5.5,3.6,5.1,346,368,3985,11.52,60,2953,T,Inline,6,F,AWD,,245,no,Forza,510,none,eng,Europe,Sweden,,,5,L,4,,DD,5.000,13.300,13.517,168.3,131.8,334.2,0.91,0.94,8.300,12656,,05-Nov-21,03-Jan-17,FH5,FH3,,FH5,FH4,FM7,DLC,,,,,,,,,4,XBO,0
FALSE,2014 Volvo #1 Volvo Polestar Racing S60 STCC,#1 Volvo S60,,2014,Volvo,#1 Volvo Polestar Racing S60 STCC,,,,,,,,,Race,Forza Touring Cars,751,S,6.3,6.4,6.6,8.1,,,420,304,2646,6.30,45,,NA,V,6,M,RWD,,280,,,none,none,stock,Europe,Sweden,,,4,L,4,,,3.900,8.000,12.067,171.1,119.4,283.2,1.37,1.49,4.100,12395,,,15-Sep-15,FM7,FM6,,,,FM7,,FM6,,,,,,,,2,XBO,0
FALSE,2014 Volvo #13 Volvo Polestar Racing S60 STCC,#13 Volvo S60,,2014,Volvo,#13 Volvo Polestar Racing S60 STCC,,,,,,,,,Livery,Forza Touring Cars,751,S,6.3,6.4,6.6,8.1,,,420,304,2646,6.30,45,,NA,V,6,M,RWD,,280,,,none,none,stock,Europe,Sweden,,,4,L,4,,,3.900,8.000,12.067,171.4,119.6,283.9,1.37,1.49,4.100,12396,,,15-Sep-15,FM7,FM6,,,,FM7,,FM6,,,,,,,,2,XBO,0
FALSE,2013 Volvo C30 Polestar,Volvo C30P,2023,2013,Volvo,C30 Polestar,,,,,,,,,Factory,Hot Hatch,,,,,,,,,,,,,,,,,,F,,,,,,,,,Europe,Germany,,,,,4,,,,,,,,,,,,,,03-Oct-24,03-Oct-24,FH5,FH5,,cu,,,,,,,,,,,,1,XBO,0
FALSE,2011 Volvo S60 R-Design,,,2011,Volvo,S60 R-Design,,,,,,,,,Factory,Sedan,459,B,6.6,4.7,4.8,6.4,7.3,,300,324,3812,12.71,62,3000,T,Inline,6,F,AWD,,,,,,,,Europe,Sweden,,,4,L,4,,,5.500,,,172.0,,,,,-5.500,11824,,,14-Oct-11,FM4,FM4,,,,,,,,,,FM4,,,,1,360,0
FALSE,2009 Volvo C30 R-Design,,,2009,Volvo,C30 R-Design,,,,,,,,,Factory,Hatch,373,C,5.4,4.2,4.4,5.8,6.3,,227,236,3200,14.10,61,2500,T,Inline,5,F,FWD,,,,,,,,Europe,Sweden,,,3,L,4,,,6.500,,,158.0,,,,,-6.500,11585,,,27-Oct-09,FM4,FM3,,,,,,,,,,FM4,FM3,,,2,360,0
FALSE,2004 Volvo #24 At-Speed S60 R,,,2004,Volvo,#24 At-Speed S60 R,,,,,,,,,Race,GT3,671,S,,,,,,,450,440,2800,6.22,,,,,5,F,AWD,,,,,,,,Europe,Sweden,,,4,L,4,,,,,,,,,,,.000,11230,,,03-May-05,FM3,FM1,,,,,,,,,,,FM3,FM2,FM1,3,360,0
FALSE,2004 Volvo S60 R,,,2004,Volvo,S60 R,,,,,,,,,Factory,Sedan,442,B,6.1,4.6,4.8,6.2,7.0,,300,295,3571,11.90,55,2500,T,Inline,5,F,AWD,,,,,,,,Europe,Sweden,,,4,L,4,,,5.900,,,167.5,,,,,-5.900,11231,,,03-May-05,FM4,FM1,,,,,,,,,,FM4,FM3,FM2,FM1,4,360,0
FALSE,1997 Volvo 850 R,Volvo 850 R '97,1387,1997,Volvo,850 R,Buy Cars Base,,,,Common,,,"55,000",Factory,Sport Touring Classics,332,D,2.8,1.6,1.8,2.3,,,240,221,3230,13.46,60,2319,T,Inline,5,F,FWD,205/R17,205/R17,no,L9,"276, 375, 415, 630, 825",none,no,Europe,Sweden,,,5,L,4,,RPC,7.200,18.700,15.033,149.0,118.5,311.6,1.03,1.00,11.500,11885,05-Oct-23,05-Nov-21,03-Apr-12,FM,FM4,FM,FH5,FH4,FM7,FH3,FM6,,,,DLC,,,,7,XBO,1
FALSE,1983 Volvo 242 Turbo Evolution,Volvo 242 Turbo,1299,1983,Volvo,242 Turbo Evolution,"Autoshow, WS",,,,Common,,,"45,000",Factory,Classic Rally,548,C,5.0,3.1,4.0,4.0,3.6,5.5,225,250,3715,16.51,54,2141,T,Inline,4,F,RWD,,195,Both,Preset / rally,"321, 300, 805",none,eng,Europe,Sweden,,,2,L,4,,,6.070,16.167,14.620,139.7,157.6,391.5,0.80,0.81,10.097,11678,,05-Nov-21,14-Dec-10,FH5,FM3,,FH5,FH4,FM7,DLC,,,,,FM4,DLC,,,6,XBO,0
FALSE,1972 Volvo 1800E,Volvo 1800E,,1972,Volvo,1800E,,,,,,,,,Factory,Vintage Sport Compact,245,E,4.4,3.7,3.8,5.3,5.6,,130,130,2706,20.82,54,1990,NA,Inline,4,F,RWD,,185,,,"276, 415",T,stock,Europe,Sweden,,,2,L,4,,,9.600,31.418,16.650,114.6,136.4,351.6,0.98,0.92,21.818,12655,,,03-Jan-17,FM7,FH3,,,,FM7,cu,,,,,,,,,2,XBO,0
FALSE,1967 Volvo 123GT,Volvo 123GT,,1967,Volvo,123GT,,,,,,,,,Factory,Vintage Sport Compact,223,E,4.1,3.5,3.6,5.0,5.3,,115,112,2515,21.87,54,1778,NA,Inline,4,F,RWD,,,,,,,stock,Europe,Sweden,,,2,L,4,,RPC,11.018,39.500,17.500,110.2,140.1,355.7,0.94,0.89,28.482,12405,,,05-Oct-15,FM7,FM6,,,,FM7,FH3,DLC,,,,,,,,3,XBO,0
FALSE,2017 VUHL 05RR,Vuhl 05RR '17,2844,2017,VUHL,05RR,Buy Cars Base,,,,Epic,,,"317,000",Factory,Track Toys,785,S,3.9,5.2,5.2,7.0,,,385,368,1532,3.98,37,2261,T,Inline,4,M,RWD,215/45R17,265/35R18,Both,Adjustable,"394I, 475, 565, 630, 690",none,eng,N. America,Mexico,,Yes,2,L,4,,,2.681,5.700,10.517,187.8,78.9,185.3,1.63,1.87,3.019,12901,05-Oct-23,05-Nov-21,10-Jul-18,FM,FM7,FM,FH5,cu,DLC,,,,,,,,,,4,XBO,1
FALSE,2016 W Motors Lykan HyperSport,Lykan Hypersport,2428,2016,W Motors,Lykan HyperSport,,,,,Legendary,,,"3,400,000",Factory,Hypercars,907,S2,8.7,9.0,8.4,7.7,9.2,,740,707,3042,4.11,43,3746,TT,Flat,6,M,RWD,,335,no,Forza,750,none,no,Europe,UAE,,,2,L,4,,"OR, CS, HR",2.800,5.100,9.816,232.3,127.3,293.8,1.12,1.27,2.300,12428,,11-Jan-24,05-Jan-16,FH5,FM6,,cu,FH4,FM7,FH3,DLC,,,,,,,,5,XBO,0
FALSE,1964 Watson #1 Sheraton-Thompson Special Roadster,Watson Roadster,,1964,Watson,#1 Sheraton-Thompson Special Roadster,,,,,,,,,Race,? none,692,A,6.7,5.3,5.3,8.8,,,407,380,1472,3.62,43,,NA,Inline,4,F,RWD,,,,,,,stock,N. America,U.S.,,,1,C,4,,,3.070,6.610,,179.1,95.0,249.0,1.19,1.16,3.540,12495,,,02-Aug-16,FM6,FM6,,,,,,DLC,,,,,,,,1,XBO,0
FALSE,2011 Wiesmann GT MF5,,,2011,Wiesmann,GT MF5,,,,,,,,,Factory,Super,633,S,6.7,5.6,5.7,8.5,7.7,,547,501,3097,5.66,49,4400,TT,V,8,F,RWD,,,,,,,,Europe,Germany,,,2,L,4,,,3.800,,,177.9,,,,,-3.800,11876,,,06-Mar-12,FM4,FM4,,,,,,,,,,DLC,,,,1,360,0
FALSE,2010 Wiesmann GT MF5,,,2010,Wiesmann,GT MF5,,,,,,,,,Factory,Super,618,S,8.8,5.6,5.8,8.4,7.6,,500,383,3075,6.15,49,5000,NA,V,10,F,RWD,,,,,,,stock,Europe,Germany,,,2,L,4,,,3.800,,,206.6,,,,,-3.800,11637,,,10-May-10,FM4,FM3,,,,,,,,,,FM4,DLC,,,2,360,0
FALSE,1945 Willys MB Jeep,Willys Jeep,2049,1945,Willys,MB Jeep,"Autoshow, WS",,,,Common,,,"40,000",Factory,Pickups & 4x4s,198,D,2.6,2.1,3.7,2.0,3.3,7.1,60,106,2137,35.62,50,2199,NA,Inline,4,F,AWD,,170,no,Preset / bars,"415, 300, 850",T,stock,N. America,U.S.,,Yes,2,L,4,,"AWW, ?WW",15.000,999.999,,77.3,177.0,na,0.76,0.76,984.999,12180,,05-Nov-21,30-Sep-14,FH5,FH2,,FH5,FH4,FM7,FH3,FM6,FH2,,,,,,,6,XBO,0
FALSE,2022 Wuling Hongguang Mini EV Macaron,Wuling Mini EV,3789,2022,Wuling,Hongguang Mini EV Macaron,DLC,,,,,,,,Factory,Hot Hatch,,,,,,,,,,,,,,,,,,,,,,,,,,,Asia,China,,,,,4,,,,,,,,,,,,,,,,FH5,FH5,,DLC,,,,,,,,,,,,1,XBO,0
FALSE,2013 Wuling Sunshine S,Wuling Sunshine,3548,2013,Wuling,Sunshine S,Seasonal,Series 4 cu,,,Rare,,,"250,000",Factory,Vans & Utility,207,D,3.1,2.6,4.5,1.5,1.9,6.2,84,80,2789,33.20,60,1221,NA,Inline,4,F,RWD,,175,Both,WB,"415, 300, 805, 850","T, PDS",stock,Asia,China,,,5,L,4,,,16.018,999.999,,85.3,176.0,na,0.79,0.78,983.981,13275,,10-Feb-22,10-Feb-22,FH5,FH5,,cu,,,,,,,,,,,,1,XBO,0
FALSE,2020 Xpeng P7,Xpeng P7 '20,3547,2020,Xpeng,P7,Buy Cars Base,,,,Rare,,,"97,000",Factory,Modern Sport Touring,558,B,1.0,2.5,2.6,2.7,,,424,483,4542,10.71,49,0,E,E,E,R,AWD,245/R19,245/R19,Both,Forza,none,none,E,Asia,China,,,4,L,4,,,4.283,10.283,10.750,118.9,104.3,271.5,1.11,1.10,6.000,13324,05-Oct-23,08-Sep-22,08-Sep-22,FM,FH5,FM,cu,,,,,,,,,,,,2,XBO,1
FALSE,2019 Zenvo TSR-S,Zenvo TSR-S,3212,2019,Zenvo,TSR-S,Buy Cars Base,,,,Legendary,,,"418,000",Factory,Modern Hypercars,868,R,8.9,5.4,5.2,7.6,,,1177,811,3410,2.90,44,5800,PDS,V,8,M,RWD,245/R20,325/R20,Both,Forza,"565, 603, 640, 788, 825, 1183",none,no,Europe,Denmark,,,2,L,4,,,2.713,4.827,,247.3,84.0,193.9,1.29,1.52,2.114,13144,05-Oct-23,05-Nov-21,29-Jun-20,FM,FH4,FM,FH5,cu,,,,,,,,,,,3,XBO,1
FALSE,2016 Zenvo ST1,Zenvo ST1,2474,2016,Zenvo,ST1,Seasonal,Series 3 cu,,,Legendary,,,"1,000,000",Factory,Hypercars,883,S1,8.7,7.2,6.8,6.1,6.6,4.1,1086,1054,3944,3.63,44,6800,TT,V,8,M,RWD,,345,Both,Forza,700,none,no,Europe,Denmark,,,2,L,4,,CS,3.000,5.300,10.200,237.4,91.1,219.4,1.15,1.24,2.300,12683,,13-Jan-22,09-May-17,FH5,FH3,,cu,FH4,FM7,DLC,,,,,,,,,4,XBO,0